ACTIVO,TIPO,FECHA_SIGNAL,FECHA_ENTRADA,FECHA_SALIDA,ENTRY,STOP_LOSS,TAKE_PROFIT,RESULTADO,R,GANANCIA_PERDIDA,CAPITAL_DESPUES
BTCUSD,BUY,2024-10-06 23:00:00+00:00,2024-10-07 00:00:00+00:00,2024-10-07 00:00:00+00:00,62817.12890625,62495.36604117351,63460.65463640298,WIN,2,20.0,1020.0
BTCUSD,BUY,2024-10-07 03:00:00+00:00,2024-10-07 04:00:00+00:00,2024-10-07 10:00:00+00:00,63513.515625,63090.39801673628,64359.750841527435,LOSS,-1,-10.200000000000001,1009.8
BTCUSD,BUY,2024-10-07 11:00:00+00:00,2024-10-07 12:00:00+00:00,2024-10-07 14:00:00+00:00,63114.5625,62679.23569001306,63985.21611997388,WIN,2,20.195999999999998,1029.9959999999999
BTCUSD,BUY,2024-10-07 19:00:00+00:00,2024-10-07 20:00:00+00:00,2024-10-07 22:00:00+00:00,63346.47265625,62715.18656237243,64609.04484400514,LOSS,-1,-10.299959999999999,1019.6960399999998
BTCUSD,SELL,2024-10-08 08:00:00+00:00,2024-10-08 09:00:00+00:00,2024-10-08 14:00:00+00:00,62398.15234375,62953.621019742204,61287.2149917656,LOSS,-1,-10.196960399999998,1009.4990795999998
BTCUSD,SELL,2024-10-09 06:00:00+00:00,2024-10-09 07:00:00+00:00,2024-10-09 18:00:00+00:00,62407.45703125,62862.77922819712,61496.81263735575,WIN,2,20.189981592,1029.6890611919998
BTCUSD,SELL,2024-10-09 21:00:00+00:00,2024-10-09 22:00:00+00:00,2024-10-10 17:00:00+00:00,60862.95703125,61408.81168557212,59771.24772260576,WIN,2,20.593781223839997,1050.28284241584
BTCUSD,SELL,2024-10-10 19:00:00+00:00,2024-10-10 20:00:00+00:00,2024-10-10 23:00:00+00:00,59689.06640625,60272.67046304898,58521.85829265205,LOSS,-1,-10.5028284241584,1039.7800139916815
BTCUSD,SELL,2024-10-11 02:00:00+00:00,2024-10-11 03:00:00+00:00,2024-10-11 09:00:00+00:00,60495.57421875,61027.97808359574,59430.76648905851,LOSS,-1,-10.397800139916814,1029.3822138517646
BTCUSD,BUY,2024-10-11 22:00:00+00:00,2024-10-11 23:00:00+00:00,2024-10-14 03:00:00+00:00,62433.19921875,61906.37925673178,63486.83914278645,WIN,2,20.58764427703529,1049.9698581287998
BTCUSD,BUY,2024-10-14 05:00:00+00:00,2024-10-14 06:00:00+00:00,2024-10-14 11:00:00+00:00,63898.40234375,63367.76259857866,64959.68183409268,WIN,2,20.999397162576,1070.969255291376
BTCUSD,BUY,2024-10-14 23:00:00+00:00,2024-10-15 00:00:00+00:00,2024-10-15 03:00:00+00:00,66064.0859375,65486.89827898957,67218.46125452087,LOSS,-1,-10.70969255291376,1060.2595627384621
BTCUSD,BUY,2024-10-15 15:00:00+00:00,2024-10-15 16:00:00+00:00,2024-10-16 11:00:00+00:00,65999.875,65027.81249397258,67944.00001205484,WIN,2,21.205191254769243,1081.4647539932314
BTCUSD,BUY,2024-10-17 08:00:00+00:00,2024-10-17 09:00:00+00:00,2024-10-17 10:00:00+00:00,67426.4609375,66916.04103951583,68447.30073346834,LOSS,-1,-10.814647539932315,1070.650106453299
BTCUSD,BUY,2024-10-17 15:00:00+00:00,2024-10-17 16:00:00+00:00,2024-10-17 18:00:00+00:00,67558.171875,66958.85678870851,68756.80204758297,LOSS,-1,-10.70650106453299,1059.943605388766
BTCUSD,BUY,2024-10-17 22:00:00+00:00,2024-10-17 23:00:00+00:00,2024-10-18 14:00:00+00:00,67416.5078125,66857.66788260627,68534.18767228747,WIN,2,21.19887210777532,1081.1424774965412
BTCUSD,BUY,2024-10-19 14:00:00+00:00,2024-10-19 15:00:00+00:00,2024-10-20 22:00:00+00:00,68291.1953125,67981.85822105512,68909.86949538974,WIN,2,21.622849549930827,1102.765327046472
BTCUSD,BUY,2024-10-20 23:00:00+00:00,2024-10-21 00:00:00+00:00,2024-10-21 03:00:00+00:00,69009.3671875,68695.54292440152,69637.01571369696,LOSS,-1,-11.027653270464722,1091.7376737760073
BTCUSD,SELL,2024-10-22 08:00:00+00:00,2024-10-22 09:00:00+00:00,2024-10-22 11:00:00+00:00,66897.8828125,67398.85000994129,65895.94841761743,LOSS,-1,-10.917376737760074,1080.8202970382472
BTCUSD,SELL,2024-10-22 12:00:00+00:00,2024-10-22 13:00:00+00:00,2024-10-22 14:00:00+00:00,66957.1953125,67471.01842517266,65929.54908715468,LOSS,-1,-10.808202970382473,1070.0120940678646
BTCUSD,SELL,2024-10-22 16:00:00+00:00,2024-10-22 17:00:00+00:00,2024-10-22 19:00:00+00:00,66915.21875,67496.66071670447,65752.33481659106,LOSS,-1,-10.700120940678646,1059.3119731271859
BTCUSD,SELL,2024-10-23 02:00:00+00:00,2024-10-23 03:00:00+00:00,2024-10-23 15:00:00+00:00,67044.1796875,67539.99952788553,66052.54000672892,WIN,2,21.186239462543718,1080.4982125897295
BTCUSD,SELL,2024-10-23 18:00:00+00:00,2024-10-23 19:00:00+00:00,2024-10-23 20:00:00+00:00,65966.8828125,66526.58562835204,64847.47718079592,LOSS,-1,-10.804982125897295,1069.6932304638322
BTCUSD,SELL,2024-10-24 08:00:00+00:00,2024-10-24 09:00:00+00:00,2024-10-24 12:00:00+00:00,66830.015625,67331.90792827612,65826.23101844774,LOSS,-1,-10.696932304638322,1058.9962981591939
BTCUSD,BUY,2024-10-24 13:00:00+00:00,2024-10-24 14:00:00+00:00,2024-10-24 16:00:00+00:00,67842.328125,67344.56049164785,68837.86339170432,LOSS,-1,-10.589962981591938,1048.406335177602
BTCUSD,BUY,2024-10-25 09:00:00+00:00,2024-10-25 10:00:00+00:00,2024-10-25 17:00:00+00:00,67776.5859375,67307.9840095479,68713.7897934042,LOSS,-1,-10.484063351776019,1037.9222718258259
BTCUSD,SELL,2024-10-25 21:00:00+00:00,2024-10-25 22:00:00+00:00,2024-10-25 23:00:00+00:00,67172.8203125,67911.0072681022,65696.4464012956,WIN,2,20.758445436516517,1058.6807172623423
BTCUSD,SELL,2024-10-26 23:00:00+00:00,2024-10-27 00:00:00+00:00,2024-10-27 12:00:00+00:00,67016.796875,67357.52528463064,66335.34005573872,LOSS,-1,-10.586807172623423,1048.093910089719
BTCUSD,BUY,2024-10-27 14:00:00+00:00,2024-10-27 15:00:00+00:00,2024-10-27 22:00:00+00:00,67631.2421875,67360.26815203404,68173.19025843192,WIN,2,20.96187820179438,1069.0557882915134
BTCUSD,BUY,2024-10-27 23:00:00+00:00,2024-10-28 00:00:00+00:00,2024-10-28 02:00:00+00:00,67974.59375,67653.50223226346,68616.77678547308,LOSS,-1,-10.690557882915135,1058.3652304085983
BTCUSD,BUY,2024-10-28 08:00:00+00:00,2024-10-28 09:00:00+00:00,2024-10-28 12:00:00+00:00,68242.890625,67887.57829468744,68953.51528562512,WIN,2,21.167304608171968,1079.5325350167702
BTCUSD,BUY,2024-10-28 15:00:00+00:00,2024-10-28 16:00:00+00:00,2024-10-28 19:00:00+00:00,68431.8203125,68005.93000573775,69283.60092602449,WIN,2,21.590650700335406,1101.1231857171056
BTCUSD,BUY,2024-10-29 12:00:00+00:00,2024-10-29 13:00:00+00:00,2024-10-29 15:00:00+00:00,71063.6171875,70541.08661652048,72108.67832945904,WIN,2,22.022463714342113,1123.1456494314477
BTCUSD,BUY,2024-10-29 20:00:00+00:00,2024-10-29 21:00:00+00:00,2024-10-30 13:00:00+00:00,72310.3046875,71563.98525771066,73802.94354707866,LOSS,-1,-11.231456494314477,1111.9141929371333
BTCUSD,BUY,2024-10-30 20:00:00+00:00,2024-10-30 21:00:00+00:00,2024-10-31 00:00:00+00:00,72813.84375,72136.47266647036,74168.58591705927,LOSS,-1,-11.119141929371333,1100.795051007762
BTCUSD,SELL,2024-11-01 04:00:00+00:00,2024-11-01 05:00:00+00:00,2024-11-01 12:00:00+00:00,69520.0546875,70197.05988286005,68166.04429677989,LOSS,-1,-11.007950510077618,1089.7871004976844
BTCUSD,SELL,2024-11-01 15:00:00+00:00,2024-11-01 16:00:00+00:00,2024-11-01 16:00:00+00:00,69364.046875,70224.08097584323,67643.97867331356,LOSS,-1,-10.897871004976844,1078.8892294927075
BTCUSD,SELL,2024-11-01 17:00:00+00:00,2024-11-01 18:00:00+00:00,2024-11-03 14:00:00+00:00,69620.1484375,70534.15811022962,67792.12909204076,WIN,2,21.57778458985415,1100.4670140825617
BTCUSD,SELL,2024-11-04 00:00:00+00:00,2024-11-04 01:00:00+00:00,2024-11-04 02:00:00+00:00,68661.703125,69248.66325266735,67487.7828696653,LOSS,-1,-11.004670140825617,1089.4623439417362
BTCUSD,SELL,2024-11-04 05:00:00+00:00,2024-11-04 06:00:00+00:00,2024-11-04 16:00:00+00:00,68762.8359375,69336.896112278,67614.71558794398,WIN,2,21.789246878834724,1111.251590820571
BTCUSD,BUY,2024-11-05 14:00:00+00:00,2024-11-05 15:00:00+00:00,2024-11-05 15:00:00+00:00,69946.5390625,69309.49423176794,71220.62872396412,LOSS,-1,-11.11251590820571,1100.1390749123652
BTCUSD,BUY,2024-11-05 20:00:00+00:00,2024-11-05 21:00:00+00:00,2024-11-06 00:00:00+00:00,69440.1171875,68598.68143230086,71122.98869789828,WIN,2,22.002781498247305,1122.1418564106125
BTCUSD,BUY,2024-11-06 07:00:00+00:00,2024-11-06 08:00:00+00:00,2024-11-06 20:00:00+00:00,73410.7421875,72052.40641368699,76127.41373512603,WIN,2,22.44283712821225,1144.5846935388247
BTCUSD,BUY,2024-11-06 22:00:00+00:00,2024-11-06 23:00:00+00:00,2024-11-07 06:00:00+00:00,75678.8671875,74577.3652598857,77881.87104272861,LOSS,-1,-11.445846935388246,1133.1388466034364
BTCUSD,BUY,2024-11-07 19:00:00+00:00,2024-11-07 20:00:00+00:00,2024-11-07 22:00:00+00:00,76560.234375,75748.19318608112,78184.31675283777,LOSS,-1,-11.331388466034364,1121.807458137402
BTCUSD,BUY,2024-11-08 15:00:00+00:00,2024-11-08 16:00:00+00:00,2024-11-09 17:00:00+00:00,76467.3828125,75794.78485687925,77812.5787237415,LOSS,-1,-11.218074581374019,1110.589383556028
BTCUSD,BUY,2024-11-09 18:00:00+00:00,2024-11-09 19:00:00+00:00,2024-11-10 02:00:00+00:00,76384.2890625,75991.4466606394,77169.9738662212,WIN,2,22.21178767112056,1132.8011712271486
BTCUSD,BUY,2024-11-10 19:00:00+00:00,2024-11-10 20:00:00+00:00,2024-11-10 21:00:00+00:00,79756.796875,78928.28055766014,81413.82950967974,LOSS,-1,-11.328011712271486,1121.4731595148771
BTCUSD,BUY,2024-11-11 04:00:00+00:00,2024-11-11 05:00:00+00:00,2024-11-11 15:00:00+00:00,81504.9296875,80495.86993810647,83523.04918628707,WIN,2,22.429463190297543,1143.9026227051747
BTCUSD,BUY,2024-11-12 09:00:00+00:00,2024-11-12 10:00:00+00:00,2024-11-12 10:00:00+00:00,87750.4375,86167.76224152726,90915.78801694549,LOSS,-1,-11.439026227051748,1132.463596478123
BTCUSD,BUY,2024-11-12 14:00:00+00:00,2024-11-12 15:00:00+00:00,2024-11-13 14:00:00+00:00,87075.78125,85224.28591336269,90778.7719232746,WIN,2,22.64927192956246,1155.1128684076855
BTCUSD,BUY,2024-11-13 19:00:00+00:00,2024-11-13 20:00:00+00:00,2024-11-13 21:00:00+00:00,90313.5078125,88374.05918556577,94192.40506636846,LOSS,-1,-11.551128684076856,1143.5617397236085
BTCUSD,BUY,2024-11-13 22:00:00+00:00,2024-11-13 23:00:00+00:00,2024-11-14 16:00:00+00:00,89801.234375,87803.64129956286,93796.42052587427,LOSS,-1,-11.435617397236085,1132.1261223263725
BTCUSD,BUY,2024-11-15 12:00:00+00:00,2024-11-15 13:00:00+00:00,2024-11-15 15:00:00+00:00,89775.4609375,88485.69207162986,92354.99866924026,LOSS,-1,-11.321261223263726,1120.8048611031088
BTCUSD,BUY,2024-11-15 16:00:00+00:00,2024-11-15 17:00:00+00:00,2024-11-18 15:00:00+00:00,89334.421875,87872.77923423855,92257.7071565229,WIN,2,22.416097222062177,1143.220958325171
BTCUSD,BUY,2024-11-18 20:00:00+00:00,2024-11-18 21:00:00+00:00,2024-11-20 13:00:00+00:00,91543.15625,90134.77338214978,94359.92198570044,WIN,2,22.86441916650342,1166.0853774916745
BTCUSD,BUY,2024-11-20 16:00:00+00:00,2024-11-20 17:00:00+00:00,2024-11-21 04:00:00+00:00,94176.4765625,93154.18080415315,96221.0680791937,WIN,2,23.32170754983349,1189.407085041508
BTCUSD,BUY,2024-11-21 12:00:00+00:00,2024-11-21 13:00:00+00:00,2024-11-21 15:00:00+00:00,97331.3046875,96332.22297059868,99329.46812130263,LOSS,-1,-11.89407085041508,1177.513014191093
BTCUSD,BUY,2024-11-21 19:00:00+00:00,2024-11-21 20:00:00+00:00,2024-11-24 12:00:00+00:00,97904.296875,96757.59877935208,100197.69306629586,LOSS,-1,-11.77513014191093,1165.737884049182
BTCUSD,BUY,2024-11-25 09:00:00+00:00,2024-11-25 10:00:00+00:00,2024-11-25 13:00:00+00:00,98570.9921875,97783.96657086804,100145.04342076392,LOSS,-1,-11.65737884049182,1154.08050520869
BTCUSD,SELL,2024-11-25 22:00:00+00:00,2024-11-25 23:00:00+00:00,2024-11-26 11:00:00+00:00,94387.078125,95624.0822090008,91913.0699569984,WIN,2,23.0816101041738,1177.1621153128638
BTCUSD,BUY,2024-11-27 20:00:00+00:00,2024-11-27 21:00:00+00:00,2024-11-28 03:00:00+00:00,96612.7265625,95480.44749490778,98877.28469768442,LOSS,-1,-11.771621153128638,1165.3904941597352
BTCUSD,BUY,2024-11-28 11:00:00+00:00,2024-11-28 12:00:00+00:00,2024-11-29 11:00:00+00:00,95483.8984375,94563.37316353024,97324.94898543954,WIN,2,23.307809883194704,1188.69830404293
BTCUSD,BUY,2024-11-29 16:00:00+00:00,2024-11-29 17:00:00+00:00,2024-11-29 19:00:00+00:00,97867.9453125,97004.37820372672,99595.07953004657,LOSS,-1,-11.8869830404293,1176.8113210025008
BTCUSD,BUY,2024-11-30 05:00:00+00:00,2024-11-30 06:00:00+00:00,2024-11-30 10:00:00+00:00,97171.5859375,96491.34636561509,98532.06508126984,LOSS,-1,-11.768113210025009,1165.0432077924759
BTCUSD,BUY,2024-11-30 15:00:00+00:00,2024-11-30 16:00:00+00:00,2024-12-01 02:00:00+00:00,96702.8203125,96112.89955288738,97882.66183172526,LOSS,-1,-11.650432077924759,1153.3927757145511
BTCUSD,BUY,2024-12-01 08:00:00+00:00,2024-12-01 09:00:00+00:00,2024-12-02 03:00:00+00:00,97097.765625,96572.77529822338,98147.74627855324,LOSS,-1,-11.533927757145511,1141.8588479574057
BTCUSD,SELL,2024-12-02 08:00:00+00:00,2024-12-02 09:00:00+00:00,2024-12-02 14:00:00+00:00,95106.0,95897.86352969208,93522.27294061585,LOSS,-1,-11.418588479574057,1130.4402594778317
BTCUSD,SELL,2024-12-02 17:00:00+00:00,2024-12-02 18:00:00+00:00,2024-12-02 18:00:00+00:00,94620.703125,95792.99937761828,92276.11061976344,LOSS,-1,-11.304402594778317,1119.1358568830533
BTCUSD,SELL,2024-12-03 06:00:00+00:00,2024-12-03 07:00:00+00:00,2024-12-03 13:00:00+00:00,95652.9609375,96554.9184240694,93849.0459643612,WIN,2,22.382717137661068,1141.5185740207144
BTCUSD,SELL,2024-12-03 16:00:00+00:00,2024-12-03 17:00:00+00:00,2024-12-04 01:00:00+00:00,95169.5078125,96235.3594068639,93037.8046237722,LOSS,-1,-11.415185740207145,1130.1033882805073
BTCUSD,BUY,2024-12-04 07:00:00+00:00,2024-12-04 08:00:00+00:00,2024-12-04 13:00:00+00:00,96662.9765625,95833.37295505904,98322.18377738193,LOSS,-1,-11.301033882805072,1118.8023543977022
BTCUSD,BUY,2024-12-04 14:00:00+00:00,2024-12-04 15:00:00+00:00,2024-12-04 16:00:00+00:00,95929.2265625,95135.79095100248,97516.09778549506,LOSS,-1,-11.188023543977023,1107.614330853725
BTCUSD,SELL,2024-12-04 17:00:00+00:00,2024-12-04 18:00:00+00:00,2024-12-04 19:00:00+00:00,95609.75,96505.54636656935,93818.15726686128,LOSS,-1,-11.076143308537251,1096.5381875451878
BTCUSD,BUY,2024-12-04 21:00:00+00:00,2024-12-04 22:00:00+00:00,2024-12-05 02:00:00+00:00,97883.171875,96710.15583761991,100229.2039497602,WIN,2,21.930763750903758,1118.4689512960915
BTCUSD,BUY,2024-12-05 06:00:00+00:00,2024-12-05 07:00:00+00:00,2024-12-05 18:00:00+00:00,101956.359375,100394.20077320994,105080.6765785801,LOSS,-1,-11.184689512960915,1107.2842617831307
BTCUSD,BUY,2024-12-06 16:00:00+00:00,2024-12-06 17:00:00+00:00,2024-12-06 18:00:00+00:00,99126.53125,97792.94686034735,101793.7000293053,WIN,2,22.145685235662615,1129.4299470187932
BTCUSD,BUY,2024-12-07 09:00:00+00:00,2024-12-07 10:00:00+00:00,2024-12-08 09:00:00+00:00,99787.0703125,98800.98889234553,101759.23315280896,LOSS,-1,-11.294299470187932,1118.1356475486052
BTCUSD,BUY,2024-12-08 11:00:00+00:00,2024-12-08 12:00:00+00:00,2024-12-08 23:00:00+00:00,99763.9609375,99082.63582849033,101126.61115551936,WIN,2,22.362712950972107,1140.4983604995773
BTCUSD,SELL,2024-12-09 11:00:00+00:00,2024-12-09 12:00:00+00:00,2024-12-09 13:00:00+00:00,98059.2890625,98957.67181265149,96262.523562197,LOSS,-1,-11.404983604995774,1129.0933768945815
BTCUSD,SELL,2024-12-09 15:00:00+00:00,2024-12-09 16:00:00+00:00,2024-12-09 21:00:00+00:00,97789.3515625,99034.35461055978,95299.34546638044,WIN,2,22.581867537891632,1151.6752444324732
BTCUSD,SELL,2024-12-10 12:00:00+00:00,2024-12-10 13:00:00+00:00,2024-12-10 16:00:00+00:00,97163.4921875,98339.39696406812,94811.68263436377,WIN,2,23.033504888649464,1174.7087493211227
BTCUSD,BUY,2024-12-11 14:00:00+00:00,2024-12-11 15:00:00+00:00,2024-12-11 22:00:00+00:00,99585.671875,98503.34931370543,101750.31699758914,WIN,2,23.494174986422454,1198.2029243075451
BTCUSD,BUY,2024-12-13 07:00:00+00:00,2024-12-13 08:00:00+00:00,2024-12-14 01:00:00+00:00,100171.4765625,99293.39293265266,101927.6438221947,WIN,2,23.964058486150904,1222.166982793696
BTCUSD,BUY,2024-12-14 14:00:00+00:00,2024-12-14 15:00:00+00:00,2024-12-14 20:00:00+00:00,101416.171875,100762.38823109404,102723.73916281191,LOSS,-1,-12.22166982793696,1209.945312965759
BTCUSD,BUY,2024-12-14 23:00:00+00:00,2024-12-15 00:00:00+00:00,2024-12-15 04:00:00+00:00,101393.6796875,100741.4110908596,102698.21688078079,WIN,2,24.19890625931518,1234.1442192250743
BTCUSD,BUY,2024-12-16 02:00:00+00:00,2024-12-16 03:00:00+00:00,2024-12-16 12:00:00+00:00,104525.53125,103555.76795814098,106465.05783371805,LOSS,-1,-12.341442192250742,1221.8027770328235
BTCUSD,BUY,2024-12-16 13:00:00+00:00,2024-12-16 14:00:00+00:00,2024-12-16 14:00:00+00:00,103861.796875,102973.19630851597,105638.99800796807,WIN,2,24.436055540656472,1246.23883257348
BTCUSD,BUY,2024-12-16 19:00:00+00:00,2024-12-16 20:00:00+00:00,2024-12-17 22:00:00+00:00,106600.90625,105459.21826781047,108884.28221437904,LOSS,-1,-12.462388325734802,1233.7764442477453
BTCUSD,SELL,2024-12-19 00:00:00+00:00,2024-12-19 01:00:00+00:00,2024-12-19 10:00:00+00:00,100719.8828125,102138.46791305723,97882.71261138553,LOSS,-1,-12.337764442477454,1221.4386798052678
BTCUSD,SELL,2024-12-19 11:00:00+00:00,2024-12-19 12:00:00+00:00,2024-12-19 15:00:00+00:00,102375.171875,103512.95682271993,100099.60197956013,WIN,2,24.42877359610536,1245.8674534013733
BTCUSD,SELL,2024-12-19 21:00:00+00:00,2024-12-19 22:00:00+00:00,2024-12-20 11:00:00+00:00,97364.125,99250.63017236239,93591.1146552752,WIN,2,24.917349068027466,1270.7848024694008
BTCUSD,SELL,2024-12-20 12:00:00+00:00,2024-12-20 13:00:00+00:00,2024-12-20 14:00:00+00:00,93843.4921875,95753.11470670032,90024.24714909936,LOSS,-1,-12.707848024694009,1258.0769544447069
BTCUSD,SELL,2024-12-20 20:00:00+00:00,2024-12-20 21:00:00+00:00,2024-12-21 05:00:00+00:00,96406.34375,98199.11661870286,92820.79801259428,LOSS,-1,-12.580769544447069,1245.4961849002598
BTCUSD,SELL,2024-12-21 12:00:00+00:00,2024-12-21 13:00:00+00:00,2024-12-22 19:00:00+00:00,97115.84375,98323.56707807533,94700.39709384933,WIN,2,24.909923698005198,1270.406108598265
BTCUSD,SELL,2024-12-23 04:00:00+00:00,2024-12-23 05:00:00+00:00,2024-12-23 15:00:00+00:00,95746.96875,96977.97954111168,93284.94716777666,WIN,2,25.408122171965303,1295.8142307702303
BTCUSD,SELL,2024-12-24 00:00:00+00:00,2024-12-24 01:00:00+00:00,2024-12-24 13:00:00+00:00,94517.046875,95828.37986918297,91894.38088663404,LOSS,-1,-12.958142307702303,1282.856088462528
BTCUSD,BUY,2024-12-24 21:00:00+00:00,2024-12-24 22:00:00+00:00,2024-12-26 08:00:00+00:00,98327.078125,97127.42670584665,100726.3809633067,LOSS,-1,-12.828560884625281,1270.027527577903
BTCUSD,SELL,2024-12-26 12:00:00+00:00,2024-12-26 13:00:00+00:00,2024-12-26 16:00:00+00:00,95507.4921875,96424.48865243292,93673.49925763418,LOSS,-1,-12.70027527577903,1257.327252302124
BTCUSD,SELL,2024-12-27 07:00:00+00:00,2024-12-27 08:00:00+00:00,2024-12-27 08:00:00+00:00,94996.265625,95930.50995444028,93127.77696611945,LOSS,-1,-12.57327252302124,1244.7539797791028
BTCUSD,SELL,2024-12-27 13:00:00+00:00,2024-12-27 14:00:00+00:00,2024-12-27 15:00:00+00:00,96279.71875,97285.93974903808,94267.27675192384,WIN,2,24.895079595582057,1269.6490593746848
BTCUSD,SELL,2024-12-29 01:00:00+00:00,2024-12-29 02:00:00+00:00,2024-12-29 16:00:00+00:00,94705.1171875,95247.09099951087,93621.16956347828,WIN,2,25.392981187493696,1295.0420405621785
BTCUSD,SELL,2024-12-29 20:00:00+00:00,2024-12-29 21:00:00+00:00,2024-12-30 13:00:00+00:00,93635.5234375,94169.48410922382,92567.60209405237,WIN,2,25.90084081124357,1320.942881373422
BTCUSD,SELL,2024-12-30 21:00:00+00:00,2024-12-30 22:00:00+00:00,2024-12-31 08:00:00+00:00,91951.1953125,93126.77436127624,89600.03721494752,LOSS,-1,-13.20942881373422,1307.733452559688
BTCUSD,BUY,2024-12-31 15:00:00+00:00,2024-12-31 16:00:00+00:00,2024-12-31 17:00:00+00:00,95315.21875,94288.31898284663,97369.01828430675,LOSS,-1,-13.07733452559688,1294.6561180340912
BTCUSD,SELL,2025-01-01 06:00:00+00:00,2025-01-01 07:00:00+00:00,2025-01-01 19:00:00+00:00,93551.9453125,94399.72139826002,91856.39314097994,LOSS,-1,-12.946561180340911,1281.7095568537502
BTCUSD,BUY,2025-01-02 00:00:00+00:00,2025-01-02 01:00:00+00:00,2025-01-02 09:00:00+00:00,94901.375,94199.75813933468,96304.60872133066,WIN,2,25.634191137075003,1307.3437479908252
BTCUSD,BUY,2025-01-02 15:00:00+00:00,2025-01-02 16:00:00+00:00,2025-01-02 20:00:00+00:00,96379.828125,95750.3473038584,97638.7897672832,WIN,2,26.146874959816504,1333.4906229506419
BTCUSD,BUY,2025-01-03 09:00:00+00:00,2025-01-03 10:00:00+00:00,2025-01-03 16:00:00+00:00,96499.3203125,95874.7776924639,97748.40555257219,WIN,2,26.66981245901284,1360.1604354096546
BTCUSD,BUY,2025-01-03 21:00:00+00:00,2025-01-03 22:00:00+00:00,2025-01-05 10:00:00+00:00,98255.71875,97574.2834932124,99618.58926357521,LOSS,-1,-13.601604354096546,1346.5588310555581
BTCUSD,BUY,2025-01-05 15:00:00+00:00,2025-01-05 16:00:00+00:00,2025-01-06 02:00:00+00:00,98006.1796875,97562.37773837532,98893.78358574935,WIN,2,26.931176621111163,1373.4900076766694
BTCUSD,BUY,2025-01-06 07:00:00+00:00,2025-01-06 08:00:00+00:00,2025-01-06 10:00:00+00:00,99288.0,98730.09584875865,100403.8083024827,LOSS,-1,-13.734900076766694,1359.7551075999027
BTCUSD,BUY,2025-01-06 21:00:00+00:00,2025-01-06 22:00:00+00:00,2025-01-07 11:00:00+00:00,101672.6328125,100764.19606082441,103489.50631585116,LOSS,-1,-13.597551075999027,1346.1575565239036
BTCUSD,SELL,2025-01-08 00:00:00+00:00,2025-01-08 01:00:00+00:00,2025-01-08 06:00:00+00:00,97247.40625,98166.87137649283,95408.47599701435,WIN,2,26.92315113047807,1373.0807076543817
BTCUSD,SELL,2025-01-08 08:00:00+00:00,2025-01-08 09:00:00+00:00,2025-01-08 17:00:00+00:00,95920.640625,96851.98628336583,94057.94930826833,WIN,2,27.461614153087634,1400.5423218074693
BTCUSD,SELL,2025-01-08 18:00:00+00:00,2025-01-08 19:00:00+00:00,2025-01-09 20:00:00+00:00,94236.3671875,95472.21918803013,91764.66318643974,WIN,2,28.010846436149386,1428.5531682436188
BTCUSD,SELL,2025-01-10 13:00:00+00:00,2025-01-10 14:00:00+00:00,2025-01-10 17:00:00+00:00,93619.8671875,94684.88592407624,91489.82971434752,LOSS,-1,-14.285531682436188,1414.2676365611826
BTCUSD,SELL,2025-01-11 03:00:00+00:00,2025-01-11 04:00:00+00:00,2025-01-12 15:00:00+00:00,94175.078125,95178.38523658042,92168.46390183915,LOSS,-1,-14.142676365611827,1400.1249601955708
BTCUSD,SELL,2025-01-13 05:00:00+00:00,2025-01-13 06:00:00+00:00,2025-01-13 10:00:00+00:00,94122.40625,94847.41982166859,92672.37910666283,WIN,2,28.002499203911416,1428.1274593994822
BTCUSD,SELL,2025-01-13 14:00:00+00:00,2025-01-13 15:00:00+00:00,2025-01-13 20:00:00+00:00,91877.640625,93083.48421297861,89465.95344904278,LOSS,-1,-14.281274593994823,1413.8461848054874
BTCUSD,BUY,2025-01-14 04:00:00+00:00,2025-01-14 05:00:00+00:00,2025-01-14 09:00:00+00:00,95093.4375,94048.58820903611,97183.13608192778,WIN,2,28.276923696109748,1442.123108501597
BTCUSD,BUY,2025-01-14 10:00:00+00:00,2025-01-14 11:00:00+00:00,2025-01-14 16:00:00+00:00,96628.609375,95555.59217629608,98774.64377240784,LOSS,-1,-14.42123108501597,1427.701877416581
BTCUSD,BUY,2025-01-15 16:00:00+00:00,2025-01-15 17:00:00+00:00,2025-01-16 14:00:00+00:00,99035.8515625,98048.54679774531,101010.4610920094,LOSS,-1,-14.27701877416581,1413.4248586424153
BTCUSD,BUY,2025-01-16 15:00:00+00:00,2025-01-16 16:00:00+00:00,2025-01-17 01:00:00+00:00,99199.578125,98136.0712573392,101326.59186032163,WIN,2,28.268497172848306,1441.6933558152637
BTCUSD,BUY,2025-01-17 17:00:00+00:00,2025-01-17 18:00:00+00:00,2025-01-18 04:00:00+00:00,104101.734375,103036.02743518207,106233.14825463586,LOSS,-1,-14.416933558152637,1427.276422257111
BTCUSD,BUY,2025-01-18 06:00:00+00:00,2025-01-18 07:00:00+00:00,2025-01-18 08:00:00+00:00,103412.203125,102349.60828993982,105537.39279512037,LOSS,-1,-14.272764222571112,1413.00365803454
BTCUSD,BUY,2025-01-18 10:00:00+00:00,2025-01-18 11:00:00+00:00,2025-01-19 02:00:00+00:00,103109.3828125,102079.25141343864,105169.64561062273,WIN,2,28.2600731606908,1441.2637311952308
BTCUSD,BUY,2025-01-19 12:00:00+00:00,2025-01-19 13:00:00+00:00,2025-01-19 21:00:00+00:00,104778.609375,103647.4952726547,107040.83757969059,LOSS,-1,-14.412637311952308,1426.8510938832785
BTCUSD,BUY,2025-01-20 07:00:00+00:00,2025-01-20 08:00:00+00:00,2025-01-20 15:00:00+00:00,107042.421875,104727.35605482911,111672.55351534176,LOSS,-1,-14.268510938832785,1412.5825829444457
BTCUSD,BUY,2025-01-20 16:00:00+00:00,2025-01-20 17:00:00+00:00,2025-01-20 17:00:00+00:00,106560.609375,104143.78478391843,111394.25855716316,LOSS,-1,-14.125825829444457,1398.4567571150012
BTCUSD,SELL,2025-01-21 00:00:00+00:00,2025-01-21 01:00:00+00:00,2025-01-21 11:00:00+00:00,101040.765625,103593.9284851408,95934.43990471841,LOSS,-1,-13.984567571150013,1384.4721895438513
BTCUSD,BUY,2025-01-21 18:00:00+00:00,2025-01-21 19:00:00+00:00,2025-01-22 08:00:00+00:00,106848.0859375,104871.50200229278,110801.25380791443,LOSS,-1,-13.844721895438513,1370.6274676484127
BTCUSD,BUY,2025-01-22 10:00:00+00:00,2025-01-22 11:00:00+00:00,2025-01-22 13:00:00+00:00,105096.84375,103955.85099094728,107378.82926810543,LOSS,-1,-13.706274676484128,1356.9211929719286
BTCUSD,SELL,2025-01-23 03:00:00+00:00,2025-01-23 04:00:00+00:00,2025-01-23 14:00:00+00:00,102379.7421875,103531.49222309237,100076.24211631526,LOSS,-1,-13.569211929719286,1343.3519810422092
BTCUSD,BUY,2025-01-24 05:00:00+00:00,2025-01-24 06:00:00+00:00,2025-01-26 23:00:00+00:00,105202.484375,103528.35811979946,108550.73688540106,LOSS,-1,-13.433519810422093,1329.9184612317872
BTCUSD,SELL,2025-01-27 12:00:00+00:00,2025-01-27 13:00:00+00:00,2025-01-27 14:00:00+00:00,100639.7578125,101876.41792135152,98166.43759479697,LOSS,-1,-13.299184612317873,1316.6192766194692
BTCUSD,SELL,2025-01-27 15:00:00+00:00,2025-01-27 16:00:00+00:00,2025-01-28 00:00:00+00:00,101128.15625,102575.23550009905,98233.9977498019,LOSS,-1,-13.166192766194692,1303.4530838532746
BTCUSD,SELL,2025-01-28 18:00:00+00:00,2025-01-28 19:00:00+00:00,2025-01-29 19:00:00+00:00,102162.4140625,103291.72479009914,99903.79260730172,LOSS,-1,-13.034530838532746,1290.418553014742
BTCUSD,BUY,2025-01-29 21:00:00+00:00,2025-01-29 22:00:00+00:00,2025-01-30 14:00:00+00:00,103750.65625,102615.51692532044,106020.93489935911,WIN,2,25.80837106029484,1316.2269240750368
BTCUSD,BUY,2025-01-31 00:00:00+00:00,2025-01-31 01:00:00+00:00,2025-01-31 03:00:00+00:00,104889.734375,104003.33219165179,106662.53874169641,LOSS,-1,-13.162269240750367,1303.0646548342863
BTCUSD,BUY,2025-01-31 11:00:00+00:00,2025-01-31 12:00:00+00:00,2025-01-31 18:00:00+00:00,104689.2109375,103928.3017425576,106211.02932738481,LOSS,-1,-13.030646548342864,1290.0340082859434
BTCUSD,SELL,2025-01-31 21:00:00+00:00,2025-01-31 22:00:00+00:00,2025-02-02 03:00:00+00:00,102113.875,103119.21387892269,100103.19724215462,WIN,2,25.80068016571887,1315.8346884516623
BTCUSD,SELL,2025-02-02 04:00:00+00:00,2025-02-02 05:00:00+00:00,2025-02-02 06:00:00+00:00,99546.3515625,100413.18783562587,97812.67901624828,LOSS,-1,-13.158346884516623,1302.6763415671455
BTCUSD,SELL,2025-02-02 13:00:00+00:00,2025-02-02 14:00:00+00:00,2025-02-02 18:00:00+00:00,98748.3984375,99658.91443605933,96927.36644038132,WIN,2,26.05352683134291,1328.7298683984884
BTCUSD,SELL,2025-02-02 19:00:00+00:00,2025-02-02 20:00:00+00:00,2025-02-03 00:00:00+00:00,98215.2578125,99400.6846042214,95844.40422905718,WIN,2,26.57459736796977,1355.3044657664582
BTCUSD,SELL,2025-02-03 03:00:00+00:00,2025-02-03 04:00:00+00:00,2025-02-03 14:00:00+00:00,94101.78125,96164.65640182362,89976.03094635275,LOSS,-1,-13.553044657664582,1341.7514211087937
BTCUSD,BUY,2025-02-03 23:00:00+00:00,2025-02-04 00:00:00+00:00,2025-02-04 05:00:00+00:00,101469.5859375,99669.64977130924,105069.45826988154,LOSS,-1,-13.417514211087937,1328.3339068977057
BTCUSD,SELL,2025-02-04 21:00:00+00:00,2025-02-04 22:00:00+00:00,2025-02-05 00:00:00+00:00,96524.609375,98146.86376292552,93280.10059914894,LOSS,-1,-13.283339068977057,1315.0505678287286
BTCUSD,SELL,2025-02-05 15:00:00+00:00,2025-02-05 16:00:00+00:00,2025-02-06 19:00:00+00:00,98123.1328125,99281.47209628437,95806.45424493124,WIN,2,26.301011356574573,1341.351579185303
BTCUSD,SELL,2025-02-07 05:00:00+00:00,2025-02-07 06:00:00+00:00,2025-02-07 13:00:00+00:00,97362.7578125,98349.0958233613,95390.0817907774,LOSS,-1,-13.413515791853031,1327.93806339345
BTCUSD,SELL,2025-02-07 19:00:00+00:00,2025-02-07 20:00:00+00:00,2025-02-10 13:00:00+00:00,96932.625,98113.07381911801,94571.72736176397,LOSS,-1,-13.2793806339345,1314.6586827595154
BTCUSD,BUY,2025-02-11 01:00:00+00:00,2025-02-11 02:00:00+00:00,2025-02-11 13:00:00+00:00,98048.6015625,97356.36682891512,99433.07102966975,LOSS,-1,-13.146586827595154,1301.5120959319202
BTCUSD,SELL,2025-02-11 21:00:00+00:00,2025-02-11 22:00:00+00:00,2025-02-12 13:00:00+00:00,96341.0703125,97150.21944441095,94722.7720486781,WIN,2,26.030241918638403,1327.5423378505586
BTCUSD,BUY,2025-02-12 22:00:00+00:00,2025-02-12 23:00:00+00:00,2025-02-13 05:00:00+00:00,97830.8515625,96725.37805135327,100041.79858479348,LOSS,-1,-13.275423378505586,1314.266914472053
BTCUSD,SELL,2025-02-13 09:00:00+00:00,2025-02-13 10:00:00+00:00,2025-02-14 03:00:00+00:00,96262.421875,97120.10526385327,94547.05509729347,LOSS,-1,-13.14266914472053,1301.1242453273326
BTCUSD,BUY,2025-02-14 14:00:00+00:00,2025-02-14 15:00:00+00:00,2025-02-14 15:00:00+00:00,97304.5,96648.26120329353,98616.97759341294,LOSS,-1,-13.011242453273326,1288.1130028740592
BTCUSD,BUY,2025-02-14 16:00:00+00:00,2025-02-14 17:00:00+00:00,2025-02-14 21:00:00+00:00,97654.90625,96897.71617305666,99169.28640388667,LOSS,-1,-12.881130028740593,1275.2318728453185
BTCUSD,BUY,2025-02-14 23:00:00+00:00,2025-02-15 00:00:00+00:00,2025-02-16 23:00:00+00:00,97502.3671875,96584.91984154668,99337.26187940662,LOSS,-1,-12.752318728453186,1262.4795541168653
BTCUSD,SELL,2025-02-17 00:00:00+00:00,2025-02-17 01:00:00+00:00,2025-02-17 14:00:00+00:00,96319.5,96760.95283364983,95436.59433270033,LOSS,-1,-12.624795541168654,1249.8547585756967
BTCUSD,SELL,2025-02-17 15:00:00+00:00,2025-02-17 16:00:00+00:00,2025-02-17 21:00:00+00:00,95675.4765625,96257.0172280297,94512.39523144059,LOSS,-1,-12.498547585756967,1237.3562109899397
BTCUSD,SELL,2025-02-17 22:00:00+00:00,2025-02-17 23:00:00+00:00,2025-02-18 14:00:00+00:00,95896.359375,96541.80520856289,94605.46770787422,LOSS,-1,-12.373562109899396,1224.9826488800402
BTCUSD,SELL,2025-02-19 00:00:00+00:00,2025-02-19 01:00:00+00:00,2025-02-19 10:00:00+00:00,95330.4609375,96157.36048813914,93676.66183622171,LOSS,-1,-12.249826488800402,1212.7328223912398
BTCUSD,BUY,2025-02-19 22:00:00+00:00,2025-02-19 23:00:00+00:00,2025-02-20 14:00:00+00:00,96536.1484375,95855.34471755763,97897.75587738476,WIN,2,24.254656447824797,1236.9874788390646
BTCUSD,BUY,2025-02-20 21:00:00+00:00,2025-02-20 22:00:00+00:00,2025-02-21 13:00:00+00:00,98129.4140625,97501.30355668486,99385.63507413029,WIN,2,24.739749576781293,1261.727228415846
BTCUSD,BUY,2025-02-21 14:00:00+00:00,2025-02-21 15:00:00+00:00,2025-02-21 15:00:00+00:00,98809.140625,98213.61485478487,100000.19216543026,LOSS,-1,-12.61727228415846,1249.1099561316876
BTCUSD,BUY,2025-02-21 16:00:00+00:00,2025-02-21 17:00:00+00:00,2025-02-21 17:00:00+00:00,98229.265625,97421.60580910022,99844.58525679956,LOSS,-1,-12.491099561316876,1236.6188565703708
BTCUSD,SELL,2025-02-21 22:00:00+00:00,2025-02-21 23:00:00+00:00,2025-02-22 12:00:00+00:00,95796.0078125,96768.66969988713,93850.68403772575,LOSS,-1,-12.366188565703709,1224.2526680046672
BTCUSD,SELL,2025-02-22 13:00:00+00:00,2025-02-22 14:00:00+00:00,2025-02-23 17:00:00+00:00,96574.7265625,97142.22627663745,95439.7271342251,WIN,2,24.485053360093342,1248.7377213647605
BTCUSD,SELL,2025-02-24 01:00:00+00:00,2025-02-24 02:00:00+00:00,2025-02-24 04:00:00+00:00,95983.8125,96388.77684163701,95173.88381672597,WIN,2,24.97475442729521,1273.7124757920558
BTCUSD,SELL,2025-02-24 16:00:00+00:00,2025-02-24 17:00:00+00:00,2025-02-24 17:00:00+00:00,94400.015625,95123.08245803394,92953.88195893214,LOSS,-1,-12.737124757920558,1260.9753510341352
BTCUSD,SELL,2025-02-24 20:00:00+00:00,2025-02-24 21:00:00+00:00,2025-02-24 23:00:00+00:00,93989.5234375,94804.54721853364,92359.4758754327,WIN,2,25.219507020682705,1286.1948580548178
BTCUSD,SELL,2025-02-25 02:00:00+00:00,2025-02-25 03:00:00+00:00,2025-02-25 07:00:00+00:00,92343.8125,93447.25196133685,90136.9335773263,WIN,2,25.723897161096357,1311.9187552159142
BTCUSD,SELL,2025-02-25 19:00:00+00:00,2025-02-25 20:00:00+00:00,2025-02-26 18:00:00+00:00,87816.71875,89427.05946728839,84596.03731542322,WIN,2,26.238375104318283,1338.1571303202325
BTCUSD,SELL,2025-02-27 00:00:00+00:00,2025-02-27 01:00:00+00:00,2025-02-27 06:00:00+00:00,84604.96875,86250.23162005252,81314.44300989495,LOSS,-1,-13.381571303202325,1324.7755590170302
BTCUSD,SELL,2025-02-27 08:00:00+00:00,2025-02-27 09:00:00+00:00,2025-02-27 20:00:00+00:00,85997.0234375,87384.53235079702,83222.00561090597,WIN,2,26.495511180340603,1351.2710701973708
BTCUSD,SELL,2025-02-28 09:00:00+00:00,2025-02-28 10:00:00+00:00,2025-02-28 14:00:00+00:00,80307.71875,82093.90271305306,76735.35082389387,LOSS,-1,-13.512710701973708,1337.7583594953971
BTCUSD,BUY,2025-03-03 01:00:00+00:00,2025-03-03 02:00:00+00:00,2025-03-03 06:00:00+00:00,93069.6484375,91515.7681048802,96177.40910273959,LOSS,-1,-13.377583594953972,1324.3807759004433
BTCUSD,SELL,2025-03-03 23:00:00+00:00,2025-03-04 00:00:00+00:00,2025-03-04 14:00:00+00:00,86137.4921875,88130.07191400453,82152.33273449095,WIN,2,26.487615518008866,1350.8683914184521
BTCUSD,BUY,2025-03-05 09:00:00+00:00,2025-03-05 10:00:00+00:00,2025-03-06 01:00:00+00:00,88483.6171875,87053.7709212215,91343.30972005699,WIN,2,27.017367828369043,1377.8857592468212
BTCUSD,BUY,2025-03-06 06:00:00+00:00,2025-03-06 07:00:00+00:00,2025-03-06 12:00:00+00:00,91914.21875,90513.96560824863,94714.72503350272,LOSS,-1,-13.778857592468212,1364.106901654353
BTCUSD,BUY,2025-03-06 15:00:00+00:00,2025-03-06 16:00:00+00:00,2025-03-06 16:00:00+00:00,90861.84375,89477.70276342386,93630.12572315228,LOSS,-1,-13.641069016543529,1350.4658326378094
BTCUSD,BUY,2025-03-06 22:00:00+00:00,2025-03-06 23:00:00+00:00,2025-03-07 00:00:00+00:00,90341.7890625,88858.46552252019,93308.43614245963,LOSS,-1,-13.504658326378093,1336.9611743114313
BTCUSD,SELL,2025-03-07 02:00:00+00:00,2025-03-07 03:00:00+00:00,2025-03-07 09:00:00+00:00,87335.3203125,89508.66035647308,82988.64022455385,LOSS,-1,-13.369611743114312,1323.591562568317
BTCUSD,SELL,2025-03-07 15:00:00+00:00,2025-03-07 16:00:00+00:00,2025-03-09 10:00:00+00:00,88482.7578125,90319.46952918485,84809.33437913029,WIN,2,26.47183125136634,1350.0633938196834
BTCUSD,SELL,2025-03-09 11:00:00+00:00,2025-03-09 12:00:00+00:00,2025-03-09 14:00:00+00:00,85004.2421875,85628.77258660978,83755.18138928045,WIN,2,27.00126787639367,1377.064661696077
BTCUSD,SELL,2025-03-09 20:00:00+00:00,2025-03-09 21:00:00+00:00,2025-03-09 22:00:00+00:00,83051.40625,83965.75937530183,81222.69999939633,WIN,2,27.541293233921543,1404.6059549299987
BTCUSD,SELL,2025-03-10 01:00:00+00:00,2025-03-10 02:00:00+00:00,2025-03-10 09:00:00+00:00,81748.78125,82906.73033482557,79432.88308034887,LOSS,-1,-14.046059549299986,1390.5598953806987
BTCUSD,SELL,2025-03-10 13:00:00+00:00,2025-03-10 14:00:00+00:00,2025-03-10 17:00:00+00:00,81451.265625,82905.80620736697,78542.18446026607,WIN,2,27.811197907613973,1418.3710932883127
BTCUSD,SELL,2025-03-10 19:00:00+00:00,2025-03-10 20:00:00+00:00,2025-03-11 08:00:00+00:00,78939.75,80664.84217583392,75489.56564833214,LOSS,-1,-14.183710932883129,1404.1873823554297
BTCUSD,SELL,2025-03-11 14:00:00+00:00,2025-03-11 15:00:00+00:00,2025-03-11 15:00:00+00:00,79827.59375,81317.04863488844,76848.68398022311,LOSS,-1,-14.041873823554297,1390.1455085318753
BTCUSD,SELL,2025-03-13 16:00:00+00:00,2025-03-13 17:00:00+00:00,2025-03-14 02:00:00+00:00,80808.0234375,81834.59143329442,78754.88744591115,LOSS,-1,-13.901455085318753,1376.2440534465566
BTCUSD,BUY,2025-03-14 17:00:00+00:00,2025-03-14 18:00:00+00:00,2025-03-16 11:00:00+00:00,84374.8125,83409.95510791936,86304.52728416128,LOSS,-1,-13.762440534465567,1362.481612912091
BTCUSD,SELL,2025-03-16 14:00:00+00:00,2025-03-16 15:00:00+00:00,2025-03-16 16:00:00+00:00,83357.0234375,83951.89579911805,82167.27871426391,LOSS,-1,-13.624816129120909,1348.85679678297
BTCUSD,SELL,2025-03-16 18:00:00+00:00,2025-03-16 19:00:00+00:00,2025-03-16 22:00:00+00:00,83663.5625,84360.24314547124,82270.20120905753,WIN,2,26.977135935659398,1375.8339327186293
BTCUSD,SELL,2025-03-17 05:00:00+00:00,2025-03-17 06:00:00+00:00,2025-03-17 17:00:00+00:00,83133.5,83846.59591485748,81707.30817028503,LOSS,-1,-13.758339327186293,1362.075593391443
BTCUSD,BUY,2025-03-17 18:00:00+00:00,2025-03-17 19:00:00+00:00,2025-03-18 01:00:00+00:00,84499.625,83641.20916976631,86216.45666046739,LOSS,-1,-13.62075593391443,1348.4548374575286
BTCUSD,SELL,2025-03-18 04:00:00+00:00,2025-03-18 05:00:00+00:00,2025-03-18 13:00:00+00:00,82973.6171875,83706.1607435216,81508.53007545682,WIN,2,26.969096749150573,1375.4239342066792
BTCUSD,SELL,2025-03-18 14:00:00+00:00,2025-03-18 15:00:00+00:00,2025-03-18 23:00:00+00:00,81750.765625,82559.683583712,80132.92970757601,LOSS,-1,-13.754239342066793,1361.6696948646124
BTCUSD,BUY,2025-03-19 11:00:00+00:00,2025-03-19 12:00:00+00:00,2025-03-19 18:00:00+00:00,83875.796875,83266.53042735426,85094.32977029147,WIN,2,27.23339389729225,1388.9030887619047
BTCUSD,BUY,2025-03-19 19:00:00+00:00,2025-03-19 20:00:00+00:00,2025-03-20 00:00:00+00:00,85445.6875,84541.53010104704,87254.00229790591,WIN,2,27.778061775238093,1416.6811505371427
BTCUSD,SELL,2025-03-21 08:00:00+00:00,2025-03-21 09:00:00+00:00,2025-03-23 11:00:00+00:00,83967.5625,84668.80291668387,82565.08166663228,LOSS,-1,-14.166811505371427,1402.5143390317712
BTCUSD,BUY,2025-03-23 17:00:00+00:00,2025-03-23 18:00:00+00:00,2025-03-23 23:00:00+00:00,84999.2890625,84641.4306075799,85715.00597234021,WIN,2,28.050286780635425,1430.5646258124066
BTCUSD,BUY,2025-03-24 01:00:00+00:00,2025-03-24 02:00:00+00:00,2025-03-24 04:00:00+00:00,85541.1953125,85058.95069884452,86505.68453981096,WIN,2,28.61129251624813,1459.1759183286547
BTCUSD,BUY,2025-03-24 12:00:00+00:00,2025-03-24 13:00:00+00:00,2025-03-24 14:00:00+00:00,87351.6953125,86797.32631718736,88460.43330312528,WIN,2,29.183518366573093,1488.3594366952277
BTCUSD,BUY,2025-03-24 16:00:00+00:00,2025-03-24 17:00:00+00:00,2025-03-24 23:00:00+00:00,88044.046875,87354.92057406584,89422.29947686833,LOSS,-1,-14.883594366952277,1473.4758423282753
BTCUSD,BUY,2025-03-25 09:00:00+00:00,2025-03-25 10:00:00+00:00,2025-03-26 14:00:00+00:00,87244.5234375,86577.88893313709,88577.79244622581,LOSS,-1,-14.734758423282754,1458.7410839049926
BTCUSD,BUY,2025-03-27 02:00:00+00:00,2025-03-27 03:00:00+00:00,2025-03-27 11:00:00+00:00,87598.21875,86909.41708921146,88975.82207157709,LOSS,-1,-14.587410839049927,1444.1536730659427
BTCUSD,BUY,2025-03-27 22:00:00+00:00,2025-03-27 23:00:00+00:00,2025-03-28 04:00:00+00:00,87337.734375,86689.77080323627,88633.66151852744,LOSS,-1,-14.441536730659427,1429.7121363352833
BTCUSD,SELL,2025-03-28 05:00:00+00:00,2025-03-28 06:00:00+00:00,2025-03-28 14:00:00+00:00,86011.1484375,86645.09666864361,84743.25197521277,WIN,2,28.594242726705666,1458.306379061989
BTCUSD,SELL,2025-03-28 22:00:00+00:00,2025-03-28 23:00:00+00:00,2025-03-29 10:00:00+00:00,84420.2734375,85058.70827513676,83143.40376222647,WIN,2,29.16612758123978,1487.4725066432288
BTCUSD,SELL,2025-03-29 13:00:00+00:00,2025-03-29 14:00:00+00:00,2025-03-30 03:00:00+00:00,82800.8359375,83442.8304560363,81516.84690042738,LOSS,-1,-14.874725066432289,1472.5977815767965
BTCUSD,SELL,2025-03-30 07:00:00+00:00,2025-03-30 08:00:00+00:00,2025-03-30 22:00:00+00:00,83066.1484375,83599.58465240724,81999.27600768552,WIN,2,29.45195563153593,1502.0497372083323
BTCUSD,SELL,2025-03-31 19:00:00+00:00,2025-03-31 20:00:00+00:00,2025-04-01 06:00:00+00:00,82431.015625,83399.67986352362,80493.68714795276,LOSS,-1,-15.020497372083323,1487.029239836249
BTCUSD,BUY,2025-04-01 09:00:00+00:00,2025-04-01 10:00:00+00:00,2025-04-01 13:00:00+00:00,84341.46875,83652.70161714788,85719.00301570423,LOSS,-1,-14.87029239836249,1472.1589474378866
BTCUSD,BUY,2025-04-01 14:00:00+00:00,2025-04-01 15:00:00+00:00,2025-04-02 13:00:00+00:00,84221.71875,83437.52979308124,85790.09666383752,WIN,2,29.443178948757733,1501.6021263866444
BTCUSD,BUY,2025-04-02 17:00:00+00:00,2025-04-02 18:00:00+00:00,2025-04-02 20:00:00+00:00,86606.0234375,85695.3963732839,88427.27756593218,LOSS,-1,-15.016021263866444,1486.586105122778
BTCUSD,SELL,2025-04-03 05:00:00+00:00,2025-04-03 06:00:00+00:00,2025-04-04 08:00:00+00:00,83332.296875,84454.1916134301,81088.50739813979,LOSS,-1,-14.86586105122778,1471.7202440715503
BTCUSD,SELL,2025-04-04 10:00:00+00:00,2025-04-04 11:00:00+00:00,2025-04-04 17:00:00+00:00,82699.9140625,83714.63254642434,80670.47709465133,LOSS,-1,-14.717202440715504,1457.0030416308348
BTCUSD,BUY,2025-04-04 20:00:00+00:00,2025-04-04 21:00:00+00:00,2025-04-05 13:00:00+00:00,84038.515625,82813.6187989628,86488.30927707441,LOSS,-1,-14.570030416308349,1442.4330112145265
BTCUSD,SELL,2025-04-06 06:00:00+00:00,2025-04-06 07:00:00+00:00,2025-04-06 16:00:00+00:00,83098.5,83563.15104072183,82169.19791855634,WIN,2,28.84866022429053,1471.281671438817
BTCUSD,SELL,2025-04-07 01:00:00+00:00,2025-04-07 02:00:00+00:00,2025-04-07 04:00:00+00:00,79115.625,80204.53390934048,76937.80718131905,WIN,2,29.42563342877634,1500.7073048675934
BTCUSD,SELL,2025-04-07 08:00:00+00:00,2025-04-07 09:00:00+00:00,2025-04-07 13:00:00+00:00,76176.234375,77619.31751770667,73290.06808958667,LOSS,-1,-15.007073048675935,1485.7002318189175
BTCUSD,SELL,2025-04-07 16:00:00+00:00,2025-04-07 17:00:00+00:00,2025-04-07 21:00:00+00:00,77409.65625,79278.35355132952,73672.26164734096,LOSS,-1,-14.857002318189174,1470.8432295007283
BTCUSD,SELL,2025-04-08 08:00:00+00:00,2025-04-08 09:00:00+00:00,2025-04-08 19:00:00+00:00,79125.2421875,80476.52162761432,76422.68330727138,WIN,2,29.416864590014566,1500.2600940907428
BTCUSD,SELL,2025-04-09 04:00:00+00:00,2025-04-09 05:00:00+00:00,2025-04-09 07:00:00+00:00,76362.203125,77717.16591736376,73652.27754027248,LOSS,-1,-15.002600940907428,1485.2574931498352
BTCUSD,SELL,2025-04-09 08:00:00+00:00,2025-04-09 09:00:00+00:00,2025-04-09 17:00:00+00:00,77259.375,78548.22459219584,74681.67581560834,LOSS,-1,-14.852574931498353,1470.404918218337
BTCUSD,BUY,2025-04-09 23:00:00+00:00,2025-04-10 00:00:00+00:00,2025-04-10 13:00:00+00:00,82610.3125,81147.42157081491,85536.09435837017,LOSS,-1,-14.704049182183368,1455.7008690361536
BTCUSD,BUY,2025-04-10 14:00:00+00:00,2025-04-10 15:00:00+00:00,2025-04-10 15:00:00+00:00,81198.25,80070.31309570697,83454.12380858608,LOSS,-1,-14.557008690361537,1441.143860345792
BTCUSD,BUY,2025-04-11 04:00:00+00:00,2025-04-11 05:00:00+00:00,2025-04-11 13:00:00+00:00,80831.375,79799.5056941567,82895.1136116866,WIN,2,28.82287720691584,1469.9667375527079
BTCUSD,BUY,2025-04-12 16:00:00+00:00,2025-04-12 17:00:00+00:00,2025-04-13 13:00:00+00:00,84625.9140625,83840.54454188852,86196.65310372294,LOSS,-1,-14.69966737552708,1455.2670701771808
BTCUSD,BUY,2025-04-13 17:00:00+00:00,2025-04-13 18:00:00+00:00,2025-04-13 19:00:00+00:00,84753.703125,84004.1095416194,86252.8902917612,LOSS,-1,-14.552670701771808,1440.714399475409
BTCUSD,BUY,2025-04-14 00:00:00+00:00,2025-04-14 01:00:00+00:00,2025-04-15 13:00:00+00:00,84320.3515625,83351.24526350587,86258.56416048825,WIN,2,28.81428798950818,1469.528687464917
BTCUSD,SELL,2025-04-16 17:00:00+00:00,2025-04-16 18:00:00+00:00,2025-04-16 18:00:00+00:00,83314.8515625,84205.99011708546,81532.57445332909,LOSS,-1,-14.69528687464917,1454.833400590268
BTCUSD,BUY,2025-04-17 08:00:00+00:00,2025-04-17 09:00:00+00:00,2025-04-21 00:00:00+00:00,84439.734375,83752.6037231835,85813.99567863299,WIN,2,29.09666801180536,1483.9300686020733
BTCUSD,BUY,2025-04-21 11:00:00+00:00,2025-04-21 12:00:00+00:00,2025-04-21 14:00:00+00:00,86978.625,86409.43568792455,88117.00362415091,WIN,2,29.678601372041467,1513.6086699741147
BTCUSD,BUY,2025-04-21 16:00:00+00:00,2025-04-21 17:00:00+00:00,2025-04-22 01:00:00+00:00,87146.6015625,86358.10090132443,88723.60288485113,WIN,2,30.272173399482295,1543.880843373597
BTCUSD,BUY,2025-04-23 10:00:00+00:00,2025-04-23 11:00:00+00:00,2025-04-23 14:00:00+00:00,93740.8828125,92844.90936130306,95532.82971489387,LOSS,-1,-15.43880843373597,1528.442034939861
BTCUSD,BUY,2025-04-24 14:00:00+00:00,2025-04-24 15:00:00+00:00,2025-04-25 11:00:00+00:00,93099.2578125,92367.92011599791,94561.93320550417,WIN,2,30.56884069879722,1559.0108756386583
BTCUSD,BUY,2025-04-25 15:00:00+00:00,2025-04-25 16:00:00+00:00,2025-04-26 09:00:00+00:00,95141.4375,94308.19868049337,96807.91513901326,LOSS,-1,-15.590108756386583,1543.4207668822717
BTCUSD,BUY,2025-04-26 15:00:00+00:00,2025-04-26 16:00:00+00:00,2025-04-27 05:00:00+00:00,94406.25,93881.56002958278,95455.62994083443,LOSS,-1,-15.434207668822717,1527.986559213449
BTCUSD,BUY,2025-04-27 19:00:00+00:00,2025-04-27 20:00:00+00:00,2025-04-27 22:00:00+00:00,94458.4140625,94040.0212244909,95295.19973851817,LOSS,-1,-15.27986559213449,1512.7066936213146
BTCUSD,BUY,2025-04-28 08:00:00+00:00,2025-04-28 09:00:00+00:00,2025-04-28 13:00:00+00:00,94738.53125,94232.39723339409,95750.79928321182,LOSS,-1,-15.127066936213145,1497.5796266851014
BTCUSD,BUY,2025-04-28 14:00:00+00:00,2025-04-28 15:00:00+00:00,2025-04-28 15:00:00+00:00,94491.453125,93777.41424424974,95919.53088650052,LOSS,-1,-14.975796266851015,1482.6038304182505
BTCUSD,BUY,2025-04-28 19:00:00+00:00,2025-04-28 20:00:00+00:00,2025-04-29 23:00:00+00:00,94828.6015625,94055.9039320767,96373.9968233466,LOSS,-1,-14.826038304182505,1467.777792114068
BTCUSD,BUY,2025-04-30 03:00:00+00:00,2025-04-30 04:00:00+00:00,2025-04-30 13:00:00+00:00,95036.8046875,94382.48702030636,96345.44002188729,LOSS,-1,-14.677777921140681,1453.1000141929273
BTCUSD,BUY,2025-05-01 05:00:00+00:00,2025-05-01 06:00:00+00:00,2025-05-01 12:00:00+00:00,95148.7890625,94539.57093627063,96367.22531495876,WIN,2,29.06200028385855,1482.162014476786
BTCUSD,BUY,2025-05-01 13:00:00+00:00,2025-05-01 14:00:00+00:00,2025-05-01 15:00:00+00:00,95895.921875,95243.23713712677,97201.29135074647,WIN,2,29.643240289535722,1511.8052547663217
BTCUSD,BUY,2025-05-01 17:00:00+00:00,2025-05-01 18:00:00+00:00,2025-05-03 10:00:00+00:00,96817.8046875,96088.33795993311,98276.7381426338,LOSS,-1,-15.118052547663217,1496.6872022186585
BTCUSD,SELL,2025-05-05 00:00:00+00:00,2025-05-05 01:00:00+00:00,2025-05-05 02:00:00+00:00,94642.75,95129.75718285056,93668.7356342989,WIN,2,29.93374404437317,1526.6209462630318
BTCUSD,SELL,2025-05-05 19:00:00+00:00,2025-05-05 20:00:00+00:00,2025-05-05 22:00:00+00:00,94323.046875,94948.61992703736,93071.90077092529,LOSS,-1,-15.266209462630318,1511.3547368004015
BTCUSD,SELL,2025-05-06 00:00:00+00:00,2025-05-06 01:00:00+00:00,2025-05-06 22:00:00+00:00,94590.3515625,95223.81637025997,93323.42194698006,LOSS,-1,-15.113547368004015,1496.2411894323975
BTCUSD,BUY,2025-05-07 02:00:00+00:00,2025-05-07 03:00:00+00:00,2025-05-08 01:00:00+00:00,96622.921875,95823.55282735145,98221.6599702971,WIN,2,29.924823788647952,1526.1660132210454
BTCUSD,BUY,2025-05-08 05:00:00+00:00,2025-05-08 06:00:00+00:00,2025-05-08 15:00:00+00:00,98774.703125,98003.35563473191,100317.3981055362,WIN,2,30.52332026442091,1556.6893334854662
BTCUSD,BUY,2025-05-09 02:00:00+00:00,2025-05-09 03:00:00+00:00,2025-05-10 23:00:00+00:00,102559.078125,101568.42977569578,104540.37482360842,WIN,2,31.133786669709327,1587.8231201551755
BTCUSD,BUY,2025-05-11 08:00:00+00:00,2025-05-11 09:00:00+00:00,2025-05-12 07:00:00+00:00,103855.890625,103170.25559071019,105227.1606935796,WIN,2,31.756462403103512,1619.579582558279
BTCUSD,BUY,2025-05-12 13:00:00+00:00,2025-05-12 14:00:00+00:00,2025-05-12 14:00:00+00:00,104301.0078125,103478.07382921131,105946.87577907738,LOSS,-1,-16.195795825582792,1603.3837867326963
BTCUSD,BUY,2025-05-13 17:00:00+00:00,2025-05-13 18:00:00+00:00,2025-05-14 09:00:00+00:00,104292.7734375,103415.36447424702,106047.59136400594,LOSS,-1,-16.033837867326962,1587.3499488653692
BTCUSD,BUY,2025-05-14 10:00:00+00:00,2025-05-14 11:00:00+00:00,2025-05-14 14:00:00+00:00,103705.0078125,103082.41402222488,104950.19539305025,LOSS,-1,-15.873499488653692,1571.4764493767157
BTCUSD,BUY,2025-05-14 21:00:00+00:00,2025-05-14 22:00:00+00:00,2025-05-15 02:00:00+00:00,103614.0,102948.39199353244,104945.21601293514,LOSS,-1,-15.714764493767158,1555.7616848829484
BTCUSD,SELL,2025-05-15 09:00:00+00:00,2025-05-15 10:00:00+00:00,2025-05-15 12:00:00+00:00,101832.5234375,102520.39547459071,100456.77936331856,LOSS,-1,-15.557616848829484,1540.204068034119
BTCUSD,BUY,2025-05-16 01:00:00+00:00,2025-05-16 02:00:00+00:00,2025-05-16 08:00:00+00:00,104057.6953125,103144.89322984485,105883.29947781029,LOSS,-1,-15.402040680341191,1524.802027353778
BTCUSD,BUY,2025-05-16 09:00:00+00:00,2025-05-16 10:00:00+00:00,2025-05-17 01:00:00+00:00,103805.5078125,103049.62008908388,105317.28325933224,LOSS,-1,-15.24802027353778,1509.5540070802401
BTCUSD,BUY,2025-05-17 04:00:00+00:00,2025-05-17 05:00:00+00:00,2025-05-17 09:00:00+00:00,103666.3359375,103032.1198260175,104934.768160465,LOSS,-1,-15.095540070802402,1494.4584670094378
BTCUSD,BUY,2025-05-18 07:00:00+00:00,2025-05-18 08:00:00+00:00,2025-05-18 14:00:00+00:00,103920.3046875,103470.76109865039,104819.39186519923,WIN,2,29.889169340188754,1524.3476363496266
BTCUSD,BUY,2025-05-18 17:00:00+00:00,2025-05-18 18:00:00+00:00,2025-05-18 18:00:00+00:00,104874.0859375,104231.70649877738,106158.84481494523,LOSS,-1,-15.243476363496265,1509.1041599861303
BTCUSD,BUY,2025-05-18 20:00:00+00:00,2025-05-18 21:00:00+00:00,2025-05-18 22:00:00+00:00,104103.671875,103336.92463175388,105637.16636149223,WIN,2,30.182083199722605,1539.286243185853
BTCUSD,SELL,2025-05-19 10:00:00+00:00,2025-05-19 11:00:00+00:00,2025-05-19 14:00:00+00:00,102958.7421875,103940.31985932673,100995.58684384655,LOSS,-1,-15.39286243185853,1523.8933807539945
BTCUSD,BUY,2025-05-19 16:00:00+00:00,2025-05-19 17:00:00+00:00,2025-05-20 13:00:00+00:00,105362.453125,104303.25969989505,107480.8399752099,LOSS,-1,-15.238933807539945,1508.6544469464545
BTCUSD,BUY,2025-05-20 15:00:00+00:00,2025-05-20 16:00:00+00:00,2025-05-20 19:00:00+00:00,105364.25,104464.93383838242,107162.88232323516,WIN,2,30.17308893892909,1538.8275358853837
BTCUSD,BUY,2025-05-21 10:00:00+00:00,2025-05-21 11:00:00+00:00,2025-05-21 14:00:00+00:00,106358.984375,105391.60778430979,108293.73755638042,WIN,2,30.776550717707675,1569.6040866030914
BTCUSD,BUY,2025-05-21 18:00:00+00:00,2025-05-21 19:00:00+00:00,2025-05-21 23:00:00+00:00,107007.2578125,105593.08760664304,109835.59822421394,WIN,2,31.39208173206183,1600.9961683351532
BTCUSD,BUY,2025-05-22 04:00:00+00:00,2025-05-22 05:00:00+00:00,2025-05-23 11:00:00+00:00,111492.2265625,110011.54662642394,114453.58643465213,LOSS,-1,-16.009961683351534,1584.9862066518017
BTCUSD,SELL,2025-05-25 08:00:00+00:00,2025-05-25 09:00:00+00:00,2025-05-25 19:00:00+00:00,107142.5234375,107870.41725259082,105686.73580731837,LOSS,-1,-15.849862066518018,1569.1363445852837
BTCUSD,BUY,2025-05-26 03:00:00+00:00,2025-05-26 04:00:00+00:00,2025-05-27 01:00:00+00:00,109666.1796875,108853.43288185474,111291.67329879053,LOSS,-1,-15.691363445852838,1553.4449811394309
BTCUSD,BUY,2025-05-27 07:00:00+00:00,2025-05-27 08:00:00+00:00,2025-05-28 02:00:00+00:00,109486.0703125,108649.12555834613,111159.95982080774,LOSS,-1,-15.534449811394309,1537.9105313280365
BTCUSD,SELL,2025-05-28 13:00:00+00:00,2025-05-28 14:00:00+00:00,2025-05-29 10:00:00+00:00,108100.6953125,108792.31855940397,106717.44881869206,LOSS,-1,-15.379105313280366,1522.531426014756
BTCUSD,SELL,2025-05-29 13:00:00+00:00,2025-05-29 14:00:00+00:00,2025-05-29 18:00:00+00:00,107603.140625,108315.41677605965,106178.58832288072,WIN,2,30.450628520295123,1552.9820545350512
BTCUSD,SELL,2025-05-29 20:00:00+00:00,2025-05-29 21:00:00+00:00,2025-05-30 16:00:00+00:00,106161.34375,106960.10712214248,104563.81700571506,WIN,2,31.059641090701025,1584.0416956257523
BTCUSD,SELL,2025-05-30 17:00:00+00:00,2025-05-30 18:00:00+00:00,2025-06-01 16:00:00+00:00,104178.046875,105128.35118308026,102277.43825883948,LOSS,-1,-15.840416956257522,1568.2012786694947
BTCUSD,SELL,2025-06-02 12:00:00+00:00,2025-06-02 13:00:00+00:00,2025-06-02 20:00:00+00:00,104234.59375,104822.17692446659,103059.42740106683,LOSS,-1,-15.682012786694948,1552.5192658827998
BTCUSD,BUY,2025-06-03 14:00:00+00:00,2025-06-03 15:00:00+00:00,2025-06-03 16:00:00+00:00,106620.5703125,105962.4739850703,107936.76296735938,LOSS,-1,-15.525192658827999,1536.9940732239718
BTCUSD,BUY,2025-06-03 17:00:00+00:00,2025-06-03 18:00:00+00:00,2025-06-04 00:00:00+00:00,105981.2421875,105313.54730971418,107316.63194307162,LOSS,-1,-15.369940732239717,1521.624132491732
BTCUSD,BUY,2025-06-04 09:00:00+00:00,2025-06-04 10:00:00+00:00,2025-06-04 11:00:00+00:00,105907.953125,105370.34354958072,106983.17227583856,LOSS,-1,-15.216241324917322,1506.4078911668148
BTCUSD,SELL,2025-06-04 18:00:00+00:00,2025-06-04 19:00:00+00:00,2025-06-05 12:00:00+00:00,105001.0546875,105607.4532796918,103788.2575031164,LOSS,-1,-15.064078911668147,1491.3438122551468
BTCUSD,SELL,2025-06-05 13:00:00+00:00,2025-06-05 14:00:00+00:00,2025-06-05 18:00:00+00:00,104493.46875,105174.8077514478,103130.79074710437,WIN,2,29.826876245102937,1521.1706885002498
BTCUSD,SELL,2025-06-05 21:00:00+00:00,2025-06-05 22:00:00+00:00,2025-06-06 04:00:00+00:00,101605.75,102650.867878898,99515.51424220398,LOSS,-1,-15.211706885002497,1505.9589816152472
BTCUSD,SELL,2025-06-06 07:00:00+00:00,2025-06-06 08:00:00+00:00,2025-06-06 12:00:00+00:00,103209.84375,104018.86142308102,101591.80840383796,LOSS,-1,-15.059589816152473,1490.8993917990947
BTCUSD,BUY,2025-06-07 06:00:00+00:00,2025-06-07 07:00:00+00:00,2025-06-09 09:00:00+00:00,105377.859375,104783.35247705597,106566.87317088805,WIN,2,29.817987835981896,1520.7173796350767
BTCUSD,BUY,2025-06-09 13:00:00+00:00,2025-06-09 14:00:00+00:00,2025-06-09 18:00:00+00:00,107241.2109375,106618.46520138222,108486.70240973555,WIN,2,30.414347592701535,1551.1317272277781
BTCUSD,BUY,2025-06-10 03:00:00+00:00,2025-06-10 04:00:00+00:00,2025-06-10 14:00:00+00:00,109593.71875,108925.56693108293,110930.02238783413,LOSS,-1,-15.51131727227778,1535.6204099555002
BTCUSD,BUY,2025-06-10 15:00:00+00:00,2025-06-10 16:00:00+00:00,2025-06-11 22:00:00+00:00,109055.0390625,108311.50154036719,110542.11410676563,LOSS,-1,-15.356204099555002,1520.2642058559452
BTCUSD,SELL,2025-06-12 15:00:00+00:00,2025-06-12 16:00:00+00:00,2025-06-12 16:00:00+00:00,107027.0234375,107733.18139270428,105614.70752709142,LOSS,-1,-15.202642058559451,1505.0615637973858
BTCUSD,SELL,2025-06-12 19:00:00+00:00,2025-06-12 20:00:00+00:00,2025-06-13 00:00:00+00:00,106816.0,107700.64770068531,105046.70459862937,WIN,2,30.10123127594772,1535.1627950733334
BTCUSD,SELL,2025-06-13 03:00:00+00:00,2025-06-13 04:00:00+00:00,2025-06-13 15:00:00+00:00,104375.6171875,105520.86239294284,102085.12677661433,LOSS,-1,-15.351627950733334,1519.8111671226002
BTCUSD,SELL,2025-06-13 17:00:00+00:00,2025-06-13 18:00:00+00:00,2025-06-16 05:00:00+00:00,105425.3515625,106420.93704073231,103434.18060603538,LOSS,-1,-15.198111671226002,1504.6130554513743
BTCUSD,BUY,2025-06-16 09:00:00+00:00,2025-06-16 10:00:00+00:00,2025-06-16 18:00:00+00:00,106963.390625,106404.59195987842,108080.98795524314,WIN,2,30.092261109027486,1534.7053165604018
BTCUSD,BUY,2025-06-16 22:00:00+00:00,2025-06-16 23:00:00+00:00,2025-06-16 23:00:00+00:00,107765.640625,107015.34145202427,109266.23897095145,LOSS,-1,-15.347053165604018,1519.3582633947979
BTCUSD,BUY,2025-06-17 00:00:00+00:00,2025-06-17 01:00:00+00:00,2025-06-17 09:00:00+00:00,107281.5078125,106403.0116306676,109038.50017616477,LOSS,-1,-15.19358263394798,1504.16468076085
BTCUSD,SELL,2025-06-17 18:00:00+00:00,2025-06-17 19:00:00+00:00,2025-06-17 19:00:00+00:00,104431.515625,105293.55846277924,102707.42994944153,LOSS,-1,-15.0416468076085,1489.1230339532415
BTCUSD,SELL,2025-06-18 06:00:00+00:00,2025-06-18 07:00:00+00:00,2025-06-20 07:00:00+00:00,105012.3515625,105755.34022141977,103526.37424466044,LOSS,-1,-14.891230339532415,1474.231803613709
BTCUSD,BUY,2025-06-20 09:00:00+00:00,2025-06-20 10:00:00+00:00,2025-06-20 14:00:00+00:00,105986.7890625,105353.75240267091,107252.86238215819,LOSS,-1,-14.74231803613709,1459.489485577572
BTCUSD,SELL,2025-06-20 17:00:00+00:00,2025-06-20 18:00:00+00:00,2025-06-21 21:00:00+00:00,103296.171875,104147.9589383705,101592.59774825901,WIN,2,29.18978971155144,1488.6792752891233
BTCUSD,SELL,2025-06-21 22:00:00+00:00,2025-06-21 23:00:00+00:00,2025-06-22 00:00:00+00:00,101819.828125,102503.15481405462,100453.17474689077,LOSS,-1,-14.886792752891234,1473.792482536232
BTCUSD,SELL,2025-06-22 20:00:00+00:00,2025-06-22 21:00:00+00:00,2025-06-22 22:00:00+00:00,99559.1171875,100662.0561564647,97353.23924957059,LOSS,-1,-14.73792482536232,1459.0545577108696
BTCUSD,SELL,2025-06-23 03:00:00+00:00,2025-06-23 04:00:00+00:00,2025-06-23 13:00:00+00:00,101189.1953125,102237.69371538806,99092.19850672389,LOSS,-1,-14.590545577108697,1444.464012133761
BTCUSD,SELL,2025-06-23 16:00:00+00:00,2025-06-23 17:00:00+00:00,2025-06-23 17:00:00+00:00,100737.8203125,101801.38480366433,98610.69133017135,LOSS,-1,-14.44464012133761,1430.0193720124232
BTCUSD,BUY,2025-06-23 21:00:00+00:00,2025-06-23 22:00:00+00:00,2025-06-24 17:00:00+00:00,103812.9921875,102623.20979684182,106192.55696881637,WIN,2,28.600387440248465,1458.6197594526716
BTCUSD,BUY,2025-06-25 15:00:00+00:00,2025-06-25 16:00:00+00:00,2025-06-30 00:00:00+00:00,107072.5390625,106317.05717424056,108583.5028390189,WIN,2,29.172395189053432,1487.7921546417251
BTCUSD,BUY,2025-06-30 19:00:00+00:00,2025-06-30 20:00:00+00:00,2025-06-30 21:00:00+00:00,107778.671875,107218.58091553436,108898.85379393127,LOSS,-1,-14.877921546417252,1472.914233095308
BTCUSD,SELL,2025-07-01 09:00:00+00:00,2025-07-01 10:00:00+00:00,2025-07-01 14:00:00+00:00,106588.1328125,107082.3827498331,105599.63293783381,LOSS,-1,-14.72914233095308,1458.185090764355
BTCUSD,BUY,2025-07-02 13:00:00+00:00,2025-07-02 14:00:00+00:00,2025-07-02 16:00:00+00:00,107820.53125,107238.12139120053,108985.35096759895,WIN,2,29.1637018152871,1487.3487925796421
BTCUSD,BUY,2025-07-02 20:00:00+00:00,2025-07-02 21:00:00+00:00,2025-07-04 13:00:00+00:00,109224.9921875,108536.76593458474,110601.44469333053,LOSS,-1,-14.873487925796422,1472.4753046538458
BTCUSD,SELL,2025-07-04 18:00:00+00:00,2025-07-04 19:00:00+00:00,2025-07-04 22:00:00+00:00,107517.5390625,108050.00019810162,106452.61679129675,LOSS,-1,-14.724753046538458,1457.7505516073074
BTCUSD,BUY,2025-07-06 16:00:00+00:00,2025-07-06 17:00:00+00:00,2025-07-06 18:00:00+00:00,108845.703125,108514.52804847728,109508.05327804545,LOSS,-1,-14.577505516073074,1443.1730460912345
BTCUSD,SELL,2025-07-07 17:00:00+00:00,2025-07-07 18:00:00+00:00,2025-07-08 00:00:00+00:00,107936.7421875,108459.2174682477,106891.79162600459,LOSS,-1,-14.431730460912345,1428.741315630322
BTCUSD,SELL,2025-07-08 01:00:00+00:00,2025-07-08 02:00:00+00:00,2025-07-08 06:00:00+00:00,107742.859375,108271.10471908878,106686.36868682243,LOSS,-1,-14.287413156303222,1414.4539024740188
BTCUSD,BUY,2025-07-08 13:00:00+00:00,2025-07-08 14:00:00+00:00,2025-07-08 14:00:00+00:00,109094.171875,108611.9107209489,110058.6941831022,LOSS,-1,-14.144539024740189,1400.3093634492786
BTCUSD,BUY,2025-07-08 16:00:00+00:00,2025-07-08 17:00:00+00:00,2025-07-09 12:00:00+00:00,108460.3046875,107928.91328324973,109523.08749600056,WIN,2,28.006187268985574,1428.3155507182641
BTCUSD,BUY,2025-07-09 20:00:00+00:00,2025-07-09 21:00:00+00:00,2025-07-10 16:00:00+00:00,110756.3125,109941.5373035606,112385.8628928788,WIN,2,28.566311014365283,1456.8818617326294
BTCUSD,BUY,2025-07-11 14:00:00+00:00,2025-07-11 15:00:00+00:00,2025-07-11 15:00:00+00:00,117869.0078125,116862.43131893466,119882.16079963068,LOSS,-1,-14.568818617326295,1442.3130431153031
BTCUSD,BUY,2025-07-12 17:00:00+00:00,2025-07-12 18:00:00+00:00,2025-07-13 13:00:00+00:00,117500.25,116916.28283710821,118668.18432578357,WIN,2,28.846260862306064,1471.1593039776092
BTCUSD,BUY,2025-07-13 16:00:00+00:00,2025-07-13 17:00:00+00:00,2025-07-14 02:00:00+00:00,118581.734375,118048.94858182731,119647.30596134538,WIN,2,29.423186079552185,1500.5824900571613
BTCUSD,BUY,2025-07-14 11:00:00+00:00,2025-07-14 12:00:00+00:00,2025-07-14 15:00:00+00:00,121470.875,120594.8577017474,123222.9095965052,LOSS,-1,-15.005824900571612,1485.5766651565896
BTCUSD,BUY,2025-07-14 20:00:00+00:00,2025-07-14 21:00:00+00:00,2025-07-15 01:00:00+00:00,120246.875,119194.06059587846,122352.5038082431,LOSS,-1,-14.855766651565895,1470.7208985050236
BTCUSD,BUY,2025-07-16 14:00:00+00:00,2025-07-16 15:00:00+00:00,2025-07-17 01:00:00+00:00,119048.296875,118145.71448999464,120853.46164501073,LOSS,-1,-14.707208985050237,1456.0136895199732
BTCUSD,BUY,2025-07-17 05:00:00+00:00,2025-07-17 06:00:00+00:00,2025-07-17 12:00:00+00:00,118630.2734375,117677.41134247863,120535.99762754273,LOSS,-1,-14.560136895199733,1441.4535526247735
BTCUSD,BUY,2025-07-17 14:00:00+00:00,2025-07-17 15:00:00+00:00,2025-07-17 21:00:00+00:00,118857.4140625,117941.90307874724,120688.43603000551,WIN,2,28.82907105249547,1470.282623677269
BTCUSD,BUY,2025-07-18 12:00:00+00:00,2025-07-18 13:00:00+00:00,2025-07-18 14:00:00+00:00,119448.7578125,118469.85546567233,121406.56250615533,LOSS,-1,-14.70282623677269,1455.5797974404963
BTCUSD,SELL,2025-07-20 23:00:00+00:00,2025-07-21 00:00:00+00:00,2025-07-21 02:00:00+00:00,117214.59375,117817.41576948264,116008.94971103471,LOSS,-1,-14.555797974404964,1441.0239994660915
BTCUSD,BUY,2025-07-21 07:00:00+00:00,2025-07-21 08:00:00+00:00,2025-07-21 09:00:00+00:00,119362.09375,118657.58145291664,120771.11834416674,LOSS,-1,-14.410239994660914,1426.6137594714305
BTCUSD,BUY,2025-07-21 13:00:00+00:00,2025-07-21 14:00:00+00:00,2025-07-21 16:00:00+00:00,118871.046875,118053.71879242294,120505.70304015414,LOSS,-1,-14.266137594714305,1412.3476218767162
BTCUSD,SELL,2025-07-21 18:00:00+00:00,2025-07-21 19:00:00+00:00,2025-07-22 07:00:00+00:00,117173.8515625,118105.1925862339,115311.16951503219,LOSS,-1,-14.123476218767163,1398.224145657949
BTCUSD,BUY,2025-07-22 12:00:00+00:00,2025-07-22 13:00:00+00:00,2025-07-22 13:00:00+00:00,119320.921875,118412.20845962969,121138.34870574062,LOSS,-1,-13.98224145657949,1384.2419042013696
BTCUSD,BUY,2025-07-23 04:00:00+00:00,2025-07-23 05:00:00+00:00,2025-07-23 09:00:00+00:00,119010.609375,118142.65041959874,120746.52728580254,LOSS,-1,-13.842419042013697,1370.399485159356
BTCUSD,BUY,2025-07-23 15:00:00+00:00,2025-07-23 16:00:00+00:00,2025-07-23 16:00:00+00:00,118642.1875,117795.41367592417,120335.73514815167,LOSS,-1,-13.70399485159356,1356.6954903077624
BTCUSD,BUY,2025-07-24 00:00:00+00:00,2025-07-24 01:00:00+00:00,2025-07-24 04:00:00+00:00,119097.4375,118261.61042511712,120769.09164976576,LOSS,-1,-13.566954903077624,1343.1285354046847
BTCUSD,SELL,2025-07-24 05:00:00+00:00,2025-07-24 06:00:00+00:00,2025-07-24 08:00:00+00:00,117727.28125,118526.84818655757,116128.14737688484,LOSS,-1,-13.431285354046848,1329.6972500506379
BTCUSD,BUY,2025-07-24 14:00:00+00:00,2025-07-24 15:00:00+00:00,2025-07-24 22:00:00+00:00,119150.9921875,118299.19268292893,120854.59119664214,LOSS,-1,-13.29697250050638,1316.4002775501315
BTCUSD,SELL,2025-07-25 01:00:00+00:00,2025-07-25 02:00:00+00:00,2025-07-25 03:00:00+00:00,117477.9296875,118261.78253205083,115910.22399839835,WIN,2,26.32800555100263,1342.7282831011341
BTCUSD,SELL,2025-07-25 04:00:00+00:00,2025-07-25 05:00:00+00:00,2025-07-25 20:00:00+00:00,116155.8515625,117088.24495072546,114291.06478604907,LOSS,-1,-13.427282831011341,1329.3010002701228
BTCUSD,BUY,2025-07-26 12:00:00+00:00,2025-07-26 13:00:00+00:00,2025-07-27 16:00:00+00:00,117942.0625,117358.4174081687,119109.35268366261,WIN,2,26.586020005402457,1355.8870202755252
BTCUSD,BUY,2025-07-27 18:00:00+00:00,2025-07-27 19:00:00+00:00,2025-07-28 11:00:00+00:00,119043.546875,118581.4621190887,119967.7163868226,LOSS,-1,-13.558870202755251,1342.3281500727699
BTCUSD,SELL,2025-07-28 20:00:00+00:00,2025-07-28 21:00:00+00:00,2025-07-29 03:00:00+00:00,118047.1484375,118690.35636936726,116760.73257376548,LOSS,-1,-13.423281500727699,1328.9048685720422
BTCUSD,BUY,2025-07-29 07:00:00+00:00,2025-07-29 08:00:00+00:00,2025-07-29 11:00:00+00:00,118880.984375,118204.24148121715,120234.4701625657,LOSS,-1,-13.289048685720422,1315.6158198863218
BTCUSD,SELL,2025-07-29 15:00:00+00:00,2025-07-29 16:00:00+00:00,2025-07-30 03:00:00+00:00,117395.640625,118097.13091828763,115992.66003842474,LOSS,-1,-13.156158198863219,1302.4596616874585
BTCUSD,SELL,2025-07-30 04:00:00+00:00,2025-07-30 05:00:00+00:00,2025-07-30 14:00:00+00:00,117996.4765625,118636.4245819879,116716.58052352419,LOSS,-1,-13.024596616874586,1289.435065070584
BTCUSD,SELL,2025-07-30 15:00:00+00:00,2025-07-30 16:00:00+00:00,2025-07-30 19:00:00+00:00,117980.765625,118715.43937051251,116511.41813397496,WIN,2,25.78870130141168,1315.2237663719957
BTCUSD,BUY,2025-07-31 06:00:00+00:00,2025-07-31 07:00:00+00:00,2025-07-31 13:00:00+00:00,118703.5,118032.37406124633,120045.75187750735,LOSS,-1,-13.152237663719957,1302.0715287082758
BTCUSD,BUY,2025-07-31 15:00:00+00:00,2025-07-31 16:00:00+00:00,2025-07-31 18:00:00+00:00,118286.984375,117655.75720716425,119549.43871067151,LOSS,-1,-13.020715287082758,1289.050813421193
BTCUSD,SELL,2025-07-31 19:00:00+00:00,2025-07-31 20:00:00+00:00,2025-08-01 00:00:00+00:00,116777.6640625,117514.44623252504,115304.09972244992,WIN,2,25.78101626842386,1314.8318296896168
BTCUSD,SELL,2025-08-01 02:00:00+00:00,2025-08-01 03:00:00+00:00,2025-08-01 08:00:00+00:00,115967.96875,116866.0172038792,114171.87184224163,WIN,2,26.296636593792336,1341.1284662834091
BTCUSD,SELL,2025-08-01 09:00:00+00:00,2025-08-01 10:00:00+00:00,2025-08-01 13:00:00+00:00,114967.453125,115861.82101877936,113178.71733744128,LOSS,-1,-13.411284662834092,1327.717181620575
BTCUSD,SELL,2025-08-05 14:00:00+00:00,2025-08-05 15:00:00+00:00,2025-08-05 20:00:00+00:00,113008.6875,113810.79227888325,111404.47794223348,LOSS,-1,-13.277171816205751,1314.4400098043693
BTCUSD,SELL,2025-08-06 00:00:00+00:00,2025-08-06 01:00:00+00:00,2025-08-06 14:00:00+00:00,113858.015625,114548.15279624966,112477.74128250069,LOSS,-1,-13.144400098043693,1301.2956097063256
BTCUSD,BUY,2025-08-06 15:00:00+00:00,2025-08-06 16:00:00+00:00,2025-08-07 01:00:00+00:00,115458.9921875,114740.97140388809,116895.0337547238,LOSS,-1,-13.012956097063256,1288.2826536092623
BTCUSD,BUY,2025-08-07 14:00:00+00:00,2025-08-07 15:00:00+00:00,2025-08-07 16:00:00+00:00,116439.046875,115806.75084789383,117703.63892921235,LOSS,-1,-12.882826536092622,1275.3998270731697
BTCUSD,BUY,2025-08-07 20:00:00+00:00,2025-08-07 21:00:00+00:00,2025-08-08 06:00:00+00:00,117239.421875,116517.93944537277,118682.38673425444,LOSS,-1,-12.753998270731698,1262.645828802438
BTCUSD,BUY,2025-08-08 17:00:00+00:00,2025-08-08 18:00:00+00:00,2025-08-10 03:00:00+00:00,116805.390625,116170.36229322315,118075.44728855371,WIN,2,25.25291657604876,1287.8987453784869
BTCUSD,BUY,2025-08-10 05:00:00+00:00,2025-08-10 06:00:00+00:00,2025-08-10 23:00:00+00:00,118100.9296875,117530.18858268528,119242.41189712944,WIN,2,25.75797490756974,1313.6567202860565
BTCUSD,BUY,2025-08-11 07:00:00+00:00,2025-08-11 08:00:00+00:00,2025-08-11 11:00:00+00:00,121552.8046875,120754.3943527514,123149.62535699717,LOSS,-1,-13.136567202860565,1300.520153083196
BTCUSD,BUY,2025-08-11 13:00:00+00:00,2025-08-11 14:00:00+00:00,2025-08-11 19:00:00+00:00,120009.6328125,119105.24838979686,121818.40165790627,LOSS,-1,-13.00520153083196,1287.514951552364
BTCUSD,BUY,2025-08-12 15:00:00+00:00,2025-08-12 16:00:00+00:00,2025-08-13 02:00:00+00:00,119931.0390625,119114.87497209197,121563.36724331605,LOSS,-1,-12.87514951552364,1274.6398020368404
BTCUSD,BUY,2025-08-13 07:00:00+00:00,2025-08-13 08:00:00+00:00,2025-08-13 13:00:00+00:00,119525.0234375,118765.72056811572,121043.62917626856,WIN,2,25.492796040736806,1300.132598077577
BTCUSD,BUY,2025-08-13 21:00:00+00:00,2025-08-13 22:00:00+00:00,2025-08-14 06:00:00+00:00,122686.2109375,121719.23912016611,124620.1545721678,LOSS,-1,-13.001325980775771,1287.1312720968012
BTCUSD,SELL,2025-08-14 18:00:00+00:00,2025-08-14 19:00:00+00:00,2025-08-18 02:00:00+00:00,118130.9140625,119332.20564437316,115728.33089875369,WIN,2,25.742625441936024,1312.8738975387373
BTCUSD,SELL,2025-08-18 12:00:00+00:00,2025-08-18 13:00:00+00:00,2025-08-18 15:00:00+00:00,115523.53125,116140.69556031594,114289.20262936811,LOSS,-1,-13.128738975387373,1299.7451585633498
BTCUSD,SELL,2025-08-18 23:00:00+00:00,2025-08-19 00:00:00+00:00,2025-08-19 03:00:00+00:00,116271.6015625,116963.21335504735,114888.37797740528,WIN,2,25.994903171266998,1325.7400617346168
BTCUSD,SELL,2025-08-19 20:00:00+00:00,2025-08-19 21:00:00+00:00,2025-08-20 21:00:00+00:00,113541.453125,114380.9559178301,111862.4475393398,LOSS,-1,-13.257400617346168,1312.4826611172707
BTCUSD,SELL,2025-08-21 02:00:00+00:00,2025-08-21 03:00:00+00:00,2025-08-21 17:00:00+00:00,114010.3203125,114903.83515150647,112223.29063448706,WIN,2,26.249653222345415,1338.732314339616
BTCUSD,SELL,2025-08-22 03:00:00+00:00,2025-08-22 04:00:00+00:00,2025-08-22 14:00:00+00:00,112889.4609375,113639.03463452782,111390.31354344435,LOSS,-1,-13.387323143396161,1325.34499119622
BTCUSD,BUY,2025-08-22 22:00:00+00:00,2025-08-22 23:00:00+00:00,2025-08-23 02:00:00+00:00,116713.40625,115716.67390296704,118706.87094406591,LOSS,-1,-13.2534499119622,1312.0915412842578
BTCUSD,SELL,2025-08-24 14:00:00+00:00,2025-08-24 15:00:00+00:00,2025-08-24 19:00:00+00:00,114526.65625,114946.06976880913,113687.82921238174,WIN,2,26.241830825685156,1338.333372109943
BTCUSD,SELL,2025-08-24 22:00:00+00:00,2025-08-24 23:00:00+00:00,2025-08-25 07:00:00+00:00,113438.5859375,114323.22367895761,111669.31045458477,WIN,2,26.76666744219886,1365.1000395521419
BTCUSD,SELL,2025-08-25 09:00:00+00:00,2025-08-25 10:00:00+00:00,2025-08-25 16:00:00+00:00,111739.7265625,112619.94561857711,109979.28845034578,LOSS,-1,-13.65100039552142,1351.4490391566205
BTCUSD,SELL,2025-08-25 21:00:00+00:00,2025-08-25 22:00:00+00:00,2025-08-26 20:00:00+00:00,110111.34375,111248.62576187252,107836.77972625497,LOSS,-1,-13.514490391566206,1337.9345487650544
BTCUSD,SELL,2025-08-27 06:00:00+00:00,2025-08-27 07:00:00+00:00,2025-08-27 13:00:00+00:00,111049.234375,111829.7922014624,109488.11872207517,LOSS,-1,-13.379345487650545,1324.5552032774037
BTCUSD,BUY,2025-08-28 06:00:00+00:00,2025-08-28 07:00:00+00:00,2025-08-28 17:00:00+00:00,113223.515625,112360.15603369822,114950.23480760357,LOSS,-1,-13.245552032774038,1311.3096512446298
BTCUSD,SELL,2025-08-29 06:00:00+00:00,2025-08-29 07:00:00+00:00,2025-08-29 08:00:00+00:00,111287.2890625,111978.36926992433,109905.12864765135,WIN,2,26.226193024892595,1337.5358442695224
BTCUSD,SELL,2025-08-29 10:00:00+00:00,2025-08-29 11:00:00+00:00,2025-08-29 12:00:00+00:00,110003.9765625,110761.48055262689,108488.9685822462,LOSS,-1,-13.375358442695225,1324.1604858268272
BTCUSD,SELL,2025-08-29 16:00:00+00:00,2025-08-29 17:00:00+00:00,2025-09-01 08:00:00+00:00,108744.71875,109710.07843024768,106813.99938950465,LOSS,-1,-13.241604858268273,1310.9188809685588
BTCUSD,SELL,2025-09-01 10:00:00+00:00,2025-09-01 11:00:00+00:00,2025-09-01 13:00:00+00:00,108536.140625,109306.28724105544,106995.84739288912,LOSS,-1,-13.10918880968559,1297.8096921588733
BTCUSD,SELL,2025-09-01 20:00:00+00:00,2025-09-01 21:00:00+00:00,2025-09-02 01:00:00+00:00,108830.3203125,109533.89569537209,107423.16954675582,LOSS,-1,-12.978096921588733,1284.8315952372845
BTCUSD,BUY,2025-09-02 06:00:00+00:00,2025-09-02 07:00:00+00:00,2025-09-02 12:00:00+00:00,110389.234375,109619.10023190023,111929.50266119953,LOSS,-1,-12.848315952372845,1271.9832792849118
BTCUSD,BUY,2025-09-02 13:00:00+00:00,2025-09-02 14:00:00+00:00,2025-09-04 14:00:00+00:00,111156.0078125,110130.22900920204,113207.56541909592,LOSS,-1,-12.719832792849118,1259.2634464920627
BTCUSD,SELL,2025-09-04 15:00:00+00:00,2025-09-04 16:00:00+00:00,2025-09-04 20:00:00+00:00,109523.4296875,110236.45527567316,108097.37851115367,LOSS,-1,-12.592634464920627,1246.6708120271421
BTCUSD,SELL,2025-09-05 00:00:00+00:00,2025-09-05 01:00:00+00:00,2025-09-05 02:00:00+00:00,110496.21875,111269.18824626031,108950.27975747937,LOSS,-1,-12.466708120271422,1234.2041039068706
BTCUSD,BUY,2025-09-05 04:00:00+00:00,2025-09-05 05:00:00+00:00,2025-09-05 07:00:00+00:00,111454.8984375,110735.38034522878,112893.93462204242,WIN,2,24.68408207813741,1258.888185985008
BTCUSD,BUY,2025-09-05 19:00:00+00:00,2025-09-05 20:00:00+00:00,2025-09-05 21:00:00+00:00,111609.984375,110710.62232005698,113408.70848488604,LOSS,-1,-12.58888185985008,1246.299304125158
BTCUSD,SELL,2025-09-06 05:00:00+00:00,2025-09-06 06:00:00+00:00,2025-09-07 23:00:00+00:00,110727.96875,111410.61817083527,109362.66990832945,LOSS,-1,-12.462993041251579,1233.8363110839064
BTCUSD,BUY,2025-09-08 02:00:00+00:00,2025-09-08 03:00:00+00:00,2025-09-08 10:00:00+00:00,111227.59375,110800.67365074641,112081.43394850718,WIN,2,24.676726221678127,1258.5130373055845
BTCUSD,BUY,2025-09-08 16:00:00+00:00,2025-09-08 17:00:00+00:00,2025-09-09 00:00:00+00:00,112398.421875,111893.8425010418,113407.5806229164,LOSS,-1,-12.585130373055845,1245.9279069325287
BTCUSD,BUY,2025-09-09 04:00:00+00:00,2025-09-09 05:00:00+00:00,2025-09-09 06:00:00+00:00,112022.1484375,111497.91620091168,113070.61291067665,WIN,2,24.918558138650575,1270.8464650711792
BTCUSD,SELL,2025-09-10 00:00:00+00:00,2025-09-10 01:00:00+00:00,2025-09-10 04:00:00+00:00,110992.9609375,111582.64221002124,109813.59839245753,LOSS,-1,-12.708464650711791,1258.1380004204673
BTCUSD,BUY,2025-09-10 08:00:00+00:00,2025-09-10 09:00:00+00:00,2025-09-10 13:00:00+00:00,112373.2578125,111784.0941957695,113551.58504596101,WIN,2,25.162760008409347,1283.3007604288766
BTCUSD,BUY,2025-09-10 18:00:00+00:00,2025-09-10 19:00:00+00:00,2025-09-11 22:00:00+00:00,113630.7890625,112962.18298180496,114968.00122389008,WIN,2,25.666015208577534,1308.9667756374542
BTCUSD,BUY,2025-09-12 01:00:00+00:00,2025-09-12 02:00:00+00:00,2025-09-15 09:00:00+00:00,115451.421875,114780.34190044044,116793.58182411912,LOSS,-1,-13.089667756374542,1295.8771078810796
BTCUSD,BUY,2025-09-16 08:00:00+00:00,2025-09-16 09:00:00+00:00,2025-09-16 13:00:00+00:00,115684.453125,115158.65344569272,116736.05248361458,LOSS,-1,-12.958771078810797,1282.9183368022689
BTCUSD,BUY,2025-09-16 15:00:00+00:00,2025-09-16 16:00:00+00:00,2025-09-16 22:00:00+00:00,115877.859375,115319.1903503079,116995.1974243842,WIN,2,25.658366736045377,1308.5767035383142
BTCUSD,BUY,2025-09-17 22:00:00+00:00,2025-09-17 23:00:00+00:00,2025-09-19 15:00:00+00:00,116628.296875,115855.43074314493,118174.02913871015,LOSS,-1,-13.085767035383142,1295.490936502931
BTCUSD,SELL,2025-09-19 17:00:00+00:00,2025-09-19 18:00:00+00:00,2025-09-20 15:00:00+00:00,115605.015625,116135.62769186652,114543.79149126697,LOSS,-1,-12.954909365029309,1282.5360271379016
BTCUSD,SELL,2025-09-21 01:00:00+00:00,2025-09-21 02:00:00+00:00,2025-09-21 06:00:00+00:00,115587.2265625,115851.20064621758,115059.27839506484,LOSS,-1,-12.825360271379015,1269.7106668665226
BTCUSD,SELL,2025-09-21 08:00:00+00:00,2025-09-21 09:00:00+00:00,2025-09-22 00:00:00+00:00,115698.3046875,115964.32087979239,115166.27230291523,WIN,2,25.394213337330452,1295.104880203853
BTCUSD,SELL,2025-09-22 03:00:00+00:00,2025-09-22 04:00:00+00:00,2025-09-22 06:00:00+00:00,114694.671875,115135.58579151117,113812.84404197766,WIN,2,25.902097604077063,1321.00697780793
BTCUSD,SELL,2025-09-22 13:00:00+00:00,2025-09-22 14:00:00+00:00,2025-09-23 02:00:00+00:00,113221.5546875,113851.32035219109,111962.02335811782,WIN,2,26.420139556158603,1347.4271173640886
BTCUSD,SELL,2025-09-23 09:00:00+00:00,2025-09-23 10:00:00+00:00,2025-09-23 18:00:00+00:00,113019.640625,113652.6381334805,111753.64560803899,WIN,2,26.948542347281773,1374.3756597113704
BTCUSD,SELL,2025-09-23 20:00:00+00:00,2025-09-23 21:00:00+00:00,2025-09-24 06:00:00+00:00,112040.546875,112699.15948840101,110723.32164819796,LOSS,-1,-13.743756597113704,1360.6319031142566
BTCUSD,SELL,2025-09-25 03:00:00+00:00,2025-09-25 04:00:00+00:00,2025-09-25 12:00:00+00:00,112542.5859375,113189.9091737539,111247.93946499222,WIN,2,27.212638062285134,1387.8445411765417
BTCUSD,SELL,2025-09-25 14:00:00+00:00,2025-09-25 15:00:00+00:00,2025-09-25 17:00:00+00:00,111613.4921875,112354.27933610453,110131.91789029092,WIN,2,27.756890823530835,1415.6014320000725
BTCUSD,SELL,2025-09-25 18:00:00+00:00,2025-09-25 19:00:00+00:00,2025-09-28 20:00:00+00:00,109911.6015625,110912.29050765096,107910.22367219809,LOSS,-1,-14.156014320000725,1401.4454176800718
BTCUSD,BUY,2025-09-29 06:00:00+00:00,2025-09-29 07:00:00+00:00,2025-09-29 13:00:00+00:00,111681.8828125,111229.10625300852,112587.43593148295,WIN,2,28.028908353601437,1429.4743260336734
BTCUSD,BUY,2025-09-30 04:00:00+00:00,2025-09-30 05:00:00+00:00,2025-09-30 08:00:00+00:00,114133.90625,113592.20181830922,115217.31511338157,LOSS,-1,-14.294743260336734,1415.1795827733367
BTCUSD,BUY,2025-09-30 13:00:00+00:00,2025-09-30 14:00:00+00:00,2025-09-30 16:00:00+00:00,113435.515625,112871.37968405837,114563.78750688327,LOSS,-1,-14.151795827733368,1401.0277869456033
BTCUSD,BUY,2025-09-30 18:00:00+00:00,2025-09-30 19:00:00+00:00,2025-10-01 08:00:00+00:00,113720.9765625,113067.36518621704,115028.19931506594,WIN,2,28.020555738912066,1429.0483426845153
BTCUSD,BUY,2025-10-01 12:00:00+00:00,2025-10-01 13:00:00+00:00,2025-10-01 16:00:00+00:00,116431.71875,115685.56356028048,117924.02912943905,WIN,2,28.580966853690306,1457.6293095382057
BTCUSD,BUY,2025-10-01 17:00:00+00:00,2025-10-01 18:00:00+00:00,2025-10-01 23:00:00+00:00,116886.8984375,116083.41355711226,118493.86819827548,WIN,2,29.152586190764115,1486.7818957289699
BTCUSD,BUY,2025-10-02 05:00:00+00:00,2025-10-02 06:00:00+00:00,2025-10-02 15:00:00+00:00,118435.9375,117719.62369405,119868.56511190001,WIN,2,29.7356379145794,1516.5175336435493
BTCUSD,BUY,2025-10-02 21:00:00+00:00,2025-10-02 22:00:00+00:00,2025-10-03 08:00:00+00:00,120220.578125,119402.0766345579,121857.58110588418,LOSS,-1,-15.165175336435494,1501.3523583071137
BTCUSD,BUY,2025-10-03 17:00:00+00:00,2025-10-03 18:00:00+00:00,2025-10-05 02:00:00+00:00,122137.765625,121165.77969914264,124081.7374767147,WIN,2,30.027047166142275,1531.379405473256
BTCUSD,BUY,2025-10-05 08:00:00+00:00,2025-10-05 09:00:00+00:00,2025-10-05 09:00:00+00:00,124597.6953125,123844.26552528048,126104.55488693905,LOSS,-1,-15.31379405473256,1516.0656114185233
BTCUSD,BUY,2025-10-05 11:00:00+00:00,2025-10-05 12:00:00+00:00,2025-10-05 16:00:00+00:00,123490.3203125,122616.42588931895,125238.10915886209,LOSS,-1,-15.160656114185233,1500.904955304338
BTCUSD,BUY,2025-10-05 22:00:00+00:00,2025-10-05 23:00:00+00:00,2025-10-06 13:00:00+00:00,123255.8046875,122499.87074415392,124767.67257419217,WIN,2,30.018099106086762,1530.9230544104248
BTCUSD,BUY,2025-10-06 19:00:00+00:00,2025-10-06 20:00:00+00:00,2025-10-07 02:00:00+00:00,125420.203125,124527.07790893158,127206.45355713685,LOSS,-1,-15.309230544104249,1515.6138238663207
BTCUSD,BUY,2025-10-07 04:00:00+00:00,2025-10-07 05:00:00+00:00,2025-10-07 07:00:00+00:00,124547.515625,123774.79790045653,126092.95107408694,LOSS,-1,-15.156138238663207,1500.4576856276574
BTCUSD,BUY,2025-10-07 11:00:00+00:00,2025-10-07 12:00:00+00:00,2025-10-07 13:00:00+00:00,124540.578125,123846.33964233202,125929.05509033595,LOSS,-1,-15.004576856276573,1485.4531087713808
BTCUSD,SELL,2025-10-09 16:00:00+00:00,2025-10-09 17:00:00+00:00,2025-10-09 19:00:00+00:00,119892.359375,121049.35081401673,117578.37649696655,LOSS,-1,-14.85453108771381,1470.598577683667
BTCUSD,SELL,2025-10-10 02:00:00+00:00,2025-10-10 03:00:00+00:00,2025-10-10 13:00:00+00:00,121137.921875,122029.22180200566,119355.3220209887,LOSS,-1,-14.70598577683667,1455.8925919068301
BTCUSD,SELL,2025-10-11 08:00:00+00:00,2025-10-11 09:00:00+00:00,2025-10-12 15:00:00+00:00,111414.2578125,113654.34859948778,106934.07623852443,LOSS,-1,-14.558925919068301,1441.3336659877618
BTCUSD,SELL,2025-10-14 05:00:00+00:00,2025-10-14 06:00:00+00:00,2025-10-14 10:00:00+00:00,112551.59375,113558.34874872211,110538.08375255577,WIN,2,28.826673319755237,1470.160339307517
BTCUSD,SELL,2025-10-14 11:00:00+00:00,2025-10-14 12:00:00+00:00,2025-10-14 15:00:00+00:00,111430.3046875,112555.55052932259,109179.81300385483,LOSS,-1,-14.701603393075171,1455.4587359144418
BTCUSD,SELL,2025-10-15 01:00:00+00:00,2025-10-15 02:00:00+00:00,2025-10-15 17:00:00+00:00,112785.1796875,113927.64116772413,110500.25672705175,WIN,2,29.109174718288838,1484.5679106327307
BTCUSD,SELL,2025-10-16 07:00:00+00:00,2025-10-16 08:00:00+00:00,2025-10-16 12:00:00+00:00,110658.0859375,111719.5154013296,108535.2270098408,LOSS,-1,-14.845679106327307,1469.7222315264034
BTCUSD,SELL,2025-10-16 13:00:00+00:00,2025-10-16 14:00:00+00:00,2025-10-16 15:00:00+00:00,110934.3359375,112014.9600796096,108773.0876532808,WIN,2,29.39444463052807,1499.1166761569316
BTCUSD,SELL,2025-10-16 16:00:00+00:00,2025-10-16 17:00:00+00:00,2025-10-17 07:00:00+00:00,109057.015625,110443.00009893032,106285.04667713937,WIN,2,29.98233352313863,1529.0990096800701
BTCUSD,SELL,2025-10-17 11:00:00+00:00,2025-10-17 12:00:00+00:00,2025-10-17 16:00:00+00:00,105673.28125,107042.26908658209,102935.30557683583,LOSS,-1,-15.290990096800702,1513.8080195832695
BTCUSD,SELL,2025-10-17 22:00:00+00:00,2025-10-17 23:00:00+00:00,2025-10-19 14:00:00+00:00,107037.140625,108300.81323594466,104509.7954031107,LOSS,-1,-15.138080195832694,1498.6699393874367
BTCUSD,BUY,2025-10-20 09:00:00+00:00,2025-10-20 10:00:00+00:00,2025-10-20 17:00:00+00:00,110989.7578125,110107.95589268603,112753.36165212792,LOSS,-1,-14.986699393874368,1483.6832399935622
BTCUSD,BUY,2025-10-20 18:00:00+00:00,2025-10-20 19:00:00+00:00,2025-10-21 01:00:00+00:00,110971.140625,110033.86861923781,112845.6846365244,LOSS,-1,-14.836832399935622,1468.8464075936265
BTCUSD,SELL,2025-10-21 09:00:00+00:00,2025-10-21 10:00:00+00:00,2025-10-21 10:00:00+00:00,107790.234375,108654.17144268926,106062.36023962148,LOSS,-1,-14.688464075936265,1454.1579435176902
BTCUSD,BUY,2025-10-21 14:00:00+00:00,2025-10-21 15:00:00+00:00,2025-10-21 20:00:00+00:00,112161.8359375,110901.16754369787,114683.17272510425,LOSS,-1,-14.541579435176903,1439.6163640825134
BTCUSD,SELL,2025-10-22 03:00:00+00:00,2025-10-22 04:00:00+00:00,2025-10-23 06:00:00+00:00,108272.5546875,109564.62922027471,105688.40562195057,LOSS,-1,-14.396163640825135,1425.2202004416883
BTCUSD,BUY,2025-10-23 15:00:00+00:00,2025-10-23 16:00:00+00:00,2025-10-25 12:00:00+00:00,109975.2421875,109032.61127648455,111860.5040095309,WIN,2,28.504404008833767,1453.724604450522
BTCUSD,BUY,2025-10-26 04:00:00+00:00,2025-10-26 05:00:00+00:00,2025-10-26 09:00:00+00:00,111441.8671875,111049.13302528764,112227.33551192473,WIN,2,29.07449208901044,1482.7990965395325
BTCUSD,BUY,2025-10-26 20:00:00+00:00,2025-10-26 21:00:00+00:00,2025-10-26 22:00:00+00:00,113366.359375,112894.20904577801,114310.66003344399,WIN,2,29.65598193079065,1512.455078470323
BTCUSD,BUY,2025-10-27 08:00:00+00:00,2025-10-27 09:00:00+00:00,2025-10-27 21:00:00+00:00,115006.6796875,114294.22226947392,116431.59452355215,LOSS,-1,-15.124550784703231,1497.33052768562
BTCUSD,BUY,2025-10-28 14:00:00+00:00,2025-10-28 15:00:00+00:00,2025-10-28 19:00:00+00:00,115048.5234375,114237.386292277,116670.79772794597,LOSS,-1,-14.9733052768562,1482.3572224087636
BTCUSD,SELL,2025-10-29 15:00:00+00:00,2025-10-29 16:00:00+00:00,2025-10-29 18:00:00+00:00,111540.6171875,112368.9403725424,109883.97081741517,WIN,2,29.647144448175272,1512.004366856939
BTCUSD,SELL,2025-10-29 20:00:00+00:00,2025-10-29 21:00:00+00:00,2025-10-30 04:00:00+00:00,111463.2265625,112590.38554747966,109208.90859254068,WIN,2,30.24008733713878,1542.2444541940777
BTCUSD,SELL,2025-10-30 05:00:00+00:00,2025-10-30 06:00:00+00:00,2025-10-30 13:00:00+00:00,110297.765625,111654.51375912451,107584.26935675097,WIN,2,30.844889083881554,1573.0893432779592
BTCUSD,SELL,2025-10-30 20:00:00+00:00,2025-10-30 21:00:00+00:00,2025-10-31 00:00:00+00:00,107528.15625,108800.61067229917,104983.24740540166,LOSS,-1,-15.730893432779592,1557.3584498451796
BTCUSD,SELL,2025-10-31 02:00:00+00:00,2025-10-31 03:00:00+00:00,2025-10-31 04:00:00+00:00,108831.8203125,110066.52766732505,106362.4056028499,LOSS,-1,-15.573584498451796,1541.7848653467279
BTCUSD,SELL,2025-10-31 16:00:00+00:00,2025-10-31 17:00:00+00:00,2025-10-31 19:00:00+00:00,108605.5546875,109833.37637967024,106149.91130315952,LOSS,-1,-15.41784865346728,1526.3670166932607
BTCUSD,SELL,2025-10-31 20:00:00+00:00,2025-10-31 21:00:00+00:00,2025-11-02 04:00:00+00:00,109422.5859375,110611.91071282342,107043.93638685318,LOSS,-1,-15.263670166932608,1511.103346526328
BTCUSD,BUY,2025-11-02 07:00:00+00:00,2025-11-02 08:00:00+00:00,2025-11-02 13:00:00+00:00,110876.0,110350.42613587614,111927.1477282477,LOSS,-1,-15.111033465263281,1495.9923130610648
BTCUSD,SELL,2025-11-03 01:00:00+00:00,2025-11-03 02:00:00+00:00,2025-11-03 03:00:00+00:00,109679.25,110318.36799962728,108401.01400074542,WIN,2,29.919846261221295,1525.912159322286
BTCUSD,SELL,2025-11-03 11:00:00+00:00,2025-11-03 12:00:00+00:00,2025-11-03 15:00:00+00:00,107779.640625,108630.34900212377,106078.22387075245,WIN,2,30.51824318644572,1556.4304025087317
BTCUSD,SELL,2025-11-03 16:00:00+00:00,2025-11-03 17:00:00+00:00,2025-11-04 05:00:00+00:00,106690.109375,107808.41555239158,104453.49702021685,WIN,2,31.128608050174634,1587.5590105589063
BTCUSD,SELL,2025-11-04 22:00:00+00:00,2025-11-04 23:00:00+00:00,2025-11-05 13:00:00+00:00,101159.25,102791.39528483221,97894.95943033557,LOSS,-1,-15.875590105589064,1571.6834204533172
BTCUSD,SELL,2025-11-06 05:00:00+00:00,2025-11-06 06:00:00+00:00,2025-11-06 16:00:00+00:00,103122.2734375,104173.03180301904,101020.7567064619,WIN,2,31.433668409066346,1603.1170888623835
BTCUSD,SELL,2025-11-07 06:00:00+00:00,2025-11-07 07:00:00+00:00,2025-11-07 12:00:00+00:00,101844.1953125,102897.85304161014,99736.87985427972,WIN,2,32.062341777247674,1635.1794306396312
BTCUSD,SELL,2025-11-07 13:00:00+00:00,2025-11-07 14:00:00+00:00,2025-11-07 16:00:00+00:00,100266.640625,101382.10003555779,98035.72180388443,LOSS,-1,-16.35179430639631,1618.8276363332348
BTCUSD,SELL,2025-11-08 11:00:00+00:00,2025-11-08 12:00:00+00:00,2025-11-09 13:00:00+00:00,101853.484375,102730.31682548109,100099.81947403781,LOSS,-1,-16.18827636333235,1602.6393599699024
BTCUSD,BUY,2025-11-10 08:00:00+00:00,2025-11-10 09:00:00+00:00,2025-11-10 14:00:00+00:00,105946.9296875,105119.9684318875,107600.85219872503,LOSS,-1,-16.026393599699023,1586.6129663702034
BTCUSD,BUY,2025-11-10 16:00:00+00:00,2025-11-10 17:00:00+00:00,2025-11-11 01:00:00+00:00,105237.1484375,104312.00430188088,107087.43670873823,WIN,2,31.73225932740407,1618.3452256976075
BTCUSD,SELL,2025-11-11 17:00:00+00:00,2025-11-11 18:00:00+00:00,2025-11-12 09:00:00+00:00,103376.6796875,104340.23927041717,101449.56052166568,LOSS,-1,-16.183452256976075,1602.1617734406314
BTCUSD,SELL,2025-11-12 14:00:00+00:00,2025-11-12 15:00:00+00:00,2025-11-12 15:00:00+00:00,104026.0078125,104881.71036365618,102314.60271018765,WIN,2,32.043235468812625,1634.205008909444
BTCUSD,SELL,2025-11-12 17:00:00+00:00,2025-11-12 18:00:00+00:00,2025-11-13 05:00:00+00:00,101729.7578125,102767.51194260755,99654.2495522849,LOSS,-1,-16.34205008909444,1617.8629588203494
BTCUSD,SELL,2025-11-13 09:00:00+00:00,2025-11-13 10:00:00+00:00,2025-11-13 16:00:00+00:00,102824.078125,103889.25441142786,100693.7255521443,WIN,2,32.35725917640699,1650.2202179967564
BTCUSD,SELL,2025-11-13 21:00:00+00:00,2025-11-13 22:00:00+00:00,2025-11-13 23:00:00+00:00,98765.1328125,100057.40753101865,96180.58337546271,LOSS,-1,-16.502202179967565,1633.718015816789
BTCUSD,SELL,2025-11-14 08:00:00+00:00,2025-11-14 09:00:00+00:00,2025-11-14 13:00:00+00:00,97343.140625,98725.16510963217,94579.09165573565,WIN,2,32.67436031633578,1666.3923761331248
BTCUSD,SELL,2025-11-14 14:00:00+00:00,2025-11-14 15:00:00+00:00,2025-11-16 21:00:00+00:00,96472.1953125,97954.91169381911,93506.76254986177,WIN,2,33.327847522662495,1699.7202236557873
BTCUSD,SELL,2025-11-16 22:00:00+00:00,2025-11-16 23:00:00+00:00,2025-11-17 00:00:00+00:00,94120.65625,95141.9730330502,92078.02268389957,LOSS,-1,-16.997202236557875,1682.7230214192296
BTCUSD,SELL,2025-11-17 01:00:00+00:00,2025-11-17 02:00:00+00:00,2025-11-17 08:00:00+00:00,94723.8828125,95893.18236083913,92385.28371582174,LOSS,-1,-16.827230214192294,1665.8957912050373
BTCUSD,SELL,2025-11-17 13:00:00+00:00,2025-11-17 14:00:00+00:00,2025-11-17 14:00:00+00:00,93838.9609375,94837.0730705132,91842.7366714736,LOSS,-1,-16.658957912050372,1649.2368332929868
BTCUSD,SELL,2025-11-17 20:00:00+00:00,2025-11-17 21:00:00+00:00,2025-11-18 06:00:00+00:00,91871.96875,93157.11081810087,89301.68461379824,WIN,2,32.984736665859735,1682.2215699588467
BTCUSD,SELL,2025-11-18 07:00:00+00:00,2025-11-18 08:00:00+00:00,2025-11-18 12:00:00+00:00,90391.1796875,91652.14090965487,87869.25724319025,LOSS,-1,-16.822215699588465,1665.3993542592582
BTCUSD,SELL,2025-11-19 01:00:00+00:00,2025-11-19 02:00:00+00:00,2025-11-19 05:00:00+00:00,92375.4453125,93508.18207403345,90109.9717894331,WIN,2,33.30798708518516,1698.7073413444434
BTCUSD,SELL,2025-11-20 13:00:00+00:00,2025-11-20 14:00:00+00:00,2025-11-20 16:00:00+00:00,91536.1015625,92509.95869860251,89588.38729029498,WIN,2,33.97414682688887,1732.6814881713324
BTCUSD,SELL,2025-11-20 21:00:00+00:00,2025-11-20 22:00:00+00:00,2025-11-21 07:00:00+00:00,87214.390625,88562.6777036376,84517.81646772478,WIN,2,34.65362976342665,1767.335117934759
BTCUSD,SELL,2025-11-21 12:00:00+00:00,2025-11-21 13:00:00+00:00,2025-11-21 14:00:00+00:00,83152.8671875,84866.05552625512,79726.49050998976,LOSS,-1,-17.67335117934759,1749.6617667554115
BTCUSD,SELL,2025-11-22 17:00:00+00:00,2025-11-22 18:00:00+00:00,2025-11-23 01:00:00+00:00,84549.4140625,85597.85419943213,82452.53378863573,LOSS,-1,-17.496617667554116,1732.1651490878573
BTCUSD,SELL,2025-11-26 14:00:00+00:00,2025-11-26 15:00:00+00:00,2025-11-26 16:00:00+00:00,86841.265625,87644.24407635034,85235.3087222993,LOSS,-1,-17.321651490878573,1714.8434975969788
BTCUSD,BUY,2025-11-26 19:00:00+00:00,2025-11-26 20:00:00+00:00,2025-11-28 13:00:00+00:00,89924.015625,88932.88880748999,91906.26926002002,WIN,2,34.29686995193958,1749.1403675489182
BTCUSD,BUY,2025-11-30 08:00:00+00:00,2025-11-30 09:00:00+00:00,2025-11-30 23:00:00+00:00,91217.484375,90709.4225605979,92233.60800380418,LOSS,-1,-17.49140367548918,1731.648963873429
BTCUSD,SELL,2025-12-01 14:00:00+00:00,2025-12-01 15:00:00+00:00,2025-12-01 15:00:00+00:00,86044.4921875,86927.1516803,84279.17320189999,WIN,2,34.63297927746858,1766.2819431508976
BTCUSD,SELL,2025-12-01 18:00:00+00:00,2025-12-01 19:00:00+00:00,2025-12-01 21:00:00+00:00,85218.265625,86341.11197443248,82972.57292613502,LOSS,-1,-17.662819431508975,1748.6191237193887
BTCUSD,SELL,2025-12-02 08:00:00+00:00,2025-12-02 09:00:00+00:00,2025-12-02 10:00:00+00:00,86509.9609375,87395.75901442338,84738.36478365323,LOSS,-1,-17.486191237193886,1731.1329324821947
BTCUSD,BUY,2025-12-02 20:00:00+00:00,2025-12-02 21:00:00+00:00,2025-12-03 05:00:00+00:00,91119.1328125,89954.86619382474,93447.66604985052,WIN,2,34.622658649643896,1765.7555911318386
BTCUSD,BUY,2025-12-03 07:00:00+00:00,2025-12-03 08:00:00+00:00,2025-12-03 14:00:00+00:00,93019.3515625,92008.97784041039,95040.09900667924,LOSS,-1,-17.657555911318386,1748.0980352205202
BTCUSD,BUY,2025-12-04 15:00:00+00:00,2025-12-04 16:00:00+00:00,2025-12-04 17:00:00+00:00,92941.8984375,92016.22149950794,94793.2523134841,LOSS,-1,-17.4809803522052,1730.6170548683149
BTCUSD,SELL,2025-12-05 13:00:00+00:00,2025-12-05 14:00:00+00:00,2025-12-05 15:00:00+00:00,90513.0703125,91306.27128607994,88926.66836534014,LOSS,-1,-17.30617054868315,1713.3108843196317
BTCUSD,SELL,2025-12-05 19:00:00+00:00,2025-12-05 20:00:00+00:00,2025-12-07 17:00:00+00:00,89680.0625,90774.16643183622,87491.85463632757,LOSS,-1,-17.133108843196318,1696.1777754764353
BTCUSD,BUY,2025-12-07 20:00:00+00:00,2025-12-07 21:00:00+00:00,2025-12-07 21:00:00+00:00,91454.2265625,90716.35640687142,92929.96687375716,LOSS,-1,-16.961777754764352,1679.2159977216709
BTCUSD,SELL,2025-12-07 22:00:00+00:00,2025-12-07 23:00:00+00:00,2025-12-08 00:00:00+00:00,89628.4609375,90523.04833811214,87839.28613627571,LOSS,-1,-16.79215997721671,1662.4238377444542
BTCUSD,BUY,2025-12-08 20:00:00+00:00,2025-12-08 21:00:00+00:00,2025-12-09 03:00:00+00:00,90812.7890625,89904.65765540344,92629.0518766931,LOSS,-1,-16.62423837744454,1645.7995993670097
BTCUSD,SELL,2025-12-09 05:00:00+00:00,2025-12-09 06:00:00+00:00,2025-12-09 13:00:00+00:00,89920.8125,90790.43590649575,88181.5656870085,LOSS,-1,-16.457995993670096,1629.3416033733397
BTCUSD,SELL,2025-12-09 14:00:00+00:00,2025-12-09 15:00:00+00:00,2025-12-09 15:00:00+00:00,90361.7265625,91078.22645263126,88928.72678223746,LOSS,-1,-16.293416033733397,1613.0481873396063
BTCUSD,BUY,2025-12-09 20:00:00+00:00,2025-12-09 21:00:00+00:00,2025-12-10 11:00:00+00:00,93090.6171875,92015.14693399535,95241.5576945093,LOSS,-1,-16.130481873396064,1596.9177054662102
BTCUSD,BUY,2025-12-10 16:00:00+00:00,2025-12-10 17:00:00+00:00,2025-12-10 20:00:00+00:00,92176.6328125,91434.67973796483,93660.53896157032,WIN,2,31.938354109324205,1628.8560595755343
BTCUSD,SELL,2025-12-11 04:00:00+00:00,2025-12-11 05:00:00+00:00,2025-12-11 19:00:00+00:00,90466.5078125,91505.76411401079,88387.99520947842,LOSS,-1,-16.288560595755342,1612.567498979779
BTCUSD,BUY,2025-12-12 01:00:00+00:00,2025-12-12 02:00:00+00:00,2025-12-12 15:00:00+00:00,92166.7421875,91075.25924225888,94349.70807798224,LOSS,-1,-16.12567498979779,1596.4418239899812
BTCUSD,SELL,2025-12-12 18:00:00+00:00,2025-12-12 19:00:00+00:00,2025-12-14 22:00:00+00:00,90378.890625,91376.13963209299,88384.39261081401,WIN,2,31.928836479799624,1628.370660469781
BTCUSD,SELL,2025-12-15 00:00:00+00:00,2025-12-15 01:00:00+00:00,2025-12-15 01:00:00+00:00,88528.703125,89103.00625196718,87380.09687106563,LOSS,-1,-16.28370660469781,1612.0869538650832
BTCUSD,SELL,2025-12-15 13:00:00+00:00,2025-12-15 14:00:00+00:00,2025-12-15 14:00:00+00:00,89445.328125,89991.38700327996,88353.21036844008,WIN,2,32.241739077301666,1644.3286929423848
BTCUSD,SELL,2025-12-15 23:00:00+00:00,2025-12-16 00:00:00+00:00,2025-12-16 10:00:00+00:00,86424.4375,87279.95394334027,84713.40461331946,LOSS,-1,-16.44328692942385,1627.8854060129609
BTCUSD,SELL,2025-12-16 13:00:00+00:00,2025-12-16 14:00:00+00:00,2025-12-16 14:00:00+00:00,86507.453125,87326.0443021979,84870.2707706042,LOSS,-1,-16.27885406012961,1611.6065519528313
BTCUSD,SELL,2025-12-17 03:00:00+00:00,2025-12-17 04:00:00+00:00,2025-12-17 14:00:00+00:00,87210.3828125,87986.22479423326,85658.69884903348,LOSS,-1,-16.116065519528313,1595.490486433303
BTCUSD,SELL,2025-12-17 16:00:00+00:00,2025-12-17 17:00:00+00:00,2025-12-18 13:00:00+00:00,86913.578125,88205.32827482892,84330.07782534214,LOSS,-1,-15.954904864333031,1579.53558156897
BTCUSD,SELL,2025-12-18 19:00:00+00:00,2025-12-18 20:00:00+00:00,2025-12-19 02:00:00+00:00,84460.9765625,85761.8434378061,81859.24281188779,LOSS,-1,-15.7953558156897,1563.7402257532804
BTCUSD,BUY,2025-12-19 10:00:00+00:00,2025-12-19 11:00:00+00:00,2025-12-19 17:00:00+00:00,88230.515625,87215.08134722714,90261.38418054573,LOSS,-1,-15.637402257532804,1548.1028234957475
BTCUSD,BUY,2025-12-19 22:00:00+00:00,2025-12-19 23:00:00+00:00,2025-12-22 12:00:00+00:00,88268.0625,87234.07225666557,90336.04298666885,WIN,2,30.962056469914952,1579.0648799656624
BTCUSD,BUY,2025-12-22 13:00:00+00:00,2025-12-22 14:00:00+00:00,2025-12-22 15:00:00+00:00,89889.5625,89295.41780905193,91077.85188189615,LOSS,-1,-15.790648799656624,1563.2742311660058
BTCUSD,SELL,2025-12-23 05:00:00+00:00,2025-12-23 06:00:00+00:00,2025-12-25 15:00:00+00:00,87625.6015625,88310.9680307519,86254.8686259962,LOSS,-1,-15.632742311660058,1547.6414888543459
BTCUSD,SELL,2025-12-26 01:00:00+00:00,2025-12-26 02:00:00+00:00,2025-12-26 02:00:00+00:00,87379.9609375,87864.45492741745,86410.97295766509,LOSS,-1,-15.47641488854346,1532.1650739658023
BTCUSD,SELL,2025-12-26 19:00:00+00:00,2025-12-26 20:00:00+00:00,2025-12-29 00:00:00+00:00,87447.5078125,88146.45993606179,86049.60356537643,LOSS,-1,-15.321650739658024,1516.8434232261443
BTCUSD,BUY,2025-12-29 08:00:00+00:00,2025-12-29 09:00:00+00:00,2025-12-29 09:00:00+00:00,89438.515625,88948.84634061673,90417.85419376654,LOSS,-1,-15.168434232261443,1501.6749889938828
BTCUSD,SELL,2025-12-29 18:00:00+00:00,2025-12-29 19:00:00+00:00,2025-12-30 08:00:00+00:00,87336.90625,88020.98141027185,85968.7559294563,LOSS,-1,-15.01674988993883,1486.658239103944
BTCUSD,BUY,2025-12-30 16:00:00+00:00,2025-12-30 17:00:00+00:00,2025-12-30 19:00:00+00:00,88678.78125,88017.26138994828,90001.82097010342,LOSS,-1,-14.86658239103944,1471.7916567129046
BTCUSD,BUY,2025-12-30 21:00:00+00:00,2025-12-30 22:00:00+00:00,2025-12-31 16:00:00+00:00,88182.109375,87533.34866379721,89479.63079740558,LOSS,-1,-14.717916567129047,1457.0737401457754
BTCUSD,SELL,2025-12-31 20:00:00+00:00,2025-12-31 21:00:00+00:00,2026-01-01 17:00:00+00:00,87531.6328125,88066.86455336506,86461.16933076989,LOSS,-1,-14.570737401457755,1442.5030027443177
BTCUSD,BUY,2026-01-01 21:00:00+00:00,2026-01-01 22:00:00+00:00,2026-01-02 03:00:00+00:00,88271.7734375,87957.5101676447,88900.29997721061,WIN,2,28.850060054886352,1471.353062799204
BTCUSD,BUY,2026-01-02 12:00:00+00:00,2026-01-02 13:00:00+00:00,2026-01-02 14:00:00+00:00,89312.8671875,88902.95195651584,90132.69764946833,LOSS,-1,-14.713530627992041,1456.639532171212
BTCUSD,BUY,2026-01-02 15:00:00+00:00,2026-01-02 16:00:00+00:00,2026-01-02 16:00:00+00:00,89318.4140625,88718.5235568045,90518.19507389101,WIN,2,29.132790643424244,1485.7723228146363
BTCUSD,BUY,2026-01-02 18:00:00+00:00,2026-01-02 19:00:00+00:00,2026-01-04 00:00:00+00:00,89739.390625,88948.13697228707,91321.89793042585,WIN,2,29.715446456292725,1515.487769270929
BTCUSD,BUY,2026-01-04 02:00:00+00:00,2026-01-04 03:00:00+00:00,2026-01-05 00:00:00+00:00,91088.59375,90627.18106598151,92011.41911803698,WIN,2,30.30975538541858,1545.7975246563476
BTCUSD,BUY,2026-01-05 04:00:00+00:00,2026-01-05 05:00:00+00:00,2026-01-05 15:00:00+00:00,92551.1484375,92010.40574008416,93632.63383233169,WIN,2,30.915950493126953,1576.7134751494746
BTCUSD,BUY,2026-01-05 21:00:00+00:00,2026-01-05 22:00:00+00:00,2026-01-06 07:00:00+00:00,94082.9375,93384.58531717333,95479.64186565334,LOSS,-1,-15.767134751494746,1560.9463403979798
BTCUSD,BUY,2026-01-06 09:00:00+00:00,2026-01-06 10:00:00+00:00,2026-01-06 16:00:00+00:00,93430.0546875,92841.80392946229,94606.55620357541,LOSS,-1,-15.609463403979799,1545.336876994
BTCUSD,BUY,2026-01-06 21:00:00+00:00,2026-01-06 22:00:00+00:00,2026-01-07 01:00:00+00:00,93230.1640625,92344.89870373468,95000.69478003064,LOSS,-1,-15.45336876994,1529.88350822406
BTCUSD,SELL,2026-01-07 20:00:00+00:00,2026-01-07 21:00:00+00:00,2026-01-08 14:00:00+00:00,91055.890625,91832.66902470222,89502.33382559556,WIN,2,30.5976701644812,1560.4811783885411
BTCUSD,SELL,2026-01-08 19:00:00+00:00,2026-01-08 20:00:00+00:00,2026-01-09 15:00:00+00:00,90855.390625,91630.39058297504,89305.39070904991,LOSS,-1,-15.604811783885411,1544.8763666046557
BTCUSD,SELL,2026-01-09 18:00:00+00:00,2026-01-09 19:00:00+00:00,2026-01-12 01:00:00+00:00,90631.2890625,91506.16014481481,88881.54689787037,LOSS,-1,-15.448763666046558,1529.4276029386092
BTCUSD,BUY,2026-01-12 03:00:00+00:00,2026-01-12 04:00:00+00:00,2026-01-12 08:00:00+00:00,91694.4140625,91168.88322472743,92745.47573804515,LOSS,-1,-15.294276029386092,1514.1333269092231
BTCUSD,BUY,2026-01-12 15:00:00+00:00,2026-01-12 16:00:00+00:00,2026-01-12 21:00:00+00:00,91571.625,90896.95792445455,92920.95915109091,LOSS,-1,-15.14133326909223,1498.9919936401309
BTCUSD,BUY,2026-01-12 22:00:00+00:00,2026-01-12 23:00:00+00:00,2026-01-13 14:00:00+00:00,91142.65625,90379.47378968936,92669.02117062126,WIN,2,29.979839872802618,1528.9718335129335
BTCUSD,BUY,2026-01-13 17:00:00+00:00,2026-01-13 18:00:00+00:00,2026-01-13 22:00:00+00:00,93171.8984375,92425.13018400334,94665.4349444933,WIN,2,30.57943667025867,1559.5512701831922
BTCUSD,BUY,2026-01-14 04:00:00+00:00,2026-01-14 05:00:00+00:00,2026-01-14 15:00:00+00:00,95191.1328125,94360.13215196847,96853.13413356306,WIN,2,31.191025403663843,1590.742295586856
BTCUSD,BUY,2026-01-14 22:00:00+00:00,2026-01-14 23:00:00+00:00,2026-01-15 03:00:00+00:00,96894.984375,95973.4065202125,98738.140084575,LOSS,-1,-15.90742295586856,1574.8348726309875
BTCUSD,BUY,2026-01-15 15:00:00+00:00,2026-01-15 16:00:00+00:00,2026-01-15 19:00:00+00:00,96649.9453125,95776.97577864343,98395.88438021315,LOSS,-1,-15.748348726309876,1559.0865239046777
BTCUSD,SELL,2026-01-19 08:00:00+00:00,2026-01-19 09:00:00+00:00,2026-01-19 23:00:00+00:00,93238.890625,93757.18271429538,92202.30644640925,WIN,2,31.181730478093556,1590.2682543827714
BTCUSD,SELL,2026-01-20 10:00:00+00:00,2026-01-20 11:00:00+00:00,2026-01-20 15:00:00+00:00,91176.0,91750.46754000046,90027.06491999906,WIN,2,31.805365087655428,1622.0736194704268
BTCUSD,SELL,2026-01-21 03:00:00+00:00,2026-01-21 04:00:00+00:00,2026-01-21 15:00:00+00:00,89315.8828125,90113.71958598892,87720.20926552215,LOSS,-1,-16.22073619470427,1605.8528832757227
BTCUSD,SELL,2026-01-21 16:00:00+00:00,2026-01-21 17:00:00+00:00,2026-01-21 19:00:00+00:00,87527.5546875,88597.65824676436,85387.34756897128,LOSS,-1,-16.058528832757226,1589.7943544429654
BTCUSD,SELL,2026-01-21 23:00:00+00:00,2026-01-22 00:00:00+00:00,2026-01-23 17:00:00+00:00,89372.4296875,90530.4954325612,87056.2981973776,LOSS,-1,-15.897943544429655,1573.8964108985358
BTCUSD,SELL,2026-01-23 20:00:00+00:00,2026-01-23 21:00:00+00:00,2026-01-25 16:00:00+00:00,89372.0,90241.22043921168,87633.55912157665,WIN,2,31.477928217970717,1605.3743391165065
BTCUSD,SELL,2026-01-26 01:00:00+00:00,2026-01-26 02:00:00+00:00,2026-01-26 14:00:00+00:00,87568.5625,88255.9715006775,86193.744498645,LOSS,-1,-16.053743391165064,1589.3205957253415
BTCUSD,SELL,2026-01-26 15:00:00+00:00,2026-01-26 16:00:00+00:00,2026-01-26 19:00:00+00:00,87553.265625,88292.4388101708,86074.9192546584,LOSS,-1,-15.893205957253416,1573.427389768088
BTCUSD,SELL,2026-01-26 20:00:00+00:00,2026-01-26 21:00:00+00:00,2026-01-26 23:00:00+00:00,87512.546875,88310.19917738,85917.24227024002,LOSS,-1,-15.73427389768088,1557.6931158704072
BTCUSD,SELL,2026-01-27 08:00:00+00:00,2026-01-27 09:00:00+00:00,2026-01-27 16:00:00+00:00,88053.5078125,88656.45468364976,86847.61407020048,LOSS,-1,-15.576931158704072,1542.116184711703
BTCUSD,SELL,2026-01-27 17:00:00+00:00,2026-01-27 18:00:00+00:00,2026-01-27 18:00:00+00:00,87447.328125,88168.20151231096,86005.58135037807,LOSS,-1,-15.42116184711703,1526.695022864586
BTCUSD,BUY,2026-01-28 11:00:00+00:00,2026-01-28 12:00:00+00:00,2026-01-28 15:00:00+00:00,89964.140625,89319.47806423901,91253.46574652196,LOSS,-1,-15.266950228645861,1511.4280726359402
BTCUSD,BUY,2026-01-28 16:00:00+00:00,2026-01-28 17:00:00+00:00,2026-01-28 21:00:00+00:00,89514.71875,88806.05655665533,90932.04313668936,LOSS,-1,-15.114280726359402,1496.313791909581
BTCUSD,SELL,2026-01-29 06:00:00+00:00,2026-01-29 07:00:00+00:00,2026-01-29 15:00:00+00:00,88187.53125,88901.23609073197,86760.12156853607,WIN,2,29.926275838191618,1526.2400677477726
BTCUSD,SELL,2026-01-29 22:00:00+00:00,2026-01-29 23:00:00+00:00,2026-01-30 01:00:00+00:00,84422.7578125,85381.3254392931,82505.62255891382,WIN,2,30.524801354955454,1556.764869102728
BTCUSD,SELL,2026-01-30 04:00:00+00:00,2026-01-30 05:00:00+00:00,2026-01-30 19:00:00+00:00,82784.0859375,83934.43410125506,80483.38960998988,LOSS,-1,-15.56764869102728,1541.1972204117008
BTCUSD,SELL,2026-01-30 20:00:00+00:00,2026-01-30 21:00:00+00:00,2026-01-31 14:00:00+00:00,83824.3359375,85025.17286482462,81422.66208285076,WIN,2,30.823944408234016,1572.0211648199347
BTCUSD,SELL,2026-02-01 02:00:00+00:00,2026-02-01 03:00:00+00:00,2026-02-01 23:00:00+00:00,78856.28125,80129.11718104807,76310.60938790385,WIN,2,31.440423296398695,1603.4615881163334
BTCUSD,SELL,2026-02-02 06:00:00+00:00,2026-02-02 07:00:00+00:00,2026-02-02 12:00:00+00:00,76409.375,77962.54638860996,73303.03222278008,LOSS,-1,-16.034615881163333,1587.42697223517
BTCUSD,SELL,2026-02-03 02:00:00+00:00,2026-02-03 03:00:00+00:00,2026-02-03 04:00:00+00:00,77789.25,78893.29444606707,75581.16110786585,LOSS,-1,-15.8742697223517,1571.5527025128183
BTCUSD,SELL,2026-02-03 05:00:00+00:00,2026-02-03 06:00:00+00:00,2026-02-03 17:00:00+00:00,78165.84375,79265.65193787923,75966.22737424154,WIN,2,31.431054050256368,1602.9837565630746
BTCUSD,SELL,2026-02-03 19:00:00+00:00,2026-02-03 20:00:00+00:00,2026-02-03 20:00:00+00:00,74880.3203125,76360.34483056696,71920.27127636608,LOSS,-1,-16.029837565630746,1586.953918997444
BTCUSD,SELL,2026-02-04 18:00:00+00:00,2026-02-04 19:00:00+00:00,2026-02-05 05:00:00+00:00,73257.71875,74653.2700587005,70466.61613259903,WIN,2,31.73907837994888,1618.6929973773929
BTCUSD,SELL,2026-02-05 08:00:00+00:00,2026-02-05 09:00:00+00:00,2026-02-05 15:00:00+00:00,70908.0234375,72246.86970126368,68230.33090997263,WIN,2,32.37385994754786,1651.0668573249407
BTCUSD,SELL,2026-02-06 01:00:00+00:00,2026-02-06 02:00:00+00:00,2026-02-06 14:00:00+00:00,65560.9609375,67940.37946524032,60802.12388201938,LOSS,-1,-16.510668573249408,1634.5561887516913
BTCUSD,SELL,2026-02-07 08:00:00+00:00,2026-02-07 09:00:00+00:00,2026-02-08 08:00:00+00:00,68485.5703125,70186.82331024687,65083.064317006276,LOSS,-1,-16.34556188751691,1618.2106268641744
BTCUSD,SELL,2026-02-09 13:00:00+00:00,2026-02-09 14:00:00+00:00,2026-02-09 15:00:00+00:00,68560.2109375,69525.45290834857,66629.72699580285,LOSS,-1,-16.182106268641743,1602.0285205955327
BTCUSD,SELL,2026-02-10 05:00:00+00:00,2026-02-10 06:00:00+00:00,2026-02-11 04:00:00+00:00,69394.6484375,70372.4632030091,67439.01890648178,WIN,2,32.04057041191065,1634.0690910074434
BTCUSD,SELL,2026-02-11 07:00:00+00:00,2026-02-11 08:00:00+00:00,2026-02-11 14:00:00+00:00,67003.2421875,67908.02341094041,65193.67974061918,LOSS,-1,-16.340690910074436,1617.7284000973689
BTCUSD,SELL,2026-02-11 22:00:00+00:00,2026-02-11 23:00:00+00:00,2026-02-12 18:00:00+00:00,67389.1640625,68471.58703939964,65224.3181087007,WIN,2,32.35456800194738,1650.0829680993163
BTCUSD,BUY,2026-02-14 12:00:00+00:00,2026-02-14 13:00:00+00:00,2026-02-15 08:00:00+00:00,69641.0703125,69014.91728943627,70893.37635862746,WIN,2,33.00165936198633,1683.0846274613027
BTCUSD,SELL,2026-02-16 00:00:00+00:00,2026-02-16 01:00:00+00:00,2026-02-16 12:00:00+00:00,68809.671875,69451.65483831996,67525.70594836008,LOSS,-1,-16.830846274613027,1666.2537811866896
BTCUSD,SELL,2026-02-16 13:00:00+00:00,2026-02-16 14:00:00+00:00,2026-02-17 02:00:00+00:00,68369.28125,69166.35293907084,66775.13787185831,LOSS,-1,-16.662537811866898,1649.5912433748226
BTCUSD,SELL,2026-02-17 03:00:00+00:00,2026-02-17 04:00:00+00:00,2026-02-17 14:00:00+00:00,68439.703125,69191.62142236313,66935.86653027375,WIN,2,32.991824867496454,1682.583068242319
BTCUSD,SELL,2026-02-17 19:00:00+00:00,2026-02-17 20:00:00+00:00,2026-02-18 19:00:00+00:00,67763.9453125,68630.61896650148,66030.59800449705,WIN,2,33.65166136484638,1716.2347296071655
BTCUSD,SELL,2026-02-19 08:00:00+00:00,2026-02-19 09:00:00+00:00,2026-02-19 14:00:00+00:00,66923.3671875,67499.94185189242,65770.21785871514,WIN,2,34.32469459214331,1750.5594241993088
BTCUSD,BUY,2026-02-21 09:00:00+00:00,2026-02-21 10:00:00+00:00,2026-02-22 13:00:00+00:00,68147.625,67666.13552379674,69110.60395240654,LOSS,-1,-17.505594241993087,1733.0538299573157
BTCUSD,SELL,2026-02-22 17:00:00+00:00,2026-02-22 18:00:00+00:00,2026-02-23 01:00:00+00:00,67338.453125,67717.62609664873,66580.10718170254,WIN,2,34.66107659914631,1767.714906556462
BTCUSD,SELL,2026-02-23 06:00:00+00:00,2026-02-23 07:00:00+00:00,2026-02-23 10:00:00+00:00,65782.5390625,66428.47086564919,64490.67545620162,LOSS,-1,-17.67714906556462,1750.0377574908973
BTCUSD,SELL,2026-02-23 21:00:00+00:00,2026-02-23 22:00:00+00:00,2026-02-24 04:00:00+00:00,64564.26953125,65286.598718472254,63119.61115680549,WIN,2,35.00075514981795,1785.0385126407152
BTCUSD,SELL,2026-02-24 08:00:00+00:00,2026-02-24 09:00:00+00:00,2026-02-24 16:00:00+00:00,63387.87890625,64167.283150788906,61829.070417172195,LOSS,-1,-17.850385126407154,1767.188127514308
BTCUSD,SELL,2026-02-24 21:00:00+00:00,2026-02-24 22:00:00+00:00,2026-02-25 01:00:00+00:00,64066.828125,64793.25993644526,62613.96450210948,LOSS,-1,-17.67188127514308,1749.516246239165
BTCUSD,BUY,2026-02-25 22:00:00+00:00,2026-02-25 23:00:00+00:00,2026-02-26 14:00:00+00:00,68458.0546875,67445.30148181634,70483.56109886733,LOSS,-1,-17.49516246239165,1732.0210837767734
BTCUSD,BUY,2026-02-26 19:00:00+00:00,2026-02-26 20:00:00+00:00,2026-02-27 10:00:00+00:00,67635.0546875,66762.58790800218,69379.98824649563,LOSS,-1,-17.320210837767736,1714.7008729390056
BTCUSD,SELL,2026-02-27 14:00:00+00:00,2026-02-27 15:00:00+00:00,2026-02-28 06:00:00+00:00,65901.0546875,66664.38649621619,64374.39107006761,WIN,2,34.29401745878011,1748.9948903977859
BTCUSD,SELL,2026-02-28 07:00:00+00:00,2026-02-28 08:00:00+00:00,2026-02-28 13:00:00+00:00,63841.03515625,64708.27060287773,62106.564262994536,LOSS,-1,-17.489948903977858,1731.504941493808
BTCUSD,BUY,2026-03-01 01:00:00+00:00,2026-03-01 02:00:00+00:00,2026-03-01 12:00:00+00:00,67334.71875,66296.15018823944,69411.85587352113,LOSS,-1,-17.31504941493808,1714.18989207887
BTCUSD,BUY,2026-03-01 13:00:00+00:00,2026-03-01 14:00:00+00:00,2026-03-01 16:00:00+00:00,66947.65625,66072.68623949465,68697.5962710107,LOSS,-1,-17.141898920788698,1697.0479931580812
BTCUSD,SELL,2026-03-01 22:00:00+00:00,2026-03-01 23:00:00+00:00,2026-03-02 00:00:00+00:00,65230.65625,66180.36934183934,63331.23006632134,LOSS,-1,-16.97047993158081,1680.0775132265005
BTCUSD,BUY,2026-03-02 03:00:00+00:00,2026-03-02 04:00:00+00:00,2026-03-02 07:00:00+00:00,66820.390625,65817.83240994524,68825.50705510953,LOSS,-1,-16.800775132265006,1663.2767380942355
BTCUSD,SELL,2026-03-02 13:00:00+00:00,2026-03-02 14:00:00+00:00,2026-03-02 14:00:00+00:00,65452.21875,66308.31744649059,63740.021357018835,LOSS,-1,-16.632767380942354,1646.6439707132931
BTCUSD,BUY,2026-03-02 17:00:00+00:00,2026-03-02 18:00:00+00:00,2026-03-03 05:00:00+00:00,69182.984375,67987.38856654783,71574.17599190435,LOSS,-1,-16.46643970713293,1630.1775310061603
BTCUSD,BUY,2026-03-03 06:00:00+00:00,2026-03-03 07:00:00+00:00,2026-03-03 08:00:00+00:00,68125.5,67248.34210441669,69879.81579116662,LOSS,-1,-16.301775310061604,1613.8757556960986
BTCUSD,BUY,2026-03-03 15:00:00+00:00,2026-03-03 16:00:00+00:00,2026-03-04 08:00:00+00:00,67747.265625,66727.85544179095,69786.0859914181,WIN,2,32.27751511392197,1646.1532708100206
BTCUSD,BUY,2026-03-04 22:00:00+00:00,2026-03-04 23:00:00+00:00,2026-03-05 15:00:00+00:00,72710.6875,71605.61418983786,74920.83412032429,LOSS,-1,-16.461532708100204,1629.6917381019205
BTCUSD,SELL,2026-03-06 22:00:00+00:00,2026-03-06 23:00:00+00:00,2026-03-08 04:00:00+00:00,68320.375,69111.78378266217,66737.55743467566,WIN,2,32.59383476203841,1662.2855728639588
BTCUSD,SELL,2026-03-08 05:00:00+00:00,2026-03-08 06:00:00+00:00,2026-03-08 09:00:00+00:00,67154.2109375,67659.9619671123,66142.70887827543,LOSS,-1,-16.62285572863959,1645.6627171353193
BTCUSD,SELL,2026-03-08 11:00:00+00:00,2026-03-08 12:00:00+00:00,2026-03-08 22:00:00+00:00,67517.109375,68030.3377276776,66490.6526696448,WIN,2,32.91325434270639,1678.5759714780256
BTCUSD,BUY,2026-03-09 14:00:00+00:00,2026-03-09 15:00:00+00:00,2026-03-10 08:00:00+00:00,69133.3984375,68236.31215834996,70927.57099580007,WIN,2,33.57151942956051,1712.1474909075862
BTCUSD,BUY,2026-03-11 00:00:00+00:00,2026-03-11 01:00:00+00:00,2026-03-11 12:00:00+00:00,70053.5078125,69132.38273511102,71895.75796727794,LOSS,-1,-17.12147490907586,1695.0260159985103
BTCUSD,BUY,2026-03-11 13:00:00+00:00,2026-03-11 14:00:00+00:00,2026-03-12 02:00:00+00:00,70195.28125,69314.11761124532,71957.60852750936,LOSS,-1,-16.950260159985103,1678.075755838525
BTCUSD,BUY,2026-03-12 09:00:00+00:00,2026-03-12 10:00:00+00:00,2026-03-13 00:00:00+00:00,70041.3515625,69359.7192731765,71404.616141147,WIN,2,33.5615151167705,1711.6372709552957
BTCUSD,BUY,2026-03-13 14:00:00+00:00,2026-03-13 15:00:00+00:00,2026-03-13 16:00:00+00:00,72419.8515625,71533.78890070031,74191.97688609936,LOSS,-1,-17.11637270955296,1694.5208982457427
BTCUSD,BUY,2026-03-15 02:00:00+00:00,2026-03-15 03:00:00+00:00,2026-03-15 22:00:00+00:00,71460.5234375,71027.2608252345,72327.04866203103,WIN,2,33.89041796491485,1728.4113162106576
BTCUSD,BUY,2026-03-16 00:00:00+00:00,2026-03-16 01:00:00+00:00,2026-03-16 03:00:00+00:00,72563.15625,71944.68763371214,73800.09348257574,WIN,2,34.56822632421315,1762.9795425348707
BTCUSD,BUY,2026-03-16 06:00:00+00:00,2026-03-16 07:00:00+00:00,2026-03-16 08:00:00+00:00,73717.8828125,72948.88568419823,75255.87706910353,LOSS,-1,-17.629795425348707,1745.349747109522
BTCUSD,BUY,2026-03-17 02:00:00+00:00,2026-03-17 03:00:00+00:00,2026-03-17 03:00:00+00:00,75190.9453125,74348.17883167733,76876.47827414534,LOSS,-1,-17.453497471095222,1727.8962496384268
BTCUSD,BUY,2026-03-17 11:00:00+00:00,2026-03-17 12:00:00+00:00,2026-03-18 11:00:00+00:00,74036.2421875,73255.83441206411,75597.05773837178,LOSS,-1,-17.278962496384267,1710.6172871420424
BTCUSD,SELL,2026-03-18 17:00:00+00:00,2026-03-18 18:00:00+00:00,2026-03-19 07:00:00+00:00,71775.625,72528.84810609491,70269.17878781016,WIN,2,34.212345742840846,1744.8296328848833
BTCUSD,SELL,2026-03-19 09:00:00+00:00,2026-03-19 10:00:00+00:00,2026-03-19 15:00:00+00:00,70499.0703125,71205.1526559155,69086.905625669,WIN,2,34.89659265769767,1779.726225542581
BTCUSD,SELL,2026-03-20 06:00:00+00:00,2026-03-20 07:00:00+00:00,2026-03-20 08:00:00+00:00,70495.2109375,71178.0474442733,69129.53792395341,LOSS,-1,-17.79726225542581,1761.9289632871553
BTCUSD,SELL,2026-03-20 09:00:00+00:00,2026-03-20 10:00:00+00:00,2026-03-21 23:00:00+00:00,70570.6640625,71287.52676176646,69136.93866396707,WIN,2,35.238579265743105,1797.1675425528983
BTCUSD,SELL,2026-03-22 02:00:00+00:00,2026-03-22 03:00:00+00:00,2026-03-22 19:00:00+00:00,69279.0546875,69813.35117488271,68210.46171273456,WIN,2,35.943350851057964,1833.1108934039562
BTCUSD,SELL,2026-03-22 22:00:00+00:00,2026-03-22 23:00:00+00:00,2026-03-23 11:00:00+00:00,68316.71875,68890.52261294966,67169.11102410068,LOSS,-1,-18.331108934039563,1814.7797844699166
BTCUSD,BUY,2026-03-23 16:00:00+00:00,2026-03-23 17:00:00+00:00,2026-03-24 16:00:00+00:00,70561.5625,69455.6376569999,72773.4121860002,LOSS,-1,-18.147797844699166,1796.6319866252175
BTCUSD,BUY,2026-03-24 23:00:00+00:00,2026-03-25 00:00:00+00:00,2026-03-26 09:00:00+00:00,70525.5625,69747.59582494183,72081.49585011633,LOSS,-1,-17.966319866252174,1778.6656667589652
BTCUSD,SELL,2026-03-26 12:00:00+00:00,2026-03-26 13:00:00+00:00,2026-03-26 18:00:00+00:00,69414.984375,69985.0406511425,68274.871822715,WIN,2,35.57331333517931,1814.2389800941446
BTCUSD,SELL,2026-03-26 20:00:00+00:00,2026-03-26 21:00:00+00:00,2026-03-27 08:00:00+00:00,68969.7578125,69639.30881977084,67630.65579795833,WIN,2,36.284779601882896,1850.5237596960276
BTCUSD,SELL,2026-03-27 23:00:00+00:00,2026-03-28 00:00:00+00:00,2026-03-28 13:00:00+00:00,66363.4140625,66987.47352292846,65115.295141643095,LOSS,-1,-18.505237596960278,1832.0185220990672
BTCUSD,SELL,2026-03-28 21:00:00+00:00,2026-03-28 22:00:00+00:00,2026-03-29 22:00:00+00:00,66645.828125,67051.15130433008,65835.18176633984,WIN,2,36.64037044198135,1868.6588925410485
BTCUSD,SELL,2026-03-31 11:00:00+00:00,2026-03-31 12:00:00+00:00,2026-03-31 14:00:00+00:00,66629.9375,67335.5430307593,65218.72643848139,LOSS,-1,-18.686588925410486,1849.972303615638
BTCUSD,BUY,2026-03-31 20:00:00+00:00,2026-03-31 21:00:00+00:00,2026-04-02 01:00:00+00:00,68192.359375,67337.1417162206,69902.79469255879,LOSS,-1,-18.499723036156382,1831.4725805794817
BTCUSD,SELL,2026-04-02 04:00:00+00:00,2026-04-02 05:00:00+00:00,2026-04-02 16:00:00+00:00,66311.9140625,67054.51375369293,64826.714680114164,LOSS,-1,-18.31472580579482,1813.157854773687
BTCUSD,SELL,2026-04-02 17:00:00+00:00,2026-04-02 18:00:00+00:00,2026-04-04 15:00:00+00:00,66667.8203125,67331.40846622783,65340.64400504433,LOSS,-1,-18.13157854773687,1795.0262762259501
BTCUSD,SELL,2026-04-05 09:00:00+00:00,2026-04-05 10:00:00+00:00,2026-04-05 15:00:00+00:00,66975.5703125,67208.68595437998,66509.33902874004,LOSS,-1,-17.950262762259502,1777.0760134636907
BTCUSD,BUY,2026-04-05 20:00:00+00:00,2026-04-05 21:00:00+00:00,2026-04-05 22:00:00+00:00,67613.8203125,67302.26656964878,68236.92779820245,WIN,2,35.54152026927382,1812.6175337329646
BTCUSD,BUY,2026-04-06 06:00:00+00:00,2026-04-06 07:00:00+00:00,2026-04-06 09:00:00+00:00,68954.0078125,68483.4539393173,69895.11555886538,WIN,2,36.25235067465929,1848.8698844076239
BTCUSD,BUY,2026-04-06 12:00:00+00:00,2026-04-06 13:00:00+00:00,2026-04-06 23:00:00+00:00,69365.3125,68876.97772971836,70341.98204056326,LOSS,-1,-18.48869884407624,1830.3811855635477
BTCUSD,BUY,2026-04-07 08:00:00+00:00,2026-04-07 09:00:00+00:00,2026-04-07 10:00:00+00:00,68945.3984375,68430.2629079727,69975.66949655459,LOSS,-1,-18.303811855635477,1812.077373707912
BTCUSD,BUY,2026-04-07 17:00:00+00:00,2026-04-07 18:00:00+00:00,2026-04-07 21:00:00+00:00,68692.15625,68100.31413355409,69875.84048289181,WIN,2,36.241547474158246,1848.3189211820704
BTCUSD,BUY,2026-04-08 02:00:00+00:00,2026-04-08 03:00:00+00:00,2026-04-09 22:00:00+00:00,71322.296875,70500.81700302259,72965.25661895482,WIN,2,36.96637842364141,1885.2852996057118
BTCUSD,BUY,2026-04-10 09:00:00+00:00,2026-04-10 10:00:00+00:00,2026-04-10 14:00:00+00:00,71790.0390625,71180.71198016682,73008.69322716638,WIN,2,37.70570599211424,1922.991005597826
BTCUSD,BUY,2026-04-11 14:00:00+00:00,2026-04-11 15:00:00+00:00,2026-04-11 18:00:00+00:00,72745.6171875,72365.23130823496,73506.3889460301,WIN,2,38.45982011195652,1961.4508257097825
BTCUSD,BUY,2026-04-11 20:00:00+00:00,2026-04-11 21:00:00+00:00,2026-04-12 01:00:00+00:00,73324.375,72900.92880549666,74171.26738900667,LOSS,-1,-19.614508257097825,1941.8363174526846
BTCUSD,SELL,2026-04-12 23:00:00+00:00,2026-04-13 00:00:00+00:00,2026-04-13 00:00:00+00:00,70741.296875,71200.09116228601,69823.70830042798,LOSS,-1,-19.418363174526846,1922.4179542781578
BTCUSD,SELL,2026-04-13 07:00:00+00:00,2026-04-13 08:00:00+00:00,2026-04-13 13:00:00+00:00,70810.34375,71248.79281580825,69933.4456183835,LOSS,-1,-19.224179542781577,1903.1937747353763
BTCUSD,BUY,2026-04-13 20:00:00+00:00,2026-04-13 21:00:00+00:00,2026-04-13 22:00:00+00:00,73182.1171875,72519.20107953275,74507.9494034345,WIN,2,38.063875494707524,1941.2576502300838
BTCUSD,BUY,2026-04-14 05:00:00+00:00,2026-04-14 06:00:00+00:00,2026-04-14 14:00:00+00:00,74312.171875,73707.25350927156,75522.00860645689,WIN,2,38.825153004601674,1980.0828032346853
BTCUSD,BUY,2026-04-14 16:00:00+00:00,2026-04-14 17:00:00+00:00,2026-04-15 06:00:00+00:00,74653.4140625,73904.46619022283,76151.30980705433,LOSS,-1,-19.800828032346853,1960.2819752023386
BTCUSD,BUY,2026-04-15 11:00:00+00:00,2026-04-15 12:00:00+00:00,2026-04-16 13:00:00+00:00,74236.328125,73598.51344093759,75511.9574931248,LOSS,-1,-19.602819752023386,1940.6791554503152
BTCUSD,BUY,2026-04-16 15:00:00+00:00,2026-04-16 16:00:00+00:00,2026-04-16 17:00:00+00:00,74746.0,73937.98972354247,76362.02055291506,LOSS,-1,-19.40679155450315,1921.272363895812
BTCUSD,BUY,2026-04-16 18:00:00+00:00,2026-04-16 19:00:00+00:00,2026-04-17 13:00:00+00:00,75102.0,74230.7409777461,76844.5180445078,WIN,2,38.42544727791624,1959.6978111737283
BTCUSD,BUY,2026-04-17 17:00:00+00:00,2026-04-17 18:00:00+00:00,2026-04-18 08:00:00+00:00,77576.25,76654.35068178154,79420.04863643693,LOSS,-1,-19.596978111737283,1940.100833061991
BTCUSD,SELL,2026-04-20 00:00:00+00:00,2026-04-20 01:00:00+00:00,2026-04-20 07:00:00+00:00,74314.6796875,74952.18261334361,73039.67383581279,LOSS,-1,-19.40100833061991,1920.6998247313709
BTCUSD,BUY,2026-04-20 19:00:00+00:00,2026-04-20 20:00:00+00:00,2026-04-21 03:00:00+00:00,76311.109375,75543.18414713604,77846.95983072794,LOSS,-1,-19.20699824731371,1901.492826484057
BTCUSD,BUY,2026-04-21 23:00:00+00:00,2026-04-22 00:00:00+00:00,2026-04-22 05:00:00+00:00,76370.0,75537.46769350073,78035.06461299853,WIN,2,38.02985652968114,1939.5226830137383
BTCUSD,BUY,2026-04-22 16:00:00+00:00,2026-04-22 17:00:00+00:00,2026-04-23 00:00:00+00:00,78782.4609375,78030.42508815134,80286.53263619733,LOSS,-1,-19.395226830137382,1920.127456183601
BTCUSD,BUY,2026-04-23 06:00:00+00:00,2026-04-23 07:00:00+00:00,2026-04-23 09:00:00+00:00,78259.9921875,77568.0542322899,79643.86809792019,LOSS,-1,-19.201274561836012,1900.926181621765
BTCUSD,BUY,2026-04-23 14:00:00+00:00,2026-04-23 15:00:00+00:00,2026-04-23 17:00:00+00:00,78214.4375,77515.61392305612,79612.08465388777,LOSS,-1,-19.00926181621765,1881.9169198055472
BTCUSD,BUY,2026-04-23 22:00:00+00:00,2026-04-23 23:00:00+00:00,2026-04-24 05:00:00+00:00,78220.046875,77488.51565547357,79683.10931405285,LOSS,-1,-18.819169198055473,1863.0977506074917
BTCUSD,BUY,2026-04-24 11:00:00+00:00,2026-04-24 12:00:00+00:00,2026-04-24 17:00:00+00:00,78272.96875,77602.2636279522,79614.37899409559,LOSS,-1,-18.630977506074917,1844.4667731014167
BTCUSD,BUY,2026-04-26 07:00:00+00:00,2026-04-26 08:00:00+00:00,2026-04-26 12:00:00+00:00,78135.671875,77800.52443327247,78805.96675845508,LOSS,-1,-18.444667731014167,1826.0221053704026
BTCUSD,BUY,2026-04-27 04:00:00+00:00,2026-04-27 05:00:00+00:00,2026-04-27 05:00:00+00:00,78959.7734375,78367.11301236339,80145.09428777322,LOSS,-1,-18.260221053704026,1807.7618843166986
BTCUSD,SELL,2026-04-27 17:00:00+00:00,2026-04-27 18:00:00+00:00,2026-04-27 23:00:00+00:00,76687.84375,77334.71166233197,75394.10792533607,LOSS,-1,-18.077618843166984,1789.6842654735317
BTCUSD,SELL,2026-04-28 01:00:00+00:00,2026-04-28 02:00:00+00:00,2026-04-28 14:00:00+00:00,77103.5625,77670.61296380179,75969.46157239644,WIN,2,35.79368530947063,1825.4779507830024
BTCUSD,SELL,2026-04-28 15:00:00+00:00,2026-04-28 16:00:00+00:00,2026-04-29 01:00:00+00:00,76034.390625,76590.61961200116,74921.93265099768,LOSS,-1,-18.254779507830023,1807.2231712751723
BTCUSD,SELL,2026-04-29 13:00:00+00:00,2026-04-29 14:00:00+00:00,2026-04-29 18:00:00+00:00,76753.7890625,77340.34294460907,75580.68129828185,WIN,2,36.144463425503446,1843.3676347006758
BTCUSD,SELL,2026-04-30 08:00:00+00:00,2026-04-30 09:00:00+00:00,2026-05-01 01:00:00+00:00,76023.7578125,76670.29013618981,74730.69316512036,LOSS,-1,-18.43367634700676,1824.9339583536691
BTCUSD,BUY,2026-05-01 04:00:00+00:00,2026-05-01 05:00:00+00:00,2026-05-01 12:00:00+00:00,77011.171875,76476.09916498387,78081.31729503225,WIN,2,36.498679167073384,1861.4326375207424
BTCUSD,BUY,2026-05-01 16:00:00+00:00,2026-05-01 17:00:00+00:00,2026-05-04 01:00:00+00:00,78190.84375,77515.32780446365,79541.87564107271,WIN,2,37.22865275041485,1898.6612902711572
BTCUSD,BUY,2026-05-04 05:00:00+00:00,2026-05-04 06:00:00+00:00,2026-05-04 10:00:00+00:00,80003.5078125,79375.77654446107,81258.97034857787,LOSS,-1,-18.986612902711574,1879.6746773684456
BTCUSD,BUY,2026-05-04 14:00:00+00:00,2026-05-04 15:00:00+00:00,2026-05-06 08:00:00+00:00,80225.8203125,79348.89742503529,81979.66608742942,WIN,2,37.593493547368915,1917.2681709158146
BTCUSD,BUY,2026-05-06 12:00:00+00:00,2026-05-06 13:00:00+00:00,2026-05-06 14:00:00+00:00,82196.5703125,81556.9968224353,83475.71729262939,LOSS,-1,-19.172681709158148,1898.0954892066566
BTCUSD,BUY,2026-05-06 21:00:00+00:00,2026-05-06 22:00:00+00:00,2026-05-07 01:00:00+00:00,81534.828125,80894.83404931966,82814.8162763607,LOSS,-1,-18.980954892066567,1879.11453431459
BTCUSD,BUY,2026-05-07 06:00:00+00:00,2026-05-07 07:00:00+00:00,2026-05-07 09:00:00+00:00,81442.2265625,80856.24321303137,82614.19326143725,LOSS,-1,-18.7911453431459,1860.323388971444
BTCUSD,SELL,2026-05-08 03:00:00+00:00,2026-05-08 04:00:00+00:00,2026-05-08 10:00:00+00:00,79552.4765625,80139.61658035137,78378.19652679726,LOSS,-1,-18.603233889714442,1841.7201550817297
BTCUSD,BUY,2026-05-09 16:00:00+00:00,2026-05-09 17:00:00+00:00,2026-05-10 15:00:00+00:00,80609.296875,80246.3107874361,81335.2690501278,WIN,2,36.83440310163459,1878.5545581833642
BTCUSD,BUY,2026-05-10 18:00:00+00:00,2026-05-10 19:00:00+00:00,2026-05-10 20:00:00+00:00,81265.5390625,80923.48928078217,81949.63862593564,LOSS,-1,-18.78554558183364,1859.7690126015304
BTCUSD,BUY,2026-05-10 22:00:00+00:00,2026-05-10 23:00:00+00:00,2026-05-11 00:00:00+00:00,82068.7890625,81484.35618543091,83237.6548166382,LOSS,-1,-18.597690126015305,1841.1713224755151
BTCUSD,BUY,2026-05-11 11:00:00+00:00,2026-05-11 12:00:00+00:00,2026-05-11 14:00:00+00:00,81193.4765625,80650.49002800863,82279.44963148274,LOSS,-1,-18.41171322475515,1822.75960925076
BTCUSD,BUY,2026-05-11 15:00:00+00:00,2026-05-11 16:00:00+00:00,2026-05-12 01:00:00+00:00,81429.1796875,80798.76014984686,82690.01876280628,LOSS,-1,-18.2275960925076,1804.5320131582523
BTCUSD,SELL,2026-05-12 15:00:00+00:00,2026-05-12 16:00:00+00:00,2026-05-12 19:00:00+00:00,80269.15625,80825.14837119938,79157.17200760126,LOSS,-1,-18.045320131582525,1786.4866930266699
BTCUSD,BUY,2026-05-13 09:00:00+00:00,2026-05-13 10:00:00+00:00,2026-05-13 10:00:00+00:00,81252.5390625,80799.69910381021,82158.21897987956,LOSS,-1,-17.8648669302667,1768.621826096403
BTCUSD,SELL,2026-05-13 11:00:00+00:00,2026-05-13 12:00:00+00:00,2026-05-13 14:00:00+00:00,80468.96875,80945.44433539451,79516.017579211,WIN,2,35.372436521928066,1803.994262618331
BTCUSD,SELL,2026-05-13 17:00:00+00:00,2026-05-13 18:00:00+00:00,2026-05-14 14:00:00+00:00,79495.3984375,80148.49139090885,78189.2125306823,LOSS,-1,-18.03994262618331,1785.9543199921477
BTCUSD,BUY,2026-05-14 17:00:00+00:00,2026-05-14 18:00:00+00:00,2026-05-15 02:00:00+00:00,81684.171875,80922.50725459322,83207.50111581356,LOSS,-1,-17.85954319992148,1768.0947767922262
BTCUSD,BUY,2026-05-15 07:00:00+00:00,2026-05-15 08:00:00+00:00,2026-05-15 13:00:00+00:00,80819.9921875,80121.3589243941,82217.25871371181,LOSS,-1,-17.680947767922262,1750.4138290243038
BTCUSD,SELL,2026-05-15 14:00:00+00:00,2026-05-15 15:00:00+00:00,2026-05-17 23:00:00+00:00,79145.3671875,79928.84562051788,77578.41032146422,WIN,2,35.008276580486076,1785.42210560479
BTCUSD,SELL,2026-05-18 04:00:00+00:00,2026-05-18 05:00:00+00:00,2026-05-18 12:00:00+00:00,76993.9765625,77522.39952610742,75937.13063528517,LOSS,-1,-17.8542210560479,1767.567884548742
BTCUSD,SELL,2026-05-18 13:00:00+00:00,2026-05-18 14:00:00+00:00,2026-05-20 08:00:00+00:00,76872.203125,77480.32371151104,75655.96195197792,LOSS,-1,-17.675678845487422,1749.8922057032546
BTCUSD,SELL,2026-05-22 13:00:00+00:00,2026-05-22 14:00:00+00:00,2026-05-22 18:00:00+00:00,77115.84375,77546.91585613809,76253.69953772383,WIN,2,34.997844114065096,1784.8900498173198
BTCUSD,SELL,2026-05-23 03:00:00+00:00,2026-05-23 04:00:00+00:00,2026-05-23 07:00:00+00:00,75545.7109375,76042.7628607119,74551.60709107622,WIN,2,35.697800996346395,1820.5878508136661
BTCUSD,SELL,2026-05-23 13:00:00+00:00,2026-05-23 14:00:00+00:00,2026-05-23 18:00:00+00:00,75137.28125,75602.15770134253,74207.52834731495,LOSS,-1,-18.20587850813666,1802.3819723055294
BTCUSD,BUY,2026-05-25 04:00:00+00:00,2026-05-25 05:00:00+00:00,2026-05-26 00:00:00+00:00,77278.703125,76742.93293197965,78350.24351104068,LOSS,-1,-18.023819723055293,1784.358152582474
BTCUSD,SELL,2026-05-26 09:00:00+00:00,2026-05-26 10:00:00+00:00,2026-05-26 10:00:00+00:00,76552.5625,76973.41508263856,75710.85733472287,LOSS,-1,-17.843581525824742,1766.5145710566494
BTCUSD,SELL,2026-05-26 16:00:00+00:00,2026-05-26 17:00:00+00:00,2026-05-27 13:00:00+00:00,76446.5078125,77140.34834837167,75058.82674075665,WIN,2,35.33029142113299,1801.8448624777825
BTCUSD,SELL,2026-05-27 15:00:00+00:00,2026-05-27 16:00:00+00:00,2026-05-28 03:00:00+00:00,75169.078125,75759.12724486436,73988.97988527128,WIN,2,36.03689724955565,1837.8817597273382
BTCUSD,SELL,2026-05-28 07:00:00+00:00,2026-05-28 08:00:00+00:00,2026-05-29 15:00:00+00:00,73356.1171875,74016.39172689825,72035.5681087035,LOSS,-1,-18.378817597273382,1819.5029421300649
BTCUSD,SELL,2026-05-29 18:00:00+00:00,2026-05-29 19:00:00+00:00,2026-05-30 18:00:00+00:00,73270.84375,73986.62565228457,71839.27994543087,LOSS,-1,-18.19502942130065,1801.3079127087642
BTCUSD,SELL,2026-05-31 16:00:00+00:00,2026-05-31 17:00:00+00:00,2026-05-31 21:00:00+00:00,73420.5,73727.41741475521,72806.66517048959,LOSS,-1,-18.013079127087643,1783.2948335816766
BTCUSD,SELL,2026-05-31 23:00:00+00:00,2026-06-01 00:00:00+00:00,2026-06-01 00:00:00+00:00,73575.1796875,73949.4715115946,72826.59603931081,LOSS,-1,-17.832948335816766,1765.4618852458598
BTCUSD,SELL,2026-06-01 01:00:00+00:00,2026-06-01 02:00:00+00:00,2026-06-01 02:00:00+00:00,73174.5703125,73605.81482138131,72312.08129473738,LOSS,-1,-17.654618852458597,1747.8072663934013
BTCUSD,SELL,2026-06-01 03:00:00+00:00,2026-06-01 04:00:00+00:00,2026-06-01 07:00:00+00:00,73661.7265625,74124.29084487088,72736.59799775825,WIN,2,34.95614532786803,1782.7634117212692
BTCUSD,SELL,2026-06-01 17:00:00+00:00,2026-06-01 18:00:00+00:00,2026-06-02 02:00:00+00:00,71531.7265625,72191.62776643332,70211.92415463335,WIN,2,35.655268234425385,1818.4186799556946
BTCUSD,SELL,2026-06-03 04:00:00+00:00,2026-06-03 05:00:00+00:00,2026-06-03 06:00:00+00:00,66420.34375,67403.10166612687,64454.827917746275,LOSS,-1,-18.184186799556947,1800.2344931561377
BTCUSD,SELL,2026-06-03 21:00:00+00:00,2026-06-03 22:00:00+00:00,2026-06-04 00:00:00+00:00,65610.9921875,66543.89524555753,63745.186071384946,WIN,2,36.004689863122756,1836.2391830192605
BTCUSD,SELL,2026-06-04 02:00:00+00:00,2026-06-04 03:00:00+00:00,2026-06-04 04:00:00+00:00,63180.98046875,64478.36738876422,60586.20662872156,LOSS,-1,-18.362391830192607,1817.876791189068
BTCUSD,SELL,2026-06-09 16:00:00+00:00,2026-06-09 17:00:00+00:00,2026-06-09 20:00:00+00:00,61342.37109375,62134.657372903195,59757.79853544362,LOSS,-1,-18.17876791189068,1799.6980232771773
BTCUSD,SELL,2026-06-10 18:00:00+00:00,2026-06-10 19:00:00+00:00,2026-06-11 03:00:00+00:00,61805.80078125,62667.50842787835,60082.3854879933,LOSS,-1,-17.996980232771772,1781.7010430444054
BTCUSD,BUY,2026-06-12 09:00:00+00:00,2026-06-12 10:00:00+00:00,2026-06-12 13:00:00+00:00,63678.78125,63046.043382435026,64944.256985129956,LOSS,-1,-17.817010430444054,1763.8840326139614
BTCUSD,BUY,2026-06-12 14:00:00+00:00,2026-06-12 15:00:00+00:00,2026-06-14 21:00:00+00:00,63937.94921875,63292.380916569295,65229.08582311142,WIN,2,35.27768065227923,1799.1617132662407
BTCUSD,BUY,2026-06-15 01:00:00+00:00,2026-06-15 02:00:00+00:00,2026-06-15 12:00:00+00:00,65487.08984375,64946.75060706377,66567.76831712246,WIN,2,35.98323426532482,1835.1449475315655
BTCUSD,BUY,2026-06-15 17:00:00+00:00,2026-06-15 18:00:00+00:00,2026-06-15 22:00:00+00:00,66819.96875,66233.60202408014,67992.70220183973,LOSS,-1,-18.351449475315658,1816.79349805625
BTCUSD,BUY,2026-06-16 03:00:00+00:00,2026-06-16 04:00:00+00:00,2026-06-16 14:00:00+00:00,66118.9296875,65565.49069001425,67225.8076824715,LOSS,-1,-18.1679349805625,1798.6255630756875
BTCUSD,SELL,2026-06-17 19:00:00+00:00,2026-06-17 20:00:00+00:00,2026-06-18 15:00:00+00:00,64216.48828125,65078.10425830536,62493.25632713928,WIN,2,35.97251126151375,1834.5980743372013
BTCUSD,SELL,2026-06-18 16:00:00+00:00,2026-06-18 17:00:00+00:00,2026-06-19 23:00:00+00:00,62619.98046875,63391.8968321076,61076.147742034795,LOSS,-1,-18.345980743372014,1816.2520935938294
BTCUSD,SELL,2026-06-20 13:00:00+00:00,2026-06-20 14:00:00+00:00,2026-06-20 14:00:00+00:00,63329.8515625,63758.16772075806,62473.21924598388,LOSS,-1,-18.162520935938293,1798.089572657891
BTCUSD,BUY,2026-06-20 22:00:00+00:00,2026-06-20 23:00:00+00:00,2026-06-21 20:00:00+00:00,64188.4609375,63745.91786936889,65073.54707376222,LOSS,-1,-17.98089572657891,1780.1086769313122
BTCUSD,BUY,2026-06-22 01:00:00+00:00,2026-06-22 02:00:00+00:00,2026-06-22 03:00:00+00:00,64548.421875,64008.230910103266,65628.80380479347,LOSS,-1,-17.801086769313123,1762.307590161999
BTCUSD,BUY,2026-06-22 05:00:00+00:00,2026-06-22 06:00:00+00:00,2026-06-22 13:00:00+00:00,64188.3515625,63650.62066414035,65263.813359219304,WIN,2,35.24615180323998,1797.5537419652392
BTCUSD,BUY,2026-06-22 14:00:00+00:00,2026-06-22 15:00:00+00:00,2026-06-22 18:00:00+00:00,64901.55859375,64263.4108219782,66177.8541372936,LOSS,-1,-17.975537419652394,1779.5782045455867
BTCUSD,BUY,2026-06-22 19:00:00+00:00,2026-06-22 20:00:00+00:00,2026-06-22 22:00:00+00:00,64421.98828125,63820.230277721515,65625.50428830697,LOSS,-1,-17.795782045455866,1761.782422500131
BTCUSD,SELL,2026-06-23 05:00:00+00:00,2026-06-23 06:00:00+00:00,2026-06-23 08:00:00+00:00,63307.98828125,63864.24159305863,62195.48165763275,WIN,2,35.23564845000262,1797.0180709501335
BTCUSD,SELL,2026-06-23 13:00:00+00:00,2026-06-23 14:00:00+00:00,2026-06-24 01:00:00+00:00,62394.98828125,63010.04025321856,61164.884337312884,LOSS,-1,-17.970180709501335,1779.0478902406321
BTCUSD,SELL,2026-06-24 12:00:00+00:00,2026-06-24 13:00:00+00:00,2026-06-24 13:00:00+00:00,62535.6796875,63053.18389476324,61500.671272973515,WIN,2,35.58095780481264,1814.6288480454448
BTCUSD,SELL,2026-06-24 20:00:00+00:00,2026-06-24 21:00:00+00:00,2026-06-25 07:00:00+00:00,60894.5703125,61777.27107639817,59129.168784703674,LOSS,-1,-18.146288480454448,1796.4825595649904
BTCUSD,SELL,2026-06-25 10:00:00+00:00,2026-06-25 11:00:00+00:00,2026-06-25 13:00:00+00:00,61183.44921875,61828.74511060328,59892.85743504344,WIN,2,35.92965119129981,1832.4122107562903
BTCUSD,SELL,2026-06-25 14:00:00+00:00,2026-06-25 15:00:00+00:00,2026-06-26 07:00:00+00:00,59361.75,60491.54931992536,57102.15136014927,LOSS,-1,-18.324122107562903,1814.0880886487273
BTCUSD,SELL,2026-06-26 09:00:00+00:00,2026-06-26 10:00:00+00:00,2026-06-27 15:00:00+00:00,59638.9296875,60617.73713296108,57681.314796577826,LOSS,-1,-18.140880886487274,1795.94720776224
BTCUSD,SELL,2026-06-27 22:00:00+00:00,2026-06-27 23:00:00+00:00,2026-06-28 22:00:00+00:00,60132.109375,60625.66736442958,59144.993396140846,WIN,2,35.9189441552448,1831.8661519174848
BTCUSD,SELL,2026-06-28 23:00:00+00:00,2026-06-29 00:00:00+00:00,2026-06-29 03:00:00+00:00,59478.7890625,60055.22919159639,58325.908804307226,LOSS,-1,-18.31866151917485,1813.54749039831
BTCUSD,SELL,2026-06-29 04:00:00+00:00,2026-06-29 05:00:00+00:00,2026-06-29 12:00:00+00:00,59743.0,60393.6152927683,58441.76941446339,LOSS,-1,-18.1354749039831,1795.4120154943269
BTCUSD,SELL,2026-06-29 13:00:00+00:00,2026-06-29 14:00:00+00:00,2026-06-29 17:00:00+00:00,59459.12109375,60197.58268870258,57982.19790384483,LOSS,-1,-17.95412015494327,1777.4578953393836
BTCUSD,SELL,2026-06-30 03:00:00+00:00,2026-06-30 04:00:00+00:00,2026-06-30 13:00:00+00:00,59502.98828125,60149.132642899895,58210.69955795021,WIN,2,35.54915790678768,1813.0070532461714
BTCUSD,SELL,2026-07-01 06:00:00+00:00,2026-07-01 07:00:00+00:00,2026-07-01 13:00:00+00:00,58687.94140625,59329.9776754548,57403.86886784041,LOSS,-1,-18.130070532461716,1794.8769827137096
BTCUSD,BUY,2026-07-01 22:00:00+00:00,2026-07-01 23:00:00+00:00,2026-07-02 00:00:00+00:00,60403.28125,59650.00433200344,61909.83508599312,LOSS,-1,-17.948769827137095,1776.9282128865725
BTCUSD,BUY,2026-07-02 02:00:00+00:00,2026-07-02 03:00:00+00:00,2026-07-02 13:00:00+00:00,60361.98828125,59608.77925594211,61868.40633186578,WIN,2,35.53856425773145,1812.466777144304
BTCUSD,BUY,2026-07-03 22:00:00+00:00,2026-07-03 23:00:00+00:00,2026-07-05 22:00:00+00:00,62512.7890625,62010.24817133497,63517.87084483006,WIN,2,36.24933554288608,1848.71611268719
BTCUSD,BUY,2026-07-05 23:00:00+00:00,2026-07-06 00:00:00+00:00,2026-07-06 03:00:00+00:00,63581.19140625,63124.913326830356,64493.74756508929,LOSS,-1,-18.4871611268719,1830.2289515603181
BTCUSD,BUY,2026-07-06 07:00:00+00:00,2026-07-06 08:00:00+00:00,2026-07-06 09:00:00+00:00,63024.26953125,62581.597618358675,63909.61335703265,LOSS,-1,-18.30228951560318,1811.926662044715
BTCUSD,BUY,2026-07-06 15:00:00+00:00,2026-07-06 16:00:00+00:00,2026-07-07 05:00:00+00:00,63512.05078125,62788.43257568547,64959.28719237907,LOSS,-1,-18.11926662044715,1793.8073954242677
BTCUSD,BUY,2026-07-07 11:00:00+00:00,2026-07-07 12:00:00+00:00,2026-07-07 14:00:00+00:00,63345.26171875,62784.039104466276,64467.70694731745,LOSS,-1,-17.93807395424268,1775.869321470025
BTCUSD,BUY,2026-07-07 22:00:00+00:00,2026-07-07 23:00:00+00:00,2026-07-08 02:00:00+00:00,63502.23046875,62836.34213783946,64834.00713057107,LOSS,-1,-17.75869321470025,1758.1106282553246
BTCUSD,SELL,2026-07-08 08:00:00+00:00,2026-07-08 09:00:00+00:00,2026-07-09 06:00:00+00:00,61945.3984375,62638.76379756676,60558.66771736649,LOSS,-1,-17.581106282553247,1740.5295219727714
BTCUSD,BUY,2026-07-09 17:00:00+00:00,2026-07-09 18:00:00+00:00,2026-07-10 08:00:00+00:00,63099.609375,62482.05601824109,64334.71608851781,WIN,2,34.81059043945543,1775.3401124122267
BTCUSD,BUY,2026-07-10 12:00:00+00:00,2026-07-10 13:00:00+00:00,2026-07-10 18:00:00+00:00,64241.44921875,63740.76326722162,65242.82112180676,LOSS,-1,-17.753401124122266,1757.5867112881044
BTCUSD,BUY,2026-07-12 01:00:00+00:00,2026-07-12 02:00:00+00:00,2026-07-12 06:00:00+00:00,64085.26171875,63748.318916664364,64759.14732292127,LOSS,-1,-17.575867112881046,1740.0108441752234
BTCUSD,BUY,2026-07-12 14:00:00+00:00,2026-07-12 15:00:00+00:00,2026-07-12 22:00:00+00:00,64155.4296875,63844.334710882635,64777.61964073472,LOSS,-1,-17.400108441752234,1722.610735733471
BTCUSD,BUY,2026-07-13 00:00:00+00:00,2026-07-13 01:00:00+00:00,2026-07-13 01:00:00+00:00,64015.390625,63655.67335679007,64734.825161419874,LOSS,-1,-17.226107357334712,1705.3846283761363
BTCUSD,SELL,2026-07-13 07:00:00+00:00,2026-07-13 08:00:00+00:00,2026-07-13 14:00:00+00:00,62935.9609375,63375.92574317281,62056.03132615437,WIN,2,34.107692567522726,1739.492320943659
BTCUSD,SELL,2026-07-13 18:00:00+00:00,2026-07-13 19:00:00+00:00,2026-07-14 00:00:00+00:00,61951.55859375,62480.410380719724,60893.85501981055,LOSS,-1,-17.39492320943659,1722.0973977342223
BTCUSD,SELL,2026-07-14 06:00:00+00:00,2026-07-14 07:00:00+00:00,2026-07-14 12:00:00+00:00,62541.140625,63006.57389870679,61610.27407758643,LOSS,-1,-17.220973977342222,1704.87642375688
BTCUSD,BUY,2026-07-15 01:00:00+00:00,2026-07-15 02:00:00+00:00,2026-07-16 07:00:00+00:00,64624.48046875,64104.360430286884,65664.72054567623,LOSS,-1,-17.0487642375688,1687.8276595193113
BTCUSD,BUY,2026-07-16 14:00:00+00:00,2026-07-16 15:00:00+00:00,2026-07-16 17:00:00+00:00,64529.4296875,64017.17826753749,65553.93252742501,LOSS,-1,-16.878276595193114,1670.9493829241183
BTCUSD,SELL,2026-07-17 01:00:00+00:00,2026-07-17 02:00:00+00:00,2026-07-17 13:00:00+00:00,63464.62890625,63964.60755510232,62464.671608545366,WIN,2,33.418987658482365,1704.3683705826006
BTCUSD,BUY,2026-07-18 10:00:00+00:00,2026-07-18 11:00:00+00:00,2026-07-18 18:00:00+00:00,63961.48046875,63680.230235887815,64523.98093447437,WIN,2,34.08736741165201,1738.4557379942526
BTCUSD,BUY,2026-07-19 03:00:00+00:00,2026-07-19 04:00:00+00:00,2026-07-19 11:00:00+00:00,64670.12109375,64411.30576870812,65187.75174383377,LOSS,-1,-17.384557379942525,1721.07118061431
BTCUSD,BUY,2026-07-19 14:00:00+00:00,2026-07-19 15:00:00+00:00,2026-07-19 18:00:00+00:00,64547.2109375,64284.74855790182,65072.135696696365,LOSS,-1,-17.2107118061431,1703.8604688081668
BTCUSD,BUY,2026-07-19 20:00:00+00:00,2026-07-19 21:00:00+00:00,2026-07-20 00:00:00+00:00,64492.51171875,64227.95109493606,65021.63296637788,WIN,2,34.07720937616334,1737.9376781843303
BTCUSD,BUY,2026-07-20 11:00:00+00:00,2026-07-20 12:00:00+00:00,2026-07-20 13:00:00+00:00,64947.16015625,64433.057159333526,65975.36615008295,LOSS,-1,-17.379376781843302,1720.558301402487
BTCUSD,BUY,2026-07-20 15:00:00+00:00,2026-07-20 16:00:00+00:00,2026-07-21 14:00:00+00:00,65562.0,64916.787983247705,66852.42403350459,WIN,2,34.41116602804974,1754.9694674305367
BTCUSD,BUY,2026-07-21 15:00:00+00:00,2026-07-21 16:00:00+00:00,2026-07-21 17:00:00+00:00,66647.578125,66151.88821769743,67638.95793960513,LOSS,-1,-17.549694674305368,1737.4197727562314
BTCUSD,BUY,2026-07-22 15:00:00+00:00,2026-07-22 16:00:00+00:00,2026-07-23 05:00:00+00:00,66012.7109375,65536.42594598884,66965.28092052232,LOSS,-1,-17.374197727562315,1720.0455750286692
BTCUSD,SELL,2026-07-23 13:00:00+00:00,2026-07-23 14:00:00+00:00,2026-07-24 03:00:00+00:00,64844.5390625,65286.358339592116,63960.90050831577,LOSS,-1,-17.200455750286693,1702.8451192783825
BTCUSD,SELL,2026-07-24 10:00:00+00:00,2026-07-24 11:00:00+00:00,2026-07-24 13:00:00+00:00,64903.08984375,65320.133294763626,64069.00294172275,WIN,2,34.05690238556765,1736.90202166395
BTCUSD,SELL,2026-07-24 17:00:00+00:00,2026-07-24 18:00:00+00:00,2026-07-26 14:00:00+00:00,64110.7890625,64622.38767849005,63087.591830519894,LOSS,-1,-17.369020216639502,1719.5330014473107
BTCUSD,BUY,2026-07-26 18:00:00+00:00,2026-07-26 19:00:00+00:00,2026-07-26 22:00:00+00:00,64686.19921875,64477.210561118496,65104.176534013015,WIN,2,34.390660028946215,1753.923661476257
BTCUSD,BUY,2026-07-27 00:00:00+00:00,2026-07-27 01:00:00+00:00,2026-07-27 14:00:00+00:00,65070.4296875,64776.39130037894,65658.50646174212,LOSS,-1,-17.53923661476257,1736.3844248614944
BTCUSD,BUY,2026-07-27 17:00:00+00:00,2026-07-27 18:00:00+00:00,2026-07-27 22:00:00+00:00,64951.08984375,64462.35699510538,65928.55554103924,LOSS,-1,-17.363844248614946,1719.0205806128795
BTCUSD,SELL,2026-07-28 05:00:00+00:00,2026-07-28 06:00:00+00:00,2026-07-28 15:00:00+00:00,63385.51171875,63865.76722123041,62425.00071378919,LOSS,-1,-17.190205806128795,1701.8303748067508
BTCUSD,SELL,2026-07-28 17:00:00+00:00,2026-07-28 18:00:00+00:00,2026-07-29 06:00:00+00:00,63619.46875,64178.43313545772,62501.53997908455,LOSS,-1,-17.01830374806751,1684.8120710586834
BTCUSD,BUY,2026-07-29 13:00:00+00:00,2026-07-29 14:00:00+00:00,2026-07-29 14:00:00+00:00,64611.87890625,64127.62877814077,65580.37916246847,LOSS,-1,-16.848120710586834,1667.9639503480967
BTCUSD,SELL,2026-07-29 16:00:00+00:00,2026-07-29 17:00:00+00:00,2026-07-29 18:00:00+00:00,63716.640625,64251.60824903872,62646.70537692257,LOSS,-1,-16.679639503480967,1651.2843108446157
BTCUSD,SELL,2026-07-29 19:00:00+00:00,2026-07-29 20:00:00+00:00,2026-07-30 01:00:00+00:00,63523.4296875,64202.631218430186,62165.02662563962,LOSS,-1,-16.512843108446155,1634.7714677361696
BTCUSD,SELL,2026-07-30 04:00:00+00:00,2026-07-30 05:00:00+00:00,2026-07-30 09:00:00+00:00,63927.98046875,64523.78462835046,62736.37214954908,LOSS,-1,-16.347714677361697,1618.423753058808
BTCUSD,SELL,2026-07-31 09:00:00+00:00,2026-07-31 10:00:00+00:00,2026-07-31 14:00:00+00:00,63632.359375,64076.18745587004,62744.70321325992,WIN,2,32.36847506117616,1650.7922281199842
BTCUSD,SELL,2026-07-31 17:00:00+00:00,2026-07-31 18:00:00+00:00,2026-08-02 22:00:00+00:00,63177.41015625,63699.04124109215,62134.14798656571,LOSS,-1,-16.507922281199843,1634.2843058387843
BTCUSD,SELL,2026-08-03 02:00:00+00:00,2026-08-03 03:00:00+00:00,2026-08-03 08:00:00+00:00,63058.640625,63391.341343595246,62393.23918780951,WIN,2,32.685686116775685,1666.96999195556
BTCUSD,BUY,2026-08-03 17:00:00+00:00,2026-08-03 18:00:00+00:00,2026-08-03 22:00:00+00:00,63852.76171875,63364.032203227136,64830.220749795735,LOSS,-1,-16.6696999195556,1650.3002920360045
BTCUSD,BUY,2026-08-04 01:00:00+00:00,2026-08-04 02:00:00+00:00,2026-08-05 17:00:00+00:00,63806.41015625,63344.17443750006,64730.88159374988,WIN,2,33.00600584072009,1683.3062978767246
BTCUSD,BUY,2026-08-06 14:00:00+00:00,2026-08-06 15:00:00+00:00,2026-08-06 18:00:00+00:00,64716.51171875,64347.563636359875,65454.40788353026,LOSS,-1,-16.833062978767245,1666.4732348979574
BTCUSD,BUY,2026-08-07 08:00:00+00:00,2026-08-07 09:00:00+00:00,2026-08-07 12:00:00+00:00,64552.890625,64224.516040263945,65209.63979447212,WIN,2,33.329464697959146,1699.8026995959165
BTCUSD,BUY,2026-08-07 13:00:00+00:00,2026-08-07 14:00:00+00:00,2026-08-07 17:00:00+00:00,64950.0390625,64577.0101857951,65696.0968159098,LOSS,-1,-16.998026995959165,1682.8046725999573
BTCUSD,BUY,2026-08-09 10:00:00+00:00,2026-08-09 11:00:00+00:00,2026-08-09 13:00:00+00:00,64905.4609375,64767.09476407478,65182.19328435043,WIN,2,33.65609345199915,1716.4607660519564
BTCUSD,BUY,2026-08-09 15:00:00+00:00,2026-08-09 16:00:00+00:00,2026-08-09 22:00:00+00:00,65175.73046875,65021.832552951004,65483.52630034799,LOSS,-1,-17.164607660519565,1699.2961583914368
BTCUSD,BUY,2026-08-10 01:00:00+00:00,2026-08-10 02:00:00+00:00,2026-08-10 02:00:00+00:00,65163.609375,64895.16170558259,65700.50471383482,LOSS,-1,-16.99296158391437,1682.3031968075225
BTCUSD,BUY,2026-08-10 05:00:00+00:00,2026-08-10 06:00:00+00:00,2026-08-10 12:00:00+00:00,65087.578125,64800.149391145715,65662.43559270857,LOSS,-1,-16.823031968075224,1665.4801648394473
BTCUSD,SELL,2026-08-10 15:00:00+00:00,2026-08-10 16:00:00+00:00,2026-08-11 15:00:00+00:00,64174.01171875,64550.80368446902,63420.42778731196,WIN,2,33.30960329678895,1698.7897681362363
BTCUSD,SELL,2026-08-11 19:00:00+00:00,2026-08-11 20:00:00+00:00,2026-08-12 02:00:00+00:00,63476.0,63837.60348497081,62752.79303005838,LOSS,-1,-16.987897681362362,1681.801870454874
BTCUSD,SELL,2026-08-12 13:00:00+00:00,2026-08-12 14:00:00+00:00,2026-08-13 16:00:00+00:00,63743.109375,64081.53556124232,63066.257002515355,WIN,2,33.63603740909748,1715.4379078639715
BTCUSD,SELL,2026-08-14 02:00:00+00:00,2026-08-14 03:00:00+00:00,2026-08-14 08:00:00+00:00,63401.0,63733.1400491509,62736.719901698205,WIN,2,34.308758157279435,1749.746666021251
BTCUSD,SELL,2026-08-14 15:00:00+00:00,2026-08-14 16:00:00+00:00,2026-08-16 16:00:00+00:00,62912.390625,63270.095378297636,62196.98111840472,LOSS,-1,-17.49746666021251,1732.2491993610386
BTCUSD,SELL,2026-08-16 20:00:00+00:00,2026-08-16 21:00:00+00:00,2026-08-16 22:00:00+00:00,62997.4296875,63129.99339639348,62732.30226971304,WIN,2,34.64498398722077,1766.8941833482593
BTCUSD,BUY,2026-08-17 10:00:00+00:00,2026-08-17 11:00:00+00:00,2026-08-17 15:00:00+00:00,63606.578125,63330.71254780266,64158.30927939469,WIN,2,35.33788366696518,1802.2320670152244
BTCUSD,BUY,2026-08-17 22:00:00+00:00,2026-08-17 23:00:00+00:00,2026-08-18 14:00:00+00:00,64240.21875,63914.52943666354,64891.597376672915,WIN,2,36.04464134030449,1838.2767083555289
BTCUSD,BUY,2026-08-19 08:00:00+00:00,2026-08-19 09:00:00+00:00,2026-08-19 12:00:00+00:00,64356.46875,64079.48117325077,64910.44390349845,WIN,2,36.76553416711058,1875.0422425226395
BTCUSD,BUY,2026-08-21 11:00:00+00:00,2026-08-21 12:00:00+00:00,2026-08-24 14:00:00+00:00,76740.953125,75255.36606860765,79712.12723778472,WIN,2,37.50084485045279,1912.5430873730922
BTCUSD,BUY,2026-08-25 03:00:00+00:00,2026-08-25 04:00:00+00:00,2026-08-25 07:00:00+00:00,80458.25,79415.3407000947,82544.06859981059,LOSS,-1,-19.125430873730924,1893.4176564993613
BTCUSD,BUY,2026-08-25 10:00:00+00:00,2026-08-25 11:00:00+00:00,2026-08-25 13:00:00+00:00,79294.8828125,78229.32000044643,81426.00843660712,LOSS,-1,-18.934176564993614,1874.4834799343678
BTCUSD,BUY,2026-08-25 14:00:00+00:00,2026-08-25 15:00:00+00:00,2026-08-25 21:00:00+00:00,79232.7265625,78159.52921739804,81379.12125270392,LOSS,-1,-18.74483479934368,1855.7386451350242
BTCUSD,BUY,2026-08-26 02:00:00+00:00,2026-08-26 03:00:00+00:00,2026-08-26 12:00:00+00:00,79092.4765625,78203.6121132637,80870.2054609726,LOSS,-1,-18.557386451350244,1837.1812586836738
BTCUSD,BUY,2026-08-27 01:00:00+00:00,2026-08-27 02:00:00+00:00,2026-08-27 09:00:00+00:00,78897.75,78177.6889076041,80337.87218479182,WIN,2,36.74362517367348,1873.9248838573474
BTCUSD,BUY,2026-08-28 06:00:00+00:00,2026-08-28 07:00:00+00:00,2026-08-28 10:00:00+00:00,79909.078125,79199.34846305088,81328.53744889826,LOSS,-1,-18.739248838573474,1855.1856350187738
BTCUSD,BUY,2026-08-30 15:00:00+00:00,2026-08-30 16:00:00+00:00,2026-08-30 20:00:00+00:00,78827.1171875,78451.80739272539,79577.73677704921,LOSS,-1,-18.551856350187737,1836.633778668586
BTCUSD,BUY,2026-08-31 17:00:00+00:00,2026-08-31 18:00:00+00:00,2026-09-01 08:00:00+00:00,78890.1484375,78150.44969740407,80369.54591769187,LOSS,-1,-18.36633778668586,1818.2674408819003
BTCUSD,SELL,2026-09-01 16:00:00+00:00,2026-09-01 17:00:00+00:00,2026-09-03 12:00:00+00:00,77566.84375,78246.9407039209,76206.6498421582,LOSS,-1,-18.182674408819004,1800.0847664730813
BTCUSD,BUY,2026-09-04 00:00:00+00:00,2026-09-04 01:00:00+00:00,2026-09-04 12:00:00+00:00,80979.109375,80128.91507101351,82679.49798297299,LOSS,-1,-18.000847664730813,1782.0839188083505
BTCUSD,BUY,2026-09-05 15:00:00+00:00,2026-09-05 16:00:00+00:00,2026-09-06 14:00:00+00:00,79802.0078125,79450.85854761965,80504.3063422607,LOSS,-1,-17.820839188083507,1764.263079620267
BTCUSD,BUY,2026-09-06 18:00:00+00:00,2026-09-06 19:00:00+00:00,2026-09-07 03:00:00+00:00,79943.4765625,79607.89011267053,80614.64946215892,LOSS,-1,-17.64263079620267,1746.6204488240644
BTCUSD,SELL,2026-09-07 15:00:00+00:00,2026-09-07 16:00:00+00:00,2026-09-07 19:00:00+00:00,78815.046875,79273.59351233771,77897.95360032457,LOSS,-1,-17.466204488240646,1729.1542443358237
BTCUSD,SELL,2026-09-07 22:00:00+00:00,2026-09-07 23:00:00+00:00,2026-09-08 01:00:00+00:00,78923.9921875,79338.48236712793,78095.01182824415,LOSS,-1,-17.29154244335824,1711.8627018924656
BTCUSD,SELL,2026-09-08 02:00:00+00:00,2026-09-08 03:00:00+00:00,2026-09-08 13:00:00+00:00,78914.0078125,79356.4986038136,78029.0262298728,WIN,2,34.23725403784931,1746.099955930315
BTCUSD,SELL,2026-09-08 16:00:00+00:00,2026-09-08 17:00:00+00:00,2026-09-09 05:00:00+00:00,78730.8203125,79319.88930068025,77552.68233613949,LOSS,-1,-17.46099955930315,1728.6389563710118
BTCUSD,BUY,2026-09-09 13:00:00+00:00,2026-09-09 14:00:00+00:00,2026-09-09 15:00:00+00:00,79050.6796875,78430.95811486604,80290.12283276794,LOSS,-1,-17.286389563710117,1711.3525668073016
BTCUSD,SELL,2026-09-10 13:00:00+00:00,2026-09-10 14:00:00+00:00,2026-09-11 12:00:00+00:00,77179.1484375,77831.3680023137,75874.7093078726,LOSS,-1,-17.113525668073017,1694.2390411392287
BTCUSD,SELL,2026-09-11 17:00:00+00:00,2026-09-11 18:00:00+00:00,2026-09-14 14:00:00+00:00,77505.1796875,78491.2177041515,75533.103654197,LOSS,-1,-16.94239041139229,1677.2966507278363
BTCUSD,BUY,2026-09-14 19:00:00+00:00,2026-09-14 20:00:00+00:00,2026-09-14 23:00:00+00:00,78985.0078125,78388.65996125195,80177.7035149961,LOSS,-1,-16.772966507278362,1660.523684220558
BTCUSD,SELL,2026-09-15 09:00:00+00:00,2026-09-15 10:00:00+00:00,2026-09-15 14:00:00+00:00,76951.5234375,77500.10118637588,75854.36793974823,WIN,2,33.210473684411156,1693.7341579049692
BTCUSD,SELL,2026-09-15 15:00:00+00:00,2026-09-15 16:00:00+00:00,2026-09-15 17:00:00+00:00,76493.5625,77206.99989802207,75066.68770395586,LOSS,-1,-16.937341579049694,1676.7968163259195
BTCUSD,SELL,2026-09-16 21:00:00+00:00,2026-09-16 22:00:00+00:00,2026-09-17 01:00:00+00:00,75923.6875,76690.21779910276,74390.62690179449,LOSS,-1,-16.767968163259194,1660.0288481626603
BTCUSD,BUY,2026-09-19 03:00:00+00:00,2026-09-19 04:00:00+00:00,2026-09-20 02:00:00+00:00,81105.046875,80405.59423171732,82503.95216156536,LOSS,-1,-16.600288481626603,1643.4285596810337
BTCUSD,BUY,2026-09-20 14:00:00+00:00,2026-09-20 15:00:00+00:00,2026-09-21 00:00:00+00:00,80639.59375,80195.80177916896,81527.17769166209,WIN,2,32.868571193620674,1676.2971308746544
BTCUSD,BUY,2026-09-22 00:00:00+00:00,2026-09-22 01:00:00+00:00,2026-09-23 14:00:00+00:00,85903.5078125,84981.52494949034,87747.47353851932,LOSS,-1,-16.762971308746543,1659.5341595659079
BTCUSD,BUY,2026-09-27 02:00:00+00:00,2026-09-27 03:00:00+00:00,2026-09-27 10:00:00+00:00,84432.8515625,84098.71679273837,85101.12110202324,WIN,2,33.19068319131816,1692.724842757226
