ACTIVO,DIRECCION,MODELO,SISTEMA,THRESHOLD,COST_BPS,PERIOD_TYPE,PERIOD,TRADES,WIN RATE,PROFIT FACTOR,EXPECTANCY R,R TOTAL,RETURN %,MAX DRAWDOWN %
BTCUSD,LONG,LOGISTIC,ML_ONLY,0.65,1,YEAR,2025,76,36.84210526315789,1.1399550090909363,0.08960561020231539,6.81002637537597,6.203824726585117,6.908575815143064
BTCUSD,LONG,LOGISTIC,ML_ONLY,0.65,1,YEAR,2026,8,37.5,1.1734975510795524,0.10995247563677016,0.8796198050941613,0.7986856549665617,2.9982831248169495
BTCUSD,LONG,LOGISTIC,ML_ONLY,0.65,1,QUARTER,2025Q1,48,37.5,1.1773814481558733,0.11197560408745703,5.374828996197937,4.991990247915396,6.908575815143064
BTCUSD,LONG,LOGISTIC,ML_ONLY,0.65,1,QUARTER,2025Q2,20,45.0,1.5859051237552146,0.3290763542821022,6.581527085642044,6.555687841110193,4.03357742994516
BTCUSD,LONG,LOGISTIC,ML_ONLY,0.65,1,QUARTER,2025Q4,8,12.5,0.2776700334697007,-0.6432912133080015,-5.146329706464012,-5.069153818203415,5.957404493315059
BTCUSD,LONG,LOGISTIC,ML_ONLY,0.65,1,QUARTER,2026Q1,8,37.5,1.1734975510795524,0.10995247563677016,0.8796198050941613,0.7986856549665617,2.9982831248169495
BTCUSD,LONG,LOGISTIC,ML_ONLY,0.65,1,FOLD,1,68,39.705882352941174,1.287868717404347,0.17582876590941152,11.956356081839983,11.874937386737633,6.908575815143064
BTCUSD,LONG,LOGISTIC,ML_ONLY,0.65,1,FOLD,3,8,12.5,0.2776700334697007,-0.6432912133080015,-5.146329706464012,-5.069153818203415,5.957404493315059
BTCUSD,LONG,LOGISTIC,ML_ONLY,0.65,1,FOLD,4,8,37.5,1.1734975510795524,0.10995247563677016,0.8796198050941613,0.7986856549665617,2.9982831248169495
BTCUSD,LONG,LOGISTIC,ML_ONLY,0.65,2,YEAR,2025,76,36.84210526315789,1.107488744698677,0.07015818131146224,5.3320217796711304,4.6461093061998096,7.023566769273539
BTCUSD,LONG,LOGISTIC,ML_ONLY,0.65,2,YEAR,2026,8,37.5,1.1477162198683732,0.09490495127354304,0.7592396101883443,0.6776717140116603,3.026460832882231
BTCUSD,LONG,LOGISTIC,ML_ONLY,0.65,2,QUARTER,2025Q1,48,37.5,1.1444361524680065,0.09295056294406423,4.461627021315083,4.037728736164536,7.023566769273539
BTCUSD,LONG,LOGISTIC,ML_ONLY,0.65,2,QUARTER,2025Q2,20,45.0,1.5374981310295615,0.30815270856420335,6.163054171284067,6.111920840945618,4.12668941821739
BTCUSD,LONG,LOGISTIC,ML_ONLY,0.65,2,QUARTER,2025Q4,8,12.5,0.2699023644020387,-0.6615824266160024,-5.292659412928019,-5.2087942807977585,6.0627263732065995
BTCUSD,LONG,LOGISTIC,ML_ONLY,0.65,2,QUARTER,2026Q1,8,37.5,1.1477162198683732,0.09490495127354304,0.7592396101883443,0.6776717140116603,3.026460832882231
BTCUSD,LONG,LOGISTIC,ML_ONLY,0.65,2,FOLD,1,68,39.705882352941174,1.2508415382079274,0.15624531165586986,10.62468119259915,10.396432361236634,7.023566769273539
BTCUSD,LONG,LOGISTIC,ML_ONLY,0.65,2,FOLD,3,8,12.5,0.2699023644020387,-0.6615824266160024,-5.292659412928019,-5.2087942807977585,6.0627263732065995
BTCUSD,LONG,LOGISTIC,ML_ONLY,0.65,2,FOLD,4,8,37.5,1.1477162198683732,0.09490495127354304,0.7592396101883443,0.6776717140116603,3.026460832882231
BTCUSD,LONG,LOGISTIC,ML_ONLY,0.65,5,YEAR,2025,76,36.84210526315789,1.0171226769701904,0.01181589463890278,0.8980079925566113,0.10680848105071163,7.36782274103116
BTCUSD,LONG,LOGISTIC,ML_ONLY,0.65,5,YEAR,2026,8,37.5,1.0744161553088953,0.049762378183861644,0.39809902547089315,0.31538054727599274,3.110961461734576
BTCUSD,LONG,LOGISTIC,ML_ONLY,0.65,5,QUARTER,2025Q1,48,37.5,1.0527306205498848,0.035875439513885755,1.7220210966665164,1.2254914420701992,7.36782274103116
BTCUSD,LONG,LOGISTIC,ML_ONLY,0.65,5,QUARTER,2025Q2,20,45.0,1.403407042243916,0.24538177141050702,4.90763542821014,4.791082158218638,4.4056270439216245
BTCUSD,LONG,LOGISTIC,ML_ONLY,0.65,5,QUARTER,2025Q4,8,12.5,0.24812320706120636,-0.7164560665400056,-5.731648532320045,-5.626644564544551,6.378107408460538
BTCUSD,LONG,LOGISTIC,ML_ONLY,0.65,5,QUARTER,2026Q1,8,37.5,1.0744161553088953,0.049762378183861644,0.39809902547089315,0.31538054727599274,3.110961461734576
BTCUSD,LONG,LOGISTIC,ML_ONLY,0.65,5,FOLD,1,68,39.705882352941174,1.1479093996304963,0.09749494889524492,6.629656524876655,6.07528790212034,7.36782274103116
BTCUSD,LONG,LOGISTIC,ML_ONLY,0.65,5,FOLD,3,8,12.5,0.24812320706120636,-0.7164560665400056,-5.731648532320045,-5.626644564544551,6.378107408460538
BTCUSD,LONG,LOGISTIC,ML_ONLY,0.65,5,FOLD,4,8,37.5,1.0744161553088953,0.049762378183861644,0.39809902547089315,0.31538054727599274,3.110961461734576
BTCUSD,LONG,RF_ACTUAL,BASE_PLUS_ML,0.55,1,YEAR,2025,57,40.35087719298245,1.2495558959071662,0.1566171783917054,8.927179168327207,8.66361765348554,9.603758266470177
BTCUSD,LONG,RF_ACTUAL,BASE_PLUS_ML,0.55,1,YEAR,2026,23,39.130434782608695,1.171033477898489,0.11020743302048742,2.534770959471211,2.316879484396054,4.5065791231990815
BTCUSD,LONG,RF_ACTUAL,BASE_PLUS_ML,0.55,1,QUARTER,2025Q1,14,42.857142857142854,1.4083316616556412,0.2415590916547702,3.381827283166783,3.279339554155513,4.347425765892126
BTCUSD,LONG,RF_ACTUAL,BASE_PLUS_ML,0.55,1,QUARTER,2025Q2,18,55.55555555555556,2.3292569679925212,0.617202091462,11.109637646316001,11.492298808345254,2.089286290777684
BTCUSD,LONG,RF_ACTUAL,BASE_PLUS_ML,0.55,1,QUARTER,2025Q3,19,21.052631578947366,0.4846661994006401,-0.4339511488793276,-8.245071828707225,-8.061696898966158,9.603758266470159
BTCUSD,LONG,RF_ACTUAL,BASE_PLUS_ML,0.55,1,QUARTER,2025Q4,6,50.0,1.8556760988574161,0.4467976779252744,2.6807860675516464,2.6430039681998325,3.1003514328331714
BTCUSD,LONG,RF_ACTUAL,BASE_PLUS_ML,0.55,1,QUARTER,2026Q1,6,50.0,1.913856581106555,0.46754640458427127,2.8052784275056277,2.7703460423121897,2.036043693250646
BTCUSD,LONG,RF_ACTUAL,BASE_PLUS_ML,0.55,1,QUARTER,2026Q2,3,33.33333333333333,0.9365106375462067,-0.04357805438331397,-0.1307341631499419,-0.15963849431527707,2.04855041549564
BTCUSD,LONG,RF_ACTUAL,BASE_PLUS_ML,0.55,1,QUARTER,2026Q3,14,35.714285714285715,0.9855776770161528,-0.009983807491748145,-0.13977330488447404,-0.28205438376940034,4.216156902458714
BTCUSD,LONG,RF_ACTUAL,BASE_PLUS_ML,0.55,1,FOLD,1,26,50.0,1.8814425818152187,0.4571833147814297,11.886766184317173,12.267989002955801,4.347425765892126
BTCUSD,LONG,RF_ACTUAL,BASE_PLUS_ML,0.55,1,FOLD,2,25,28.000000000000004,0.7055210006370056,-0.22561492334166441,-5.64037308354161,-5.702785848078441,9.603758266470157
BTCUSD,LONG,RF_ACTUAL,BASE_PLUS_ML,0.55,1,FOLD,3,7,57.14285714285714,2.467092713265952,0.6566172328160134,4.5963206297120935,4.609166184850415,3.1003514328331714
BTCUSD,LONG,RF_ACTUAL,BASE_PLUS_ML,0.55,1,FOLD,4,8,37.5,1.147987856420954,0.09487621277440472,0.7590097021952378,0.6777675749773948,4.042884727208533
BTCUSD,LONG,RF_ACTUAL,BASE_PLUS_ML,0.55,1,FOLD,5,14,35.714285714285715,0.9855776770161528,-0.009983807491748145,-0.13977330488447404,-0.28205438376940034,4.216156902458714
BTCUSD,LONG,RF_ACTUAL,BASE_PLUS_ML,0.55,2,YEAR,2025,57,40.35087719298245,1.1559310750985128,0.1027080409939384,5.854358336654489,5.380220617295413,10.496549318017165
BTCUSD,LONG,RF_ACTUAL,BASE_PLUS_ML,0.55,2,YEAR,2026,23,39.130434782608695,1.0683822305181703,0.046501822562713305,1.069541918942406,0.8312805553506337,5.490405366503469
BTCUSD,LONG,RF_ACTUAL,BASE_PLUS_ML,0.55,2,QUARTER,2025Q1,14,42.857142857142854,1.3227015300216234,0.19740389759525767,2.7636545663336074,2.6462122450154766,4.696079818685064
BTCUSD,LONG,RF_ACTUAL,BASE_PLUS_ML,0.55,2,QUARTER,2025Q2,18,55.55555555555556,2.172532193582711,0.5677375162573367,10.21927529263206,10.510597948322971,2.1885232945828252
BTCUSD,LONG,RF_ACTUAL,BASE_PLUS_ML,0.55,2,QUARTER,2025Q3,19,21.052631578947366,0.44172197358483944,-0.49948124512707714,-9.490143657414466,-9.20529276014272,10.49654931801717
BTCUSD,LONG,RF_ACTUAL,BASE_PLUS_ML,0.55,2,QUARTER,2025Q4,6,50.0,1.7231022122013886,0.3935953558505478,2.3615721351032866,2.3179226124792534,3.230507165254468
BTCUSD,LONG,RF_ACTUAL,BASE_PLUS_ML,0.55,2,QUARTER,2026Q1,6,50.0,1.8315389611137927,0.43509280916854415,2.6105568550112648,2.572073330236685,2.0820765744920844
BTCUSD,LONG,RF_ACTUAL,BASE_PLUS_ML,0.55,2,QUARTER,2026Q2,3,33.33333333333333,0.8765669823779213,-0.08715610876663689,-0.2614683262999107,-0.28937534597993136,2.107083338022744
BTCUSD,LONG,RF_ACTUAL,BASE_PLUS_ML,0.55,2,QUARTER,2026Q3,14,35.714285714285715,0.8767641800744482,-0.09139618641206779,-1.279546609768949,-1.4118512657525684,4.971216199018076
BTCUSD,LONG,RF_ACTUAL,BASE_PLUS_ML,0.55,2,FOLD,1,26,50.0,1.7711263301290603,0.41436662956286163,10.773532368634402,11.032371663641948,4.696079818685064
BTCUSD,LONG,RF_ACTUAL,BASE_PLUS_ML,0.55,2,FOLD,2,25,28.000000000000004,0.6414745276378663,-0.2912298466833281,-7.280746167083202,-7.240633707359597,10.49654931801713
BTCUSD,LONG,RF_ACTUAL,BASE_PLUS_ML,0.55,2,FOLD,3,7,57.14285714285714,2.28376691297801,0.5989487513463102,4.192641259424171,4.191434502082894,3.230507165254468
BTCUSD,LONG,RF_ACTUAL,BASE_PLUS_ML,0.55,2,FOLD,4,8,37.5,1.0985253048426498,0.06475242554880867,0.5180194043904693,0.43619881206918765,4.145288823928826
BTCUSD,LONG,RF_ACTUAL,BASE_PLUS_ML,0.55,2,FOLD,5,14,35.714285714285715,0.8767641800744482,-0.09139618641206779,-1.279546609768949,-1.4118512657525684,4.971216199018076
BTCUSD,LONG,RF_ACTUAL,BASE_PLUS_ML,0.55,5,YEAR,2025,57,40.35087719298245,0.9215118781045164,-0.059019371199362694,-3.3641041583636735,-3.898113722236076,13.126091381813456
BTCUSD,LONG,RF_ACTUAL,BASE_PLUS_ML,0.55,5,YEAR,2026,23,39.130434782608695,0.8162513402654704,-0.14461500881060932,-3.3261452026440144,-3.504055263506246,8.952311845944632
BTCUSD,LONG,RF_ACTUAL,BASE_PLUS_ML,0.55,5,QUARTER,2025Q1,14,42.857142857142854,1.0966107840829915,0.06493831541671995,0.9091364158340793,0.768085490655733,5.735295537697084
BTCUSD,LONG,RF_ACTUAL,BASE_PLUS_ML,0.55,5,QUARTER,2025Q2,18,55.55555555555556,1.771096571907907,0.4193437906433466,7.548188231580239,7.6132729821784775,2.4859385841630726
BTCUSD,LONG,RF_ACTUAL,BASE_PLUS_ML,0.55,5,QUARTER,2025Q3,19,21.052631578947366,0.33864574358794614,-0.696071533870326,-13.225359143536195,-12.556073884755072,13.126091381813424
BTCUSD,LONG,RF_ACTUAL,BASE_PLUS_ML,0.55,5,QUARTER,2025Q4,6,50.0,1.3830930109932134,0.23398838962636725,1.4039303377582035,1.347587626120196,3.6204004805683865
BTCUSD,LONG,RF_ACTUAL,BASE_PLUS_ML,0.55,5,QUARTER,2026Q1,6,50.0,1.605151408260718,0.33773202292136295,2.0263921375281777,1.9789762508277025,2.220110346160987
BTCUSD,LONG,RF_ACTUAL,BASE_PLUS_ML,0.55,5,QUARTER,2026Q2,3,33.33333333333333,0.7152695790912471,-0.21789027191660507,-0.6536708157498152,-0.6779764207325798,2.2825771477930177
BTCUSD,LONG,RF_ACTUAL,BASE_PLUS_ML,0.55,5,QUARTER,2026Q3,14,35.714285714285715,0.6228015255050192,-0.3356333231730269,-4.698866524422376,-4.730726084089508,7.778367728512768
BTCUSD,LONG,RF_ACTUAL,BASE_PLUS_ML,0.55,5,FOLD,1,26,50.0,1.481843036836268,0.2859165739071577,7.4338309215861,7.402788913067275,5.735295537697084
BTCUSD,LONG,RF_ACTUAL,BASE_PLUS_ML,0.55,5,FOLD,2,25,28.000000000000004,0.4866410423971346,-0.48807461670831914,-12.201865417707978,-11.711744094542597,13.12609138181342
BTCUSD,LONG,RF_ACTUAL,BASE_PLUS_ML,0.55,5,FOLD,3,7,57.14285714285714,1.8135954449084453,0.42594330693720034,2.9816031485604024,2.9465209605014255,3.6204004805683865
BTCUSD,LONG,RF_ACTUAL,BASE_PLUS_ML,0.55,5,FOLD,4,8,37.5,0.9636889208193802,-0.02561893612797958,-0.20495148902383664,-0.28558438585209844,4.452011762536749
BTCUSD,LONG,RF_ACTUAL,BASE_PLUS_ML,0.55,5,FOLD,5,14,35.714285714285715,0.6228015255050192,-0.3356333231730269,-4.698866524422376,-4.730726084089508,7.778367728512768
BTCUSD,LONG,RF_SIMPLE,BASE_PLUS_ML,0.55,1,YEAR,2025,11,45.45454545454545,1.5820439465499707,0.3275013039688988,3.6025143436578873,3.536802311205315,2.1706311262954956
BTCUSD,LONG,RF_SIMPLE,BASE_PLUS_ML,0.55,1,YEAR,2026,17,41.17647058823529,1.127123475627313,0.08048135590208126,1.3681830503353813,1.2064583971619753,5.242169661652247
BTCUSD,LONG,RF_SIMPLE,BASE_PLUS_ML,0.55,1,QUARTER,2025Q1,3,33.33333333333333,0.9464012763567277,-0.036407200562190635,-0.10922160168657191,-0.13793936672466317,2.027383763743433
BTCUSD,LONG,RF_SIMPLE,BASE_PLUS_ML,0.55,1,QUARTER,2025Q2,6,50.0,1.897124035047373,0.4673698396545223,2.8042190379271337,2.767567423366518,2.035499514711114
BTCUSD,LONG,RF_SIMPLE,BASE_PLUS_ML,0.55,1,QUARTER,2025Q4,2,50.0,1.8846337176469623,0.45375845370866275,0.9075169074173255,0.8876829475708861,1.0258674175694218
BTCUSD,LONG,RF_SIMPLE,BASE_PLUS_ML,0.55,1,QUARTER,2026Q2,3,66.66666666666666,3.6050076122011876,0.930139837603886,2.790419512811658,2.7859354647941927,1.0711751857238543
BTCUSD,LONG,RF_SIMPLE,BASE_PLUS_ML,0.55,1,QUARTER,2026Q3,14,35.714285714285715,0.8532484179422465,-0.10158831874830547,-1.4222364624762767,-1.5366665298028237,4.216156902458726
BTCUSD,LONG,RF_SIMPLE,BASE_PLUS_ML,0.55,1,FOLD,1,9,44.44444444444444,1.5219270033348016,0.29944415958228465,2.6949974362405618,2.6258104916644016,2.1706311262954956
BTCUSD,LONG,RF_SIMPLE,BASE_PLUS_ML,0.55,1,FOLD,3,2,50.0,1.8846337176469623,0.45375845370866275,0.9075169074173255,0.8876829475708861,1.0258674175694218
BTCUSD,LONG,RF_SIMPLE,BASE_PLUS_ML,0.55,1,FOLD,4,3,66.66666666666666,3.6050076122011876,0.930139837603886,2.790419512811658,2.7859354647941927,1.0711751857238543
BTCUSD,LONG,RF_SIMPLE,BASE_PLUS_ML,0.55,1,FOLD,5,14,35.714285714285715,0.8532484179422465,-0.10158831874830547,-1.4222364624762767,-1.5366665298028237,4.216156902458726
BTCUSD,LONG,RF_SIMPLE,BASE_PLUS_ML,0.55,2,YEAR,2025,11,45.45454545454545,1.502446974678851,0.2913662443014297,3.2050286873157265,3.12800371578121,2.3218869564936426
BTCUSD,LONG,RF_SIMPLE,BASE_PLUS_ML,0.55,2,YEAR,2026,17,41.17647058823529,1.0014959637437104,0.0010141984629636108,0.017241373870381382,-0.15034424148145717,6.056777863750839
BTCUSD,LONG,RF_SIMPLE,BASE_PLUS_ML,0.55,2,QUARTER,2025Q1,3,33.33333333333333,0.8947530467568141,-0.07281440112438668,-0.21844320337316003,-0.24601805399901197,2.064760406630808
BTCUSD,LONG,RF_SIMPLE,BASE_PLUS_ML,0.55,2,QUARTER,2025Q2,6,50.0,1.8022076001285172,0.4347396793090412,2.6084380758542474,2.5665284092473257,2.0809885099307053
BTCUSD,LONG,RF_SIMPLE,BASE_PLUS_ML,0.55,2,QUARTER,2025Q4,2,50.0,1.7749423025691087,0.4075169074173193,0.8150338148346385,0.7954003586514204,1.0517348351388403
BTCUSD,LONG,RF_SIMPLE,BASE_PLUS_ML,0.55,2,QUARTER,2026Q2,3,66.66666666666666,3.259235949083216,0.8602796752077605,2.5808390256232814,2.5725663962866747,1.1423503714477317
BTCUSD,LONG,RF_SIMPLE,BASE_PLUS_ML,0.55,2,QUARTER,2026Q3,14,35.714285714285715,0.7530945288268664,-0.18311411798234994,-2.5635976517528993,-2.6546188064050624,4.9712161990180785
BTCUSD,LONG,RF_SIMPLE,BASE_PLUS_ML,0.55,2,FOLD,1,9,44.44444444444444,1.448647990357882,0.26555498583123194,2.3899948724810876,2.314196232000563,2.3218869564936426
BTCUSD,LONG,RF_SIMPLE,BASE_PLUS_ML,0.55,2,FOLD,3,2,50.0,1.7749423025691087,0.4075169074173193,0.8150338148346385,0.7954003586514204,1.0517348351388403
BTCUSD,LONG,RF_SIMPLE,BASE_PLUS_ML,0.55,2,FOLD,4,3,66.66666666666666,3.259235949083216,0.8602796752077605,2.5808390256232814,2.5725663962866747,1.1423503714477317
BTCUSD,LONG,RF_SIMPLE,BASE_PLUS_ML,0.55,2,FOLD,5,14,35.714285714285715,0.7530945288268664,-0.18311411798234994,-2.5635976517528993,-2.6546188064050624,4.9712161990180785
BTCUSD,LONG,RF_SIMPLE,BASE_PLUS_ML,0.55,5,YEAR,2025,11,45.45454545454545,1.2896995821489319,0.18296106529902192,2.0125717182892413,1.9100559727853124,2.774645868731318
BTCUSD,LONG,RF_SIMPLE,BASE_PLUS_ML,0.55,5,YEAR,2026,17,41.17647058823529,0.7078448940775496,-0.23738727385438937,-4.035583655524619,-4.119181561437017,9.028778641461729
BTCUSD,LONG,RF_SIMPLE,BASE_PLUS_ML,0.55,5,QUARTER,2025Q1,3,33.33333333333333,0.7505017345017134,-0.18203600281097576,-0.5461080084329273,-0.5698901917697867,2.1768476101566874
BTCUSD,LONG,RF_SIMPLE,BASE_PLUS_ML,0.55,5,QUARTER,2025Q2,6,50.0,1.5569385986564341,0.33684919827259857,2.0210951896355915,1.9652060748895792,2.2173923786404544
BTCUSD,LONG,RF_SIMPLE,BASE_PLUS_ML,0.55,5,QUARTER,2025Q4,2,50.0,1.476017783239004,0.26879226854328875,0.5375845370865775,0.5187593729508535,1.1293370878471218
BTCUSD,LONG,RF_SIMPLE,BASE_PLUS_ML,0.55,5,QUARTER,2026Q2,3,66.66666666666666,2.4397317061642116,0.6506991880193836,1.952097564058151,1.934229948223765,1.3558759286193667
BTCUSD,LONG,RF_SIMPLE,BASE_PLUS_ML,0.55,5,QUARTER,2026Q3,14,35.714285714285715,0.5193427585035507,-0.42769151568448366,-5.987681219582771,-5.938546367334641,7.778367728512762
BTCUSD,LONG,RF_SIMPLE,BASE_PLUS_ML,0.55,5,FOLD,1,9,44.44444444444444,1.2535317133515738,0.16388746457807377,1.4749871812026638,1.3841163664509395,2.774645868731318
BTCUSD,LONG,RF_SIMPLE,BASE_PLUS_ML,0.55,5,FOLD,3,2,50.0,1.476017783239004,0.26879226854328875,0.5375845370865775,0.5187593729508535,1.1293370878471218
BTCUSD,LONG,RF_SIMPLE,BASE_PLUS_ML,0.55,5,FOLD,4,3,66.66666666666666,2.4397317061642116,0.6506991880193836,1.952097564058151,1.934229948223765,1.3558759286193667
BTCUSD,LONG,RF_SIMPLE,BASE_PLUS_ML,0.55,5,FOLD,5,14,35.714285714285715,0.5193427585035507,-0.42769151568448366,-5.987681219582771,-5.938546367334641,7.778367728512762
BTCUSD,SHORT,LOGISTIC,BASE_PLUS_ML,0.55,1,YEAR,2025,71,38.028169014084504,1.1572519863865283,0.10030655533457679,7.121765428754952,6.588241385944799,11.875491453692415
BTCUSD,SHORT,LOGISTIC,BASE_PLUS_ML,0.55,1,YEAR,2026,8,37.5,1.1458386132704224,0.09386245272306454,0.7508996217845163,0.6691696909656571,3.037924222079605
BTCUSD,SHORT,LOGISTIC,BASE_PLUS_ML,0.55,1,QUARTER,2025Q1,16,50.0,1.8460312205960283,0.44760514842504884,7.161682374800781,7.21424834712277,4.177301010231849
BTCUSD,SHORT,LOGISTIC,BASE_PLUS_ML,0.55,1,QUARTER,2025Q2,22,31.818181818181817,0.9015657946429814,-0.06771283848005182,-1.48968244656114,-1.6850268098267975,5.210740126413289
BTCUSD,SHORT,LOGISTIC,BASE_PLUS_ML,0.55,1,QUARTER,2025Q3,31,35.483870967741936,1.0257478934856399,0.017164819649420918,0.5321094091320484,0.22026185629897554,8.624500512396878
BTCUSD,SHORT,LOGISTIC,BASE_PLUS_ML,0.55,1,QUARTER,2025Q4,2,50.0,1.8962196097017396,0.4588280456916308,0.9176560913832617,0.8977759415810511,1.023918782237604
BTCUSD,SHORT,LOGISTIC,BASE_PLUS_ML,0.55,1,QUARTER,2026Q1,7,42.857142857142854,1.4388593539966452,0.2570643117992103,1.799450182594472,1.735922274520317,3.037924222079605
BTCUSD,SHORT,LOGISTIC,BASE_PLUS_ML,0.55,1,QUARTER,2026Q2,1,0.0,0.0,-1.0485505608099557,-1.0485505608099557,-1.0485505608099517,1.0485505608099517
BTCUSD,SHORT,LOGISTIC,BASE_PLUS_ML,0.55,1,FOLD,1,31,41.935483870967744,1.3424739109890422,0.2089613717169288,6.477802523224793,6.324851714762531,4.435051533119893
BTCUSD,SHORT,LOGISTIC,BASE_PLUS_ML,0.55,1,FOLD,2,38,34.21052631578947,0.9892035194249148,-0.007202452259292128,-0.2736931858531009,-0.6442701942758958,9.579193396460628
BTCUSD,SHORT,LOGISTIC,BASE_PLUS_ML,0.55,1,FOLD,3,3,66.66666666666666,3.8197358774467247,0.9623935086223062,2.8871805258669188,2.8849822926010575,1.023918782237604
BTCUSD,SHORT,LOGISTIC,BASE_PLUS_ML,0.55,1,FOLD,4,7,28.57142857142857,0.7633204923467498,-0.17408925895702015,-1.218624812699141,-1.275238607544452,3.0379242220796074
BTCUSD,SHORT,LOGISTIC,BASE_PLUS_ML,0.55,2,YEAR,2025,71,38.028169014084504,1.0615299839091155,0.041489841888313186,2.945778774070236,2.230155259060575,14.108809105383777
BTCUSD,SHORT,LOGISTIC,BASE_PLUS_ML,0.55,2,YEAR,2026,8,37.5,1.0947205807826603,0.06272490544613135,0.5017992435690508,0.4190533320802615,3.105717011116609
BTCUSD,SHORT,LOGISTIC,BASE_PLUS_ML,0.55,2,QUARTER,2025Q1,16,50.0,1.708098289452751,0.3952102968500975,6.32336474960156,6.321228585419453,4.413774170889042
BTCUSD,SHORT,LOGISTIC,BASE_PLUS_ML,0.55,2,QUARTER,2025Q2,22,31.818181818181817,0.8392779323679554,-0.11566809383267382,-2.544698064318824,-2.71743858166584,5.944213565010878
BTCUSD,SHORT,LOGISTIC,BASE_PLUS_ML,0.55,2,QUARTER,2025Q3,31,35.483870967741936,0.9243950232888934,-0.05381290625738758,-1.668200093979015,-1.9615616519998187,10.046356929089939
BTCUSD,SHORT,LOGISTIC,BASE_PLUS_ML,0.55,2,QUARTER,2025Q4,2,50.0,1.7971771685670286,0.4176560913832582,0.8353121827665164,0.8155798323195995,1.0478375644752078
BTCUSD,SHORT,LOGISTIC,BASE_PLUS_ML,0.55,2,QUARTER,2026Q1,7,42.857142857142854,1.3806381797233451,0.22841433788413398,1.598900365188938,1.5329727145455536,3.105717011116609
BTCUSD,SHORT,LOGISTIC,BASE_PLUS_ML,0.55,2,QUARTER,2026Q2,1,0.0,0.0,-1.097101121619887,-1.097101121619887,-1.0971011216198918,1.0971011216198918
BTCUSD,SHORT,LOGISTIC,BASE_PLUS_ML,0.55,2,FOLD,1,31,41.935483870967744,1.249911174502078,0.15985822730482477,4.955605046449568,4.7201774533079295,4.870666786195985
BTCUSD,SHORT,LOGISTIC,BASE_PLUS_ML,0.55,2,FOLD,2,38,34.21052631578947,0.8946174655402553,-0.07487206460910122,-2.8451384551458463,-3.1675325299736983,11.15287673641393
BTCUSD,SHORT,LOGISTIC,BASE_PLUS_ML,0.55,2,FOLD,3,3,66.66666666666666,3.6477014623190485,0.9247870172446114,2.7743610517338344,2.770443192801031,1.0478375644752078
BTCUSD,SHORT,LOGISTIC,BASE_PLUS_ML,0.55,2,FOLD,4,7,28.57142857142857,0.7287020237832398,-0.20532137505689524,-1.4372496253982667,-1.4910827143785128,3.1057170111165986
BTCUSD,SHORT,LOGISTIC,BASE_PLUS_ML,0.55,5,YEAR,2025,71,38.028169014084504,0.8277682060058222,-0.13496029845047766,-9.582181189983913,-9.819125018370528,20.482985928625762
BTCUSD,SHORT,LOGISTIC,BASE_PLUS_ML,0.55,5,YEAR,2026,8,37.5,0.9572608919407378,-0.030687736384668318,-0.24550189107734655,-0.3280725383192703,3.3089068524667433
BTCUSD,SHORT,LOGISTIC,BASE_PLUS_ML,0.55,5,QUARTER,2025Q1,16,50.0,1.368847519236722,0.2380257421252433,3.808411874003893,3.683546760829745,5.120625625489538
BTCUSD,SHORT,LOGISTIC,BASE_PLUS_ML,0.55,5,QUARTER,2025Q2,22,31.818181818181817,0.6815584348749806,-0.25953385989054006,-5.709744917591881,-5.753021101682862,8.112754419091342
BTCUSD,SHORT,LOGISTIC,BASE_PLUS_ML,0.55,5,QUARTER,2025Q3,31,35.483870967741936,0.6851096632743867,-0.266746083977813,-8.269128603312204,-8.23599860779558,14.186793176588083
BTCUSD,SHORT,LOGISTIC,BASE_PLUS_ML,0.55,5,QUARTER,2025Q4,2,50.0,1.5254409219607528,0.29414022845814103,0.5882804569162821,0.5691591994802365,1.1195939111880306
BTCUSD,SHORT,LOGISTIC,BASE_PLUS_ML,0.55,5,QUARTER,2026Q1,7,42.857142857142854,1.2215401745027359,0.14246441613890484,0.9972509129723339,0.9261905244437799,3.3089068524667433
BTCUSD,SHORT,LOGISTIC,BASE_PLUS_ML,0.55,5,QUARTER,2026Q2,1,0.0,0.0,-1.2427528040496805,-1.2427528040496805,-1.2427528040496783,1.2427528040496783
BTCUSD,SHORT,LOGISTIC,BASE_PLUS_ML,0.55,5,FOLD,1,31,41.935483870967744,1.0172330293673395,0.012548794068512524,0.38901261612388827,0.04520625226949733,6.166812159473538
BTCUSD,SHORT,LOGISTIC,BASE_PLUS_ML,0.55,5,FOLD,2,38,34.21052631578947,0.6694185036729391,-0.27788090165852847,-10.559474263024082,-10.370011317211333,16.18241750877245
BTCUSD,SHORT,LOGISTIC,BASE_PLUS_ML,0.55,5,FOLD,3,3,66.66666666666666,3.175701926379529,0.8119675431115274,2.4359026293345822,2.427297283464486,1.1195939111880306
BTCUSD,SHORT,LOGISTIC,BASE_PLUS_ML,0.55,5,FOLD,4,7,28.57142857142857,0.6356107273202309,-0.29901772335652094,-2.0931240634956465,-2.136225337744611,3.3089068524667593
EURUSD,LONG,RF_ACTUAL,ML_ONLY,0.65,1,YEAR,2025,33,42.42424242424242,1.217727798666317,0.1433511803343121,4.730588951032299,4.454735016977429,7.567126716216416
EURUSD,LONG,RF_ACTUAL,ML_ONLY,0.65,1,YEAR,2026,7,57.14285714285714,2.138786697466351,0.5651219101883591,3.9558533713185136,3.943126577647081,1.2112535416104468
EURUSD,LONG,RF_ACTUAL,ML_ONLY,0.65,1,QUARTER,2025Q1,5,60.0,2.394330935204048,0.6551976963977099,3.2759884819885494,3.2620477496137257,1.2073463124734813
EURUSD,LONG,RF_ACTUAL,ML_ONLY,0.65,1,QUARTER,2025Q2,12,58.333333333333336,2.3993467283342333,0.6482938598199963,7.779526317839956,7.9209225515674015,2.5636399078930334
EURUSD,LONG,RF_ACTUAL,ML_ONLY,0.65,1,QUARTER,2025Q3,13,30.76923076923077,0.7311770663096735,-0.21191930477951276,-2.754950962133666,-2.841915210634238,4.187174139330506
EURUSD,LONG,RF_ACTUAL,ML_ONLY,0.65,1,QUARTER,2025Q4,3,0.0,0.0,-1.1899916288875125,-3.5699748866625374,-3.5276619247208143,3.5276619247208143
EURUSD,LONG,RF_ACTUAL,ML_ONLY,0.65,1,QUARTER,2026Q1,5,60.0,2.485194870738011,0.672047822272344,3.3602391113617203,3.3501771465133743,1.157362856677247
EURUSD,LONG,RF_ACTUAL,ML_ONLY,0.65,1,QUARTER,2026Q2,2,50.0,1.4917337613435426,0.29780712997839676,0.5956142599567935,0.5737285097180916,1.211253541610449
EURUSD,LONG,RF_ACTUAL,ML_ONLY,0.65,1,FOLD,1,17,58.82352941176471,2.397856681922338,0.6503243999899119,11.055514799828503,11.441354577023162,2.5636399078930405
EURUSD,LONG,RF_ACTUAL,ML_ONLY,0.65,1,FOLD,2,13,30.76923076923077,0.7311770663096735,-0.21191930477951276,-2.754950962133666,-2.841915210634238,4.187174139330506
EURUSD,LONG,RF_ACTUAL,ML_ONLY,0.65,1,FOLD,3,3,0.0,0.0,-1.1899916288875125,-3.5699748866625374,-3.5276619247208143,3.5276619247208143
EURUSD,LONG,RF_ACTUAL,ML_ONLY,0.65,1,FOLD,4,6,50.0,1.6186367264326114,0.3581642616252118,2.1489855697512708,2.0983444655655603,1.2112535416104468
EURUSD,LONG,RF_ACTUAL,ML_ONLY,0.65,1,FOLD,5,1,100.0,inf,1.8068678015672428,1.8068678015672428,1.8068678015672388,0.0
EURUSD,LONG,RF_ACTUAL,ML_ONLY,0.65,2,YEAR,2025,33,42.42424242424242,1.0188588756469599,0.01397508794134748,0.46117790206446685,0.08278676780550995,9.770554421093767
EURUSD,LONG,RF_ACTUAL,ML_ONLY,0.65,2,YEAR,2026,7,57.14285714285714,1.737610058450682,0.41595810609100525,2.911706742637037,2.8674646958432732,1.4225070832209858
EURUSD,LONG,RF_ACTUAL,ML_ONLY,0.65,2,QUARTER,2025Q1,5,60.0,1.9455228537418094,0.5103953927953795,2.551976963976897,2.519333595846524,1.4146926249470457
EURUSD,LONG,RF_ACTUAL,ML_ONLY,0.65,2,QUARTER,2025Q2,12,58.333333333333336,2.0719512848251895,0.546587719639993,6.559052635679915,6.617489669672613,3.1056784701208753
EURUSD,LONG,RF_ACTUAL,ML_ONLY,0.65,2,QUARTER,2025Q3,13,30.76923076923077,0.6077117544167964,-0.34691553263594493,-4.509901924267284,-4.538124310082435,5.334115704518987
EURUSD,LONG,RF_ACTUAL,ML_ONLY,0.65,2,QUARTER,2025Q4,3,0.0,0.0,-1.3799832577750204,-4.139949773325061,-4.083085662045869,4.083085662045869
EURUSD,LONG,RF_ACTUAL,ML_ONLY,0.65,2,QUARTER,2026Q1,5,60.0,2.0774253254418134,0.5440956445447144,2.720478222723572,2.694657298064908,1.314725713354452
EURUSD,LONG,RF_ACTUAL,ML_ONLY,0.65,2,QUARTER,2026Q2,2,50.0,1.1344306275652885,0.09561425995673245,0.1912285199134649,0.16827301665442745,1.422507083220978
EURUSD,LONG,RF_ACTUAL,ML_ONLY,0.65,2,FOLD,1,17,58.82352941176471,2.033253260367808,0.5359429176268713,9.111029599656812,9.30353990596891,3.1056784701208855
EURUSD,LONG,RF_ACTUAL,ML_ONLY,0.65,2,FOLD,2,13,30.76923076923077,0.6077117544167964,-0.34691553263594493,-4.509901924267284,-4.538124310082435,5.334115704518987
EURUSD,LONG,RF_ACTUAL,ML_ONLY,0.65,2,FOLD,3,3,0.0,0.0,-1.3799832577750204,-4.139949773325061,-4.083085662045869,4.083085662045869
EURUSD,LONG,RF_ACTUAL,ML_ONLY,0.65,2,FOLD,4,6,50.0,1.3288094072305923,0.21632852325043142,1.2979711395025886,1.2338185239104178,1.4225070832209858
EURUSD,LONG,RF_ACTUAL,ML_ONLY,0.65,2,FOLD,5,1,100.0,inf,1.6137356031344483,1.6137356031344483,1.6137356031344439,0.0
EURUSD,LONG,RF_ACTUAL,ML_ONLY,0.65,5,YEAR,2025,33,42.42424242424242,0.621666709296758,-0.3741531892375466,-12.347055244839037,-11.996941398277624,17.665690818380504
EURUSD,LONG,RF_ACTUAL,ML_ONLY,0.65,5,YEAR,2026,7,57.14285714285714,0.9588853285357535,-0.03153330620105594,-0.22073314340739159,-0.30322825870679254,2.696506386213497
EURUSD,LONG,RF_ACTUAL,ML_ONLY,0.65,5,QUARTER,2025Q1,5,60.0,1.1013847951256759,0.07598848198838795,0.37994240994193973,0.31641851015200473,2.0367315623677413
EURUSD,LONG,RF_ACTUAL,ML_ONLY,0.65,5,QUARTER,2025Q2,12,58.333333333333336,1.3716344864033316,0.24146929909998285,2.8976315891997944,2.7928036309990834,4.717506005089397
EURUSD,LONG,RF_ACTUAL,ML_ONLY,0.65,5,QUARTER,2025Q3,13,30.76923076923077,0.3586537945379528,-0.7519042162052413,-9.774754810668137,-9.464314878727622,9.464314878727622
EURUSD,LONG,RF_ACTUAL,ML_ONLY,0.65,5,QUARTER,2025Q4,3,0.0,0.0,-1.9499581444375451,-5.849874433312635,-5.736568789623902,5.736568789623902
EURUSD,LONG,RF_ACTUAL,ML_ONLY,0.65,5,QUARTER,2026Q1,5,60.0,1.2418738680070478,0.1602391113618255,0.8011955568091276,0.7477699376597343,1.7868142833860505
EURUSD,LONG,RF_ACTUAL,ML_ONLY,0.65,5,QUARTER,2026Q2,2,50.0,0.5030176779927406,-0.5109643501082596,-1.0219287002165192,-1.0431974792264442,2.0562677080525873
EURUSD,LONG,RF_ACTUAL,ML_ONLY,0.65,5,FOLD,1,17,58.82352941176471,1.2839072992806373,0.19279847053774912,3.277573999141735,3.118059088791756,4.717506005089391
EURUSD,LONG,RF_ACTUAL,ML_ONLY,0.65,5,FOLD,2,13,30.76923076923077,0.3586537945379528,-0.7519042162052413,-9.774754810668137,-9.464314878727622,9.464314878727622
EURUSD,LONG,RF_ACTUAL,ML_ONLY,0.65,5,FOLD,3,3,0.0,0.0,-1.9499581444375451,-5.849874433312635,-5.736568789623902,5.736568789623902
EURUSD,LONG,RF_ACTUAL,ML_ONLY,0.65,5,FOLD,4,6,50.0,0.7662250518171528,-0.20917869187390958,-1.2550721512434575,-1.3238739221514721,2.696506386213497
EURUSD,LONG,RF_ACTUAL,ML_ONLY,0.65,5,FOLD,5,1,100.0,inf,1.034339007836066,1.034339007836066,1.03433900783607,0.0
EURUSD,LONG,RF_SIMPLE,ML_ONLY,0.65,1,YEAR,2025,22,36.36363636363637,0.9760635031681746,-0.016917066089192724,-0.37217545396223994,-0.5996118745339686,3.9273209140678014
EURUSD,LONG,RF_SIMPLE,ML_ONLY,0.65,1,YEAR,2026,4,75.0,5.158073181490455,1.1488002819376535,4.595201127750614,4.639998906683377,1.1051275259430327
EURUSD,LONG,RF_SIMPLE,ML_ONLY,0.65,1,QUARTER,2025Q2,11,36.36363636363637,1.013278522940301,0.00915294048787914,0.10068234536667053,-0.013545640805875793,3.4978130231365756
EURUSD,LONG,RF_SIMPLE,ML_ONLY,0.65,1,QUARTER,2025Q3,11,36.36363636363637,0.9406412870054266,-0.04298707266626465,-0.47285779932891114,-0.5861456309098912,2.311328403042728
EURUSD,LONG,RF_SIMPLE,ML_ONLY,0.65,1,QUARTER,2026Q1,4,75.0,5.158073181490455,1.1488002819376535,4.595201127750614,4.639998906683377,1.1051275259430327
EURUSD,LONG,RF_SIMPLE,ML_ONLY,0.65,1,FOLD,1,11,36.36363636363637,1.013278522940301,0.00915294048787914,0.10068234536667053,-0.013545640805875793,3.4978130231365756
EURUSD,LONG,RF_SIMPLE,ML_ONLY,0.65,1,FOLD,2,11,36.36363636363637,0.9406412870054266,-0.04298707266626465,-0.47285779932891114,-0.5861456309098912,2.311328403042728
EURUSD,LONG,RF_SIMPLE,ML_ONLY,0.65,1,FOLD,4,4,75.0,5.158073181490455,1.1488002819376535,4.595201127750614,4.639998906683377,1.1051275259430327
EURUSD,LONG,RF_SIMPLE,ML_ONLY,0.65,2,YEAR,2025,22,36.36363636363637,0.839482566530604,-0.12474322308747884,-2.7443509079245345,-2.93335364673045,4.819400103566656
EURUSD,LONG,RF_SIMPLE,ML_ONLY,0.65,2,YEAR,2026,4,75.0,4.462412529467155,1.0476005638753014,4.190402255501206,4.221662870569912,1.210255051886054
EURUSD,LONG,RF_SIMPLE,ML_ONLY,0.65,2,QUARTER,2025Q2,11,36.36363636363637,0.9021842519414568,-0.07260320993333713,-0.7986353092667084,-0.9095037572299248,3.994476638670267
EURUSD,LONG,RF_SIMPLE,ML_ONLY,0.65,2,QUARTER,2025Q3,11,36.36363636363637,0.7821686720307497,-0.17688323624162058,-1.9457155986578265,-2.042425829155331,2.6321362686233556
EURUSD,LONG,RF_SIMPLE,ML_ONLY,0.65,2,QUARTER,2026Q1,4,75.0,4.462412529467155,1.0476005638753014,4.190402255501206,4.221662870569912,1.210255051886054
EURUSD,LONG,RF_SIMPLE,ML_ONLY,0.65,2,FOLD,1,11,36.36363636363637,0.9021842519414568,-0.07260320993333713,-0.7986353092667084,-0.9095037572299248,3.994476638670267
EURUSD,LONG,RF_SIMPLE,ML_ONLY,0.65,2,FOLD,2,11,36.36363636363637,0.7821686720307497,-0.17688323624162058,-1.9457155986578265,-2.042425829155331,2.6321362686233556
EURUSD,LONG,RF_SIMPLE,ML_ONLY,0.65,2,FOLD,4,4,75.0,4.462412529467155,1.0476005638753014,4.190402255501206,4.221662870569912,1.210255051886054
EURUSD,LONG,RF_SIMPLE,ML_ONLY,0.65,5,YEAR,2025,22,36.36363636363637,0.5464648577361771,-0.4482216940823371,-9.860877269811416,-9.626035063350855,10.048390293635814
EURUSD,LONG,RF_SIMPLE,ML_ONLY,0.65,5,YEAR,2026,4,75.0,2.9506635001580666,0.7440014096882448,2.976005638752979,2.9741720075154263,1.525637629715129
EURUSD,LONG,RF_SIMPLE,ML_ONLY,0.65,5,QUARTER,2025Q2,11,36.36363636363637,0.6472271144416719,-0.317871661196986,-3.496588273166846,-3.5538820339863038,5.471733388889168
EURUSD,LONG,RF_SIMPLE,ML_ONLY,0.65,5,QUARTER,2025Q3,11,36.36363636363637,0.462045317057003,-0.5785717269676882,-6.364288996644571,-6.295901957924661,6.295901957924661
EURUSD,LONG,RF_SIMPLE,ML_ONLY,0.65,5,QUARTER,2026Q1,4,75.0,2.9506635001580666,0.7440014096882448,2.976005638752979,2.9741720075154263,1.525637629715129
EURUSD,LONG,RF_SIMPLE,ML_ONLY,0.65,5,FOLD,1,11,36.36363636363637,0.6472271144416719,-0.317871661196986,-3.496588273166846,-3.5538820339863038,5.471733388889168
EURUSD,LONG,RF_SIMPLE,ML_ONLY,0.65,5,FOLD,2,11,36.36363636363637,0.462045317057003,-0.5785717269676882,-6.364288996644571,-6.295901957924661,6.295901957924661
EURUSD,LONG,RF_SIMPLE,ML_ONLY,0.65,5,FOLD,4,4,75.0,2.9506635001580666,0.7440014096882448,2.976005638752979,2.9741720075154263,1.525637629715129
GBPUSD,LONG,LOGISTIC,ML_ONLY,0.6,1,YEAR,2025,44,40.909090909090914,1.1112657745375782,0.0736498215872365,3.240592149838406,2.822652419394603,8.777144095696086
GBPUSD,LONG,LOGISTIC,ML_ONLY,0.6,1,YEAR,2026,11,63.63636363636363,2.994659821906944,0.7994205620925747,8.793626183018322,9.030965607735016,2.209195898477378
GBPUSD,LONG,LOGISTIC,ML_ONLY,0.6,1,QUARTER,2025Q1,4,25.0,0.5405454462426531,-0.39662966991498105,-1.5865186796599242,-1.6106516308315235,3.4134676847159824
GBPUSD,LONG,LOGISTIC,ML_ONLY,0.6,1,QUARTER,2025Q2,31,48.38709677419355,1.5171574551161702,0.29583242878467175,9.170805292324824,9.229728256384806,6.289143429937816
GBPUSD,LONG,LOGISTIC,ML_ONLY,0.6,1,QUARTER,2025Q3,9,22.22222222222222,0.45284145587763547,-0.4826327180918327,-4.343694462826495,-4.324692813296565,6.030800232976947
GBPUSD,LONG,LOGISTIC,ML_ONLY,0.6,1,QUARTER,2026Q1,9,55.55555555555556,2.1522869974321157,0.5644393873684537,5.079954486316083,5.09196226077695,2.209195898477378
GBPUSD,LONG,LOGISTIC,ML_ONLY,0.6,1,QUARTER,2026Q2,2,100.0,inf,1.8568358483511196,3.713671696702239,3.748149013702641,0.0
GBPUSD,LONG,LOGISTIC,ML_ONLY,0.6,1,FOLD,1,31,41.935483870967744,1.1564459411291972,0.10119076865742609,3.1369138283802087,2.8549608801613204,8.777144095696086
GBPUSD,LONG,LOGISTIC,ML_ONLY,0.6,1,FOLD,2,13,38.46153846153847,1.0114262647100714,0.007975255496784324,0.10367832145819622,-0.03141166987981023,6.030800232976914
GBPUSD,LONG,LOGISTIC,ML_ONLY,0.6,1,FOLD,4,11,63.63636363636363,2.994659821906944,0.7994205620925747,8.793626183018322,9.030965607735016,2.209195898477378
GBPUSD,LONG,LOGISTIC,ML_ONLY,0.6,2,YEAR,2025,44,40.909090909090914,0.9254269294184686,-0.054657954106737766,-2.4049499806964616,-2.8160868185916113,9.791039669959298
GBPUSD,LONG,LOGISTIC,ML_ONLY,0.6,2,YEAR,2026,11,63.63636363636363,2.575043903808386,0.6897502150942363,7.5872523660366,7.733777234272451,2.428149848628402
GBPUSD,LONG,LOGISTIC,ML_ONLY,0.6,2,QUARTER,2025Q1,4,25.0,0.44368053573728505,-0.5432593398299518,-2.173037359319807,-2.189266480019717,3.85550713755516
GBPUSD,LONG,LOGISTIC,ML_ONLY,0.6,2,QUARTER,2025Q2,31,48.38709677419355,1.2802537651748478,0.17598310658956154,5.455476304276408,5.260152108492434,6.7246096347616815
GBPUSD,LONG,LOGISTIC,ML_ONLY,0.6,2,QUARTER,2025Q3,9,22.22222222222222,0.3593319696912144,-0.6319321028503402,-5.687388925653062,-5.606112330977669,7.1211572109692725
GBPUSD,LONG,LOGISTIC,ML_ONLY,0.6,2,QUARTER,2026Q1,9,55.55555555555556,1.863558894794557,0.4622121080702304,4.159908972632073,4.134165502301926,2.428149848628402
GBPUSD,LONG,LOGISTIC,ML_ONLY,0.6,2,QUARTER,2026Q2,2,100.0,inf,1.7136716967022632,3.4273433934045263,3.4567057935380263,0.0
GBPUSD,LONG,LOGISTIC,ML_ONLY,0.6,2,FOLD,1,31,41.935483870967744,0.9722965856489559,-0.019751826568152154,-0.6123066236127168,-0.9254564970006072,9.791039669959298
GBPUSD,LONG,LOGISTIC,ML_ONLY,0.6,2,FOLD,2,13,38.46153846153847,0.823339099751985,-0.13789564285259567,-1.792643357083744,-1.908290722059951,7.121157210969279
GBPUSD,LONG,LOGISTIC,ML_ONLY,0.6,2,FOLD,4,11,63.63636363636363,2.575043903808386,0.6897502150942363,7.5872523660366,7.733777234272451,2.428149848628402
GBPUSD,LONG,LOGISTIC,ML_ONLY,0.6,5,YEAR,2025,44,40.909090909090914,0.5353256989003166,-0.43958128118866036,-19.341576372301056,-17.982307640317995,19.924168396917693
GBPUSD,LONG,LOGISTIC,ML_ONLY,0.6,5,YEAR,2026,11,63.63636363636363,1.65665764021438,0.36073917409922057,3.9681309150914266,3.925647979028827,3.0835600091232664
GBPUSD,LONG,LOGISTIC,ML_ONLY,0.6,5,QUARTER,2025Q1,4,25.0,0.25310280672151486,-0.9831483495748637,-3.932593398299455,-3.9099754173718226,5.173675738848444
GBPUSD,LONG,LOGISTIC,ML_ONLY,0.6,5,QUARTER,2025Q2,31,48.38709677419355,0.7692927484996054,-0.18356485999576902,-5.690510659868839,-5.830870432537893,10.002653705041018
GBPUSD,LONG,LOGISTIC,ML_ONLY,0.6,5,QUARTER,2025Q3,9,22.22222222222222,0.16887813847165162,-1.0798302571258624,-9.718472314132763,-9.359835457591828,10.32652802815271
GBPUSD,LONG,LOGISTIC,ML_ONLY,0.6,5,QUARTER,2026Q1,9,55.55555555555556,1.2316383409284053,0.15553027017555981,1.3997724315800384,1.3070405675111716,3.0835600091232664
GBPUSD,LONG,LOGISTIC,ML_ONLY,0.6,5,QUARTER,2026Q2,2,100.0,inf,1.284179241755694,2.568358483511388,2.58482272984038,0.0
GBPUSD,LONG,LOGISTIC,ML_ONLY,0.6,5,FOLD,1,31,41.935483870967744,0.5802601374434044,-0.3825796122448869,-11.859967979591493,-11.479509670400569,14.651684540043375
GBPUSD,LONG,LOGISTIC,ML_ONLY,0.6,5,FOLD,2,13,38.46153846153847,0.4403521972241407,-0.5755083379007355,-7.481608392709562,-7.346093481525849,10.326528028152703
GBPUSD,LONG,LOGISTIC,ML_ONLY,0.6,5,FOLD,4,11,63.63636363636363,1.65665764021438,0.36073917409922057,3.9681309150914266,3.925647979028827,3.0835600091232664
GOLD,LONG,LOGISTIC,BASE_PLUS_ML,0.55,1,YEAR,2025,71,49.29577464788733,1.750343285617357,0.407767809480638,28.9515144731253,32.445090099479806,7.383952286057305
GOLD,LONG,LOGISTIC,BASE_PLUS_ML,0.55,1,YEAR,2026,33,33.33333333333333,0.867943661663077,-0.09171877223636983,-3.0267194838002043,-3.2820986132065286,9.812692004695279
GOLD,LONG,LOGISTIC,BASE_PLUS_ML,0.55,1,QUARTER,2025Q1,15,46.666666666666664,1.55286587023448,0.31766248138557557,4.764937220783634,4.698885707209093,5.225306289595221
GOLD,LONG,LOGISTIC,BASE_PLUS_ML,0.55,1,QUARTER,2025Q2,12,50.0,1.8436503225334056,0.44543478987514784,5.345217478501774,5.336807382198935,3.356446789228134
GOLD,LONG,LOGISTIC,BASE_PLUS_ML,0.55,1,QUARTER,2025Q3,32,46.875,1.569075011124682,0.32651175560943596,10.44837617950195,10.600350490928143,7.383952286057322
GOLD,LONG,LOGISTIC,BASE_PLUS_ML,0.55,1,QUARTER,2025Q4,12,58.333333333333336,2.5927038460931313,0.6994152995281618,8.392983594337942,8.581828029842246,2.120545998987109
GOLD,LONG,LOGISTIC,BASE_PLUS_ML,0.55,1,QUARTER,2026Q1,13,38.46153846153847,1.1842846841476093,0.11765036170056639,1.529454702107363,1.400454227555406,4.0744399924876085
GOLD,LONG,LOGISTIC,BASE_PLUS_ML,0.55,1,QUARTER,2026Q2,6,33.33333333333333,0.5395325819891362,-0.318054801873873,-1.9083288112432382,-1.9303044740054929,3.0610143435307124
GOLD,LONG,LOGISTIC,BASE_PLUS_ML,0.55,1,QUARTER,2026Q3,14,28.57142857142857,0.7472505807622009,-0.18913181247602365,-2.647845374664331,-2.7404765919981173,4.286235455138011
GOLD,LONG,LOGISTIC,BASE_PLUS_ML,0.55,1,FOLD,1,25,52.0,1.950686053566261,0.4886189727111174,12.215474317777936,12.645530079938702,5.225306289595221
GOLD,LONG,LOGISTIC,BASE_PLUS_ML,0.55,1,FOLD,2,34,44.11764705882353,1.4076624667023951,0.24538401650027708,8.343056561009421,8.284114926250277,7.383952286057313
GOLD,LONG,LOGISTIC,BASE_PLUS_ML,0.55,1,FOLD,3,18,55.55555555555556,2.330638185513014,0.620023206234354,11.160417712218372,11.54693408803214,2.120545998987109
GOLD,LONG,LOGISTIC,BASE_PLUS_ML,0.55,1,FOLD,4,12,25.0,0.6323072391040837,-0.28576225210980083,-3.4291470253176097,-3.4732644691644055,7.010735143429728
GOLD,LONG,LOGISTIC,BASE_PLUS_ML,0.55,1,FOLD,5,15,33.33333333333333,0.7742488876469572,-0.15766710509086876,-2.3650065763630312,-2.4653889247573826,4.286235455138035
GOLD,LONG,LOGISTIC,BASE_PLUS_ML,0.55,2,YEAR,2025,71,49.29577464788733,1.5806114561515034,0.3366623795246578,23.903028946250704,25.945322735503485,7.97126476855662
GOLD,LONG,LOGISTIC,BASE_PLUS_ML,0.55,2,YEAR,2026,33,33.33333333333333,0.8163673115432963,-0.13265971214768746,-4.3777705008736865,-4.582309844093629,10.327144402611044
GOLD,LONG,LOGISTIC,BASE_PLUS_ML,0.55,2,QUARTER,2025Q1,15,46.666666666666664,1.3821357303391508,0.23532496277115492,3.5298744415673236,3.4181729953689914,5.548732908385057
GOLD,LONG,LOGISTIC,BASE_PLUS_ML,0.55,2,QUARTER,2025Q2,12,50.0,1.703040552301914,0.39086957975029635,4.690434957003556,4.651755824213251,3.7127834796404033
GOLD,LONG,LOGISTIC,BASE_PLUS_ML,0.55,2,QUARTER,2025Q3,32,46.875,1.4004324863861848,0.24677351121887148,7.896752359003887,7.820891284033701,7.971264768556619
GOLD,LONG,LOGISTIC,BASE_PLUS_ML,0.55,2,QUARTER,2025Q4,12,58.333333333333336,2.405589462890395,0.6488305990563275,7.785967188675929,7.92840169849203,2.251005524754385
GOLD,LONG,LOGISTIC,BASE_PLUS_ML,0.55,2,QUARTER,2026Q1,13,38.46153846153847,1.1231458115130353,0.08145456955497411,1.0589094042146634,0.9244944543777478,4.208341586031821
GOLD,LONG,LOGISTIC,BASE_PLUS_ML,0.55,2,QUARTER,2026Q2,6,33.33333333333333,0.500778932583219,-0.3568315259599623,-2.1409891557597738,-2.15874471698296,3.1518723301867912
GOLD,LONG,LOGISTIC,BASE_PLUS_ML,0.55,2,QUARTER,2026Q3,14,28.57142857142857,0.6990878697581459,-0.2354064820948984,-3.2956907493285774,-3.3703735926879403,4.602549841807883
GOLD,LONG,LOGISTIC,BASE_PLUS_ML,0.55,2,FOLD,1,25,52.0,1.761481506530715,0.4172379454222377,10.430948635555943,10.66174691122328,5.548732908385057
GOLD,LONG,LOGISTIC,BASE_PLUS_ML,0.55,2,FOLD,2,34,44.11764705882353,1.2592705211350814,0.16723862123584768,5.6861131220188215,5.450532270461441,7.97126476855661
GOLD,LONG,LOGISTIC,BASE_PLUS_ML,0.55,2,FOLD,3,18,55.55555555555556,2.176226051161958,0.5733797458020405,10.32083542443673,10.619117535300756,2.251005524754385
GOLD,LONG,LOGISTIC,BASE_PLUS_ML,0.55,2,FOLD,4,12,25.0,0.6002696177065018,-0.32152450421960216,-3.8582940506352257,-3.8880773896281764,7.22757236220874
GOLD,LONG,LOGISTIC,BASE_PLUS_ML,0.55,2,FOLD,5,15,33.33333333333333,0.7211239051648979,-0.20362297906661747,-3.0543446859992622,-3.13716179334408,4.602549841807898
GOLD,LONG,LOGISTIC,BASE_PLUS_ML,0.55,5,YEAR,2025,71,49.29577464788733,1.1790116785947475,0.12334608965671687,8.757572365626897,8.2730375422291,13.186211479739626
GOLD,LONG,LOGISTIC,BASE_PLUS_ML,0.55,5,YEAR,2026,33,33.33333333333333,0.6830426671972003,-0.2554825318816403,-8.430923552094129,-8.382246066927644,12.173763034995552
GOLD,LONG,LOGISTIC,BASE_PLUS_ML,0.55,5,QUARTER,2025Q1,15,46.666666666666664,0.9841960845662584,-0.011687593072107205,-0.17531389608160808,-0.3369451695958105,6.513722883405762
GOLD,LONG,LOGISTIC,BASE_PLUS_ML,0.55,5,QUARTER,2025Q2,12,50.0,1.355000653176147,0.22717394937574178,2.7260873925089015,2.6209646951531793,4.77524917955513
GOLD,LONG,LOGISTIC,BASE_PLUS_ML,0.55,5,QUARTER,2025Q3,32,46.875,1.0101624665005964,0.007558778047178034,0.2418808975096971,-0.11810494755305853,10.468028563528202
GOLD,LONG,LOGISTIC,BASE_PLUS_ML,0.55,5,QUARTER,2025Q4,12,58.333333333333336,1.9396199335270186,0.4970764976408251,5.964917971689902,5.98960153697576,2.6418652627371104
GOLD,LONG,LOGISTIC,BASE_PLUS_ML,0.55,5,QUARTER,2026Q1,13,38.46153846153847,0.962859421233726,-0.027132806881802522,-0.35272648946343277,-0.49112722873459236,4.609210934008322
GOLD,LONG,LOGISTIC,BASE_PLUS_ML,0.55,5,QUARTER,2026Q2,6,33.33333333333333,0.3987332830813321,-0.47316169821822945,-2.838970189309377,-2.841432982621268,3.4241083224394515
GOLD,LONG,LOGISTIC,BASE_PLUS_ML,0.55,5,QUARTER,2026Q3,14,28.57142857142857,0.576827832369512,-0.3742304909515228,-5.239226873321319,-5.237451233539696,5.546136198803241
GOLD,LONG,LOGISTIC,BASE_PLUS_ML,0.55,5,FOLD,1,25,52.0,1.3125387544163316,0.20309486355559886,5.077371588889972,4.909081967503743,6.513722883405762
GOLD,LONG,LOGISTIC,BASE_PLUS_ML,0.55,5,FOLD,2,34,44.11764705882353,0.9132209951627204,-0.06719756455744064,-2.2847171949529814,-2.625783832759214,11.121633242528638
GOLD,LONG,LOGISTIC,BASE_PLUS_ML,0.55,5,FOLD,3,18,55.55555555555556,1.7852078910209122,0.4334493645050999,7.802088561091798,7.879010045196969,2.6418652627371104
GOLD,LONG,LOGISTIC,BASE_PLUS_ML,0.55,5,FOLD,4,12,25.0,0.5159507725322151,-0.4288112605490055,-5.1457351265880655,-5.122778001679433,7.875494881257608
GOLD,LONG,LOGISTIC,BASE_PLUS_ML,0.55,5,FOLD,5,15,33.33333333333333,0.5862672451238911,-0.3414906009938638,-5.122359014907957,-5.1267042722183875,5.546136198803228
GOLD,LONG,LOGISTIC,BASE_PLUS_ML,0.6,1,YEAR,2025,44,47.72727272727273,1.6447529664161433,0.3615872224667722,15.909837788537978,16.636492922401043,8.053324699287918
GOLD,LONG,LOGISTIC,BASE_PLUS_ML,0.6,1,YEAR,2026,18,44.44444444444444,1.5122342948009293,0.29486095116980754,5.307497121056536,5.234354671636379,5.175893302951348
GOLD,LONG,LOGISTIC,BASE_PLUS_ML,0.6,1,QUARTER,2025Q1,10,40.0,1.1784960411295315,0.11543588735063422,1.1543588735063421,1.0530503951358243,4.19990553056009
GOLD,LONG,LOGISTIC,BASE_PLUS_ML,0.6,1,QUARTER,2025Q2,9,55.55555555555556,2.308481032032897,0.6142880002483847,5.528592002235462,5.56133448558644,3.150449497277194
GOLD,LONG,LOGISTIC,BASE_PLUS_ML,0.6,1,QUARTER,2025Q3,19,42.10526315789473,1.2934440472957294,0.18364696148829823,3.4892922682776666,3.332885124468362,6.560266182243818
GOLD,LONG,LOGISTIC,BASE_PLUS_ML,0.6,1,QUARTER,2025Q4,6,66.66666666666666,3.7417172507752694,0.9562657740864178,5.737594644518507,5.813626183777546,2.0817526409111964
GOLD,LONG,LOGISTIC,BASE_PLUS_ML,0.6,1,QUARTER,2026Q1,9,33.33333333333333,0.9498266824243627,-0.03455533515704872,-0.3109980164134385,-0.399467141059813,4.191511825106957
GOLD,LONG,LOGISTIC,BASE_PLUS_ML,0.6,1,QUARTER,2026Q2,2,50.0,1.9009856885638483,0.46285754034972004,0.9257150806994401,0.9056473742409822,1.0274470421111914
GOLD,LONG,LOGISTIC,BASE_PLUS_ML,0.6,1,QUARTER,2026Q3,7,57.14285714285714,2.496640524867258,0.6703971509672192,4.692780056770534,4.7081309031944105,1.0535332422775128
GOLD,LONG,LOGISTIC,BASE_PLUS_ML,0.6,1,FOLD,1,17,52.94117647058824,2.0234367441106746,0.5169570878961371,8.788270494234332,8.954720680518562,4.19990553056009
GOLD,LONG,LOGISTIC,BASE_PLUS_ML,0.6,1,FOLD,2,21,38.095238095238095,1.098882409000809,0.06590345951357804,1.3839726497851388,1.1688476466151656,7.050583310851527
GOLD,LONG,LOGISTIC,BASE_PLUS_ML,0.6,1,FOLD,3,10,60.0,2.8292670077430904,0.7596871690665424,7.596871690665425,7.747019936246261,2.0817526409111964
GOLD,LONG,LOGISTIC,BASE_PLUS_ML,0.6,1,FOLD,4,7,28.57142857142857,0.7590706164626688,-0.17779428312298803,-1.2445599818609163,-1.300838000414069,5.060024321413403
GOLD,LONG,LOGISTIC,BASE_PLUS_ML,0.6,1,FOLD,5,7,57.14285714285714,2.496640524867258,0.6703971509672192,4.692780056770534,4.7081309031944105,1.0535332422775128
GOLD,LONG,LOGISTIC,BASE_PLUS_ML,0.6,2,YEAR,2025,44,47.72727272727273,1.4864832261490533,0.2913562631153632,12.819675577075982,13.095551295432188,9.21600417627026
GOLD,LONG,LOGISTIC,BASE_PLUS_ML,0.6,2,YEAR,2026,18,44.44444444444444,1.430385654311741,0.25638856900627727,4.61499424211299,4.510649106370783,5.42189903761487
GOLD,LONG,LOGISTIC,BASE_PLUS_ML,0.6,2,QUARTER,2025Q1,10,40.0,1.0445205203652874,0.030871774701270272,0.3087177470127027,0.20371211236378028,4.4588865556102855
GOLD,LONG,LOGISTIC,BASE_PLUS_ML,0.6,2,QUARTER,2025Q2,9,55.55555555555556,2.1363445021983356,0.5619093338301024,5.057184004470922,5.067161265232426,3.330580301794682
GOLD,LONG,LOGISTIC,BASE_PLUS_ML,0.6,2,QUARTER,2025Q3,19,42.10526315789473,1.154798798037686,0.1041360282397523,1.9785845365552939,1.7848395671855428,7.236169039114923
GOLD,LONG,LOGISTIC,BASE_PLUS_ML,0.6,2,QUARTER,2025Q4,6,66.66666666666666,3.505346339667277,0.9125315481728439,5.475189289037063,5.538669885686772,2.173462430468626
GOLD,LONG,LOGISTIC,BASE_PLUS_ML,0.6,2,QUARTER,2026Q1,9,33.33333333333333,0.9027667589921461,-0.06911067031410295,-0.6219960328269265,-0.7087124462396446,4.413563372310405
GOLD,LONG,LOGISTIC,BASE_PLUS_ML,0.6,2,QUARTER,2026Q2,2,50.0,1.807123837486034,0.42571508069943764,0.8514301613988753,0.8313204597057166,1.0548940842223713
GOLD,LONG,LOGISTIC,BASE_PLUS_ML,0.6,2,QUARTER,2026Q3,7,57.14285714285714,2.3407049842346073,0.6265085876487202,4.385560113541041,4.388810305629159,1.1070664845550369
GOLD,LONG,LOGISTIC,BASE_PLUS_ML,0.6,2,FOLD,1,17,52.94117647058824,1.8258676744798936,0.4456788816746289,7.576540988468691,7.647748399846227,4.4588865556102855
GOLD,LONG,LOGISTIC,BASE_PLUS_ML,0.6,2,FOLD,2,21,38.095238095238095,0.9845217332186593,-0.011050223829989088,-0.23205470042977083,-0.45282151166346696,8.152774605792626
GOLD,LONG,LOGISTIC,BASE_PLUS_ML,0.6,2,FOLD,3,10,60.0,2.6706639342498564,0.7193743381330844,7.193743381330844,7.316866475238294,2.173462430468626
GOLD,LONG,LOGISTIC,BASE_PLUS_ML,0.6,2,FOLD,4,7,28.57142857142857,0.7206848707490832,-0.21273142338883333,-1.4891199637218333,-1.5421767044911803,5.218842123819274
GOLD,LONG,LOGISTIC,BASE_PLUS_ML,0.6,2,FOLD,5,7,57.14285714285714,2.3407049842346073,0.6265085876487202,4.385560113541041,4.388810305629159,1.1070664845550369
GOLD,LONG,LOGISTIC,BASE_PLUS_ML,0.6,5,YEAR,2025,44,47.72727272727273,1.1131059507910945,0.08066338506113607,3.549188942689987,3.0900510713924176,12.622287125345725
GOLD,LONG,LOGISTIC,BASE_PLUS_ML,0.6,5,YEAR,2026,18,44.44444444444444,1.2149078522204289,0.14097142251568645,2.537485605282356,2.3675309486471634,6.156608406516804
GOLD,LONG,LOGISTIC,BASE_PLUS_ML,0.6,5,QUARTER,2025Q1,10,40.0,0.7326912272839498,-0.22282056324682165,-2.2282056324682165,-2.306029511395798,5.232683685469885
GOLD,LONG,LOGISTIC,BASE_PLUS_ML,0.6,5,QUARTER,2025Q2,9,55.55555555555556,1.7106838841263035,0.4047733345752562,3.6429600111773057,3.596890003886051,3.8696618600486445
GOLD,LONG,LOGISTIC,BASE_PLUS_ML,0.6,5,QUARTER,2025Q3,19,42.10526315789473,0.8347666154670544,-0.13439677150588566,-2.553538658611828,-2.72894533170562,9.238181706464717
GOLD,LONG,LOGISTIC,BASE_PLUS_ML,0.6,5,QUARTER,2025Q4,6,66.66666666666666,2.9029685291926612,0.781328870432121,4.687973222592726,4.717351943524772,2.4483346910185015
GOLD,LONG,LOGISTIC,BASE_PLUS_ML,0.6,5,QUARTER,2026Q1,9,33.33333333333333,0.7776161991221828,-0.1727766757852654,-1.5549900820673885,-1.6313776250728325,5.077111900168943
GOLD,LONG,LOGISTIC,BASE_PLUS_ML,0.6,5,QUARTER,2026Q2,2,50.0,1.5527224251084515,0.3142877017485918,0.6285754034971835,0.6084939834424404,1.1372352105559116
GOLD,LONG,LOGISTIC,BASE_PLUS_ML,0.6,5,QUARTER,2026Q3,7,57.14285714285714,1.9418626442614901,0.494842897693223,3.4639002838525608,3.435827006242266,1.2676662113875978
GOLD,LONG,LOGISTIC,BASE_PLUS_ML,0.6,5,FOLD,1,17,52.94117647058824,1.3604315235889812,0.23184426301010397,3.9413524711717676,3.8143233099651073,5.232683685469885
GOLD,LONG,LOGISTIC,BASE_PLUS_ML,0.6,5,FOLD,2,21,38.095238095238095,0.7174677271592951,-0.24191127386069078,-5.080136751074506,-5.171075307366732,11.387007320163377
GOLD,LONG,LOGISTIC,BASE_PLUS_ML,0.6,5,FOLD,3,10,60.0,2.2559523927852267,0.5984358453327104,5.984358453327104,6.035593317453345,2.4483346910185015
GOLD,LONG,LOGISTIC,BASE_PLUS_ML,0.6,5,FOLD,4,7,28.57142857142857,0.618620464079166,-0.31754284418636886,-2.222799909304582,-2.2631769958113184,5.694028574893899
GOLD,LONG,LOGISTIC,BASE_PLUS_ML,0.6,5,FOLD,5,7,57.14285714285714,1.9418626442614901,0.494842897693223,3.4639002838525608,3.435827006242266,1.2676662113875978
GOLD,LONG,LOGISTIC,BASE_PLUS_ML,0.65,1,YEAR,2025,17,47.05882352941176,1.6026758217688033,0.3402828903994163,5.784809136790077,5.746219102307395,2.162461839314758
GOLD,LONG,LOGISTIC,BASE_PLUS_ML,0.65,1,YEAR,2026,12,41.66666666666667,1.3566761709243307,0.21474641933395092,2.576957032007411,2.47469456526162,6.022478877763691
GOLD,LONG,LOGISTIC,BASE_PLUS_ML,0.65,1,QUARTER,2025Q1,3,33.33333333333333,0.8848014569187793,-0.08222232472865088,-0.24666697418595263,-0.2755549444939788,2.1297714866765434
GOLD,LONG,LOGISTIC,BASE_PLUS_ML,0.65,1,QUARTER,2025Q2,5,40.0,1.2417773078551264,0.15214538807496578,0.7607269403748289,0.7089372413380601,2.0942389010492866
GOLD,LONG,LOGISTIC,BASE_PLUS_ML,0.65,1,QUARTER,2025Q3,8,62.5,2.932887758149421,0.7893363005680943,6.314690404544755,6.4027413726784745,2.162461839314774
GOLD,LONG,LOGISTIC,BASE_PLUS_ML,0.65,1,QUARTER,2025Q4,1,0.0,0.0,-1.0439412339435536,-1.0439412339435536,-1.0439412339435534,1.0439412339435534
GOLD,LONG,LOGISTIC,BASE_PLUS_ML,0.65,1,QUARTER,2026Q1,7,28.57142857142857,0.7607843419853487,-0.1760615779789722,-1.2324310458528054,-1.288696444652362,5.046885915712215
GOLD,LONG,LOGISTIC,BASE_PLUS_ML,0.65,1,QUARTER,2026Q2,2,50.0,1.9009856885638483,0.46285754034972004,0.9257150806994401,0.9056473742409822,1.0274470421111914
GOLD,LONG,LOGISTIC,BASE_PLUS_ML,0.65,1,QUARTER,2026Q3,3,66.66666666666666,3.7581571271298495,0.9612243323869256,2.883672997160777,2.8807857219270314,1.0455071499720945
GOLD,LONG,LOGISTIC,BASE_PLUS_ML,0.65,1,FOLD,1,6,50.0,1.8231066267112925,0.4365632641135673,2.6193795846814036,2.5796926124897483,2.1297714866765434
GOLD,LONG,LOGISTIC,BASE_PLUS_ML,0.65,1,FOLD,2,10,50.0,1.7835335450839733,0.4209370786052228,4.209370786052228,4.174413771068998,2.1624618393147648
GOLD,LONG,LOGISTIC,BASE_PLUS_ML,0.65,1,FOLD,3,4,50.0,1.9048214018770135,0.46546089846851524,1.861843593874061,1.8298100603429703,1.0439412339435534
GOLD,LONG,LOGISTIC,BASE_PLUS_ML,0.65,1,FOLD,4,6,16.666666666666664,0.3781048346851141,-0.5354167988284967,-3.2125007929709803,-3.2056926770536163,5.06002432141339
GOLD,LONG,LOGISTIC,BASE_PLUS_ML,0.65,1,FOLD,5,3,66.66666666666666,3.7581571271298495,0.9612243323869256,2.883672997160777,2.8807857219270314,1.0455071499720945
GOLD,LONG,LOGISTIC,BASE_PLUS_ML,0.65,2,YEAR,2025,17,47.05882352941176,1.4481299113736263,0.26880107491647726,4.569618273580113,4.473830367411961,2.3347719346729736
GOLD,LONG,LOGISTIC,BASE_PLUS_ML,0.65,2,YEAR,2026,12,41.66666666666667,1.289122140775757,0.17949283866789753,2.1539140640147703,2.043503860020769,6.192719624964434
GOLD,LONG,LOGISTIC,BASE_PLUS_ML,0.65,2,QUARTER,2025Q1,3,33.33333333333333,0.783859320342535,-0.16444464945731738,-0.4933339483719521,-0.5209141173809712,2.269443709704649
GOLD,LONG,LOGISTIC,BASE_PLUS_ML,0.65,2,QUARTER,2025Q2,5,40.0,1.1583623141160009,0.10429077614993307,0.5214538807496654,0.46842521654908753,2.1984227595819514
GOLD,LONG,LOGISTIC,BASE_PLUS_ML,0.65,2,QUARTER,2025Q3,8,62.5,2.592945572213849,0.703672601136186,5.629380809089488,5.680932668849891,2.33477193467296
GOLD,LONG,LOGISTIC,BASE_PLUS_ML,0.65,2,QUARTER,2025Q4,1,0.0,0.0,-1.087882467887088,-1.087882467887088,-1.0878824678870842,1.0878824678870842
GOLD,LONG,LOGISTIC,BASE_PLUS_ML,0.65,2,QUARTER,2026Q1,7,28.57142857142857,0.7238158709803391,-0.20926601310080775,-1.4648620917056543,-1.517945956027745,5.192601991972595
GOLD,LONG,LOGISTIC,BASE_PLUS_ML,0.65,2,QUARTER,2026Q2,2,50.0,1.807123837486034,0.42571508069943764,0.8514301613988753,0.8313204597057166,1.0548940842223713
GOLD,LONG,LOGISTIC,BASE_PLUS_ML,0.65,2,QUARTER,2026Q3,3,66.66666666666666,3.53648920501139,0.9224486647738498,2.7673459943215493,2.7620619174555032,1.0910142999442103
GOLD,LONG,LOGISTIC,BASE_PLUS_ML,0.65,2,FOLD,1,6,50.0,1.6653828863770572,0.37312652822712966,2.238759169362778,2.1916760712340304,2.269443709704649
GOLD,LONG,LOGISTIC,BASE_PLUS_ML,0.65,2,FOLD,2,10,50.0,1.595124362531843,0.34187415721044234,3.4187415721044236,3.3576189925194058,2.334771934672963
GOLD,LONG,LOGISTIC,BASE_PLUS_ML,0.65,2,FOLD,3,4,50.0,1.8148343218463816,0.43092179693702676,1.723687187748107,1.6901540873714795,1.0878824678870842
GOLD,LONG,LOGISTIC,BASE_PLUS_ML,0.65,2,FOLD,4,6,16.666666666666664,0.35757038790148093,-0.5708335976569957,-3.425001585941974,-3.4120059309450883,5.218842123819274
GOLD,LONG,LOGISTIC,BASE_PLUS_ML,0.65,2,FOLD,5,3,66.66666666666666,3.53648920501139,0.9224486647738498,2.7673459943215493,2.7620619174555032,1.0910142999442103
GOLD,LONG,LOGISTIC,BASE_PLUS_ML,0.65,5,YEAR,2025,17,47.05882352941176,1.0770506179546182,0.05435562846766023,0.924045683950224,0.7421320507297764,2.8507917570079795
GOLD,LONG,LOGISTIC,BASE_PLUS_ML,0.65,5,YEAR,2026,12,41.66666666666667,1.1089019529728628,0.07373209666973751,0.8847851600368501,0.7598373826444117,6.701926390581374
GOLD,LONG,LOGISTIC,BASE_PLUS_ML,0.65,5,QUARTER,2025Q1,3,33.33333333333333,0.5442503178534722,-0.41111162364331616,-1.2333348709299485,-1.254620146114337,2.687864796898168
GOLD,LONG,LOGISTIC,BASE_PLUS_ML,0.65,5,QUARTER,2025Q2,5,40.0,0.9473830162722027,-0.03927305962516501,-0.19636529812582504,-0.25036522004155587,2.5106440800801617
GOLD,LONG,LOGISTIC,BASE_PLUS_ML,0.65,5,QUARTER,2025Q3,8,62.5,1.8243522408092454,0.4466815028404611,3.573452022723689,3.5410882081382398,2.8507917570079764
GOLD,LONG,LOGISTIC,BASE_PLUS_ML,0.65,5,QUARTER,2025Q4,1,0.0,0.0,-1.2197061697176914,-1.2197061697176914,-1.2197061697176876,1.2197061697176876
GOLD,LONG,LOGISTIC,BASE_PLUS_ML,0.65,5,QUARTER,2026Q1,7,28.57142857142857,0.6246148977839507,-0.3088793184663143,-2.1621552292642,-2.2029914375943807,5.628702769821405
GOLD,LONG,LOGISTIC,BASE_PLUS_ML,0.65,5,QUARTER,2026Q2,2,50.0,1.5527224251084515,0.3142877017485918,0.6285754034971835,0.6084939834424404,1.1372352105559116
GOLD,LONG,LOGISTIC,BASE_PLUS_ML,0.65,5,QUARTER,2026Q3,3,66.66666666666666,2.970097397227444,0.8061216619346222,2.4183649858038665,2.406433004174528,1.2275357498605326
GOLD,LONG,LOGISTIC,BASE_PLUS_ML,0.65,5,FOLD,1,6,50.0,1.2804257637417011,0.1828163205678174,1.0968979234069045,1.034779476071651,2.687864796898168
GOLD,LONG,LOGISTIC,BASE_PLUS_ML,0.65,5,FOLD,2,10,50.0,1.1525701723326331,0.10468539302610111,1.0468539302610111,0.9415400065900258,2.850791757007976
GOLD,LONG,LOGISTIC,BASE_PLUS_ML,0.65,5,FOLD,3,4,50.0,1.5720958613134697,0.3273044923425619,1.3092179693702477,1.2720131168424813,1.2197061697176876
GOLD,LONG,LOGISTIC,BASE_PLUS_ML,0.65,5,FOLD,4,6,16.666666666666664,0.30297105452120665,-0.6770839941424925,-4.0625039648549555,-4.028763721783525,5.694028574893923
GOLD,LONG,LOGISTIC,BASE_PLUS_ML,0.65,5,FOLD,5,3,66.66666666666666,2.970097397227444,0.8061216619346222,2.4183649858038665,2.406433004174528,1.2275357498605326
GOLD,LONG,LOGISTIC,ML_ONLY,0.55,1,YEAR,2025,322,40.06211180124223,1.202560878803009,0.12965096135257814,41.74760955553016,46.63713442081212,18.06874506374566
GOLD,LONG,LOGISTIC,ML_ONLY,0.55,1,YEAR,2026,173,34.68208092485549,0.9985459081572013,-0.0009752454527275042,-0.16871746332185822,-1.87756129822601,28.502918478730166
GOLD,LONG,LOGISTIC,ML_ONLY,0.55,1,QUARTER,2025Q1,56,39.285714285714285,1.1542463373461886,0.1007222230743132,5.640444492161539,5.171833476940015,10.540544901193284
GOLD,LONG,LOGISTIC,ML_ONLY,0.55,1,QUARTER,2025Q2,70,32.857142857142854,0.9051086661481087,-0.06702217755714973,-4.691552429000481,-5.241094445060207,16.062052593157112
GOLD,LONG,LOGISTIC,ML_ONLY,0.55,1,QUARTER,2025Q3,131,39.69465648854962,1.1528501185927331,0.09966687307279998,13.056360372536798,12.369181995540112,13.587702137603742
GOLD,LONG,LOGISTIC,ML_ONLY,0.55,1,QUARTER,2025Q4,65,49.23076923076923,1.8001690145314215,0.42680549415126606,27.742357119832295,30.941485779013828,5.328753233684217
GOLD,LONG,LOGISTIC,ML_ONLY,0.55,1,QUARTER,2026Q1,51,50.98039215686274,1.900898751733469,0.4585130685927406,23.38416649822977,25.57387221115398,4.2148078734323455
GOLD,LONG,LOGISTIC,ML_ONLY,0.55,1,QUARTER,2026Q2,54,25.925925925925924,0.6713741649705226,-0.24880864394702118,-13.435666773139143,-12.990109892674889,17.47440072303086
GOLD,LONG,LOGISTIC,ML_ONLY,0.55,1,QUARTER,2026Q3,68,29.411764705882355,0.794317696165858,-0.1487826057119484,-10.117217188412491,-10.195018670041065,14.213031811344672
GOLD,LONG,LOGISTIC,ML_ONLY,0.55,1,FOLD,1,94,39.361702127659576,1.1814170969188613,0.11675355558996678,10.974834225456878,10.483561168445158,10.540544901193284
GOLD,LONG,LOGISTIC,ML_ONLY,0.55,1,FOLD,2,164,37.19512195121951,1.0448062462972305,0.030307987049822734,4.9705098761709285,3.3270561165883237,15.977484080793728
GOLD,LONG,LOGISTIC,ML_ONLY,0.55,1,FOLD,3,95,51.578947368421055,1.9860615200687017,0.5006516266056606,47.56190452753776,59.01488427844895,5.328753233684224
GOLD,LONG,LOGISTIC,ML_ONLY,0.55,1,FOLD,4,50,30.0,0.7613564442407977,-0.17371342654301591,-8.685671327150796,-8.736915419391709,15.3231437550888
GOLD,LONG,LOGISTIC,ML_ONLY,0.55,1,FOLD,5,92,29.347826086956523,0.7995653634235675,-0.1439422305413747,-13.242685209806472,-13.150433033652167,17.0362163857489
GOLD,LONG,LOGISTIC,ML_ONLY,0.55,2,YEAR,2025,322,40.06211180124223,1.0894977300505762,0.06097394113441475,19.63360904528155,17.560876635278238,26.192096023227062
GOLD,LONG,LOGISTIC,ML_ONLY,0.55,2,YEAR,2026,173,34.68208092485549,0.9386308309423583,-0.04287631988121718,-7.417603339450572,-8.744242610471337,32.32716322619165
GOLD,LONG,LOGISTIC,ML_ONLY,0.55,2,QUARTER,2025Q1,56,39.285714285714285,1.0327295605157836,0.022873017577195957,1.2808889843229736,0.6892998736376285,11.456532764533305
GOLD,LONG,LOGISTIC,ML_ONLY,0.55,2,QUARTER,2025Q2,70,32.857142857142854,0.8355655543349232,-0.12229220277805886,-8.56045419446412,-8.841963228986515,18.70748763734768
GOLD,LONG,LOGISTIC,ML_ONLY,0.55,2,QUARTER,2025Q3,131,39.69465648854962,1.026442655633506,0.018537862715709834,2.428460015757988,1.0425785711388698,17.631682428102497
GOLD,LONG,LOGISTIC,ML_ONLY,0.55,2,QUARTER,2025Q4,65,49.23076923076923,1.6737445415195318,0.3766879113794572,24.484714239664715,26.75938127097747,5.726711634833042
GOLD,LONG,LOGISTIC,ML_ONLY,0.55,2,QUARTER,2026Q1,51,50.98039215686274,1.7987912272412243,0.421526413834089,21.49784710553854,23.236111368926867,4.66103169459976
GOLD,LONG,LOGISTIC,ML_ONLY,0.55,2,QUARTER,2026Q2,54,25.925925925925924,0.6319640522303854,-0.29007824145289685,-15.66422503845643,-14.913944511306862,18.869880203680985
GOLD,LONG,LOGISTIC,ML_ONLY,0.55,2,QUARTER,2026Q3,68,29.411764705882355,0.7421635555324474,-0.19487096186077485,-13.25122540653269,-12.97101924065247,16.577049973509123
GOLD,LONG,LOGISTIC,ML_ONLY,0.55,2,FOLD,1,94,39.361702127659576,1.0743729243547029,0.05076935228138954,4.7723191144506165,3.8451910575818147,11.456532764533305
GOLD,LONG,LOGISTIC,ML_ONLY,0.55,2,FOLD,2,164,37.19512195121951,0.9348578481472145,-0.04721488400593838,-7.743240976973894,-9.01159892382741,23.220397675863037
GOLD,LONG,LOGISTIC,ML_ONLY,0.55,2,FOLD,3,95,51.578947368421055,1.8544709442212877,0.4539348321586908,43.123809055075625,52.13827325068772,5.726711634833016
GOLD,LONG,LOGISTIC,ML_ONLY,0.55,2,FOLD,4,50,30.0,0.718410578112874,-0.21283657090445124,-10.641828545222562,-10.508998369701409,16.658562681679403
GOLD,LONG,LOGISTIC,ML_ONLY,0.55,2,FOLD,5,92,29.347826086956523,0.7491630059424182,-0.18798970588585662,-17.29505294149881,-16.606382164143497,20.06178226439001
GOLD,LONG,LOGISTIC,ML_ONLY,0.55,5,YEAR,2025,322,40.06211180124223,0.8198011829071945,-0.14505711952007533,-46.70839248546425,-39.48150595916767,50.020759951204205
GOLD,LONG,LOGISTIC,ML_ONLY,0.55,5,YEAR,2026,173,34.68208092485549,0.7845842611629666,-0.16857954316668625,-29.16426096783672,-26.607468806076916,42.624305935615624
GOLD,LONG,LOGISTIC,ML_ONLY,0.55,5,QUARTER,2025Q1,56,39.285714285714285,0.748119812571239,-0.21067459891415577,-11.797777539192722,-11.662795220415784,16.919294539708947
GOLD,LONG,LOGISTIC,ML_ONLY,0.55,5,QUARTER,2025Q2,70,32.857142857142854,0.6634093230005963,-0.2881022784407863,-20.16715949085504,-18.855073720685674,26.162418609635633
GOLD,LONG,LOGISTIC,ML_ONLY,0.55,5,QUARTER,2025Q3,131,39.69465648854962,0.7348687648465532,-0.2248491683555607,-29.45524105457845,-26.575748840150958,30.743343090504883
GOLD,LONG,LOGISTIC,ML_ONLY,0.55,5,QUARTER,2025Q4,65,49.23076923076923,1.355760094187093,0.22633516306402998,14.71178559916195,14.985628533076373,8.109261491617064
GOLD,LONG,LOGISTIC,ML_ONLY,0.55,5,QUARTER,2026Q1,51,50.98039215686274,1.5318198338801154,0.3105664495581347,15.838888927464872,16.475398679155294,5.988206421377893
GOLD,LONG,LOGISTIC,ML_ONLY,0.55,5,QUARTER,2026Q2,54,25.925925925925924,0.5304003161804575,-0.4138870339705241,-22.3498998344083,-20.43864561936725,23.713511919378526
GOLD,LONG,LOGISTIC,ML_ONLY,0.55,5,QUARTER,2026Q3,68,29.411764705882355,0.6094939484907488,-0.3331360303072543,-22.653250060893292,-20.801766857043187,23.291507791926485
GOLD,LONG,LOGISTIC,ML_ONLY,0.55,5,FOLD,1,94,39.361702127659576,0.8159832162995199,-0.14718325764434223,-13.83522621856817,-13.794070748229684,16.919294539708947
GOLD,LONG,LOGISTIC,ML_ONLY,0.55,5,FOLD,2,164,37.19512195121951,0.6783806289365664,-0.2797834971732217,-45.88449353640836,-37.90876167187658,41.50018626306985
GOLD,LONG,LOGISTIC,ML_ONLY,0.55,5,FOLD,3,95,51.578947368421055,1.5214091139043655,0.31378444881778156,29.80952263768925,33.223938164259835,8.109261491617058
GOLD,LONG,LOGISTIC,ML_ONLY,0.55,5,FOLD,4,50,30.0,0.6067104261014723,-0.3302060039887574,-16.510300199437868,-15.625634837992664,20.543010990566156
GOLD,LONG,LOGISTIC,ML_ONLY,0.55,5,FOLD,5,92,29.347826086956523,0.6204029654863448,-0.3201321319193024,-29.452156136575823,-26.17903232790997,28.499729113331178
GOLD,LONG,LOGISTIC,ML_ONLY,0.6,1,YEAR,2025,181,40.88397790055249,1.2309745594185575,0.14491263020180187,26.22918606652614,27.499095824246794,13.745287392997083
GOLD,LONG,LOGISTIC,ML_ONLY,0.6,1,YEAR,2026,82,45.1219512195122,1.5760330547868522,0.31599434114340047,25.911535973758838,28.393591770228042,16.76493933961516
GOLD,LONG,LOGISTIC,ML_ONLY,0.6,1,QUARTER,2025Q1,38,50.0,1.8680849009785927,0.4454739851927081,16.92801143732291,17.91435530197516,7.63326452653565
GOLD,LONG,LOGISTIC,ML_ONLY,0.6,1,QUARTER,2025Q2,43,39.53488372093023,1.2094112821207743,0.13332673099130174,5.733049432625975,5.410876236087688,11.123460584539178
GOLD,LONG,LOGISTIC,ML_ONLY,0.6,1,QUARTER,2025Q3,78,38.46153846153847,1.081687927583608,0.05447742331339835,4.2492390184450715,3.49563720077615,11.535245639853784
GOLD,LONG,LOGISTIC,ML_ONLY,0.6,1,QUARTER,2025Q4,22,36.36363636363637,0.9535501265571275,-0.03095971917580962,-0.6811138218678117,-0.8864668558278027,4.493371779434371
GOLD,LONG,LOGISTIC,ML_ONLY,0.6,1,QUARTER,2026Q1,29,62.06896551724138,2.9585046175309597,0.7681825989283375,22.277295368921788,24.47550053212558,3.1877177516112263
GOLD,LONG,LOGISTIC,ML_ONLY,0.6,1,QUARTER,2026Q2,29,17.24137931034483,0.3935994672590293,-0.5219286311742831,-15.135930304054211,-14.240139991508716,14.240139991508716
GOLD,LONG,LOGISTIC,ML_ONLY,0.6,1,QUARTER,2026Q3,24,58.333333333333336,3.1705156290840892,0.782090454537136,18.770170908891263,20.275010517573172,3.0928299162911586
GOLD,LONG,LOGISTIC,ML_ONLY,0.6,1,FOLD,1,66,48.484848484848484,1.7551128733176373,0.40299982554550295,26.597988486003196,29.461052687999604,7.63326452653565
GOLD,LONG,LOGISTIC,ML_ONLY,0.6,1,FOLD,2,94,36.17021276595745,0.9884567814618629,-0.00794898057154134,-0.747204173724886,-1.6874308730570418,11.535245639853786
GOLD,LONG,LOGISTIC,ML_ONLY,0.6,1,FOLD,3,40,52.5,1.9938777673638968,0.4923566149376931,19.694264597507726,21.180161748754337,5.482992590770117
GOLD,LONG,LOGISTIC,ML_ONLY,0.6,1,FOLD,4,27,29.629629629629626,0.7104462766460481,-0.21156742701322337,-5.712320529357031,-5.775833519125524,12.835990992722845
GOLD,LONG,LOGISTIC,ML_ONLY,0.6,1,FOLD,5,36,44.44444444444444,1.6463254414455541,0.341888712773777,12.307993659855972,12.644097969335167,6.344553632047348
GOLD,LONG,LOGISTIC,ML_ONLY,0.6,2,YEAR,2025,181,40.88397790055249,1.111948213415611,0.07483304787133582,13.544781664711783,12.324500034441371,19.30179998022704
GOLD,LONG,LOGISTIC,ML_ONLY,0.6,2,YEAR,2026,82,45.1219512195122,1.4878784452200327,0.27798912698765094,22.795108412987375,24.463891791389937,17.886325748728517
GOLD,LONG,LOGISTIC,ML_ONLY,0.6,2,QUARTER,2025Q1,38,50.0,1.6698063537323875,0.3679489809423942,13.98206127581098,14.507571079795797,8.411426901837741
GOLD,LONG,LOGISTIC,ML_ONLY,0.6,2,QUARTER,2025Q2,43,39.53488372093023,1.1205433189477045,0.08060695035469354,3.466098865251822,3.049876031474446,12.502610655844796
GOLD,LONG,LOGISTIC,ML_ONLY,0.6,2,QUARTER,2025Q3,78,38.46153846153847,0.9609931806488502,-0.028022855031095813,-2.1857826924254735,-2.95711477754154,13.902221787201347
GOLD,LONG,LOGISTIC,ML_ONLY,0.6,2,QUARTER,2025Q4,22,36.36363636363637,0.8879353696470705,-0.07807253563297932,-1.717595783925545,-1.909010005985681,5.23792132001766
GOLD,LONG,LOGISTIC,ML_ONLY,0.6,2,QUARTER,2026Q1,29,62.06896551724138,2.8115225440631573,0.7339346498938838,21.28410484692263,23.254564209480648,3.3761150828834947
GOLD,LONG,LOGISTIC,ML_ONLY,0.6,2,QUARTER,2026Q2,29,17.24137931034483,0.37224141946477085,-0.5610986416589143,-16.271860608108515,-15.214698708189484,15.214698708189484
GOLD,LONG,LOGISTIC,ML_ONLY,0.6,2,QUARTER,2026Q3,24,58.333333333333336,2.9642921978952064,0.7409526739238856,17.782864174173255,19.102204009788263,3.2154580921106395
GOLD,LONG,LOGISTIC,ML_ONLY,0.6,2,FOLD,1,66,48.484848484848484,1.5980978623537958,0.33821235413896245,22.32201537317152,24.064107757630474,8.411426901837741
GOLD,LONG,LOGISTIC,ML_ONLY,0.6,2,FOLD,2,94,36.17021276595745,0.8822569585059254,-0.08700711783793053,-8.17866907676547,-8.733387155471439,15.432114348975698
GOLD,LONG,LOGISTIC,ML_ONLY,0.6,2,FOLD,3,40,52.5,1.8740740086352898,0.4508290263706378,18.033161054825513,19.191986726036497,6.254112405427794
GOLD,LONG,LOGISTIC,ML_ONLY,0.6,2,FOLD,4,27,29.629629629629626,0.6727064733619537,-0.24796766480129687,-6.695126949635015,-6.700364960866431,13.576747018888469
GOLD,LONG,LOGISTIC,ML_ONLY,0.6,2,FOLD,5,36,44.44444444444444,1.5472064383358464,0.3016252687806282,10.858509676102614,11.028066680519236,6.779167015755172
GOLD,LONG,LOGISTIC,ML_ONLY,0.6,5,YEAR,2025,181,40.88397790055249,0.8289588496032317,-0.13540569912006234,-24.508431540731284,-23.242211519432022,34.44831460108403
GOLD,LONG,LOGISTIC,ML_ONLY,0.6,5,YEAR,2026,82,45.1219512195122,1.2588546727087848,0.16397348452040209,13.445825730672972,13.373391943943695,21.163181460545637
GOLD,LONG,LOGISTIC,ML_ONLY,0.6,5,QUARTER,2025Q1,38,50.0,1.2057857495333868,0.1353739681914524,5.14421079127519,4.851803817819314,10.709781914767607
GOLD,LONG,LOGISTIC,ML_ONLY,0.6,5,QUARTER,2025Q2,43,39.53488372093023,0.8985932590295664,-0.07755239155513109,-3.3347528368706367,-3.727732660886443,16.517444446922386
GOLD,LONG,LOGISTIC,ML_ONLY,0.6,5,QUARTER,2025Q3,78,38.46153846153847,0.6843748370358556,-0.27552369006457816,-21.490847825037097,-20.027374928677535,24.56901480368882
GOLD,LONG,LOGISTIC,ML_ONLY,0.6,5,QUARTER,2025Q4,22,36.36363636363637,0.7212554577764548,-0.21941098500448833,-4.827041670098743,-4.916754914029025,7.481613770642137
GOLD,LONG,LOGISTIC,ML_ONLY,0.6,5,QUARTER,2026Q1,29,62.06896551724138,2.421907179695617,0.6311908027905231,18.30453328092517,19.660538564283478,3.939477965896095
GOLD,LONG,LOGISTIC,ML_ONLY,0.6,5,QUARTER,2026Q2,29,17.24137931034483,0.3167126108859037,-0.6786086731128078,-19.679651520271428,-18.07472942046371,18.07472942046371
GOLD,LONG,LOGISTIC,ML_ONLY,0.6,5,QUARTER,2026Q3,24,58.333333333333336,2.4432875719635994,0.6175393320841348,14.820943970019236,15.649112045910964,3.582732592632767
GOLD,LONG,LOGISTIC,ML_ONLY,0.6,5,FOLD,1,66,48.484848484848484,1.217678930248183,0.14384993991934072,9.494096034676488,9.166536173676446,10.709781914767607
GOLD,LONG,LOGISTIC,ML_ONLY,0.6,5,FOLD,2,94,36.17021276595745,0.6357294976989764,-0.3241815296370982,-30.473063785887227,-27.01111354491702,29.138395561597267
GOLD,LONG,LOGISTIC,ML_ONLY,0.6,5,FOLD,3,40,52.5,1.5654695570964183,0.3262462606694716,13.049850426778864,13.41593685258349,8.574164512679747
GOLD,LONG,LOGISTIC,ML_ONLY,0.6,5,FOLD,4,27,29.629629629629626,0.5740498310831382,-0.3571683781655178,-9.64354621046898,-9.421945981928399,15.76314988807978
GOLD,LONG,LOGISTIC,ML_ONLY,0.6,5,FOLD,5,36,44.44444444444444,1.2926519448724187,0.18083493680118168,6.51005772484254,6.313950100533133,8.071970273037573
GOLD,LONG,LOGISTIC,ML_ONLY,0.65,1,YEAR,2025,92,41.30434782608695,1.2377138332507813,0.14949438712014212,13.753483615053076,13.616123268911043,13.411348417974574
GOLD,LONG,LOGISTIC,ML_ONLY,0.65,1,YEAR,2026,42,47.61904761904761,1.8041366379749264,0.4164549499337551,17.491107897217713,18.527923779626782,6.426451809962301
GOLD,LONG,LOGISTIC,ML_ONLY,0.65,1,QUARTER,2025Q1,23,56.52173913043478,2.3108347382455454,0.6134588694274883,14.109553996832231,14.816176570839525,5.46675795320539
GOLD,LONG,LOGISTIC,ML_ONLY,0.65,1,QUARTER,2025Q2,25,44.0,1.4320083511566084,0.2535524004486219,6.338810011215546,6.249695938879086,6.485482072252924
GOLD,LONG,LOGISTIC,ML_ONLY,0.65,1,QUARTER,2025Q3,36,33.33333333333333,0.833479742580954,-0.12100163823654425,-4.356058976515593,-4.594294113665478,10.215202623064632
GOLD,LONG,LOGISTIC,ML_ONLY,0.65,1,QUARTER,2025Q4,8,25.0,0.626463826521009,-0.292352677059889,-2.338821416479112,-2.3808906605794617,6.100205566782152
GOLD,LONG,LOGISTIC,ML_ONLY,0.65,1,QUARTER,2026Q1,22,54.54545454545454,2.283964376758567,0.6020546760616898,13.245202873357176,13.841049674755915,4.176368933593741
GOLD,LONG,LOGISTIC,ML_ONLY,0.65,1,QUARTER,2026Q2,7,28.57142857142857,0.7571291805377205,-0.17930894481302925,-1.2551626136912049,-1.3111693868198473,4.076729665770221
GOLD,LONG,LOGISTIC,ML_ONLY,0.65,1,QUARTER,2026Q3,13,46.15384615384615,1.877710094777576,0.4231590490424416,5.501067637551741,5.500321375596059,3.095328174763486
GOLD,LONG,LOGISTIC,ML_ONLY,0.65,1,FOLD,1,44,52.27272727272727,1.9945047112349543,0.503346380390584,22.147240737185694,24.1161734211963,5.46675795320539
GOLD,LONG,LOGISTIC,ML_ONLY,0.65,1,FOLD,2,40,32.5,0.7935329063420412,-0.15137339264133765,-6.054935705653506,-6.227229351439609,10.307848389769447
GOLD,LONG,LOGISTIC,ML_ONLY,0.65,1,FOLD,3,20,55.00000000000001,2.3070396009154583,0.611562448276662,12.23124896553324,12.71937881576316,7.073176683893053
GOLD,LONG,LOGISTIC,ML_ONLY,0.65,1,FOLD,4,13,38.46153846153847,1.18923465729656,0.12004218773492362,1.560548440554007,1.432976954183448,5.160905996629088
GOLD,LONG,LOGISTIC,ML_ONLY,0.65,1,FOLD,5,17,35.294117647058826,1.130714439241267,0.08002876909713842,1.3604890746513532,1.1993584765942273,5.084651225374785
GOLD,LONG,LOGISTIC,ML_ONLY,0.65,2,YEAR,2025,92,41.30434782608695,1.1182014329935663,0.07929083902515352,7.294757190314124,6.513393173501799,16.194954267195786
GOLD,LONG,LOGISTIC,ML_ONLY,0.65,2,YEAR,2026,42,47.61904761904761,1.7089563351942387,0.3801291610649421,15.965424764727567,16.740999616131237,6.914395727508984
GOLD,LONG,LOGISTIC,ML_ONLY,0.65,2,QUARTER,2025Q1,23,56.52173913043478,2.059988417564356,0.5312655649419351,12.219107993664506,12.679552471715283,6.001536038264382
GOLD,LONG,LOGISTIC,ML_ONLY,0.65,2,QUARTER,2025Q2,25,44.0,1.3355757916724618,0.20598682847819133,5.1496707119547835,4.996017124942955,7.059630862736708
GOLD,LONG,LOGISTIC,ML_ONLY,0.65,2,QUARTER,2025Q3,36,33.33333333333333,0.7388161457623708,-0.20545496339852792,-7.396378682347005,-7.460155783730897,12.226143727449863
GOLD,LONG,LOGISTIC,ML_ONLY,0.65,2,QUARTER,2025Q4,8,25.0,0.5894820761559056,-0.33470535411976976,-2.677642832958158,-2.71239378712155,6.347883507323626
GOLD,LONG,LOGISTIC,ML_ONLY,0.65,2,QUARTER,2026Q1,22,54.54545454545454,2.17482350469239,0.5677457157597395,12.49040574671427,12.990670602268391,4.383330754409537
GOLD,LONG,LOGISTIC,ML_ONLY,0.65,2,QUARTER,2026Q2,7,28.57142857142857,0.7169582584692159,-0.21576074676891377,-1.5103252273823964,-1.5627941191237595,4.212915253689456
GOLD,LONG,LOGISTIC,ML_ONLY,0.65,2,QUARTER,2026Q3,13,46.15384615384615,1.7609080032060782,0.3834880188765922,4.985344245395698,4.9594493681181575,3.2204493292673955
GOLD,LONG,LOGISTIC,ML_ONLY,0.65,2,FOLD,1,44,52.27272727272727,1.8196731741644503,0.4385109425993498,19.29448147437139,20.643771773588515,6.001536038264382
GOLD,LONG,LOGISTIC,ML_ONLY,0.65,2,FOLD,2,40,32.5,0.7054894375061165,-0.23305203627747764,-9.322081451099105,-9.251010852091145,12.802349361091386
GOLD,LONG,LOGISTIC,ML_ONLY,0.65,2,FOLD,3,20,55.00000000000001,2.179759962071816,0.5731248965533242,11.462497931066485,11.860603763882045,7.352171796851758
GOLD,LONG,LOGISTIC,ML_ONLY,0.65,2,FOLD,4,13,38.46153846153847,1.1319983784989056,0.08623822162369195,1.1210968811079953,0.9892778617736895,5.391985341811744
GOLD,LONG,LOGISTIC,ML_ONLY,0.65,2,FOLD,5,17,35.294117647058826,1.0650039309296846,0.04142277174087827,0.7041871195949306,0.5375967155002513,5.2680255631672255
GOLD,LONG,LOGISTIC,ML_ONLY,0.65,5,YEAR,2025,92,41.30434782608695,0.8351481991031622,-0.131319805259812,-12.081422083902703,-12.266454141936117,24.903405505995252
GOLD,LONG,LOGISTIC,ML_ONLY,0.65,5,YEAR,2026,42,47.61904761904761,1.4587605097886653,0.27115179445850357,11.38837536725715,11.536376316663837,8.364056708418317
GOLD,LONG,LOGISTIC,ML_ONLY,0.65,5,QUARTER,2025Q1,23,56.52173913043478,1.4738248914952015,0.28468565148527575,6.547769984161342,6.495162285889523,7.590109071709331
GOLD,LONG,LOGISTIC,ML_ONLY,0.65,5,QUARTER,2025Q2,25,44.0,1.0911202988526265,0.06329011256689972,1.582252814172493,1.3195202299964535,8.762776206408269
GOLD,LONG,LOGISTIC,ML_ONLY,0.65,5,QUARTER,2025Q3,36,33.33333333333333,0.5253184116518537,-0.458814938884479,-16.517337799841243,-15.565282452688075,18.635619683976444
GOLD,LONG,LOGISTIC,ML_ONLY,0.65,5,QUARTER,2025Q4,8,25.0,0.49440753815137956,-0.4617633852994119,-3.6941070823952953,-3.7010342115871024,7.087671362872183
GOLD,LONG,LOGISTIC,ML_ONLY,0.65,5,QUARTER,2026Q1,22,54.54545454545454,1.883127073961888,0.46481883485388864,10.22601436678555,10.475639152553004,5.0019279565567
GOLD,LONG,LOGISTIC,ML_ONLY,0.65,5,QUARTER,2026Q2,7,28.57142857142857,0.6103145241523299,-0.3251161526365673,-2.275813068455971,-2.314381581317946,4.620602579124148
GOLD,LONG,LOGISTIC,ML_ONLY,0.65,5,QUARTER,2026Q3,13,46.15384615384615,1.4643184514023886,0.26447492837904396,3.4381740689275713,3.3521171746145684,3.59517112482901
GOLD,LONG,LOGISTIC,ML_ONLY,0.65,5,FOLD,1,44,52.27272727272727,1.3925759446911252,0.2440046292256475,10.73620368592849,10.785133498980917,7.590109071709331
GOLD,LONG,LOGISTIC,ML_ONLY,0.65,5,FOLD,2,40,32.5,0.5049821620831504,-0.4780879671858975,-19.1235186874359,-17.76388714129598,20.507273017490036
GOLD,LONG,LOGISTIC,ML_ONLY,0.65,5,FOLD,3,20,55.00000000000001,1.848594484564228,0.4578122413833115,9.15624482766623,9.321258394764982,8.184874175568096
GOLD,LONG,LOGISTIC,ML_ONLY,0.65,5,FOLD,4,13,38.46153846153847,0.978635930044025,-0.015173676710002752,-0.19725779723003578,-0.3311196601409847,6.082279481184027
GOLD,LONG,LOGISTIC,ML_ONLY,0.65,5,FOLD,5,17,35.294117647058826,0.8955439913634093,-0.07439522032790226,-1.2647187455743385,-1.423373417135076,5.816460536098805
GOLD,LONG,RF_ACTUAL,BASE_PLUS_ML,0.6,1,YEAR,2025,43,44.18604651162791,1.4221930053419176,0.2525193955136132,10.858334007085368,10.928822790439813,11.447088484087061
GOLD,LONG,RF_ACTUAL,BASE_PLUS_ML,0.6,1,YEAR,2026,11,36.36363636363637,1.0678552778236854,0.045245393857646615,0.4976993324341128,0.38403903273027706,4.2938933592602675
GOLD,LONG,RF_ACTUAL,BASE_PLUS_ML,0.6,1,QUARTER,2025Q1,20,30.0,0.7665006886946303,-0.17574529806233924,-3.514905961246785,-3.6381479878700245,11.447088484087061
GOLD,LONG,RF_ACTUAL,BASE_PLUS_ML,0.6,1,QUARTER,2025Q2,8,25.0,0.6066785000542553,-0.313263495882386,-2.506107967059088,-2.544141930788851,3.170701260103977
GOLD,LONG,RF_ACTUAL,BASE_PLUS_ML,0.6,1,QUARTER,2025Q3,10,80.0,6.98347552920492,1.3134193837831662,13.134193837831663,13.85668716201353,1.1107497752440443
GOLD,LONG,RF_ACTUAL,BASE_PLUS_ML,0.6,1,QUARTER,2025Q4,5,60.0,2.7842722113476026,0.7490308195119149,3.745154097559574,3.746337270671165,2.0879670500237393
GOLD,LONG,RF_ACTUAL,BASE_PLUS_ML,0.6,1,QUARTER,2026Q1,2,100.0,inf,1.9598003660947199,3.9196007321894397,3.958008244270445,0.0
GOLD,LONG,RF_ACTUAL,BASE_PLUS_ML,0.6,1,QUARTER,2026Q2,3,33.33333333333333,0.9342562930167716,-0.045873091541571855,-0.13761927462471557,-0.16738769553151087,2.082314798883669
GOLD,LONG,RF_ACTUAL,BASE_PLUS_ML,0.6,1,QUARTER,2026Q3,6,16.666666666666664,0.3734018618966332,-0.5473803541884353,-3.284282125130612,-3.2759928796444,4.133424507758832
GOLD,LONG,RF_ACTUAL,BASE_PLUS_ML,0.6,1,FOLD,1,26,30.76923076923077,0.7973191481652058,-0.1506036273005133,-3.915694309813346,-4.080956344446269,11.447088484087061
GOLD,LONG,RF_ACTUAL,BASE_PLUS_ML,0.6,1,FOLD,2,12,66.66666666666666,3.564617486382765,0.9190728516115948,11.028874219339137,11.472256128020627,3.1558584307088604
GOLD,LONG,RF_ACTUAL,BASE_PLUS_ML,0.6,1,FOLD,3,6,66.66666666666666,3.714085103546598,0.9494690031064916,5.69681401863895,5.771112954770683,2.0879670500237393
GOLD,LONG,RF_ACTUAL,BASE_PLUS_ML,0.6,1,FOLD,4,4,50.0,1.874384224941804,0.4575803841213371,1.8303215364853485,1.7972590248054188,2.0823147988836648
GOLD,LONG,RF_ACTUAL,BASE_PLUS_ML,0.6,1,FOLD,5,6,16.666666666666664,0.3734018618966332,-0.5473803541884353,-3.284282125130612,-3.2759928796444,4.133424507758832
GOLD,LONG,RF_ACTUAL,BASE_PLUS_ML,0.6,2,YEAR,2025,43,44.18604651162791,1.2812425040978914,0.17945739567838734,7.716668014170656,7.505444946871376,12.391891101489094
GOLD,LONG,RF_ACTUAL,BASE_PLUS_ML,0.6,2,YEAR,2026,11,36.36363636363637,0.9994000425784706,-0.000418303193797512,-0.0046013351317726325,-0.11937091408775585,4.617820344711395
GOLD,LONG,RF_ACTUAL,BASE_PLUS_ML,0.6,2,QUARTER,2025Q1,20,30.0,0.6877124851995235,-0.25149059612468333,-5.029811922493667,-5.090135773031375,12.391891101489094
GOLD,LONG,RF_ACTUAL,BASE_PLUS_ML,0.6,2,QUARTER,2025Q2,8,25.0,0.5533027464027633,-0.37652699176477356,-3.0122159341181884,-3.0376862642405627,3.3710261641133688
GOLD,LONG,RF_ACTUAL,BASE_PLUS_ML,0.6,2,QUARTER,2025Q3,10,80.0,6.132882758895028,1.2268387675663353,12.268387675663353,12.88651304034713,1.2214995504881287
GOLD,LONG,RF_ACTUAL,BASE_PLUS_ML,0.6,2,QUARTER,2025Q4,5,60.0,2.587974259280995,0.6980616390238322,3.490308195119161,3.4842080483102564,2.185885124190087
GOLD,LONG,RF_ACTUAL,BASE_PLUS_ML,0.6,2,QUARTER,2026Q1,2,100.0,inf,1.9196007321894364,3.8392014643788728,3.876047483415277,0.0
GOLD,LONG,RF_ACTUAL,BASE_PLUS_ML,0.6,2,QUARTER,2026Q2,3,33.33333333333333,0.8741213243518193,-0.09174618308314268,-0.27523854924942803,-0.3048493300528207,2.174586248716355
GOLD,LONG,RF_ACTUAL,BASE_PLUS_ML,0.6,2,QUARTER,2026Q3,6,16.666666666666664,0.34914631399064355,-0.5947607083768696,-3.5685642502612174,-3.5523125861632825,4.326159282247545
GOLD,LONG,RF_ACTUAL,BASE_PLUS_ML,0.6,2,FOLD,1,26,30.76923076923077,0.7174580077111979,-0.22428417767795347,-5.83138861962679,-5.904584655404631,12.391891101489094
GOLD,LONG,RF_ACTUAL,BASE_PLUS_ML,0.6,2,FOLD,2,12,66.66666666666666,3.186089389656659,0.8381457032231906,10.057748438678287,10.404790245169671,3.341386657107512
GOLD,LONG,RF_ACTUAL,BASE_PLUS_ML,0.6,2,FOLD,3,6,66.66666666666666,3.453921547475597,0.898938006212982,5.393628037277892,5.453843513594574,2.185885124190087
GOLD,LONG,RF_ACTUAL,BASE_PLUS_ML,0.6,2,FOLD,4,4,50.0,1.7594850042623995,0.4151607682426782,1.660643072970713,1.625130770011367,2.1745862487163503
GOLD,LONG,RF_ACTUAL,BASE_PLUS_ML,0.6,2,FOLD,5,6,16.666666666666664,0.34914631399064355,-0.5947607083768696,-3.5685642502612174,-3.5523125861632825,4.326159282247545
GOLD,LONG,RF_ACTUAL,BASE_PLUS_ML,0.6,5,YEAR,2025,43,44.18604651162791,0.9475882897741972,-0.039728603827289925,-1.7083299645734666,-2.157850968716025,16.29640089658594
GOLD,LONG,RF_ACTUAL,BASE_PLUS_ML,0.6,5,YEAR,2026,11,36.36363636363637,0.8257349867383357,-0.13740939434813007,-1.511503337829431,-1.615883962055898,5.58397433666935
GOLD,LONG,RF_ACTUAL,BASE_PLUS_ML,0.6,5,QUARTER,2025Q1,20,30.0,0.503031646872292,-0.47872649031171577,-9.574529806234315,-9.322634739955003,15.170572907560336
GOLD,LONG,RF_ACTUAL,BASE_PLUS_ML,0.6,5,QUARTER,2025Q2,8,25.0,0.4234680403060496,-0.5663174794119359,-4.530539835295487,-4.505248073401378,4.505248073401378
GOLD,LONG,RF_ACTUAL,BASE_PLUS_ML,0.6,5,QUARTER,2025Q3,10,80.0,4.250321368790365,0.9670969189158416,9.670969189158416,10.020333188437803,1.5537488762203626
GOLD,LONG,RF_ACTUAL,BASE_PLUS_ML,0.6,5,QUARTER,2025Q4,5,60.0,2.0925340114550193,0.5451540975595839,2.7257704877979196,2.700989915110449,2.4793454915449087
GOLD,LONG,RF_ACTUAL,BASE_PLUS_ML,0.6,5,QUARTER,2026Q1,2,100.0,inf,1.7990018304735862,3.5980036609471724,3.6303511700963784,0.0
GOLD,LONG,RF_ACTUAL,BASE_PLUS_ML,0.6,5,QUARTER,2026Q2,3,33.33333333333333,0.7210057218799759,-0.229365457707855,-0.688096373123565,-0.7164784443161238,2.451140503908528
GOLD,LONG,RF_ACTUAL,BASE_PLUS_ML,0.6,5,QUARTER,2026Q3,6,16.666666666666664,0.2877015548241451,-0.7369017709421731,-4.4214106256530386,-4.377334619318321,4.902622123071285
GOLD,LONG,RF_ACTUAL,BASE_PLUS_ML,0.6,5,FOLD,1,26,30.76923076923077,0.5292833396418739,-0.44532582881027405,-11.578471549067125,-11.17786737683998,15.170572907560336
GOLD,LONG,RF_ACTUAL,BASE_PLUS_ML,0.6,5,FOLD,2,12,66.66666666666666,2.298507517230957,0.595364258057978,7.144371096695736,7.258114206357822,3.896591502928982
GOLD,LONG,RF_ACTUAL,BASE_PLUS_ML,0.6,5,FOLD,3,6,66.66666666666666,2.7972896502086955,0.7473450155324531,4.484070093194719,4.50678101552644,2.4793454915449087
GOLD,LONG,RF_ACTUAL,BASE_PLUS_ML,0.6,5,FOLD,4,4,50.0,1.4669287131650746,0.287901920606702,1.151607682426808,1.1100445282370288,2.451140503908519
GOLD,LONG,RF_ACTUAL,BASE_PLUS_ML,0.6,5,FOLD,5,6,16.666666666666664,0.2877015548241451,-0.7369017709421731,-4.4214106256530386,-4.377334619318321,4.902622123071285
GOLD,LONG,RF_ACTUAL,BASE_PLUS_ML,0.65,1,YEAR,2025,21,52.38095238095239,1.9773885718051678,0.49979473397177543,10.495689413407284,10.777374638944957,3.4487841836702358
GOLD,LONG,RF_ACTUAL,BASE_PLUS_ML,0.65,1,YEAR,2026,4,50.0,1.8659663487098672,0.45350662254794183,1.8140264901917673,1.7809449347918984,2.0838297472512015
GOLD,LONG,RF_ACTUAL,BASE_PLUS_ML,0.65,1,QUARTER,2025Q1,11,45.45454545454545,1.488940962867951,0.2868045233380579,3.1548497567186367,3.0750930957703306,3.4487841836702358
GOLD,LONG,RF_ACTUAL,BASE_PLUS_ML,0.65,1,QUARTER,2025Q2,4,50.0,1.817729866724862,0.4347416212249761,1.7389664848999045,1.705071099388624,1.0650604931107979
GOLD,LONG,RF_ACTUAL,BASE_PLUS_ML,0.65,1,QUARTER,2025Q3,3,66.66666666666666,3.4784416251767594,0.9176428260401938,2.752928478120581,2.746918135278315,1.1107497752440454
GOLD,LONG,RF_ACTUAL,BASE_PLUS_ML,0.65,1,QUARTER,2025Q4,3,66.66666666666666,3.7164891100167066,0.9496482312227208,2.8489446936681624,2.845648436753163,1.0487598434181173
GOLD,LONG,RF_ACTUAL,BASE_PLUS_ML,0.65,1,QUARTER,2026Q1,1,100.0,inf,1.9516599210793757,1.9516599210793757,1.9516599210793744,0.0
GOLD,LONG,RF_ACTUAL,BASE_PLUS_ML,0.65,1,QUARTER,2026Q3,3,33.33333333333333,0.9342975859224888,-0.04587781029586938,-0.13763343088760815,-0.16744699048513212,2.083829747251207
GOLD,LONG,RF_ACTUAL,BASE_PLUS_ML,0.65,1,FOLD,1,15,46.666666666666664,1.5704418258570887,0.3262544161079027,4.8938162416185405,4.832596718814216,3.4487841836702358
GOLD,LONG,RF_ACTUAL,BASE_PLUS_ML,0.65,1,FOLD,2,3,66.66666666666666,3.4784416251767594,0.9176428260401938,2.752928478120581,2.746918135278315,1.1107497752440454
GOLD,LONG,RF_ACTUAL,BASE_PLUS_ML,0.65,1,FOLD,3,4,75.0,5.57741078176809,1.2001511536868845,4.800604614747538,4.852845737867483,1.0487598434181173
GOLD,LONG,RF_ACTUAL,BASE_PLUS_ML,0.65,1,FOLD,5,3,33.33333333333333,0.9342975859224888,-0.04587781029586938,-0.13763343088760815,-0.16744699048513212,2.083829747251207
GOLD,LONG,RF_ACTUAL,BASE_PLUS_ML,0.65,2,YEAR,2025,21,52.38095238095239,1.7834255679849265,0.42816089651498,8.99137882681458,9.12981161178659,3.896824028235782
GOLD,LONG,RF_ACTUAL,BASE_PLUS_ML,0.65,2,YEAR,2026,4,50.0,1.7435388501436346,0.4070132450958775,1.62805298038351,1.592547512539841,2.17761457077792
GOLD,LONG,RF_ACTUAL,BASE_PLUS_ML,0.65,2,QUARTER,2025Q1,11,45.45454545454545,1.33450495527269,0.20997268303975297,2.3096995134372826,2.2098022394309966,3.896824028235782
GOLD,LONG,RF_ACTUAL,BASE_PLUS_ML,0.65,2,QUARTER,2025Q2,4,50.0,1.6559389339173385,0.3694832424499554,1.4779329697998216,1.4410525256862685,1.1301209862215842
GOLD,LONG,RF_ACTUAL,BASE_PLUS_ML,0.65,2,QUARTER,2025Q3,3,66.66666666666666,3.0514595811678764,0.8352856520803759,2.5058569562411277,2.49463586730003,1.2214995504881314
GOLD,LONG,RF_ACTUAL,BASE_PLUS_ML,0.65,2,QUARTER,2025Q4,3,66.66666666666666,3.4581694703932038,0.8992964624454495,2.6978893873363483,2.691849096309238,1.0975196868362325
GOLD,LONG,RF_ACTUAL,BASE_PLUS_ML,0.65,2,QUARTER,2026Q1,1,100.0,inf,1.9033198421587316,1.9033198421587316,1.9033198421587258,0.0
GOLD,LONG,RF_ACTUAL,BASE_PLUS_ML,0.65,2,QUARTER,2026Q3,3,33.33333333333333,0.8742844315553036,-0.09175562059174054,-0.27526686177522164,-0.3049678166523563,2.177614570777928
GOLD,LONG,RF_ACTUAL,BASE_PLUS_ML,0.65,2,FOLD,1,15,46.666666666666664,1.4135879611257285,0.252508832215807,3.787632483237105,3.6826991761012775,3.896824028235782
GOLD,LONG,RF_ACTUAL,BASE_PLUS_ML,0.65,2,FOLD,2,3,66.66666666666666,3.0514595811678764,0.8352856520803759,2.5058569562411277,2.49463586730003,1.2214995504881314
GOLD,LONG,RF_ACTUAL,BASE_PLUS_ML,0.65,2,FOLD,3,4,75.0,5.1923705649041665,1.15030230737377,4.60120922949508,4.646403436439004,1.0975196868362325
GOLD,LONG,RF_ACTUAL,BASE_PLUS_ML,0.65,2,FOLD,5,3,33.33333333333333,0.8742844315553036,-0.09175562059174054,-0.27526686177522164,-0.3049678166523563,2.177614570777928
GOLD,LONG,RF_ACTUAL,BASE_PLUS_ML,0.65,5,YEAR,2025,21,52.38095238095239,1.3270727279394958,0.21325938414459397,4.478447067036473,4.325617249123547,5.230619887337225
GOLD,LONG,RF_ACTUAL,BASE_PLUS_ML,0.65,5,YEAR,2026,4,50.0,1.4325513314991836,0.2675331127396842,1.0701324509587369,1.0289226864636476,2.4586994990113067
GOLD,LONG,RF_ACTUAL,BASE_PLUS_ML,0.65,5,QUARTER,2025Q1,11,45.45454545454545,0.9726761999617616,-0.020522837855161423,-0.22575121640677565,-0.34672982709026884,5.230619887337225
GOLD,LONG,RF_ACTUAL,BASE_PLUS_ML,0.65,5,QUARTER,2025Q2,4,50.0,1.2639047578807474,0.17370810612489368,0.6948324244995747,0.6520761060436939,1.3253024655539434
GOLD,LONG,RF_ACTUAL,BASE_PLUS_ML,0.65,5,QUARTER,2025Q3,3,66.66666666666666,2.1357320462849922,0.5882141302009231,1.764642390602769,1.7401835591386656,1.5537488762203697
GOLD,LONG,RF_ACTUAL,BASE_PLUS_ML,0.65,5,QUARTER,2025Q4,3,66.66666666666666,2.8047313726339493,0.7482411561136352,2.2447234683409056,2.231363664970013,1.2437992170905703
GOLD,LONG,RF_ACTUAL,BASE_PLUS_ML,0.65,5,QUARTER,2026Q1,1,100.0,inf,1.7582996053967994,1.7582996053967994,1.7582996053968032,0.0
GOLD,LONG,RF_ACTUAL,BASE_PLUS_ML,0.65,5,QUARTER,2026Q3,3,33.33333333333333,0.7218403958505262,-0.22938905147935426,-0.6881671544380628,-0.7167738865149772,2.4586994990113
GOLD,LONG,RF_ACTUAL,BASE_PLUS_ML,0.65,5,FOLD,1,15,46.666666666666664,1.0430548679630873,0.031272080539519936,0.4690812080927991,0.30308533659843984,5.230619887337225
GOLD,LONG,RF_ACTUAL,BASE_PLUS_ML,0.65,5,FOLD,2,3,66.66666666666666,2.1357320462849922,0.5882141302009231,1.764642390602769,1.7401835591386656,1.5537488762203697
GOLD,LONG,RF_ACTUAL,BASE_PLUS_ML,0.65,5,FOLD,3,4,75.0,4.218383657694647,1.0007557684344262,4.003023073737705,4.0288973288829535,1.2437992170905703
GOLD,LONG,RF_ACTUAL,BASE_PLUS_ML,0.65,5,FOLD,5,3,33.33333333333333,0.7218403958505262,-0.22938905147935426,-0.6881671544380628,-0.7167738865149772,2.4586994990113
GOLD,LONG,RF_ACTUAL,ML_ONLY,0.55,1,YEAR,2025,267,41.57303370786517,1.2854277129102154,0.17797421907837122,47.51911649392512,56.18359004009953,15.338271743440773
GOLD,LONG,RF_ACTUAL,ML_ONLY,0.55,1,YEAR,2026,160,33.75,0.971566967913618,-0.019328763503493763,-3.092602160559002,-4.575629222714634,19.162164623626623
GOLD,LONG,RF_ACTUAL,ML_ONLY,0.55,1,QUARTER,2025Q1,58,34.48275862068966,0.947240509233519,-0.03702760114742345,-2.14760086655056,-2.697160424880542,15.270417356616525
GOLD,LONG,RF_ACTUAL,ML_ONLY,0.55,1,QUARTER,2025Q2,51,37.254901960784316,1.0737058915960895,0.04899080509257709,2.4985310597214316,1.9920157280640751,7.395133899405192
GOLD,LONG,RF_ACTUAL,ML_ONLY,0.55,1,QUARTER,2025Q3,97,44.329896907216494,1.4199623497145861,0.2519477278208388,24.438929598621364,26.28746415341186,15.338271743440762
GOLD,LONG,RF_ACTUAL,ML_ONLY,0.55,1,QUARTER,2025Q4,61,47.540983606557376,1.6747269981762367,0.37261076560873574,22.72925670213288,24.618772492349127,5.169990687431656
GOLD,LONG,RF_ACTUAL,ML_ONLY,0.55,1,QUARTER,2026Q1,49,40.816326530612244,1.303583030007518,0.1865900391515324,9.142911918425089,8.986130665464497,8.023180960505572
GOLD,LONG,RF_ACTUAL,ML_ONLY,0.55,1,QUARTER,2026Q2,47,25.53191489361702,0.6768594335536405,-0.23832228225631988,-11.201147266047034,-10.959931204265832,14.64856538658239
GOLD,LONG,RF_ACTUAL,ML_ONLY,0.55,1,QUARTER,2026Q3,64,34.375,0.9764851797879898,-0.01616198145214151,-1.0343668129370567,-1.666253972745085,10.044159189915366
GOLD,LONG,RF_ACTUAL,ML_ONLY,0.55,1,FOLD,1,86,34.883720930232556,0.9713916173162764,-0.01986481208194034,-1.708373839046869,-2.5497335313270466,15.270417356616525
GOLD,LONG,RF_ACTUAL,ML_ONLY,0.55,1,FOLD,2,121,42.97520661157025,1.343112867933915,0.21023733929523528,25.43871805472347,27.245646798699752,15.338271743440748
GOLD,LONG,RF_ACTUAL,ML_ONLY,0.55,1,FOLD,3,77,46.75324675324675,1.6250261998549653,0.3500375572132888,26.952891905423236,29.759367901041994,5.16999068743162
GOLD,LONG,RF_ACTUAL,ML_ONLY,0.55,1,FOLD,4,60,35.0,1.041996918535639,0.027682903945626954,1.6609742367376172,1.0603818649864252,8.02318096050559
GOLD,LONG,RF_ACTUAL,ML_ONLY,0.55,1,FOLD,5,83,31.32530120481928,0.8651671088680777,-0.09539392800567877,-7.917696024471338,-8.346493401798716,12.527692736117762
GOLD,LONG,RF_ACTUAL,ML_ONLY,0.55,2,YEAR,2025,267,41.57303370786517,1.1667551180923932,0.11052540703136322,29.51028367737398,30.472891530343034,16.7866881041913
GOLD,LONG,RF_ACTUAL,ML_ONLY,0.55,2,YEAR,2026,160,33.75,0.9118942544651297,-0.06240983569363295,-9.985573710981273,-10.935765914259923,22.009669334834737
GOLD,LONG,RF_ACTUAL,ML_ONLY,0.55,2,QUARTER,2025Q1,58,34.48275862068966,0.854985949457679,-0.10853796091553386,-6.2952017331009635,-6.653740725378782,16.47879315144171
GOLD,LONG,RF_ACTUAL,ML_ONLY,0.55,2,QUARTER,2025Q2,51,37.254901960784316,0.9851696397778763,-0.010409552765359719,-0.5308871910333457,-1.051445593183996,8.286790613716391
GOLD,LONG,RF_ACTUAL,ML_ONLY,0.55,2,QUARTER,2025Q3,97,44.329896907216494,1.270537959547349,0.17399854842518217,16.87785919724267,17.107895502009228,16.63768489402832
GOLD,LONG,RF_ACTUAL,ML_ONLY,0.55,2,QUARTER,2025Q4,61,47.540983606557376,1.5500920564303489,0.31899202302074775,19.458513404265613,20.622336915898494,5.438380335592033
GOLD,LONG,RF_ACTUAL,ML_ONLY,0.55,2,QUARTER,2026Q1,49,40.816326530612244,1.233270626345529,0.14869028238469667,7.2858238368501365,6.983064307650171,8.292619436576688
GOLD,LONG,RF_ACTUAL,ML_ONLY,0.55,2,QUARTER,2026Q2,47,25.53191489361702,0.6345500647615802,-0.28090774302036686,-13.202663921957242,-12.728693876996966,15.827369495766948
GOLD,LONG,RF_ACTUAL,ML_ONLY,0.55,2,QUARTER,2026Q3,64,34.375,0.911502589427329,-0.06357396290428385,-4.068733625874167,-4.606929387583295,10.670489792803973
GOLD,LONG,RF_ACTUAL,ML_ONLY,0.55,2,FOLD,1,86,34.883720930232556,0.8830750541589698,-0.08624125207085492,-7.4167476780935235,-7.960780672099463,16.67867886456957
GOLD,LONG,RF_ACTUAL,ML_ONLY,0.55,2,FOLD,2,121,42.97520661157025,1.2062196025570877,0.13511972561132735,16.34948679897061,16.20701237145654,16.63768489402832
GOLD,LONG,RF_ACTUAL,ML_ONLY,0.55,2,FOLD,3,77,46.75324675324675,1.5062539610198533,0.2974777118291729,22.905783810846312,24.628866719741747,5.438380335592018
GOLD,LONG,RF_ACTUAL,ML_ONLY,0.55,2,FOLD,4,60,35.0,0.9833234109776303,-0.011425490403498724,-0.6855294242099235,-1.2848019275851243,8.2943422175643
GOLD,LONG,RF_ACTUAL,ML_ONLY,0.55,2,FOLD,5,83,31.32530120481928,0.8101116266244994,-0.14009980170025027,-11.628283541120773,-11.688818436142038,14.955813467702217
GOLD,LONG,RF_ACTUAL,ML_ONLY,0.55,5,YEAR,2025,267,41.57303370786517,0.8823707975900411,-0.0918210291096609,-24.51621477227946,-23.99534220400418,39.04689613233431
GOLD,LONG,RF_ACTUAL,ML_ONLY,0.55,5,YEAR,2026,160,33.75,0.7586255412763051,-0.19165305226405058,-30.664488362248093,-27.597554008582254,33.064220691973624
GOLD,LONG,RF_ACTUAL,ML_ONLY,0.55,5,QUARTER,2025Q1,58,34.48275862068966,0.6363490468527339,-0.3230690402198651,-18.738004332752176,-17.599233835695305,21.655911742384067
GOLD,LONG,RF_ACTUAL,ML_ONLY,0.55,5,QUARTER,2025Q2,51,37.254901960784316,0.7681760582390651,-0.18861062633917022,-9.61914194329768,-9.657644217416669,15.201217970723665
GOLD,LONG,RF_ACTUAL,ML_ONLY,0.55,5,QUARTER,2025Q3,97,44.329896907216494,0.9225599126087691,-0.05984898976178785,-5.805352006893422,-6.65199374852084,20.42411209730452
GOLD,LONG,RF_ACTUAL,ML_ONLY,0.55,5,QUARTER,2025Q4,61,47.540983606557376,1.2385745970730078,0.15813579525678398,9.646283510663823,9.373598344664856,6.239923294559164
GOLD,LONG,RF_ACTUAL,ML_ONLY,0.55,5,QUARTER,2026Q1,49,40.816326530612244,1.0495775559743026,0.03499101208418922,1.7145595921252719,1.1873592306033742,9.096666907062895
GOLD,LONG,RF_ACTUAL,ML_ONLY,0.55,5,QUARTER,2026Q2,47,25.53191489361702,0.5259634538501806,-0.40866412531250773,-19.207213889687864,-17.83141611622684,20.302575859414436
GOLD,LONG,RF_ACTUAL,ML_ONLY,0.55,5,QUARTER,2026Q3,64,34.375,0.7463996698244919,-0.20580990726071097,-13.171834064685502,-12.919447844339798,16.88605622325631
GOLD,LONG,RF_ACTUAL,ML_ONLY,0.55,5,FOLD,1,86,34.883720930232556,0.6709289504384577,-0.2853705720375989,-24.541869195233506,-22.47534272110654,27.850108319851962
GOLD,LONG,RF_ACTUAL,ML_ONLY,0.55,5,FOLD,2,121,42.97520661157025,0.8847132785575711,-0.09023311544039643,-10.918206968287969,-11.525999969448332,20.424112097304494
GOLD,LONG,RF_ACTUAL,ML_ONLY,0.55,5,FOLD,3,77,46.75324675324675,1.20855658056274,0.13979817567682531,10.76445952711555,10.40798934920665,6.2399232945591905
GOLD,LONG,RF_ACTUAL,ML_ONLY,0.55,5,FOLD,4,60,35.0,0.8312552751568333,-0.1287506734508757,-7.725040407052543,-8.004410182420871,12.25678145050388
GOLD,LONG,RF_ACTUAL,ML_ONLY,0.55,5,FOLD,5,83,31.32530120481928,0.669103671571912,-0.2742174227839649,-22.760046091069086,-21.010308180009144,23.7140141260401
GOLD,LONG,RF_ACTUAL,ML_ONLY,0.6,1,YEAR,2025,173,39.884393063583815,1.1955483739223678,0.1258753439154518,21.77643449737316,22.02739521319736,13.430903700674177
GOLD,LONG,RF_ACTUAL,ML_ONLY,0.6,1,YEAR,2026,74,33.78378378378378,0.9576117811106741,-0.029254591777713414,-2.1648397915507926,-2.8633306477448515,14.90270472137841
GOLD,LONG,RF_ACTUAL,ML_ONLY,0.6,1,QUARTER,2025Q1,57,35.08771929824561,0.971533005244768,-0.019798385675126377,-1.1285079834822034,-1.694085506585452,13.430903700674177
GOLD,LONG,RF_ACTUAL,ML_ONLY,0.6,1,QUARTER,2025Q2,33,30.303030303030305,0.7953371234878825,-0.15146802525068748,-4.9984448332726865,-5.176504248207493,7.641734791341169
GOLD,LONG,RF_ACTUAL,ML_ONLY,0.6,1,QUARTER,2025Q3,54,46.2962962962963,1.525136766747638,0.3060167844623034,16.524906360964383,17.23148702647891,10.62867917624571
GOLD,LONG,RF_ACTUAL,ML_ONLY,0.6,1,QUARTER,2025Q4,29,48.275862068965516,1.7189039183085673,0.39236141217805764,11.378480953163672,11.66509959233058,5.193278757295711
GOLD,LONG,RF_ACTUAL,ML_ONLY,0.6,1,QUARTER,2026Q1,19,42.10526315789473,1.3768583777402195,0.2257073329012195,4.2884393251231705,4.161987874622787,6.121380477642466
GOLD,LONG,RF_ACTUAL,ML_ONLY,0.6,1,QUARTER,2026Q2,19,21.052631578947366,0.5050149892066002,-0.4059236394892592,-7.712549150295924,-7.568694424045431,9.353912838103293
GOLD,LONG,RF_ACTUAL,ML_ONLY,0.6,1,QUARTER,2026Q3,36,36.11111111111111,1.0522282287664944,0.03497972315616552,1.2592700336219589,0.8915655727998911,8.10440276008609
GOLD,LONG,RF_ACTUAL,ML_ONLY,0.6,1,FOLD,1,79,35.44303797468354,0.9930131995485239,-0.004815198173330401,-0.38040065569310166,-1.1814905590564762,13.430903700674177
GOLD,LONG,RF_ACTUAL,ML_ONLY,0.6,1,FOLD,2,65,41.53846153846154,1.2623255658341892,0.16582083384465524,10.77835419990259,10.586365415222327,10.628679176245697
GOLD,LONG,RF_ACTUAL,ML_ONLY,0.6,1,FOLD,3,37,51.35135135135135,1.9484990407714318,0.4863834585792107,17.996187967430796,19.172753271617605,5.193278757295711
GOLD,LONG,RF_ACTUAL,ML_ONLY,0.6,1,FOLD,4,21,19.047619047619047,0.44625700946153896,-0.46443869576445995,-9.753212611053659,-9.445045819357302,12.897791711908816
GOLD,LONG,RF_ACTUAL,ML_ONLY,0.6,1,FOLD,5,45,35.55555555555556,1.0320217611753837,0.021570351227460875,0.9706658052357393,0.510510215243869,8.10440276008608
GOLD,LONG,RF_ACTUAL,ML_ONLY,0.6,2,YEAR,2025,173,39.884393063583815,1.080464379085557,0.055218895923390424,9.552868994746543,7.994896674108008,19.20708973016344
GOLD,LONG,RF_ACTUAL,ML_ONLY,0.6,2,YEAR,2026,74,33.78378378378378,0.8997114789037476,-0.07202269706893855,-5.329679583101452,-5.8909504312920715,15.861019018907152
GOLD,LONG,RF_ACTUAL,ML_ONLY,0.6,2,QUARTER,2025Q1,57,35.08771929824561,0.8756776389350381,-0.09222835029761879,-5.257015966964271,-5.672083805825946,14.54781003351368
GOLD,LONG,RF_ACTUAL,ML_ONLY,0.6,2,QUARTER,2025Q2,33,30.303030303030305,0.7292816493283116,-0.21202695959228293,-6.996889666545337,-7.057289877102379,8.760450957813317
GOLD,LONG,RF_ACTUAL,ML_ONLY,0.6,2,QUARTER,2025Q3,54,46.2962962962963,1.3550785142328439,0.2231446800357195,12.049812721928852,12.110705966839442,11.657591051654972
GOLD,LONG,RF_ACTUAL,ML_ONLY,0.6,2,QUARTER,2025Q4,29,48.275862068965516,1.585824937830425,0.3364469622871482,9.756961906327298,9.875426397031289,5.484845125250351
GOLD,LONG,RF_ACTUAL,ML_ONLY,0.6,2,QUARTER,2026Q1,19,42.10526315789473,1.3041850395452534,0.1882567710655978,3.5768786502463583,3.4257691048532934,6.362174146146807
GOLD,LONG,RF_ACTUAL,ML_ONLY,0.6,2,QUARTER,2026Q2,19,21.052631578947366,0.4787338834995696,-0.4434262263469401,-8.425098300591863,-8.228395993709329,9.973890481832665
GOLD,LONG,RF_ACTUAL,ML_ONLY,0.6,2,QUARTER,2026Q3,36,36.11111111111111,0.9809109731862529,-0.013373887020998577,-0.4814599327559488,-0.8496376280731738,8.48191595409484
GOLD,LONG,RF_ACTUAL,ML_ONLY,0.6,2,FOLD,1,79,35.44303797468354,0.9004892264865415,-0.07292153558716481,-5.76080131138602,-6.360231119928448,14.54781003351368
GOLD,LONG,RF_ACTUAL,ML_ONLY,0.6,2,FOLD,2,65,41.53846153846154,1.1257873919244403,0.08548782153546566,5.556708399805268,4.964472292025471,11.657591051654952
GOLD,LONG,RF_ACTUAL,ML_ONLY,0.6,2,FOLD,3,37,51.35135135135135,1.80175685724899,0.4322263766178803,15.992375934861572,16.81870138088732,5.484845125250351
GOLD,LONG,RF_ACTUAL,ML_ONLY,0.6,2,FOLD,4,21,19.047619047619047,0.4235630786073811,-0.5003059629574923,-10.506425222107339,-10.128050511076038,13.491551066764604
GOLD,LONG,RF_ACTUAL,ML_ONLY,0.6,2,FOLD,5,45,35.55555555555556,0.9665247275819485,-0.023525964211741954,-1.058668389528388,-1.5092545931858126,8.481915954094825
GOLD,LONG,RF_ACTUAL,ML_ONLY,0.6,5,YEAR,2025,173,39.884393063583815,0.8074076541743647,-0.1567504480527936,-27.117827513133292,-25.182336508559434,37.59237709050077
GOLD,LONG,RF_ACTUAL,ML_ONLY,0.6,5,YEAR,2026,74,33.78378378378378,0.7502605705187976,-0.20032701294261399,-14.824198957753435,-14.426623432376584,21.465215506054022
GOLD,LONG,RF_ACTUAL,ML_ONLY,0.6,5,QUARTER,2025Q1,57,35.08771929824561,0.6486487930888157,-0.30951824416509593,-17.642539917410467,-16.681528317186043,20.236008008156972
GOLD,LONG,RF_ACTUAL,ML_ONLY,0.6,5,QUARTER,2025Q2,33,30.303030303030305,0.5685668294373105,-0.39370376261706935,-12.992224166363288,-12.485305336306931,13.920025431081479
GOLD,LONG,RF_ACTUAL,ML_ONLY,0.6,5,QUARTER,2025Q3,54,46.2962962962963,0.9667271636085116,-0.02547163324403199,-1.3754681951777274,-1.9706553471165535,15.224506259717879
GOLD,LONG,RF_ACTUAL,ML_ONLY,0.6,5,QUARTER,2025Q4,29,48.275862068965516,1.2556422141279837,0.16870361261442018,4.892404765818186,4.6708534084968045,6.355253128078606
GOLD,LONG,RF_ACTUAL,ML_ONLY,0.6,5,QUARTER,2026Q1,19,42.10526315789473,1.111822226385774,0.07590508555873246,1.4421966256159167,1.2464430961982884,7.0812920061064
GOLD,LONG,RF_ACTUAL,ML_ONLY,0.6,5,QUARTER,2026Q2,19,21.052631578947366,0.4101297199367817,-0.5559339869199829,-10.562745751479675,-10.18093309125213,11.809970153227562
GOLD,LONG,RF_ACTUAL,ML_ONLY,0.6,5,QUARTER,2026Q3,36,36.11111111111111,0.800254196064675,-0.15843471755249097,-5.703649831889675,-5.8998415217784785,9.894567792833962
GOLD,LONG,RF_ACTUAL,ML_ONLY,0.6,5,FOLD,1,79,35.44303797468354,0.6789884312614368,-0.2772405478286681,-21.90200327846478,-20.342438443351753,24.88404584518433
GOLD,LONG,RF_ACTUAL,ML_ONLY,0.6,5,FOLD,2,65,41.53846153846154,0.81084370209965,-0.15551121539210302,-10.108229000486697,-10.267169252294877,20.66221817804042
GOLD,LONG,RF_ACTUAL,ML_ONLY,0.6,5,FOLD,3,37,51.35135135135135,1.4364842996968203,0.2697551307338895,9.980939837153912,10.024571922426867,6.355253128078606
GOLD,LONG,RF_ACTUAL,ML_ONLY,0.6,5,FOLD,4,21,19.047619047619047,0.3638039258876237,-0.6079077645365898,-12.766063055268384,-12.147857406784738,15.250007631775839
GOLD,LONG,RF_ACTUAL,ML_ONLY,0.6,5,FOLD,5,45,35.55555555555556,0.7990445726757198,-0.15881491052935054,-7.1466709738207745,-7.3335792731097165,9.894567792833971
GOLD,LONG,RF_ACTUAL,ML_ONLY,0.65,1,YEAR,2025,99,39.39393939393939,1.1586357643712801,0.10299228531574442,10.196236246258698,9.576311810467018,12.54793529440259
GOLD,LONG,RF_ACTUAL,ML_ONLY,0.65,1,YEAR,2026,28,46.42857142857143,1.6284936037909468,0.3498929865256608,9.797003622718503,9.933745360990224,6.028746929896951
GOLD,LONG,RF_ACTUAL,ML_ONLY,0.65,1,QUARTER,2025Q1,44,36.36363636363637,1.0035821238045552,0.0024432487224751343,0.1075029437889059,-0.3360083214589849,12.54793529440259
GOLD,LONG,RF_ACTUAL,ML_ONLY,0.65,1,QUARTER,2025Q2,18,22.22222222222222,0.5209816317865599,-0.3959195155980305,-7.1265512807645495,-7.0216115199842415,7.396429073602792
GOLD,LONG,RF_ACTUAL,ML_ONLY,0.65,1,QUARTER,2025Q3,25,48.0,1.6295992511339195,0.3557276882805161,8.893192207012902,8.978319942947518,4.25820141206746
GOLD,LONG,RF_ACTUAL,ML_ONLY,0.65,1,QUARTER,2025Q4,12,58.333333333333336,2.581849257613308,0.6935076980184535,8.322092376221441,8.50663074085578,2.0933591113379677
GOLD,LONG,RF_ACTUAL,ML_ONLY,0.65,1,QUARTER,2026Q1,11,45.45454545454545,1.574037500715862,0.3240335728947539,3.5643693018422926,3.4974887972366786,4.05600826036319
GOLD,LONG,RF_ACTUAL,ML_ONLY,0.65,1,QUARTER,2026Q2,2,0.0,0.0,-1.0334073617960553,-2.0668147235921106,-2.0561357035125067,2.0561357035125067
GOLD,LONG,RF_ACTUAL,ML_ONLY,0.65,1,QUARTER,2026Q3,15,53.333333333333336,2.135051140453331,0.5532966029645546,8.29944904446832,8.448606784278127,2.0796106500273472
GOLD,LONG,RF_ACTUAL,ML_ONLY,0.65,1,FOLD,1,58,32.758620689655174,0.8620337737487279,-0.0991447083598965,-5.750393084873997,-6.117262662335008,12.54793529440259
GOLD,LONG,RF_ACTUAL,ML_ONLY,0.65,1,FOLD,2,29,44.827586206896555,1.4398651324290264,0.26291506741073295,7.624536954911255,7.565910185000871,4.258201412067469
GOLD,LONG,RF_ACTUAL,ML_ONLY,0.65,1,FOLD,3,18,61.111111111111114,2.9110288800948196,0.7804520057679645,14.04813610382336,14.801883950877187,2.0933591113379677
GOLD,LONG,RF_ACTUAL,ML_ONLY,0.65,1,FOLD,4,6,16.666666666666664,0.3795148152046751,-0.5334075529273082,-3.200445317563849,-3.194026575107671,5.052646518989596
GOLD,LONG,RF_ACTUAL,ML_ONLY,0.65,1,FOLD,5,16,50.0,1.8718706812967005,0.45446282579252684,7.271405212680429,7.333707571572449,2.0796106500273535
GOLD,LONG,RF_ACTUAL,ML_ONLY,0.65,2,YEAR,2025,99,39.39393939393939,1.044973542507825,0.031140327183627088,3.0828923911790818,2.0566872121647295,14.733752645213805
GOLD,LONG,RF_ACTUAL,ML_ONLY,0.65,2,YEAR,2026,28,46.42857142857143,1.5312766205689214,0.3069288301941776,8.594007245436973,8.624952753459274,6.20523402507768
GOLD,LONG,RF_ACTUAL,ML_ONLY,0.65,2,QUARTER,2025Q1,44,36.36363636363637,0.9033607024386505,-0.0703312321309198,-3.0945742137604713,-3.4777127845946434,13.897502290483754
GOLD,LONG,RF_ACTUAL,ML_ONLY,0.65,2,QUARTER,2025Q2,18,22.22222222222222,0.4761536100507095,-0.45850569786273176,-8.253102561529172,-8.067838795107969,8.067838795107969
GOLD,LONG,RF_ACTUAL,ML_ONLY,0.65,2,QUARTER,2025Q3,25,48.0,1.4449992864253527,0.27145537656103413,6.786384414025853,6.711858414609856,4.575232078069657
GOLD,LONG,RF_ACTUAL,ML_ONLY,0.65,2,QUARTER,2025Q4,12,58.333333333333336,2.3843197665358864,0.6370153960369062,7.644184752442873,7.778890646387822,2.196663694109278
GOLD,LONG,RF_ACTUAL,ML_ONLY,0.65,2,QUARTER,2026Q1,11,45.45454545454545,1.4874492222663915,0.28443078215314127,3.128738603684554,3.049722361993804,4.171514312101228
GOLD,LONG,RF_ACTUAL,ML_ONLY,0.65,2,QUARTER,2026Q2,2,0.0,0.0,-1.0668147235921195,-2.133629447184239,-2.1222496613376736,2.1222496613376736
GOLD,LONG,RF_ACTUAL,ML_ONLY,0.65,2,QUARTER,2026Q3,15,53.333333333333336,1.9967178561166898,0.5065932059291103,7.598898088936655,7.695807200362173,2.1691804728304755
GOLD,LONG,RF_ACTUAL,ML_ONLY,0.65,2,FOLD,1,58,32.758620689655174,0.7788437325228199,-0.1691442460532124,-9.81036627108632,-9.856886363340664,14.641545667846234
GOLD,LONG,RF_ACTUAL,ML_ONLY,0.65,2,FOLD,2,29,44.827586206896555,1.2811861422565491,0.18100254861457,5.249073909822529,5.044955828771117,4.575232078069675
GOLD,LONG,RF_ACTUAL,ML_ONLY,0.65,2,FOLD,3,18,61.111111111111114,2.7003353017893916,0.7275706782025949,13.096272207646708,13.722807359419631,2.196663694109278
GOLD,LONG,RF_ACTUAL,ML_ONLY,0.65,2,FOLD,4,6,16.666666666666664,0.36024713343999687,-0.5668151058546208,-3.400890635127725,-3.388714003735424,5.204106285987604
GOLD,LONG,RF_ACTUAL,ML_ONLY,0.65,2,FOLD,5,16,50.0,1.7537792597507775,0.4089256515850539,6.542810425360862,6.558445066330797,2.1691804728304542
GOLD,LONG,RF_ACTUAL,ML_ONLY,0.65,5,YEAR,2025,99,39.39393939393939,0.7756351792053976,-0.1844155472127249,-18.257139174059766,-17.571682695507853,26.73272171311941
GOLD,LONG,RF_ACTUAL,ML_ONLY,0.65,5,YEAR,2026,28,46.42857142857143,1.2778661045356814,0.17803636119972785,4.98501811359238,4.787995139252189,6.733050054929072
GOLD,LONG,RF_ACTUAL,ML_ONLY,0.65,5,QUARTER,2025Q1,44,36.36363636363637,0.6662492022053816,-0.28865467469110445,-12.700805686408595,-12.333641308107314,18.511143269874214
GOLD,LONG,RF_ACTUAL,ML_ONLY,0.65,5,QUARTER,2025Q2,18,22.22222222222222,0.36733921311822754,-0.6462642446568354,-11.632756403823038,-11.140286838047144,11.140286838047144
GOLD,LONG,RF_ACTUAL,ML_ONLY,0.65,5,QUARTER,2025Q3,25,48.0,1.02501694574242,0.01863844140258795,0.46596103506469877,0.18036513696902148,6.890278593288112
GOLD,LONG,RF_ACTUAL,ML_ONLY,0.65,5,QUARTER,2025Q4,12,58.333333333333336,1.8898506712140881,0.4675384900922641,5.610461881107169,5.622379902267653,2.506250271023416
GOLD,LONG,RF_ACTUAL,ML_ONLY,0.65,5,QUARTER,2026Q1,11,45.45454545454545,1.258546860606439,0.16562240992830407,1.8218465092113447,1.716925661773655,4.517413822951843
GOLD,LONG,RF_ACTUAL,ML_ONLY,0.65,5,QUARTER,2026Q2,2,0.0,0.0,-1.167036808980312,-2.334073617960624,-2.320461060689013,2.320461060689013
GOLD,LONG,RF_ACTUAL,ML_ONLY,0.65,5,QUARTER,2026Q3,15,53.333333333333336,1.6422163819902347,0.3664830148227774,5.497245222341661,5.466541545394875,2.437644977894492
GOLD,LONG,RF_ACTUAL,ML_ONLY,0.65,5,FOLD,1,58,32.758620689655174,0.5803266714144383,-0.3791428591331601,-21.990285829723284,-20.219568626020852,22.845445574752436
GOLD,LONG,RF_ACTUAL,ML_ONLY,0.65,5,FOLD,2,29,44.827586206896555,0.9171859075089761,-0.06473500777391904,-1.8773152254436523,-2.1808003468105426,7.313064865831113
GOLD,LONG,RF_ACTUAL,ML_ONLY,0.65,5,FOLD,3,18,61.111111111111114,2.1696381832440177,0.568926695506486,10.240680519116747,10.542677604779191,2.506250271023416
GOLD,LONG,RF_ACTUAL,ML_ONLY,0.65,5,FOLD,4,6,16.666666666666664,0.30875254559236665,-0.6670377646365591,-4.002226587819354,-3.9708351478756185,5.657336935615199
GOLD,LONG,RF_ACTUAL,ML_ONLY,0.65,5,FOLD,5,16,50.0,1.4491769539627015,0.27231412896263485,4.357026063402158,4.263991832423404,2.437644977894483
GOLD,LONG,RF_SIMPLE,BASE_PLUS_ML,0.6,1,YEAR,2025,19,42.10526315789473,1.306706322297491,0.19041364954401788,3.61785934133634,3.4662443372503278,4.473335663366429
GOLD,LONG,RF_SIMPLE,BASE_PLUS_ML,0.6,1,YEAR,2026,7,28.57142857142857,0.747266057286477,-0.18885856822447886,-1.322009977571352,-1.3776927513270836,5.1225292370125
GOLD,LONG,RF_SIMPLE,BASE_PLUS_ML,0.6,1,QUARTER,2025Q1,11,45.45454545454545,1.491169317047759,0.28768109380397244,3.1644920318436967,3.08513945529196,4.473335663366429
GOLD,LONG,RF_SIMPLE,BASE_PLUS_ML,0.6,1,QUARTER,2025Q2,5,40.0,1.210418583546535,0.13439688423952484,0.6719844211976242,0.6198962328825133,2.120678552384004
GOLD,LONG,RF_SIMPLE,BASE_PLUS_ML,0.6,1,QUARTER,2025Q3,1,0.0,0.0,-1.110749775244049,-1.110749775244049,-1.110749775244051,1.110749775244051
GOLD,LONG,RF_SIMPLE,BASE_PLUS_ML,0.6,1,QUARTER,2025Q4,2,50.0,1.850654865494682,0.44606633176953436,0.8921326635390687,0.8717773623222002,1.0487598434181193
GOLD,LONG,RF_SIMPLE,BASE_PLUS_ML,0.6,1,QUARTER,2026Q1,2,50.0,1.871615954987955,0.45444630918800444,0.9088926183760089,0.8885413468590286,1.0427673027033635
GOLD,LONG,RF_SIMPLE,BASE_PLUS_ML,0.6,1,QUARTER,2026Q2,2,0.0,0.0,-1.0466345825298762,-2.0932691650597524,-2.082314798883669,2.082314798883669
GOLD,LONG,RF_SIMPLE,BASE_PLUS_ML,0.6,1,QUARTER,2026Q3,3,33.33333333333333,0.9342975859224888,-0.04587781029586938,-0.13763343088760815,-0.16744699048513212,2.083829747251207
GOLD,LONG,RF_SIMPLE,BASE_PLUS_ML,0.6,1,FOLD,1,16,43.75,1.3981262031255337,0.23977977831508251,3.8364764530413202,3.7241603514370127,4.473335663366429
GOLD,LONG,RF_SIMPLE,BASE_PLUS_ML,0.6,1,FOLD,2,1,0.0,0.0,-1.110749775244049,-1.110749775244049,-1.110749775244051,1.110749775244051
GOLD,LONG,RF_SIMPLE,BASE_PLUS_ML,0.6,1,FOLD,3,3,66.66666666666666,3.711576537246065,0.9479308615394815,2.8437925846184444,2.840451412783068,1.0487598434181193
GOLD,LONG,RF_SIMPLE,BASE_PLUS_ML,0.6,1,FOLD,4,3,0.0,0.0,-1.045345489254373,-3.136036467763119,-3.1033684037249145,3.1033684037249145
GOLD,LONG,RF_SIMPLE,BASE_PLUS_ML,0.6,1,FOLD,5,3,33.33333333333333,0.9342975859224888,-0.04587781029586938,-0.13763343088760815,-0.16744699048513212,2.083829747251207
GOLD,LONG,RF_SIMPLE,BASE_PLUS_ML,0.6,2,YEAR,2025,19,42.10526315789473,1.1775551749798332,0.11766940435119251,2.235718682672658,2.047949758469349,4.975386494502449
GOLD,LONG,RF_SIMPLE,BASE_PLUS_ML,0.6,2,YEAR,2026,7,28.57142857142857,0.6989896964926708,-0.23485999359181944,-1.6440199551427361,-1.6955104939427996,5.343650717121058
GOLD,LONG,RF_SIMPLE,BASE_PLUS_ML,0.6,2,QUARTER,2025Q1,11,45.45454545454545,1.3382425432126548,0.21172582397158005,2.3289840636873804,2.229740552079636,4.975386494502449
GOLD,LONG,RF_SIMPLE,BASE_PLUS_ML,0.6,2,QUARTER,2025Q2,5,40.0,1.1015519953796054,0.06879376847905268,0.3439688423952634,0.29074737958337665,2.251269947046114
GOLD,LONG,RF_SIMPLE,BASE_PLUS_ML,0.6,2,QUARTER,2025Q3,1,0.0,0.0,-1.2214995504881296,-1.2214995504881296,-1.2214995504881243,1.2214995504881243
GOLD,LONG,RF_SIMPLE,BASE_PLUS_ML,0.6,2,QUARTER,2025Q4,2,50.0,1.7145797350924095,0.3921326635390713,0.7842653270781426,0.7636123660864996,1.0975196868362402
GOLD,LONG,RF_SIMPLE,BASE_PLUS_ML,0.6,2,QUARTER,2026Q1,2,50.0,1.7533479197059554,0.4088926183759961,0.8177852367519922,0.7971240412137832,1.085534605406737
GOLD,LONG,RF_SIMPLE,BASE_PLUS_ML,0.6,2,QUARTER,2026Q2,2,0.0,0.0,-1.0932691650597532,-2.1865383301195065,-2.174586248716355,2.174586248716355
GOLD,LONG,RF_SIMPLE,BASE_PLUS_ML,0.6,2,QUARTER,2026Q3,3,33.33333333333333,0.8742844315553036,-0.09175562059174054,-0.27526686177522164,-0.3049678166523563,2.177614570777928
GOLD,LONG,RF_SIMPLE,BASE_PLUS_ML,0.6,2,FOLD,1,16,43.75,1.2602005349747132,0.1670595566301653,2.672952906082645,2.526970843889694,4.975386494502449
GOLD,LONG,RF_SIMPLE,BASE_PLUS_ML,0.6,2,FOLD,2,1,0.0,0.0,-1.2214995504881296,-1.2214995504881296,-1.2214995504881243,1.2214995504881243
GOLD,LONG,RF_SIMPLE,BASE_PLUS_ML,0.6,2,FOLD,3,3,66.66666666666666,3.448780829603372,0.8958617230789581,2.687585169236874,2.681466193926144,1.0975196868362402
GOLD,LONG,RF_SIMPLE,BASE_PLUS_ML,0.6,2,FOLD,4,3,0.0,0.0,-1.0906909785087489,-3.2720729355262463,-3.2365149678688567,3.2365149678688567
GOLD,LONG,RF_SIMPLE,BASE_PLUS_ML,0.6,2,FOLD,5,3,33.33333333333333,0.8742844315553036,-0.09175562059174054,-0.27526686177522164,-0.3049678166523563,2.177614570777928
GOLD,LONG,RF_SIMPLE,BASE_PLUS_ML,0.6,5,YEAR,2025,19,42.10526315789473,0.8724429896333966,-0.10056333122728373,-1.9107032933183907,-2.09754682818118,6.468062494661658
GOLD,LONG,RF_SIMPLE,BASE_PLUS_ML,0.6,5,YEAR,2026,7,28.57142857142857,0.5758901351556784,-0.3728642696938413,-2.610049887856889,-2.6437051388091617,6.0045444393258585
GOLD,LONG,RF_SIMPLE,BASE_PLUS_ML,0.6,5,QUARTER,2025Q1,11,45.45454545454545,0.9783853368742623,-0.016139985525596933,-0.17753984078156626,-0.29802619066473424,6.468062494661658
GOLD,LONG,RF_SIMPLE,BASE_PLUS_ML,0.6,5,QUARTER,2025Q2,5,40.0,0.8386819637676611,-0.12801557880236342,-0.640077894011817,-0.6915388436918306,2.6425211847011725
GOLD,LONG,RF_SIMPLE,BASE_PLUS_ML,0.6,5,QUARTER,2025Q3,1,0.0,0.0,-1.553748876220371,-1.553748876220371,-1.553748876220368,1.553748876220368
GOLD,LONG,RF_SIMPLE,BASE_PLUS_ML,0.6,5,QUARTER,2025Q4,2,50.0,1.370367910966307,0.23033165884768225,0.4606633176953645,0.4394632260321032,1.2437992170905707
GOLD,LONG,RF_SIMPLE,BASE_PLUS_ML,0.6,5,QUARTER,2026Q1,2,50.0,1.4485473009066645,0.2722315459399711,0.5444630918799422,0.5231202092526133,1.2138365135168607
GOLD,LONG,RF_SIMPLE,BASE_PLUS_ML,0.6,5,QUARTER,2026Q2,2,0.0,0.0,-1.2331729126493844,-2.466345825298769,-2.451140503908528,2.451140503908528
GOLD,LONG,RF_SIMPLE,BASE_PLUS_ML,0.6,5,QUARTER,2026Q3,3,33.33333333333333,0.7218403958505262,-0.22938905147935426,-0.6881671544380628,-0.7167738865149772,2.4586994990113
GOLD,LONG,RF_SIMPLE,BASE_PLUS_ML,0.6,5,FOLD,1,16,43.75,0.9328812672880572,-0.05110110842458651,-0.8176177347933842,-0.9875040674837463,6.468062494661658
GOLD,LONG,RF_SIMPLE,BASE_PLUS_ML,0.6,5,FOLD,2,1,0.0,0.0,-1.553748876220371,-1.553748876220371,-1.553748876220368,1.553748876220368
GOLD,LONG,RF_SIMPLE,BASE_PLUS_ML,0.6,5,FOLD,3,3,66.66666666666666,2.7840201960270052,0.7396543076973879,2.218962923092164,2.20548991159809,1.2437992170905707
GOLD,LONG,RF_SIMPLE,BASE_PLUS_ML,0.6,5,FOLD,4,3,0.0,0.0,-1.2267274462718751,-3.6801823388156256,-3.6352241789913475,3.6352241789913475
GOLD,LONG,RF_SIMPLE,BASE_PLUS_ML,0.6,5,FOLD,5,3,33.33333333333333,0.7218403958505262,-0.22938905147935426,-0.6881671544380628,-0.7167738865149772,2.4586994990113
GOLD,LONG,RF_SIMPLE,ML_ONLY,0.55,1,YEAR,2025,275,39.27272727272727,1.1683943748531405,0.1092683727878859,30.048802516668623,31.12937040997272,16.543530667955608
GOLD,LONG,RF_SIMPLE,ML_ONLY,0.55,1,YEAR,2026,114,36.84210526315789,1.0894255277786278,0.059093249105314424,6.736630398005844,5.705007449706431,8.571673622624147
GOLD,LONG,RF_SIMPLE,ML_ONLY,0.55,1,QUARTER,2025Q1,60,33.33333333333333,0.8987689471394588,-0.07230120592285051,-4.338072355371031,-4.815660658493743,16.254350989681345
GOLD,LONG,RF_SIMPLE,ML_ONLY,0.55,1,QUARTER,2025Q2,56,32.142857142857146,0.8660783854916234,-0.09646205697688734,-5.401875190705691,-5.778495594437947,10.587276160667633
GOLD,LONG,RF_SIMPLE,ML_ONLY,0.55,1,QUARTER,2025Q3,96,43.75,1.3855938341577272,0.23382958162056514,22.447639835574254,23.82097829991246,10.578948516958043
GOLD,LONG,RF_SIMPLE,ML_ONLY,0.55,1,QUARTER,2025Q4,63,44.44444444444444,1.4681979198854191,0.27525571789160475,17.3411102271711,18.083770200359687,8.089814758694343
GOLD,LONG,RF_SIMPLE,ML_ONLY,0.55,1,QUARTER,2026Q1,33,39.39393939393939,1.214438655871162,0.13582264311932518,4.482147222937731,4.2138724677249,4.268340644223636
GOLD,LONG,RF_SIMPLE,ML_ONLY,0.55,1,QUARTER,2026Q2,30,33.33333333333333,0.93885131640865,-0.0425476691764637,-1.276430075293911,-1.563352919572901,7.62061506231403
GOLD,LONG,RF_SIMPLE,ML_ONLY,0.55,1,QUARTER,2026Q3,51,37.254901960784316,1.1052234811474262,0.06923359314435344,3.5309132503620253,3.0417473254636205,7.129971742699093
GOLD,LONG,RF_SIMPLE,ML_ONLY,0.55,1,FOLD,1,91,34.065934065934066,0.9359238920100253,-0.04506666840119096,-4.1010668245083775,-4.892608875580277,16.254350989681345
GOLD,LONG,RF_SIMPLE,ML_ONLY,0.55,1,FOLD,2,122,40.16393442622951,1.2007257576942751,0.12909216014664152,15.749243537890264,15.523284679729546,10.587276160667624
GOLD,LONG,RF_SIMPLE,ML_ONLY,0.55,1,FOLD,3,81,44.44444444444444,1.473092716769122,0.27751231117453834,22.478497205137604,24.053321313681202,8.08981475869431
GOLD,LONG,RF_SIMPLE,ML_ONLY,0.55,1,FOLD,4,33,33.33333333333333,0.9352903783047382,-0.04504367379688732,-1.4864412352972816,-1.7979703260031215,6.267867713210714
GOLD,LONG,RF_SIMPLE,ML_ONLY,0.55,1,FOLD,5,62,37.096774193548384,1.1015336170526997,0.06685806824923012,4.145200231452267,3.5578152116051345,7.1299717426991
GOLD,LONG,RF_SIMPLE,ML_ONLY,0.55,2,YEAR,2025,275,39.27272727272727,1.058443495064819,0.040354927393954236,11.097605033337414,8.503800963260165,22.2520589703075
GOLD,LONG,RF_SIMPLE,ML_ONLY,0.55,2,YEAR,2026,114,36.84210526315789,1.0187283850265203,0.012923340315891135,1.4732607960115893,0.28571826095320607,10.04893296576967
GOLD,LONG,RF_SIMPLE,ML_ONLY,0.55,2,QUARTER,2025Q1,60,33.33333333333333,0.8101764094758969,-0.14460241184570036,-8.67614471074202,-8.860681212212091,18.28622976813104
GOLD,LONG,RF_SIMPLE,ML_ONLY,0.55,2,QUARTER,2025Q2,56,32.142857142857146,0.7936888243346598,-0.15720982823948873,-8.80375038141137,-8.935223023447394,12.235451841607688
GOLD,LONG,RF_SIMPLE,ML_ONLY,0.55,2,QUARTER,2025Q3,96,43.75,1.2385858542576085,0.15515916324113158,14.89527967114863,14.829720970753781,11.559164402126983
GOLD,LONG,RF_SIMPLE,ML_ONLY,0.55,2,QUARTER,2025Q4,63,44.44444444444444,1.3501439996438505,0.21717810244987582,13.682220454342175,13.850367308135741,9.233628026176527
GOLD,LONG,RF_SIMPLE,ML_ONLY,0.55,2,QUARTER,2026Q1,33,39.39393939393939,1.13595474641762,0.08982710442047018,2.964294445875516,2.6459581758744206,4.566857153890273
GOLD,LONG,RF_SIMPLE,ML_ONLY,0.55,2,QUARTER,2026Q2,30,33.33333333333333,0.8826185241414589,-0.08509533835292947,-2.5528601505878843,-2.813588632628432,8.331507184753239
GOLD,LONG,RF_SIMPLE,ML_ONLY,0.55,2,QUARTER,2026Q3,51,37.254901960784316,1.0302405699108994,0.020820127465175624,1.061826500723957,0.5290758662806525,7.465439326595962
GOLD,LONG,RF_SIMPLE,ML_ONLY,0.55,2,FOLD,1,91,34.065934065934066,0.8499821134186181,-0.1121113587804028,-10.202133649016655,-10.526763510870364,18.661328007345308
GOLD,LONG,RF_SIMPLE,ML_ONLY,0.55,2,FOLD,2,122,40.16393442622951,1.0774339270654962,0.05326628750639849,6.4984870757806155,5.324663868159087,11.559164402126976
GOLD,LONG,RF_SIMPLE,ML_ONLY,0.55,2,FOLD,3,81,44.44444444444444,1.3589397966019332,0.22169128901574317,17.956994410275197,18.581156386985025,9.233628026176522
GOLD,LONG,RF_SIMPLE,ML_ONLY,0.55,2,FOLD,4,33,33.33333333333333,0.875829260547127,-0.0900873475937756,-2.9728824705945947,-3.247588217210864,6.654274238541416
GOLD,LONG,RF_SIMPLE,ML_ONLY,0.55,2,FOLD,5,62,37.096774193548384,1.0302543174631693,0.02081291069200705,1.290400462904437,0.6429438365887222,7.465439326595947
GOLD,LONG,RF_SIMPLE,ML_ONLY,0.55,5,YEAR,2025,275,39.27272727272727,0.7959282090563795,-0.16638540878784092,-45.755987416656254,-38.577811527559824,45.3290424088981
GOLD,LONG,RF_SIMPLE,ML_ONLY,0.55,5,YEAR,2026,114,36.84210526315789,0.8385223505956105,-0.1255863860523788,-14.316848009971181,-14.374184331956805,16.1391550847738
GOLD,LONG,RF_SIMPLE,ML_ONLY,0.55,5,QUARTER,2025Q1,60,33.33333333333333,0.6002947482505351,-0.3615060296142497,-21.69036177685498,-20.008768311445884,24.098620279627937
GOLD,LONG,RF_SIMPLE,ML_ONLY,0.55,5,QUARTER,2025Q2,56,32.142857142857146,0.6173673312432044,-0.33945314202729293,-19.009375953528405,-17.795314318161537,20.45337072613373
GOLD,LONG,RF_SIMPLE,ML_ONLY,0.55,5,QUARTER,2025Q3,96,43.75,0.8966179733211279,-0.08085209189716924,-7.761800822128247,-8.446379393763118,17.143609494116
GOLD,LONG,RF_SIMPLE,ML_ONLY,0.55,5,QUARTER,2025Q4,63,44.44444444444444,1.0598706329730052,0.0429452561246887,2.705551135855388,2.025987145913018,12.584165113787794
GOLD,LONG,RF_SIMPLE,ML_ONLY,0.55,5,QUARTER,2026Q1,33,39.39393939393939,0.935155494852624,-0.04815951167609478,-1.5892638853111276,-1.921855864889335,5.457628211074324
GOLD,LONG,RF_SIMPLE,ML_ONLY,0.55,5,QUARTER,2026Q2,30,33.33333333333333,0.7381254124097814,-0.21273834588232657,-6.382150376469797,-6.473020795189996,11.357312624694705
GOLD,LONG,RF_SIMPLE,ML_ONLY,0.55,5,QUARTER,2026Q3,51,37.254901960784316,0.8404933343097765,-0.12442026957235798,-6.345433748190257,-6.654029627222884,9.90612455144935
GOLD,LONG,RF_SIMPLE,ML_ONLY,0.55,5,FOLD,1,91,34.065934065934066,0.6437514005053449,-0.3132454299180383,-28.505334122541484,-25.523513765823374,29.987313680838675
GOLD,LONG,RF_SIMPLE,ML_ONLY,0.55,5,FOLD,2,122,40.16393442622951,0.7881137009038174,-0.17421133041433062,-21.253782310548335,-20.21465773736221,25.671778452561174
GOLD,LONG,RF_SIMPLE,ML_ONLY,0.55,5,FOLD,3,81,44.44444444444444,1.0762985987415845,0.054228222539357815,4.392486025687983,3.5548346796284247,12.584165113787815
GOLD,LONG,RF_SIMPLE,ML_ONLY,0.55,5,FOLD,4,33,33.33333333333333,0.7232440627770327,-0.22521836898444017,-7.432206176486526,-7.473095794348376,8.90733653056747
GOLD,LONG,RF_SIMPLE,ML_ONLY,0.55,5,FOLD,5,62,37.096774193548384,0.8488659394152017,-0.1173225619796623,-7.273998842739062,-7.626094532679111,10.5471812879776
GOLD,LONG,RF_SIMPLE,ML_ONLY,0.6,1,YEAR,2025,91,40.65934065934066,1.236197009288009,0.14998723873140626,13.64883872455797,13.492320547262192,5.328383557136967
GOLD,LONG,RF_SIMPLE,ML_ONLY,0.6,1,YEAR,2026,29,41.37931034482759,1.316671185433688,0.19423367061689525,5.632776447889962,5.457146136431788,5.450185885679073
GOLD,LONG,RF_SIMPLE,ML_ONLY,0.6,1,QUARTER,2025Q1,39,43.58974358974359,1.386253329513386,0.2340155447335686,9.126606244609174,9.075712269387894,5.2074729337339765
GOLD,LONG,RF_SIMPLE,ML_ONLY,0.6,1,QUARTER,2025Q2,17,35.294117647058826,1.0003186889665656,0.00021858313316918906,0.003715913263876214,-0.1702997166719115,4.393506988794636
GOLD,LONG,RF_SIMPLE,ML_ONLY,0.6,1,QUARTER,2025Q3,23,43.47826086956522,1.3686947553295055,0.2251718434756169,5.178952399939188,5.043054742057029,3.5117564706270614
GOLD,LONG,RF_SIMPLE,ML_ONLY,0.6,1,QUARTER,2025Q4,12,33.33333333333333,0.9218470228957913,-0.05503631943785562,-0.6604358332542675,-0.7772388750788536,3.3361126016005036
GOLD,LONG,RF_SIMPLE,ML_ONLY,0.6,1,QUARTER,2026Q1,9,55.55555555555556,2.341628375719275,0.6224397662202578,5.60195789598232,5.638891915582394,2.073183433371635
GOLD,LONG,RF_SIMPLE,ML_ONLY,0.6,1,QUARTER,2026Q2,8,25.0,0.6206841421161382,-0.2976910967554173,-2.381528774043338,-2.422269570426579,4.123694489351709
GOLD,LONG,RF_SIMPLE,ML_ONLY,0.6,1,QUARTER,2026Q3,12,41.66666666666667,1.3289496431803896,0.2010289438292485,2.412347325950982,2.306084777888293,3.1020171189051085
GOLD,LONG,RF_SIMPLE,ML_ONLY,0.6,1,FOLD,1,54,42.592592592592595,1.3387159991769215,0.20812345424952078,11.238666529474122,11.222551165086475,5.2074729337339765
GOLD,LONG,RF_SIMPLE,ML_ONLY,0.6,1,FOLD,2,25,40.0,1.1900709120199593,0.12282432113352479,3.07060802833812,2.840058571071154,3.6993993631924926
GOLD,LONG,RF_SIMPLE,ML_ONLY,0.6,1,FOLD,3,17,41.17647058823529,1.294995044071244,0.18293167560015783,3.1098384852026832,2.9655785768485203,4.3461943829315155
GOLD,LONG,RF_SIMPLE,ML_ONLY,0.6,1,FOLD,4,12,33.33333333333333,0.9342489112000111,-0.045820433043164056,-0.5498451965179687,-0.6669447154095565,4.445234912352522
GOLD,LONG,RF_SIMPLE,ML_ONLY,0.6,1,FOLD,5,12,41.66666666666667,1.3289496431803896,0.2010289438292485,2.412347325950982,2.306084777888293,3.1020171189051085
GOLD,LONG,RF_SIMPLE,ML_ONLY,0.6,2,YEAR,2025,91,40.65934065934066,1.1185233426414334,0.08019425768259444,7.297677449116094,6.513836214356707,6.992335977479799
GOLD,LONG,RF_SIMPLE,ML_ONLY,0.6,2,YEAR,2026,29,41.37931034482759,1.229640413529694,0.1470880308889626,4.265552895779916,4.02766472064418,5.940386157119771
GOLD,LONG,RF_SIMPLE,ML_ONLY,0.6,2,QUARTER,2025Q1,39,43.58974358974359,1.247582355672903,0.1603387817748334,6.253212489218503,5.991117262135708,5.513160653139844
GOLD,LONG,RF_SIMPLE,ML_ONLY,0.6,2,QUARTER,2025Q2,17,35.294117647058826,0.9194343979630769,-0.05838636314542961,-0.9925681734723033,-1.1608959675681376,4.816382276998992
GOLD,LONG,RF_SIMPLE,ML_ONLY,0.6,2,QUARTER,2025Q3,23,43.47826086956522,1.2224744199783384,0.1459958608642799,3.3579047998784377,3.1499446870562227,4.424704500638484
GOLD,LONG,RF_SIMPLE,ML_ONLY,0.6,2,QUARTER,2025Q4,12,33.33333333333333,0.8516058762224488,-0.11007263887571193,-1.3208716665085432,-1.4313616576832373,3.6722378091005083
GOLD,LONG,RF_SIMPLE,ML_ONLY,0.6,2,QUARTER,2026Q1,9,55.55555555555556,2.19603219815858,0.578212865773845,5.203915791964605,5.221691758694101,2.156331563021289
GOLD,LONG,RF_SIMPLE,ML_ONLY,0.6,2,QUARTER,2026Q2,8,25.0,0.5786075151727882,-0.3453821935108343,-2.7630575480866746,-2.794885325945347,4.306727893574439
GOLD,LONG,RF_SIMPLE,ML_ONLY,0.6,2,QUARTER,2026Q3,12,41.66666666666667,1.2379942241532578,0.15205788765849854,1.8246946519019824,1.707844928006614,3.23381466906047
GOLD,LONG,RF_SIMPLE,ML_ONLY,0.6,2,FOLD,1,54,42.592592592592595,1.2114605786324049,0.1384691307212655,7.477333058948337,7.122074673800921,5.513160653139844
GOLD,LONG,RF_SIMPLE,ML_ONLY,0.6,2,FOLD,2,25,40.0,1.0659276385682634,0.045648642267051995,1.1412160566762999,0.8761024880863487,4.811241371292749
GOLD,LONG,RF_SIMPLE,ML_ONLY,0.6,2,FOLD,3,17,41.17647058823529,1.2002594711705568,0.13056923355325528,2.21967697040534,2.0537371070646144,4.722099121370662
GOLD,LONG,RF_SIMPLE,ML_ONLY,0.6,2,FOLD,4,12,33.33333333333333,0.8739617406768831,-0.09164086608632926,-1.0996903930359512,-1.211989004151235,4.890949894533053
GOLD,LONG,RF_SIMPLE,ML_ONLY,0.6,2,FOLD,5,12,41.66666666666667,1.2379942241532578,0.15205788765849854,1.8246946519019824,1.707844928006614,3.23381466906047
GOLD,LONG,RF_SIMPLE,ML_ONLY,0.6,5,YEAR,2025,91,40.65934065934066,0.8388050388913733,-0.12918468546384096,-11.755806377209527,-11.975412160807958,17.14052771262477
GOLD,LONG,RF_SIMPLE,ML_ONLY,0.6,5,YEAR,2026,29,41.37931034482759,1.007827283820787,0.0056511117051642945,0.16388223944976454,-0.1494488469043631,7.924703930688567
GOLD,LONG,RF_SIMPLE,ML_ONLY,0.6,5,QUARTER,2025Q1,39,43.58974358974359,0.9214746949372052,-0.060691507101371854,-2.3669687769535024,-2.7618035352297285,8.33092396816949
GOLD,LONG,RF_SIMPLE,ML_ONLY,0.6,5,QUARTER,2025Q2,17,35.294117647058826,0.7215789642963992,-0.23420120198122585,-3.9814204336808396,-4.077500560254634,6.493731390080882
GOLD,LONG,RF_SIMPLE,ML_ONLY,0.6,5,QUARTER,2025Q3,23,43.47826086956522,0.8845407728568908,-0.09153208696973107,-2.1052380003038147,-2.335838410610427,7.8063626679580995
GOLD,LONG,RF_SIMPLE,ML_ONLY,0.6,5,QUARTER,2025Q4,12,33.33333333333333,0.6779229769647527,-0.275181597189281,-3.3021791662713715,-3.370130647648375,4.674800866539446
GOLD,LONG,RF_SIMPLE,ML_ONLY,0.6,5,QUARTER,2026Q1,9,55.55555555555556,1.8221064822815072,0.4455321644346072,4.009789479911465,3.978862345253424,2.4055641296383055
GOLD,LONG,RF_SIMPLE,ML_ONLY,0.6,5,QUARTER,2026Q2,8,25.0,0.4713987744224061,-0.48845548377708514,-3.907643870216681,-3.905276937142662,4.854258090849612
GOLD,LONG,RF_SIMPLE,ML_ONLY,0.6,5,QUARTER,2026Q3,12,41.66666666666667,1.0071228333827482,0.005144719146248329,0.061736629754979955,-0.06770404351844946,3.628490448929484
GOLD,LONG,RF_SIMPLE,ML_ONLY,0.6,5,FOLD,1,54,42.592592592592595,0.9091509806558539,-0.07049383986349997,-3.806667352628998,-4.309970729416614,11.145337929005194
GOLD,LONG,RF_SIMPLE,ML_ONLY,0.6,5,FOLD,2,25,40.0,0.7763231464021443,-0.1858783943323663,-4.646959858309158,-4.802417359792787,8.69570945437913
GOLD,LONG,RF_SIMPLE,ML_ONLY,0.6,5,FOLD,3,17,41.17647058823529,0.9645313033228602,-0.026518092587452347,-0.4508075739866899,-0.6364654009881975,5.842259212762457
GOLD,LONG,RF_SIMPLE,ML_ONLY,0.6,5,FOLD,4,12,33.33333333333333,0.7198278305013954,-0.22910216521582472,-2.7492259825898966,-2.830725245746828,6.216897125618031
GOLD,LONG,RF_SIMPLE,ML_ONLY,0.6,5,FOLD,5,12,41.66666666666667,1.0071228333827482,0.005144719146248329,0.061736629754979955,-0.06770404351844946,3.628490448929484
GOLD,SHORT,RF_ACTUAL,BASE_PLUS_ML,0.55,1,YEAR,2025,29,41.37931034482759,1.269781137451817,0.16614617291427003,4.818239014513831,4.613796611952602,5.118306240056195
GOLD,SHORT,RF_ACTUAL,BASE_PLUS_ML,0.55,1,YEAR,2026,43,34.883720930232556,1.0330598564479925,0.02185864843185185,0.9399218825696296,0.5089523251722653,7.282729212011925
GOLD,SHORT,RF_ACTUAL,BASE_PLUS_ML,0.55,1,QUARTER,2025Q1,1,100.0,inf,1.9233301788560155,1.9233301788560155,1.9233301788560198,0.0
GOLD,SHORT,RF_ACTUAL,BASE_PLUS_ML,0.55,1,QUARTER,2025Q2,17,41.17647058823529,1.291535477742011,0.1800782527667333,3.0613302970344662,2.917847415869164,5.118306240056199
GOLD,SHORT,RF_ACTUAL,BASE_PLUS_ML,0.55,1,QUARTER,2025Q3,3,33.33333333333333,0.9024721070373214,-0.06932620375007452,-0.20797861125022354,-0.23743169397394012,2.121135191018638
GOLD,SHORT,RF_ACTUAL,BASE_PLUS_ML,0.55,1,QUARTER,2025Q4,8,37.5,1.0079511015170404,0.005194643734196758,0.04155714987357406,-0.032911583720647286,2.0939639392309233
GOLD,SHORT,RF_ACTUAL,BASE_PLUS_ML,0.55,1,QUARTER,2026Q1,10,50.0,1.910356930975055,0.4699137711162944,4.699137711162944,4.682648693754549,3.0551114903976098
GOLD,SHORT,RF_ACTUAL,BASE_PLUS_ML,0.55,1,QUARTER,2026Q2,12,33.33333333333333,0.9388866948351994,-0.04239815446702564,-0.5087778536043077,-0.6258245734297475,5.125687487775303
GOLD,SHORT,RF_ACTUAL,BASE_PLUS_ML,0.55,1,QUARTER,2026Q3,21,28.57142857142857,0.7824905417398629,-0.15478276071376226,-3.2504379749890076,-3.3823421574551844,7.282729212011923
GOLD,SHORT,RF_ACTUAL,BASE_PLUS_ML,0.55,1,FOLD,1,11,36.36363636363637,1.0643159685001142,0.042674243260886445,0.4694166758697509,0.3572652361575933,5.118306240056195
GOLD,SHORT,RF_ACTUAL,BASE_PLUS_ML,0.55,1,FOLD,2,10,50.0,1.8074182962945604,0.4307265188770506,4.307265188770506,4.2756971885997705,2.1211351910186447
GOLD,SHORT,RF_ACTUAL,BASE_PLUS_ML,0.55,1,FOLD,3,11,36.36363636363637,0.9928780002094604,-0.004727513561406316,-0.052002649175469484,-0.15657648680429476,4.093463176393689
GOLD,SHORT,RF_ACTUAL,BASE_PLUS_ML,0.55,1,FOLD,4,16,37.5,1.1375053307814107,0.0890553995169529,1.4248863922712465,1.2644523953755082,4.119411416927875
GOLD,SHORT,RF_ACTUAL,BASE_PLUS_ML,0.55,1,FOLD,5,24,33.33333333333333,0.9755271139645121,-0.01630852961052387,-0.3914047106525729,-0.6231316478265398,7.282729212011923
GOLD,SHORT,RF_ACTUAL,BASE_PLUS_ML,0.55,2,YEAR,2025,29,41.37931034482759,1.1743921343008217,0.11257080677862383,3.264553396580091,3.0044882669517166,5.335223942691834
GOLD,SHORT,RF_ACTUAL,BASE_PLUS_ML,0.55,2,YEAR,2026,43,34.883720930232556,0.969053401295418,-0.021345618068885325,-0.9178615769620689,-1.3419865018717927,7.742162321665805
GOLD,SHORT,RF_ACTUAL,BASE_PLUS_ML,0.55,2,QUARTER,2025Q1,1,100.0,inf,1.8466603577120244,1.8466603577120244,1.846660357712028,0.0
GOLD,SHORT,RF_ACTUAL,BASE_PLUS_ML,0.55,2,QUARTER,2025Q2,17,41.17647058823529,1.192944142452437,0.1248623878864062,2.1226605940689054,1.9590669664514277,5.335223942691828
GOLD,SHORT,RF_ACTUAL,BASE_PLUS_ML,0.55,2,QUARTER,2025Q3,3,33.33333333333333,0.8163550581560384,-0.1386524075001613,-0.41595722250048395,-0.44477650279480935,2.252183059361052
GOLD,SHORT,RF_ACTUAL,BASE_PLUS_ML,0.55,2,QUARTER,2025Q4,8,37.5,0.9470381862600378,-0.036101291587544215,-0.2888103327003537,-0.3632731980854828,2.2502366269513123
GOLD,SHORT,RF_ACTUAL,BASE_PLUS_ML,0.55,2,QUARTER,2026Q1,10,50.0,1.8261648906757026,0.43982754223258935,4.398275422325893,4.369138763255296,3.1400766956261608
GOLD,SHORT,RF_ACTUAL,BASE_PLUS_ML,0.55,2,QUARTER,2026Q2,12,33.33333333333333,0.8823677692011812,-0.08479630893404855,-1.0175557072085826,-1.1301526339179646,5.349955882677815
GOLD,SHORT,RF_ACTUAL,BASE_PLUS_ML,0.55,2,QUARTER,2026Q3,21,28.57142857142857,0.7259517448592492,-0.20469434724187519,-4.298581292079379,-4.39152233812332,7.742162321665797
GOLD,SHORT,RF_ACTUAL,BASE_PLUS_ML,0.55,2,FOLD,1,11,36.36363636363637,0.9919487954558469,-0.005560604387317516,-0.06116664826049267,-0.17268243334967792,5.335223942691834
GOLD,SHORT,RF_ACTUAL,BASE_PLUS_ML,0.55,2,FOLD,2,10,50.0,1.637570052949439,0.36145303775409393,3.614530377540939,3.5588682189227936,2.252183059361054
GOLD,SHORT,RF_ACTUAL,BASE_PLUS_ML,0.55,2,FOLD,3,11,36.36363636363637,0.937405512353303,-0.04326635734531064,-0.47592993079841706,-0.580048350926279,4.340777226574964
GOLD,SHORT,RF_ACTUAL,BASE_PLUS_ML,0.55,2,FOLD,4,16,37.5,1.0792342473748167,0.0531107990339065,0.849772784542504,0.6839134066642828,4.298174265170705
GOLD,SHORT,RF_ACTUAL,BASE_PLUS_ML,0.55,2,FOLD,5,24,33.33333333333333,0.9058349169712383,-0.06585478180860456,-1.5805147634065095,-1.7984859979417251,7.742162321665799
GOLD,SHORT,RF_ACTUAL,BASE_PLUS_ML,0.55,5,YEAR,2025,29,41.37931034482759,0.9344334850449538,-0.04815529162831462,-1.396503457221124,-1.6817085139562662,5.983621183869374
GOLD,SHORT,RF_ACTUAL,BASE_PLUS_ML,0.55,5,YEAR,2026,43,34.883720930232556,0.8053340132394828,-0.1509584175710969,-6.491211955557167,-6.697612692060625,10.269239061387541
GOLD,SHORT,RF_ACTUAL,BASE_PLUS_ML,0.55,5,QUARTER,2025Q1,1,100.0,inf,1.6166508942800513,1.6166508942800513,1.6166508942800533,0.0
GOLD,SHORT,RF_ACTUAL,BASE_PLUS_ML,0.55,5,QUARTER,2025Q2,17,41.17647058823529,0.9445479273499666,-0.04078520675457497,-0.6933485148277745,-0.867291066326402,5.983621183869374
GOLD,SHORT,RF_ACTUAL,BASE_PLUS_ML,0.55,5,QUARTER,2025Q3,3,33.33333333333333,0.6094326921171642,-0.3466310187504223,-1.039893056251267,-1.065091595535057,2.644802728330811
GOLD,SHORT,RF_ACTUAL,BASE_PLUS_ML,0.55,5,QUARTER,2025Q4,8,37.5,0.7913055719879336,-0.1599890975527666,-1.2799127804221329,-1.3486765743012485,3.1177513815539872
GOLD,SHORT,RF_ACTUAL,BASE_PLUS_ML,0.55,5,QUARTER,2026Q1,10,50.0,1.6017385377161482,0.34956885558147377,3.4956885558147377,3.4335532122995573,3.394694715192566
GOLD,SHORT,RF_ACTUAL,BASE_PLUS_ML,0.55,5,QUARTER,2026Q2,12,33.33333333333333,0.7357213554540742,-0.21199077233511757,-2.543889268021411,-2.6291367098005822,6.020222561923381
GOLD,SHORT,RF_ACTUAL,BASE_PLUS_ML,0.55,5,QUARTER,2026Q3,21,28.57142857142857,0.5844280764228297,-0.3544291068262139,-7.443011243350493,-7.359201115866722,9.372583694836495
GOLD,SHORT,RF_ACTUAL,BASE_PLUS_ML,0.55,5,FOLD,1,11,36.36363636363637,0.805379208906329,-0.15026514733192925,-1.6529166206512218,-1.747406147647894,5.983621183869374
GOLD,SHORT,RF_ACTUAL,BASE_PLUS_ML,0.55,5,FOLD,2,10,50.0,1.2302277062196258,0.1536325943852232,1.536325943852232,1.4348947184871805,2.6448027283308075
GOLD,SHORT,RF_ACTUAL,BASE_PLUS_ML,0.55,5,FOLD,3,11,36.36363636363637,0.7945912967609009,-0.15888288869702338,-1.7477117756672573,-1.840819369769065,5.405654398094028
GOLD,SHORT,RF_ACTUAL,BASE_PLUS_ML,0.55,5,FOLD,4,16,37.5,0.9258749634244527,-0.054723002415232924,-0.8755680386437268,-1.0391429216976575,4.832967711608975
GOLD,SHORT,RF_ACTUAL,BASE_PLUS_ML,0.55,5,FOLD,5,24,33.33333333333333,0.7312929379622954,-0.21449353840284643,-5.147844921668314,-5.245182527011172,9.372583694836491
USDJPY,SHORT,LOGISTIC,BASE_PLUS_ML,0.55,1,YEAR,2025,24,45.83333333333333,1.4391194026201006,0.24441925447664584,5.8660621074395,5.775658597161214,4.7761847151987125
USDJPY,SHORT,LOGISTIC,BASE_PLUS_ML,0.55,1,YEAR,2026,2,50.0,1.8183232861225895,0.44026246306841454,0.8805249261368291,0.8594723818062789,1.0760110839677623
USDJPY,SHORT,LOGISTIC,BASE_PLUS_ML,0.55,1,QUARTER,2025Q1,10,30.0,0.7279258148029213,-0.21147997141057767,-2.114799714105777,-2.186739351637448,4.7761847151987125
USDJPY,SHORT,LOGISTIC,BASE_PLUS_ML,0.55,1,QUARTER,2025Q2,12,66.66666666666666,4.0784982872933515,0.8533572723565257,10.240287268278308,10.625798529071789,1.14620893398211
USDJPY,SHORT,LOGISTIC,BASE_PLUS_ML,0.55,1,QUARTER,2025Q3,2,0.0,0.0,-1.1297127233665156,-2.2594254467330313,-2.246664991718421,2.246664991718421
USDJPY,SHORT,LOGISTIC,BASE_PLUS_ML,0.55,1,QUARTER,2026Q1,1,0.0,0.0,-1.0760110839677626,-1.0760110839677626,-1.0760110839677623,1.0760110839677623
USDJPY,SHORT,LOGISTIC,BASE_PLUS_ML,0.55,1,QUARTER,2026Q3,1,100.0,inf,1.9565360101045917,1.9565360101045917,1.9565360101045939,0.0
USDJPY,SHORT,LOGISTIC,BASE_PLUS_ML,0.55,1,FOLD,1,21,52.38095238095239,1.92098999235399,0.43890585297061185,9.217022912382848,9.40084961530697,4.7761847151987125
USDJPY,SHORT,LOGISTIC,BASE_PLUS_ML,0.55,1,FOLD,2,3,0.0,0.0,-1.1169869349811161,-3.350960804943348,-3.3136772071635963,3.3136772071635963
USDJPY,SHORT,LOGISTIC,BASE_PLUS_ML,0.55,1,FOLD,4,1,0.0,0.0,-1.0760110839677626,-1.0760110839677626,-1.0760110839677623,1.0760110839677623
USDJPY,SHORT,LOGISTIC,BASE_PLUS_ML,0.55,1,FOLD,5,1,100.0,inf,1.9565360101045917,1.9565360101045917,1.9565360101045939,0.0
USDJPY,SHORT,LOGISTIC,BASE_PLUS_ML,0.55,2,YEAR,2025,24,45.83333333333333,1.2310144839930854,0.14117301684500352,3.388152404280085,3.1917952647014998,5.577549851392525
USDJPY,SHORT,LOGISTIC,BASE_PLUS_ML,0.55,2,YEAR,2026,2,50.0,1.660620839994363,0.3805249261368432,0.7610498522736864,0.7390108385123084,1.1520221679355132
USDJPY,SHORT,LOGISTIC,BASE_PLUS_ML,0.55,2,QUARTER,2025Q1,10,30.0,0.6220815700441106,-0.3229599428211449,-3.229599428211449,-3.274071292647386,5.577549851392525
USDJPY,SHORT,LOGISTIC,BASE_PLUS_ML,0.55,2,QUARTER,2025Q2,12,66.66666666666666,3.5366782878979737,0.7613835604964634,9.13660272595756,9.42359941014197,1.241899107902297
USDJPY,SHORT,LOGISTIC,BASE_PLUS_ML,0.55,2,QUARTER,2025Q3,2,0.0,0.0,-1.259425446733013,-2.518850893466026,-2.502997582342266,2.502997582342266
USDJPY,SHORT,LOGISTIC,BASE_PLUS_ML,0.55,2,QUARTER,2026Q1,1,0.0,0.0,-1.152022167935514,-1.152022167935514,-1.1520221679355132,1.1520221679355132
USDJPY,SHORT,LOGISTIC,BASE_PLUS_ML,0.55,2,QUARTER,2026Q3,1,100.0,inf,1.9130720202092004,1.9130720202092004,1.9130720202091993,0.0
USDJPY,SHORT,LOGISTIC,BASE_PLUS_ML,0.55,2,FOLD,1,21,52.38095238095239,1.6466399357807835,0.33762257210317786,7.090074014166735,7.108158006748385,5.577549851392525
USDJPY,SHORT,LOGISTIC,BASE_PLUS_ML,0.55,2,FOLD,2,3,0.0,0.0,-1.2339738699622167,-3.70192160988665,-3.6564560673334885,3.6564560673334885
USDJPY,SHORT,LOGISTIC,BASE_PLUS_ML,0.55,2,FOLD,4,1,0.0,0.0,-1.152022167935514,-1.152022167935514,-1.1520221679355132,1.1520221679355132
USDJPY,SHORT,LOGISTIC,BASE_PLUS_ML,0.55,2,FOLD,5,1,100.0,inf,1.9130720202092004,1.9130720202092004,1.9130720202091993,0.0
USDJPY,SHORT,LOGISTIC,BASE_PLUS_ML,0.55,5,YEAR,2025,24,41.66666666666667,0.7828475434696853,-0.16856569604992347,-4.0455767051981635,-4.202948031910432,7.9472210014331965
USDJPY,SHORT,LOGISTIC,BASE_PLUS_ML,0.55,5,YEAR,2026,2,50.0,1.2917452624701822,0.20131231534212957,0.40262463068425913,0.3780226580286353,1.3800554198387658
USDJPY,SHORT,LOGISTIC,BASE_PLUS_ML,0.55,5,QUARTER,2025Q1,10,30.0,0.3949043050896834,-0.6573998570528465,-6.573998570528466,-6.471458982815579,7.9472210014331965
USDJPY,SHORT,LOGISTIC,BASE_PLUS_ML,0.55,5,QUARTER,2025Q2,12,58.333333333333336,2.303663242295944,0.4854624249162762,5.825549098995315,5.888013588758599,1.5286954964526827
USDJPY,SHORT,LOGISTIC,BASE_PLUS_ML,0.55,5,QUARTER,2025Q3,2,0.0,0.0,-1.6485636168325057,-3.2971272336650115,-3.270000947646497,3.270000947646497
USDJPY,SHORT,LOGISTIC,BASE_PLUS_ML,0.55,5,QUARTER,2026Q1,1,0.0,0.0,-1.380055419838769,-1.380055419838769,-1.3800554198387658,1.3800554198387658
USDJPY,SHORT,LOGISTIC,BASE_PLUS_ML,0.55,5,QUARTER,2026Q3,1,100.0,inf,1.782680050523028,1.782680050523028,1.7826800505230267,0.0
USDJPY,SHORT,LOGISTIC,BASE_PLUS_ML,0.55,5,FOLD,1,21,47.61904761904761,1.051114311985777,0.03377272950087574,0.7092273195183905,0.5004864880744435,7.9472210014331965
USDJPY,SHORT,LOGISTIC,BASE_PLUS_ML,0.55,5,FOLD,2,3,0.0,0.0,-1.584934674905518,-4.754804024716554,-4.680011693817027,4.680011693817027
USDJPY,SHORT,LOGISTIC,BASE_PLUS_ML,0.55,5,FOLD,4,1,0.0,0.0,-1.380055419838769,-1.380055419838769,-1.3800554198387658,1.3800554198387658
USDJPY,SHORT,LOGISTIC,BASE_PLUS_ML,0.55,5,FOLD,5,1,100.0,inf,1.782680050523028,1.782680050523028,1.7826800505230267,0.0
