ACTIVO,TIPO,FECHA_SIGNAL,FECHA_ENTRADA,FECHA_SALIDA,ENTRY,STOP_LOSS,TAKE_PROFIT,RESULTADO,R,GANANCIA_PERDIDA,CAPITAL_DESPUES
EURUSD,SELL,2024-10-08 13:00:00+01:00,2024-10-08 14:00:00+01:00,2024-10-09 14:00:00+01:00,1.0979359149932861,1.0993116117054489,1.0951845215689606,WIN,2,20.0,1020.0
EURUSD,SELL,2024-10-09 20:00:00+01:00,2024-10-09 21:00:00+01:00,2024-10-10 17:00:00+01:00,1.0940918922424316,1.095354986524136,1.0915657036790225,WIN,2,20.400000000000002,1040.4
EURUSD,SELL,2024-10-10 18:00:00+01:00,2024-10-10 19:00:00+01:00,2024-10-10 21:00:00+01:00,1.0921800136566162,1.0939565695015057,1.0886269019668373,LOSS,-1,-10.404000000000002,1029.996
EURUSD,SELL,2024-10-10 22:00:00+01:00,2024-10-10 23:00:00+01:00,2024-10-11 09:00:00+01:00,1.0938525199890137,1.0954696627838552,1.090618234399331,LOSS,-1,-10.29996,1019.69604
EURUSD,SELL,2024-10-11 11:00:00+01:00,2024-10-11 12:00:00+01:00,2024-10-11 13:00:00+01:00,1.0937328338623047,1.0950503640266078,1.0910977735336984,LOSS,-1,-10.1969604,1009.4990796000001
EURUSD,SELL,2024-10-11 20:00:00+01:00,2024-10-11 21:00:00+01:00,2024-10-14 14:00:00+01:00,1.0937328338623047,1.0951006542844526,1.090997193018009,WIN,2,20.189981592000002,1029.689061192
EURUSD,SELL,2024-10-15 11:00:00+01:00,2024-10-15 12:00:00+01:00,2024-10-15 14:00:00+01:00,1.0905125141143799,1.0918471597084225,1.0878432229262947,LOSS,-1,-10.29689061192,1019.39217058008
EURUSD,SELL,2024-10-15 15:00:00+01:00,2024-10-15 16:00:00+01:00,2024-10-16 15:00:00+01:00,1.0905125141143799,1.0919077004162132,1.0877221415107134,WIN,2,20.3878434116016,1039.7800139916817
EURUSD,SELL,2024-10-16 20:00:00+01:00,2024-10-16 21:00:00+01:00,2024-10-16 22:00:00+01:00,1.0860122442245483,1.0873272692939262,1.0833821940857924,LOSS,-1,-10.397800139916818,1029.3822138517648
EURUSD,SELL,2024-10-17 16:00:00+01:00,2024-10-17 17:00:00+01:00,2024-10-18 13:00:00+01:00,1.0840108394622803,1.085746223568539,1.080540071249763,LOSS,-1,-10.29382213851765,1019.0883917132472
EURUSD,SELL,2024-10-21 10:00:00+01:00,2024-10-21 11:00:00+01:00,2024-10-21 13:00:00+01:00,1.0849517583847046,1.086063735813853,1.0827278035264076,LOSS,-1,-10.190883917132473,1008.8975077961147
EURUSD,SELL,2024-10-21 14:00:00+01:00,2024-10-21 15:00:00+01:00,2024-10-21 16:00:00+01:00,1.0850694179534912,1.0862227315780897,1.0827627907042943,WIN,2,20.177950155922296,1029.075457952037
EURUSD,SELL,2024-10-21 22:00:00+01:00,2024-10-21 23:00:00+01:00,2024-10-22 07:00:00+01:00,1.0817828178405762,1.0828970199005603,1.079554413720608,LOSS,-1,-10.29075457952037,1018.7847033725166
EURUSD,SELL,2024-10-22 09:00:00+01:00,2024-10-22 10:00:00+01:00,2024-10-22 14:00:00+01:00,1.0829542875289917,1.0839902543364224,1.0808823539141303,WIN,2,20.375694067450333,1039.1603974399668
EURUSD,SELL,2024-10-23 13:00:00+01:00,2024-10-23 14:00:00+01:00,2024-10-24 01:00:00+01:00,1.077818512916565,1.0791485716269358,1.0751583954958233,LOSS,-1,-10.391603974399668,1028.7687934655671
EURUSD,SELL,2024-10-24 02:00:00+01:00,2024-10-24 03:00:00+01:00,2024-10-24 08:00:00+01:00,1.0786322355270386,1.0798778853881321,1.0761409358048515,LOSS,-1,-10.287687934655672,1018.4811055309115
EURUSD,SELL,2024-10-28 01:00:00+00:00,2024-10-28 02:00:00+00:00,2024-10-28 07:00:00+00:00,1.0793308019638062,1.0804879516865362,1.0770165025183462,LOSS,-1,-10.184811055309115,1008.2962944756024
EURUSD,SELL,2024-10-29 13:00:00+00:00,2024-10-29 14:00:00+00:00,2024-10-29 20:00:00+00:00,1.0803803205490112,1.0819262819682487,1.0772883977105365,LOSS,-1,-10.082962944756025,998.2133315308464
EURUSD,BUY,2024-10-30 08:00:00+00:00,2024-10-30 09:00:00+00:00,2024-10-30 10:00:00+00:00,1.0849517583847046,1.0835587624104015,1.087737750333311,LOSS,-1,-9.982133315308465,988.2311982155379
EURUSD,BUY,2024-10-30 13:00:00+00:00,2024-10-30 14:00:00+00:00,2024-10-31 12:00:00+00:00,1.0845986604690552,1.0827248821473279,1.0883462171125098,WIN,2,19.764623964310758,1007.9958221798487
EURUSD,BUY,2024-11-01 11:00:00+00:00,2024-11-01 12:00:00+00:00,2024-11-01 12:00:00+00:00,1.087074637413025,1.0857627353717616,1.0896984414955515,WIN,2,20.159916443596973,1028.1557386234456
EURUSD,SELL,2024-11-01 20:00:00+00:00,2024-11-01 21:00:00+00:00,2024-11-04 00:00:00+00:00,1.0837758779525757,1.0854795970635105,1.0803684397307063,LOSS,-1,-10.281557386234455,1017.8741812372111
EURUSD,BUY,2024-11-04 01:00:00+00:00,2024-11-04 02:00:00+00:00,2024-11-05 17:00:00+00:00,1.0890873670578003,1.087244894648767,1.092772311875867,WIN,2,20.357483624744223,1038.2316648619553
EURUSD,BUY,2024-11-05 20:00:00+00:00,2024-11-05 21:00:00+00:00,2024-11-06 00:00:00+00:00,1.0926573276519775,1.0912617088741543,1.0954485652076242,LOSS,-1,-10.382316648619554,1027.8493482133358
EURUSD,SELL,2024-11-06 08:00:00+00:00,2024-11-06 09:00:00+00:00,2024-11-06 13:00:00+00:00,1.077470064163208,1.0818912013520368,1.0686277897855505,WIN,2,20.556986964266716,1048.4063351776026
EURUSD,SELL,2024-11-07 09:00:00+00:00,2024-11-07 10:00:00+00:00,2024-11-07 13:00:00+00:00,1.0751532316207886,1.0779593946238206,1.0695409056147243,LOSS,-1,-10.484063351776026,1037.9222718258266
EURUSD,SELL,2024-11-08 02:00:00+00:00,2024-11-08 03:00:00+00:00,2024-11-08 16:00:00+00:00,1.078515887260437,1.0808801421493137,1.0737873774826838,WIN,2,20.75844543651653,1058.680717262343
EURUSD,SELL,2024-11-08 20:00:00+00:00,2024-11-08 21:00:00+00:00,2024-11-11 09:00:00+00:00,1.0720411539077759,1.0744399810133558,1.067243499696616,WIN,2,21.17361434524686,1079.85433160759
EURUSD,SELL,2024-11-11 22:00:00+00:00,2024-11-11 23:00:00+00:00,2024-11-12 08:00:00+00:00,1.065870761871338,1.0675382688366457,1.0625357479407223,WIN,2,21.5970866321518,1101.4514182397418
EURUSD,SELL,2024-11-12 18:00:00+00:00,2024-11-12 19:00:00+00:00,2024-11-13 11:00:00+00:00,1.0617965459823608,1.0636126134821398,1.0581644109828028,LOSS,-1,-11.014514182397418,1090.4369040573445
EURUSD,SELL,2024-11-13 14:00:00+00:00,2024-11-13 15:00:00+00:00,2024-11-14 05:00:00+00:00,1.0590976476669312,1.061638336155603,1.0540162706895875,WIN,2,21.80873808114689,1112.2456421384913
EURUSD,SELL,2024-11-14 07:00:00+00:00,2024-11-14 08:00:00+00:00,2024-11-14 10:00:00+00:00,1.0551862716674805,1.057134758937548,1.0512892971273453,WIN,2,22.24491284276983,1134.490554981261
EURUSD,SELL,2024-11-14 11:00:00+00:00,2024-11-14 12:00:00+00:00,2024-11-14 14:00:00+00:00,1.0530749559402466,1.055481163030169,1.0482625417604017,LOSS,-1,-11.34490554981261,1123.1456494314484
EURUSD,SELL,2024-11-14 17:00:00+00:00,2024-11-14 18:00:00+00:00,2024-11-15 13:00:00+00:00,1.0563008785247803,1.0590089201827917,1.0508847952087574,LOSS,-1,-11.231456494314484,1111.914192937134
EURUSD,SELL,2024-11-15 14:00:00+00:00,2024-11-15 15:00:00+00:00,2024-11-15 17:00:00+00:00,1.0532968044281006,1.0558278322090415,1.0482347488662187,LOSS,-1,-11.11914192937134,1100.7950510077626
EURUSD,SELL,2024-11-18 01:00:00+00:00,2024-11-18 02:00:00+00:00,2024-11-18 09:00:00+00:00,1.0545185804367065,1.0567584571735182,1.0500388269630831,LOSS,-1,-11.007950510077626,1089.787100497685
EURUSD,SELL,2024-11-18 11:00:00+00:00,2024-11-18 12:00:00+00:00,2024-11-18 13:00:00+00:00,1.0546298027038574,1.056806135035968,1.0502771380396358,LOSS,-1,-10.897871004976851,1078.8892294927082
EURUSD,SELL,2024-11-20 12:00:00+00:00,2024-11-20 13:00:00+00:00,2024-11-20 15:00:00+00:00,1.0561892986297607,1.058163747992926,1.0522403999034302,WIN,2,21.577784589854165,1100.4670140825624
EURUSD,SELL,2024-11-20 17:00:00+00:00,2024-11-20 18:00:00+00:00,2024-11-21 04:00:00+00:00,1.0534077882766724,1.0556671925548151,1.048888979720387,LOSS,-1,-11.004670140825624,1089.462343941737
EURUSD,SELL,2024-11-21 17:00:00+00:00,2024-11-21 18:00:00+00:00,2024-11-22 09:00:00+00:00,1.0489877462387085,1.051470904489803,1.0440214297365196,WIN,2,21.78924687883474,1111.2515908205717
EURUSD,SELL,2024-11-22 10:00:00+00:00,2024-11-22 11:00:00+00:00,2024-11-25 00:00:00+00:00,1.0432968139648438,1.046844461072102,1.0362015197503276,LOSS,-1,-11.112515908205717,1100.139074912366
EURUSD,SELL,2024-11-25 07:00:00+00:00,2024-11-25 08:00:00+00:00,2024-11-25 09:00:00+00:00,1.045478343963623,1.0483006355170261,1.039833760856817,LOSS,-1,-11.00139074912366,1089.1376841632423
EURUSD,SELL,2024-11-26 01:00:00+00:00,2024-11-26 02:00:00+00:00,2024-11-26 04:00:00+00:00,1.0456969738006592,1.048919130332868,1.0392526607362416,LOSS,-1,-10.891376841632423,1078.24630732161
EURUSD,SELL,2024-11-26 05:00:00+00:00,2024-11-26 06:00:00+00:00,2024-11-26 09:00:00+00:00,1.0478885173797607,1.0507394779729458,1.0421865961933907,LOSS,-1,-10.7824630732161,1067.4638442483938
EURUSD,BUY,2024-11-27 10:00:00+00:00,2024-11-27 11:00:00+00:00,2024-11-27 13:00:00+00:00,1.0529640913009644,1.0507440002749187,1.0574042733530558,WIN,2,21.349276884967875,1088.8131211333616
EURUSD,BUY,2024-11-27 14:00:00+00:00,2024-11-27 15:00:00+00:00,2024-12-02 02:00:00+00:00,1.0556317567825317,1.0529580361181785,1.060979198111238,LOSS,-1,-10.888131211333617,1077.924989922028
EURUSD,SELL,2024-12-02 05:00:00+00:00,2024-12-02 06:00:00+00:00,2024-12-02 14:00:00+00:00,1.052520751953125,1.054501238381343,1.0485597790966892,WIN,2,21.55849979844056,1099.4834897204687
EURUSD,SELL,2024-12-02 16:00:00+00:00,2024-12-02 17:00:00+00:00,2024-12-02 20:00:00+00:00,1.0489877462387085,1.0518158880959694,1.0433314625241865,LOSS,-1,-10.994834897204687,1088.488654823264
EURUSD,SELL,2024-12-03 19:00:00+00:00,2024-12-03 20:00:00+00:00,2024-12-04 15:00:00+00:00,1.0507513284683228,1.0531193406291757,1.046015304146617,LOSS,-1,-10.88488654823264,1077.6037682750314
EURUSD,SELL,2024-12-04 21:00:00+00:00,2024-12-04 22:00:00+00:00,2024-12-05 07:00:00+00:00,1.0515247583389282,1.0539683135842357,1.0466376478483133,LOSS,-1,-10.776037682750314,1066.8277305922811
EURUSD,BUY,2024-12-05 17:00:00+00:00,2024-12-05 18:00:00+00:00,2024-12-06 13:00:00+00:00,1.0570825338363647,1.0547989022602482,1.0616497969885978,WIN,2,21.336554611845624,1088.1642852041268
EURUSD,BUY,2024-12-06 14:00:00+00:00,2024-12-06 15:00:00+00:00,2024-12-06 15:00:00+00:00,1.057305932044983,1.055050039138203,1.0618177178585428,LOSS,-1,-10.881642852041269,1077.2826423520855
EURUSD,BUY,2024-12-09 07:00:00+00:00,2024-12-09 08:00:00+00:00,2024-12-10 08:00:00+00:00,1.0566357374191284,1.0547591736927233,1.0603888648719384,LOSS,-1,-10.772826423520856,1066.5098159285646
EURUSD,SELL,2024-12-10 14:00:00+00:00,2024-12-10 15:00:00+00:00,2024-12-11 07:00:00+00:00,1.0526316165924072,1.0542362507584495,1.0494223482603229,WIN,2,21.330196318571293,1087.840012247136
EURUSD,SELL,2024-12-11 08:00:00+00:00,2024-12-11 09:00:00+00:00,2024-12-11 13:00:00+00:00,1.0508617162704468,1.052618649230011,1.0473478503513185,LOSS,-1,-10.87840012247136,1076.9616121246647
EURUSD,SELL,2024-12-11 14:00:00+00:00,2024-12-11 15:00:00+00:00,2024-12-12 07:00:00+00:00,1.0505305528640747,1.0527928555312667,1.0460059475296906,LOSS,-1,-10.769616121246647,1066.1919960034181
EURUSD,SELL,2024-12-12 10:00:00+00:00,2024-12-12 11:00:00+00:00,2024-12-12 14:00:00+00:00,1.0497585535049438,1.0515538672091163,1.046167926096599,LOSS,-1,-10.661919960034181,1055.530076043384
EURUSD,SELL,2024-12-12 15:00:00+00:00,2024-12-12 16:00:00+00:00,2024-12-12 16:00:00+00:00,1.0475592613220215,1.050260414130738,1.0421569557045887,LOSS,-1,-10.555300760433841,1044.9747752829503
EURUSD,SELL,2024-12-12 17:00:00+00:00,2024-12-12 18:00:00+00:00,2024-12-17 00:00:00+00:00,1.0504201650619507,1.053379561303958,1.044501372577936,LOSS,-1,-10.449747752829504,1034.5250275301207
EURUSD,SELL,2024-12-17 11:00:00+00:00,2024-12-17 12:00:00+00:00,2024-12-17 14:00:00+00:00,1.049538254737854,1.0511572062034358,1.0463003518066905,LOSS,-1,-10.345250275301208,1024.1797772548196
EURUSD,SELL,2024-12-17 17:00:00+00:00,2024-12-17 18:00:00+00:00,2024-12-18 19:00:00+00:00,1.0501995086669922,1.0518904888843505,1.0468175482322752,WIN,2,20.483595545096392,1044.663372799916
EURUSD,SELL,2024-12-19 01:00:00+00:00,2024-12-19 02:00:00+00:00,2024-12-19 07:00:00+00:00,1.0380982160568237,1.0409435733762535,1.0324075014179641,LOSS,-1,-10.44663372799916,1034.216739071917
EURUSD,SELL,2024-12-23 14:00:00+00:00,2024-12-23 15:00:00+00:00,2024-12-23 17:00:00+00:00,1.0395010709762573,1.0414866098745774,1.035529993179617,LOSS,-1,-10.342167390719169,1023.8745716811977
EURUSD,SELL,2024-12-23 20:00:00+00:00,2024-12-23 21:00:00+00:00,2024-12-26 18:00:00+00:00,1.0409077405929565,1.0429570506315964,1.036809120515677,LOSS,-1,-10.238745716811977,1013.6358259643857
EURUSD,BUY,2024-12-27 11:00:00+00:00,2024-12-27 12:00:00+00:00,2024-12-27 15:00:00+00:00,1.0441683530807495,1.0428132497746043,1.04687855969304,LOSS,-1,-10.136358259643858,1003.4994677047418
EURUSD,BUY,2024-12-27 19:00:00+00:00,2024-12-27 20:00:00+00:00,2024-12-30 08:00:00+00:00,1.043079137802124,1.0416274227319882,1.045982567942396,LOSS,-1,-10.034994677047418,993.4644730276945
EURUSD,BUY,2024-12-30 09:00:00+00:00,2024-12-30 10:00:00+00:00,2024-12-30 13:00:00+00:00,1.0437324047088623,1.0423570668581092,1.0464830804103684,LOSS,-1,-9.934644730276945,983.5298282974175
EURUSD,SELL,2024-12-30 16:00:00+00:00,2024-12-30 17:00:00+00:00,2024-12-30 22:00:00+00:00,1.0389610528945923,1.0413020186120006,1.034279121459776,LOSS,-1,-9.835298282974176,973.6945300144433
EURUSD,SELL,2024-12-31 03:00:00+00:00,2024-12-31 04:00:00+00:00,2024-12-31 15:00:00+00:00,1.0412328243255615,1.0430488193281933,1.037600834320298,WIN,2,19.47389060028887,993.1684206147322
EURUSD,SELL,2024-12-31 20:00:00+00:00,2024-12-31 21:00:00+00:00,2025-01-02 10:00:00+00:00,1.03616201877594,1.0380855346125735,1.0323149871026729,WIN,2,19.863368412294644,1013.0317890270269
EURUSD,SELL,2025-01-02 11:00:00+00:00,2025-01-02 12:00:00+00:00,2025-01-02 15:00:00+00:00,1.0335917472839355,1.0356073058327615,1.0295606301862834,WIN,2,20.26063578054054,1033.2924248075674
EURUSD,SELL,2025-01-03 00:00:00+00:00,2025-01-03 01:00:00+00:00,2025-01-03 09:00:00+00:00,1.0274324417114258,1.0294647327258484,1.0233678596825806,LOSS,-1,-10.332924248075674,1022.9595005594917
EURUSD,SELL,2025-01-03 15:00:00+00:00,2025-01-03 16:00:00+00:00,2025-01-03 21:00:00+00:00,1.0291242599487305,1.031151138663367,1.0250705025194577,LOSS,-1,-10.229595005594918,1012.7299055538969
EURUSD,BUY,2025-01-06 14:00:00+00:00,2025-01-06 15:00:00+00:00,2025-01-07 15:00:00+00:00,1.0400415658950806,1.0364635439572671,1.0471976097707074,LOSS,-1,-10.127299055538968,1002.6026064983579
EURUSD,SELL,2025-01-08 03:00:00+00:00,2025-01-08 04:00:00+00:00,2025-01-08 10:00:00+00:00,1.034982442855835,1.036742514597222,1.031462299373061,WIN,2,20.05205212996716,1022.654658628325
EURUSD,SELL,2025-01-08 13:00:00+00:00,2025-01-08 14:00:00+00:00,2025-01-10 13:00:00+00:00,1.0308215618133545,1.0330058158862399,1.0264530536675838,WIN,2,20.4530931725665,1043.1077518008915
EURUSD,SELL,2025-01-10 19:00:00+00:00,2025-01-10 20:00:00+00:00,2025-01-13 09:00:00+00:00,1.024800181388855,1.0272598545372162,1.0198808350921325,WIN,2,20.862155036017832,1063.9699068369093
EURUSD,SELL,2025-01-13 12:00:00+00:00,2025-01-13 13:00:00+00:00,2025-01-13 21:00:00+00:00,1.0203040838241577,1.0226288490322903,1.0156545534078925,LOSS,-1,-10.639699068369094,1053.3302077685403
EURUSD,BUY,2025-01-15 00:00:00+00:00,2025-01-15 01:00:00+00:00,2025-01-15 13:00:00+00:00,1.0303966999053955,1.0284695537039856,1.034250992308215,WIN,2,21.066604155370808,1074.3968119239112
EURUSD,BUY,2025-01-15 14:00:00+00:00,2025-01-15 15:00:00+00:00,2025-01-15 16:00:00+00:00,1.0323113203048706,1.0299868992156447,1.0369601624833225,LOSS,-1,-10.743968119239112,1063.652843804672
EURUSD,BUY,2025-01-16 15:00:00+00:00,2025-01-16 16:00:00+00:00,2025-01-17 07:00:00+00:00,1.0305029153823853,1.0283637968488923,1.034781152449371,LOSS,-1,-10.63652843804672,1053.0163153666253
EURUSD,BUY,2025-01-17 10:00:00+00:00,2025-01-17 11:00:00+00:00,2025-01-17 13:00:00+00:00,1.0306090116500854,1.0290178882576166,1.0337912584350233,LOSS,-1,-10.530163153666253,1042.486152212959
EURUSD,BUY,2025-01-17 15:00:00+00:00,2025-01-17 16:00:00+00:00,2025-01-17 19:00:00+00:00,1.0300782918930054,1.0280126162890229,1.0342096431009702,LOSS,-1,-10.424861522129591,1032.0612906908295
EURUSD,BUY,2025-01-20 05:00:00+00:00,2025-01-20 06:00:00+00:00,2025-01-20 13:00:00+00:00,1.0303966999053955,1.0287717398446619,1.0336466200268626,WIN,2,20.64122581381659,1052.7025165046462
EURUSD,BUY,2025-01-20 17:00:00+00:00,2025-01-20 18:00:00+00:00,2025-01-21 08:00:00+00:00,1.0387451648712158,1.0355191324065367,1.0451972298005743,LOSS,-1,-10.527025165046462,1042.1754913395996
EURUSD,BUY,2025-01-21 13:00:00+00:00,2025-01-21 14:00:00+00:00,2025-01-22 09:00:00+00:00,1.0380982160568237,1.0351422158621837,1.0440102164461036,WIN,2,20.843509826791994,1063.0190011663915
EURUSD,BUY,2025-01-22 19:00:00+00:00,2025-01-22 20:00:00+00:00,2025-01-23 07:00:00+00:00,1.042209506034851,1.0401096377149188,1.0464092426747156,LOSS,-1,-10.630190011663915,1052.3888111547276
EURUSD,BUY,2025-01-23 09:00:00+00:00,2025-01-23 10:00:00+00:00,2025-01-23 12:00:00+00:00,1.0416667461395264,1.0399807645715904,1.0450387092753983,LOSS,-1,-10.523888111547276,1041.8649230431804
EURUSD,BUY,2025-01-23 13:00:00+00:00,2025-01-23 14:00:00+00:00,2025-01-23 15:00:00+00:00,1.0415581464767456,1.039816633550467,1.045041172329303,LOSS,-1,-10.418649230431804,1031.4462738127486
EURUSD,BUY,2025-01-23 16:00:00+00:00,2025-01-23 17:00:00+00:00,2025-01-24 06:00:00+00:00,1.0421009063720703,1.0399707747671647,1.0463611695818815,WIN,2,20.628925476254974,1052.0751992890036
EURUSD,BUY,2025-01-24 12:00:00+00:00,2025-01-24 13:00:00+00:00,2025-01-24 15:00:00+00:00,1.0477787256240845,1.045575359288977,1.0521854582942993,WIN,2,21.041503985780075,1073.1167032747837
EURUSD,BUY,2025-01-24 18:00:00+00:00,2025-01-24 19:00:00+00:00,2025-01-27 00:00:00+00:00,1.0497585535049438,1.0473732777728075,1.0545291049692167,LOSS,-1,-10.731167032747837,1062.3855362420359
EURUSD,BUY,2025-01-27 08:00:00+00:00,2025-01-27 09:00:00+00:00,2025-01-27 13:00:00+00:00,1.0489877462387085,1.046870869045311,1.0532215006255035,WIN,2,21.24771072484072,1083.6332469668766
EURUSD,BUY,2025-01-27 19:00:00+00:00,2025-01-27 20:00:00+00:00,2025-01-27 23:00:00+00:00,1.049428105354309,1.0472800857894426,1.0537241444840422,LOSS,-1,-10.836332469668767,1072.7969144972078
EURUSD,SELL,2025-01-29 09:00:00+00:00,2025-01-29 10:00:00+00:00,2025-01-29 15:00:00+00:00,1.0407993793487549,1.0424584851625776,1.0374811677211098,LOSS,-1,-10.727969144972079,1062.0689453522357
EURUSD,SELL,2025-01-29 20:00:00+00:00,2025-01-29 21:00:00+00:00,2025-01-30 13:00:00+00:00,1.0414496660232544,1.0436173624709826,1.0371142731277978,LOSS,-1,-10.620689453522358,1051.4482558987133
EURUSD,SELL,2025-01-30 20:00:00+00:00,2025-01-30 21:00:00+00:00,2025-01-31 21:00:00+00:00,1.0411244630813599,1.043650243315745,1.0360729026125894,WIN,2,21.028965117974266,1072.4772210166875
EURUSD,SELL,2025-02-03 08:00:00+00:00,2025-02-03 09:00:00+00:00,2025-02-03 13:00:00+00:00,1.0246951580047607,1.0283296657051597,1.0174261426039626,LOSS,-1,-10.724772210166876,1061.7524488065205
EURUSD,SELL,2025-02-03 16:00:00+00:00,2025-02-03 17:00:00+00:00,2025-02-03 21:00:00+00:00,1.0280661582946777,1.0324063251711373,1.0193858245417586,LOSS,-1,-10.617524488065206,1051.1349243184554
EURUSD,SELL,2025-02-04 05:00:00+00:00,2025-02-04 06:00:00+00:00,2025-02-04 08:00:00+00:00,1.0296540260314941,1.0329802582957528,1.0230015615029768,LOSS,-1,-10.511349243184554,1040.6235750752708
EURUSD,BUY,2025-02-04 15:00:00+00:00,2025-02-04 16:00:00+00:00,2025-02-07 15:00:00+00:00,1.0383137464523315,1.0353365436141033,1.0442681521287882,LOSS,-1,-10.406235750752709,1030.217339324518
EURUSD,SELL,2025-02-07 18:00:00+00:00,2025-02-07 19:00:00+00:00,2025-02-11 19:00:00+00:00,1.0328444242477417,1.0355754759460396,1.0273823208511461,LOSS,-1,-10.30217339324518,1019.9151659312728
EURUSD,BUY,2025-02-12 00:00:00+00:00,2025-02-12 01:00:00+00:00,2025-02-12 13:00:00+00:00,1.0360547304153442,1.0344775524578769,1.039209086330279,LOSS,-1,-10.199151659312728,1009.71601427196
EURUSD,BUY,2025-02-12 15:00:00+00:00,2025-02-12 16:00:00+00:00,2025-02-12 16:00:00+00:00,1.0377750396728516,1.0354535549554655,1.0424180091076238,LOSS,-1,-10.0971601427196,999.6188541292404
EURUSD,BUY,2025-02-12 18:00:00+00:00,2025-02-12 19:00:00+00:00,2025-02-13 20:00:00+00:00,1.0391769409179688,1.0361431393512615,1.0452445440513831,WIN,2,19.99237708258481,1019.6112312118252
EURUSD,BUY,2025-02-14 16:00:00+00:00,2025-02-14 17:00:00+00:00,2025-02-17 08:00:00+00:00,1.0500892400741577,1.047667910916247,1.0549318983899791,LOSS,-1,-10.196112312118252,1009.415118899707
EURUSD,BUY,2025-02-17 10:00:00+00:00,2025-02-17 11:00:00+00:00,2025-02-17 12:00:00+00:00,1.0492078065872192,1.0474852549200007,1.0526529099216566,LOSS,-1,-10.09415118899707,999.3209677107099
EURUSD,BUY,2025-02-17 17:00:00+00:00,2025-02-17 18:00:00+00:00,2025-02-18 01:00:00+00:00,1.0485477447509766,1.0469921367535016,1.0516589607459264,LOSS,-1,-9.9932096771071,989.3277580336028
EURUSD,SELL,2025-02-19 15:00:00+00:00,2025-02-19 16:00:00+00:00,2025-02-20 08:00:00+00:00,1.0426441431045532,1.044108282979495,1.0397158633546695,LOSS,-1,-9.893277580336028,979.4344804532667
EURUSD,BUY,2025-02-21 00:00:00+00:00,2025-02-21 01:00:00+00:00,2025-02-21 08:00:00+00:00,1.0492078065872192,1.04753128169818,1.0525608563652975,LOSS,-1,-9.794344804532667,969.640135648734
EURUSD,BUY,2025-02-21 13:00:00+00:00,2025-02-21 14:00:00+00:00,2025-02-21 15:00:00+00:00,1.047998309135437,1.0463309682807664,1.0513329908447782,LOSS,-1,-9.69640135648734,959.9437342922467
EURUSD,BUY,2025-02-24 00:00:00+00:00,2025-02-24 01:00:00+00:00,2025-02-24 08:00:00+00:00,1.0507513284683228,1.0487855005801152,1.0546829842447376,LOSS,-1,-9.599437342922467,950.3442969493243
EURUSD,BUY,2025-02-24 18:00:00+00:00,2025-02-24 19:00:00+00:00,2025-02-24 23:00:00+00:00,1.0484378337860107,1.0464173133885377,1.0524788745809566,LOSS,-1,-9.503442969493243,940.8408539798311
EURUSD,BUY,2025-02-25 11:00:00+00:00,2025-02-25 12:00:00+00:00,2025-02-25 23:00:00+00:00,1.0493179559707642,1.0477244865955944,1.0525048947211035,WIN,2,18.81681707959662,959.6576710594277
EURUSD,BUY,2025-02-26 01:00:00+00:00,2025-02-26 02:00:00+00:00,2025-02-26 04:00:00+00:00,1.051856517791748,1.0503375193871651,1.0548945146009137,LOSS,-1,-9.596576710594277,950.0610943488334
EURUSD,BUY,2025-02-26 08:00:00+00:00,2025-02-26 09:00:00+00:00,2025-02-26 12:00:00+00:00,1.0504201650619507,1.0488984838107964,1.0534635275642594,LOSS,-1,-9.500610943488335,940.560483405345
EURUSD,BUY,2025-02-26 15:00:00+00:00,2025-02-26 16:00:00+00:00,2025-02-26 17:00:00+00:00,1.0509721040725708,1.0491172923622982,1.0546817274931162,LOSS,-1,-9.40560483405345,931.1548785712916
EURUSD,SELL,2025-02-27 03:00:00+00:00,2025-02-27 04:00:00+00:00,2025-02-27 09:00:00+00:00,1.0469011068344116,1.048674541152433,1.043354238198369,LOSS,-1,-9.311548785712917,921.8433297855787
EURUSD,SELL,2025-02-28 07:00:00+00:00,2025-02-28 08:00:00+00:00,2025-02-28 13:00:00+00:00,1.039933443069458,1.0416314354290224,1.036537458350329,LOSS,-1,-9.218433297855787,912.6248964877229
EURUSD,SELL,2025-02-28 20:00:00+00:00,2025-02-28 21:00:00+00:00,2025-03-03 00:00:00+00:00,1.0377750396728516,1.0397910659415877,1.0337429871353794,LOSS,-1,-9.12624896487723,903.4986475228457
EURUSD,SELL,2025-03-03 08:00:00+00:00,2025-03-03 09:00:00+00:00,2025-03-03 09:00:00+00:00,1.040474534034729,1.0422838069306075,1.036855988242972,LOSS,-1,-9.034986475228457,894.4636610476172
EURUSD,BUY,2025-03-03 19:00:00+00:00,2025-03-03 20:00:00+00:00,2025-03-04 08:00:00+00:00,1.0472300052642822,1.0450954119374716,1.0514991919179033,WIN,2,17.889273220952344,912.3529342685695
EURUSD,BUY,2025-03-04 10:00:00+00:00,2025-03-04 11:00:00+00:00,2025-03-04 12:00:00+00:00,1.0513036251068115,1.0491760221762756,1.0555588309678836,WIN,2,18.24705868537139,930.5999929539408
EURUSD,BUY,2025-03-04 14:00:00+00:00,2025-03-04 15:00:00+00:00,2025-03-04 18:00:00+00:00,1.0519671440124512,1.0493637189675062,1.0571739941023408,WIN,2,18.611999859078818,949.2119928130196
EURUSD,BUY,2025-03-05 02:00:00+00:00,2025-03-05 03:00:00+00:00,2025-03-05 07:00:00+00:00,1.0605578422546387,1.0579355818142526,1.0658023631354105,WIN,2,18.98423985626039,968.19623266928
EURUSD,BUY,2025-03-05 11:00:00+00:00,2025-03-05 12:00:00+00:00,2025-03-05 14:00:00+00:00,1.068376064300537,1.0652526768045132,1.074622839292585,WIN,2,19.3639246533856,987.5601573226656
EURUSD,BUY,2025-03-06 03:00:00+00:00,2025-03-06 04:00:00+00:00,2025-03-06 15:00:00+00:00,1.079214334487915,1.0762497173686687,1.085143568726408,WIN,2,19.751203146453314,1007.311360469119
EURUSD,BUY,2025-03-07 11:00:00+00:00,2025-03-07 12:00:00+00:00,2025-03-10 07:00:00+00:00,1.0851871967315674,1.0825264528527043,1.0905086844892935,LOSS,-1,-10.07311360469119,997.2382468644278
EURUSD,BUY,2025-03-10 09:00:00+00:00,2025-03-10 10:00:00+00:00,2025-03-10 11:00:00+00:00,1.0854227542877197,1.0824198762410753,1.0914285103810086,LOSS,-1,-9.972382468644279,987.2658643957835
EURUSD,BUY,2025-03-10 20:00:00+00:00,2025-03-10 21:00:00+00:00,2025-03-11 07:00:00+00:00,1.0833063125610352,1.0805469038997062,1.0888251298836933,WIN,2,19.74531728791567,1007.0111816836992
EURUSD,BUY,2025-03-11 10:00:00+00:00,2025-03-11 11:00:00+00:00,2025-03-13 11:00:00+00:00,1.0893245935440063,1.0863087151092226,1.095356350413574,LOSS,-1,-10.070111816836992,996.9410698668622
EURUSD,BUY,2025-03-14 18:00:00+00:00,2025-03-14 19:00:00+00:00,2025-03-18 07:00:00+00:00,1.0883761644363403,1.0859383163095957,1.0932518606898298,WIN,2,19.938821397337247,1016.8798912641995
EURUSD,BUY,2025-03-18 10:00:00+00:00,2025-03-18 11:00:00+00:00,2025-03-18 11:00:00+00:00,1.0938525199890137,1.0921805869805767,1.0971963860058873,LOSS,-1,-10.168798912641995,1006.7110923515575
EURUSD,BUY,2025-03-18 15:00:00+00:00,2025-03-18 16:00:00+00:00,2025-03-19 07:00:00+00:00,1.0928961038589478,1.090681517697261,1.0973252761823211,LOSS,-1,-10.067110923515575,996.6439814280419
EURUSD,SELL,2025-03-20 15:00:00+00:00,2025-03-20 16:00:00+00:00,2025-03-24 13:00:00+00:00,1.0850694179534912,1.0875273104739946,1.0801536329124846,WIN,2,19.932879628560837,1016.5768610566028
EURUSD,SELL,2025-03-25 15:00:00+00:00,2025-03-25 16:00:00+00:00,2025-03-26 17:00:00+00:00,1.0806137323379517,1.0826795902264785,1.0764820165608981,WIN,2,20.331537221132056,1036.9083982777347
EURUSD,SELL,2025-03-26 23:00:00+00:00,2025-03-27 00:00:00+00:00,2025-03-27 01:00:00+00:00,1.0744600296020508,1.0764446084973873,1.0704908718113777,LOSS,-1,-10.369083982777347,1026.5393142949574
EURUSD,SELL,2025-03-27 05:00:00+00:00,2025-03-27 06:00:00+00:00,2025-03-27 11:00:00+00:00,1.0772379636764526,1.0791735875926485,1.073366715844061,LOSS,-1,-10.265393142949575,1016.2739211520078
EURUSD,SELL,2025-03-28 10:00:00+00:00,2025-03-28 11:00:00+00:00,2025-03-28 12:00:00+00:00,1.0772379636764526,1.0789168750695113,1.0738801408903351,LOSS,-1,-10.162739211520078,1006.1111819404878
EURUSD,BUY,2025-03-28 13:00:00+00:00,2025-03-28 14:00:00+00:00,2025-03-31 15:00:00+01:00,1.0814317464828491,1.0794560438861045,1.0853831516763384,LOSS,-1,-10.061111819404879,996.0500701210829
EURUSD,BUY,2025-03-31 18:00:00+01:00,2025-03-31 19:00:00+01:00,2025-04-01 12:00:00+01:00,1.0817828178405762,1.0793978003698725,1.0865528527819834,LOSS,-1,-9.96050070121083,986.0895694198721
EURUSD,SELL,2025-04-01 13:00:00+01:00,2025-04-01 14:00:00+01:00,2025-04-01 15:00:00+01:00,1.0789813995361328,1.0809654789793226,1.0750132406497532,LOSS,-1,-9.860895694198721,976.2286737256734
EURUSD,SELL,2025-04-01 16:00:00+01:00,2025-04-01 17:00:00+01:00,2025-04-02 14:00:00+01:00,1.080263614654541,1.0823619079321989,1.0760670280992255,LOSS,-1,-9.762286737256733,966.4663869884166
EURUSD,BUY,2025-04-02 17:00:00+01:00,2025-04-02 18:00:00+01:00,2025-04-02 21:00:00+01:00,1.0854227542877197,1.0831976044004392,1.0898730540622805,LOSS,-1,-9.664663869884166,956.8017231185324
EURUSD,BUY,2025-04-03 01:00:00+01:00,2025-04-03 02:00:00+01:00,2025-04-03 07:00:00+01:00,1.0892059803009033,1.085394257989349,1.0968294249240123,WIN,2,19.13603446237065,975.937757580903
EURUSD,BUY,2025-04-03 16:00:00+01:00,2025-04-03 17:00:00+01:00,2025-04-04 09:00:00+01:00,1.1053388118743896,1.0991924837811589,1.1176314680608512,LOSS,-1,-9.759377575809031,966.178380005094
EURUSD,BUY,2025-04-04 11:00:00+01:00,2025-04-04 12:00:00+01:00,2025-04-04 15:00:00+01:00,1.1037527322769165,1.098574337050913,1.1141095227289237,LOSS,-1,-9.66178380005094,956.5165962050431
EURUSD,BUY,2025-04-07 05:00:00+01:00,2025-04-07 06:00:00+01:00,2025-04-07 15:00:00+01:00,1.098659634590149,1.093340949884084,1.1092970040022787,LOSS,-1,-9.56516596205043,946.9514302429927
EURUSD,BUY,2025-04-09 01:00:00+01:00,2025-04-09 02:00:00+01:00,2025-04-09 18:00:00+01:00,1.1018069982528687,1.0978942402539222,1.1096325142507615,LOSS,-1,-9.469514302429927,937.4819159405628
EURUSD,BUY,2025-04-10 08:00:00+01:00,2025-04-10 09:00:00+01:00,2025-04-10 13:00:00+01:00,1.1029006242752075,1.0984691658309957,1.1117635411636313,WIN,2,18.749638318811257,956.231554259374
EURUSD,BUY,2025-04-11 06:00:00+01:00,2025-04-11 07:00:00+01:00,2025-04-11 09:00:00+01:00,1.1285407543182373,1.1226041721816857,1.1404139185913407,WIN,2,19.12463108518748,975.3561853445615
EURUSD,BUY,2025-04-11 11:00:00+01:00,2025-04-11 12:00:00+01:00,2025-04-21 03:00:00+01:00,1.1341726779937744,1.1268633697908657,1.1487912943995922,WIN,2,19.50712370689123,994.8633090514527
EURUSD,BUY,2025-04-21 11:00:00+01:00,2025-04-21 12:00:00+01:00,2025-04-21 15:00:00+01:00,1.1528706550598145,1.1497627486549384,1.1590864678695665,LOSS,-1,-9.948633090514527,984.9146759609382
EURUSD,BUY,2025-04-22 03:00:00+01:00,2025-04-22 04:00:00+01:00,2025-04-22 08:00:00+01:00,1.152339220046997,1.149362091597829,1.158293476945333,LOSS,-1,-9.849146759609383,975.0655292013288
EURUSD,SELL,2025-04-23 14:00:00+01:00,2025-04-23 15:00:00+01:00,2025-04-23 16:00:00+01:00,1.133529782295227,1.137905052991215,1.1247792409032513,LOSS,-1,-9.750655292013288,965.3148739093155
EURUSD,SELL,2025-04-24 04:00:00+01:00,2025-04-24 05:00:00+01:00,2025-04-24 08:00:00+01:00,1.1341726779937744,1.1374900068825724,1.1275380202161784,LOSS,-1,-9.653148739093155,955.6617251702223
EURUSD,SELL,2025-04-25 01:00:00+01:00,2025-04-25 02:00:00+01:00,2025-04-25 15:00:00+01:00,1.1349449157714844,1.1376597273851055,1.1295152925442422,LOSS,-1,-9.556617251702223,946.10510791852
EURUSD,SELL,2025-04-28 00:00:00+01:00,2025-04-28 01:00:00+01:00,2025-04-28 05:00:00+01:00,1.1349449157714844,1.1375007006292126,1.129833346056028,LOSS,-1,-9.4610510791852,936.6440568393349
EURUSD,SELL,2025-04-28 07:00:00+01:00,2025-04-28 08:00:00+01:00,2025-04-28 08:00:00+01:00,1.1337867975234985,1.1364285270551406,1.1285033384602143,LOSS,-1,-9.36644056839335,927.2776162709415
EURUSD,BUY,2025-04-28 17:00:00+01:00,2025-04-28 18:00:00+01:00,2025-04-29 05:00:00+01:00,1.141291856765747,1.1380728663732267,1.1477298375507878,LOSS,-1,-9.272776162709416,918.0048401082321
EURUSD,BUY,2025-04-29 07:00:00+01:00,2025-04-29 08:00:00+01:00,2025-04-30 02:00:00+01:00,1.139211654663086,1.1366372562682725,1.144360451452713,LOSS,-1,-9.18004840108232,908.8247917071498
EURUSD,BUY,2025-04-30 07:00:00+01:00,2025-04-30 08:00:00+01:00,2025-04-30 11:00:00+01:00,1.139211654663086,1.1365948753132635,1.1444452133627308,LOSS,-1,-9.088247917071497,899.7365437900783
EURUSD,SELL,2025-04-30 14:00:00+01:00,2025-04-30 15:00:00+01:00,2025-05-01 02:00:00+01:00,1.1371389627456665,1.13975249501941,1.1319118981981793,WIN,2,17.994730875801565,917.7312746658798
EURUSD,SELL,2025-05-01 03:00:00+01:00,2025-05-01 04:00:00+01:00,2025-05-01 12:00:00+01:00,1.1319899559020996,1.1342902707448432,1.1273893262166124,LOSS,-1,-9.177312746658798,908.553961919221
EURUSD,SELL,2025-05-02 05:00:00+01:00,2025-05-02 06:00:00+01:00,2025-05-02 07:00:00+01:00,1.1307101249694824,1.1330932579730024,1.1259438589624426,LOSS,-1,-9.085539619192211,899.4684223000288
EURUSD,BUY,2025-05-02 15:00:00+01:00,2025-05-02 16:00:00+01:00,2025-05-02 16:00:00+01:00,1.1370097398757935,1.1337280137070909,1.1435731922131986,LOSS,-1,-8.994684223000288,890.4737380770285
EURUSD,SELL,2025-05-02 17:00:00+01:00,2025-05-02 18:00:00+01:00,2025-05-05 12:00:00+01:00,1.1322463750839233,1.1357703046727834,1.1251985159062035,LOSS,-1,-8.904737380770285,881.5690006962583
EURUSD,BUY,2025-05-05 13:00:00+01:00,2025-05-05 14:00:00+01:00,2025-05-05 15:00:00+01:00,1.1363636255264282,1.1337753638466335,1.1415401488860175,LOSS,-1,-8.815690006962583,872.7533106892957
EURUSD,SELL,2025-05-05 19:00:00+01:00,2025-05-05 20:00:00+01:00,2025-05-06 08:00:00+01:00,1.1314777135849,1.1340196289233189,1.126393882908062,LOSS,-1,-8.727533106892958,864.0257775824028
EURUSD,SELL,2025-05-06 10:00:00+01:00,2025-05-06 11:00:00+01:00,2025-05-06 13:00:00+01:00,1.1314777135849,1.1340354596335005,1.1263622214876987,LOSS,-1,-8.640257775824029,855.3855198065788
EURUSD,BUY,2025-05-06 14:00:00+01:00,2025-05-06 15:00:00+01:00,2025-05-06 23:00:00+01:00,1.1357183456420898,1.1330197953141516,1.1411154462979662,LOSS,-1,-8.553855198065788,846.831664608513
EURUSD,BUY,2025-05-07 02:00:00+01:00,2025-05-07 03:00:00+01:00,2025-05-07 20:00:00+01:00,1.134429931640625,1.1314785514446388,1.1403326920325976,LOSS,-1,-8.46831664608513,838.363347962428
EURUSD,SELL,2025-05-07 22:00:00+01:00,2025-05-07 23:00:00+01:00,2025-05-08 16:00:00+01:00,1.1310937404632568,1.1339324374992308,1.125416346391309,WIN,2,16.76726695924856,855.1306149216765
EURUSD,SELL,2025-05-08 23:00:00+01:00,2025-05-09 00:00:00+01:00,2025-05-09 10:00:00+01:00,1.1234692335128784,1.1262352378228182,1.1179372248929988,LOSS,-1,-8.551306149216765,846.5793087724597
EURUSD,SELL,2025-05-09 21:00:00+01:00,2025-05-09 22:00:00+01:00,2025-05-12 08:00:00+01:00,1.124985933303833,1.1271446284411366,1.120668543029226,WIN,2,16.931586175449194,863.5108949479089
EURUSD,SELL,2025-05-12 12:00:00+01:00,2025-05-12 13:00:00+01:00,2025-05-13 14:00:00+01:00,1.110864281654358,1.114850801639253,1.1028912416845675,LOSS,-1,-8.63510894947909,854.8757859984298
EURUSD,SELL,2025-05-16 17:00:00+01:00,2025-05-16 18:00:00+01:00,2025-05-19 00:00:00+01:00,1.114951491355896,1.1172067583316019,1.110440957404484,LOSS,-1,-8.548757859984299,846.3270281384455
EURUSD,SELL,2025-05-19 02:00:00+01:00,2025-05-19 03:00:00+01:00,2025-05-19 07:00:00+01:00,1.1179429292678833,1.1202419750879191,1.1133448376278117,LOSS,-1,-8.463270281384455,837.863757857061
EURUSD,BUY,2025-05-19 08:00:00+01:00,2025-05-19 09:00:00+01:00,2025-05-19 11:00:00+01:00,1.123974323272705,1.1215109373207044,1.1289010951767064,WIN,2,16.757275157141223,854.6210330142022
EURUSD,BUY,2025-05-19 13:00:00+01:00,2025-05-19 14:00:00+01:00,2025-05-19 18:00:00+01:00,1.1258726119995117,1.1233121695200148,1.1309934969585056,LOSS,-1,-8.546210330142022,846.0748226840602
EURUSD,BUY,2025-05-20 14:00:00+01:00,2025-05-20 15:00:00+01:00,2025-05-21 01:00:00+01:00,1.1252391338348389,1.1228525226954245,1.1300123561136675,WIN,2,16.921496453681204,862.9963191377415
EURUSD,BUY,2025-05-21 08:00:00+01:00,2025-05-21 09:00:00+01:00,2025-05-22 08:00:00+01:00,1.1330161094665527,1.130751118225019,1.1375460919496203,LOSS,-1,-8.629963191377415,854.366355946364
EURUSD,BUY,2025-05-23 04:00:00+01:00,2025-05-23 05:00:00+01:00,2025-05-23 11:00:00+01:00,1.131733775138855,1.1296666027961746,1.1358681198242158,WIN,2,17.08732711892728,871.4536830652913
EURUSD,BUY,2025-05-26 08:00:00+01:00,2025-05-26 09:00:00+01:00,2025-05-27 07:00:00+01:00,1.1393414735794067,1.136932187164249,1.1441600464097221,LOSS,-1,-8.714536830652914,862.7391462346384
EURUSD,SELL,2025-05-28 04:00:00+01:00,2025-05-28 05:00:00+01:00,2025-05-28 08:00:00+01:00,1.1312217712402344,1.1331335401472276,1.1273982334262482,LOSS,-1,-8.627391462346385,854.111754772292
EURUSD,SELL,2025-05-28 13:00:00+01:00,2025-05-28 14:00:00+01:00,2025-05-29 00:00:00+01:00,1.1312217712402344,1.1331988392471388,1.1272676352264257,WIN,2,17.08223509544584,871.1939898677379
EURUSD,SELL,2025-05-29 02:00:00+01:00,2025-05-29 03:00:00+01:00,2025-05-29 08:00:00+01:00,1.1254924535751343,1.1281030662270468,1.1202712282713094,LOSS,-1,-8.711939898677379,862.4820499690604
EURUSD,SELL,2025-05-29 12:00:00+01:00,2025-05-29 13:00:00+01:00,2025-05-29 13:00:00+01:00,1.1276500225067139,1.1301395664101888,1.122670934699764,LOSS,-1,-8.624820499690605,853.8572294693698
EURUSD,BUY,2025-05-29 20:00:00+01:00,2025-05-29 21:00:00+01:00,2025-05-30 07:00:00+01:00,1.1370097398757935,1.134262530643446,1.1425041583404885,LOSS,-1,-8.538572294693699,845.3186571746761
EURUSD,BUY,2025-05-30 12:00:00+01:00,2025-05-30 13:00:00+01:00,2025-06-02 07:00:00+01:00,1.1340440511703491,1.1318408003900777,1.138450552730892,WIN,2,16.90637314349352,862.2250303181696
EURUSD,BUY,2025-06-02 11:00:00+01:00,2025-06-02 12:00:00+01:00,2025-06-03 12:00:00+01:00,1.1418131589889526,1.1394351826297162,1.1465691117074255,LOSS,-1,-8.622250303181696,853.602780014988
EURUSD,BUY,2025-06-04 15:00:00+01:00,2025-06-04 16:00:00+01:00,2025-06-05 06:00:00+01:00,1.1435105800628662,1.1410668458739737,1.1483980484406513,LOSS,-1,-8.53602780014988,845.0667522148381
EURUSD,BUY,2025-06-05 07:00:00+01:00,2025-06-05 08:00:00+01:00,2025-06-05 13:00:00+01:00,1.1410315036773682,1.1392418103397368,1.1446108903526309,WIN,2,16.90133504429676,861.9680872591348
EURUSD,BUY,2025-06-05 15:00:00+01:00,2025-06-05 16:00:00+01:00,2025-06-06 07:00:00+01:00,1.1458691358566284,1.1431250954257492,1.1513572167183865,LOSS,-1,-8.619680872591347,853.3484063865434
EURUSD,BUY,2025-06-09 19:00:00+01:00,2025-06-09 20:00:00+01:00,2025-06-10 02:00:00+01:00,1.142987847328186,1.1410576635375034,1.1468482149095516,LOSS,-1,-8.533484063865433,844.814922322678
EURUSD,BUY,2025-06-10 14:00:00+01:00,2025-06-10 15:00:00+01:00,2025-06-10 16:00:00+01:00,1.144688606262207,1.1425513998658425,1.148963019054936,LOSS,-1,-8.44814922322678,836.3667730994512
EURUSD,BUY,2025-06-11 06:00:00+01:00,2025-06-11 07:00:00+01:00,2025-06-11 13:00:00+01:00,1.1425960063934326,1.140820532190525,1.1461469547992478,WIN,2,16.727335461989025,853.0941085614402
EURUSD,BUY,2025-06-11 19:00:00+01:00,2025-06-11 20:00:00+01:00,2025-06-12 07:00:00+01:00,1.1488970518112183,1.1466447467999281,1.1534016618337986,WIN,2,17.061882171228802,870.155990732669
EURUSD,BUY,2025-06-12 15:00:00+01:00,2025-06-12 16:00:00+01:00,2025-06-13 01:00:00+01:00,1.1584800481796265,1.155464788293205,1.1645105679524694,LOSS,-1,-8.70155990732669,861.4544308253423
EURUSD,BUY,2025-06-13 15:00:00+01:00,2025-06-13 16:00:00+01:00,2025-06-16 15:00:00+01:00,1.1547343730926514,1.1515883767278035,1.1610263658223474,WIN,2,17.229088616506846,878.6835194418492
EURUSD,BUY,2025-06-17 04:00:00+01:00,2025-06-17 05:00:00+01:00,2025-06-17 15:00:00+01:00,1.1566041707992554,1.1546145344489875,1.1605834434997908,LOSS,-1,-8.786835194418492,869.8966842474307
EURUSD,SELL,2025-06-18 00:00:00+01:00,2025-06-18 01:00:00+01:00,2025-06-18 05:00:00+01:00,1.1486331224441528,1.1509747024381203,1.143949962456218,LOSS,-1,-8.698966842474308,861.1977174049564
EURUSD,SELL,2025-06-18 11:00:00+01:00,2025-06-18 12:00:00+01:00,2025-06-18 13:00:00+01:00,1.1495574712753296,1.1515447272221546,1.1455829593816798,LOSS,-1,-8.611977174049564,852.5857402309068
EURUSD,SELL,2025-06-18 14:00:00+01:00,2025-06-18 15:00:00+01:00,2025-06-18 15:00:00+01:00,1.1490291357040405,1.1510850189404864,1.1449173692311487,LOSS,-1,-8.525857402309068,844.0598828285978
EURUSD,SELL,2025-06-18 19:00:00+01:00,2025-06-18 20:00:00+01:00,2025-06-20 00:00:00+01:00,1.1478420495986938,1.1505919066116064,1.1423423355728688,LOSS,-1,-8.440598828285978,835.6192840003118
EURUSD,BUY,2025-06-20 04:00:00+01:00,2025-06-20 05:00:00+01:00,2025-06-20 13:00:00+01:00,1.1532695293426514,1.1513160795702477,1.1571764288874584,LOSS,-1,-8.356192840003118,827.2630911603087
EURUSD,BUY,2025-06-23 06:00:00+01:00,2025-06-23 07:00:00+01:00,2025-06-23 08:00:00+01:00,1.1520737409591675,1.1498998308394184,1.1564215611986657,LOSS,-1,-8.272630911603088,818.9904602487056
EURUSD,SELL,2025-06-23 09:00:00+01:00,2025-06-23 10:00:00+01:00,2025-06-23 15:00:00+01:00,1.1485011577606201,1.1507854440759862,1.1439325851298878,LOSS,-1,-8.189904602487056,810.8005556462185
EURUSD,BUY,2025-06-23 17:00:00+01:00,2025-06-23 18:00:00+01:00,2025-06-24 00:00:00+01:00,1.1547343730926514,1.1516815550469766,1.1608400091840012,WIN,2,16.21601111292437,827.0165667591428
EURUSD,BUY,2025-06-24 02:00:00+01:00,2025-06-24 03:00:00+01:00,2025-06-25 19:00:00+01:00,1.1595547199249268,1.1568293239087355,1.1650055119573095,WIN,2,16.540331335182856,843.5568980943257
EURUSD,BUY,2025-06-25 20:00:00+01:00,2025-06-25 21:00:00+01:00,2025-06-26 04:00:00+01:00,1.1661807298660278,1.1640016709892262,1.170538847619631,WIN,2,16.871137961886514,860.4280360562121
EURUSD,BUY,2025-06-26 05:00:00+01:00,2025-06-26 06:00:00+01:00,2025-06-26 09:00:00+01:00,1.1682243347167969,1.1660904225809572,1.1724921589884763,WIN,2,17.208560721124243,877.6365967773364
EURUSD,BUY,2025-06-26 11:00:00+01:00,2025-06-26 12:00:00+01:00,2025-06-26 23:00:00+01:00,1.171783447265625,1.1693916937186113,1.1765669543596524,LOSS,-1,-8.776365967773364,868.8602308095631
EURUSD,BUY,2025-06-27 00:00:00+01:00,2025-06-27 01:00:00+01:00,2025-06-27 13:00:00+01:00,1.1697274446487427,1.1674022437501597,1.1743778464459087,WIN,2,17.37720461619126,886.2374354257544
EURUSD,BUY,2025-06-27 21:00:00+01:00,2025-06-27 22:00:00+01:00,2025-06-30 16:00:00+01:00,1.1719207763671875,1.16920448461734,1.1773533598668826,WIN,2,17.724748708515087,903.9621841342695
EURUSD,BUY,2025-07-01 02:00:00+01:00,2025-07-01 03:00:00+01:00,2025-07-01 10:00:00+01:00,1.1782727241516113,1.17601060482496,1.1827969628049144,WIN,2,18.07924368268539,922.0414278169549
EURUSD,BUY,2025-07-01 18:00:00+01:00,2025-07-01 19:00:00+01:00,2025-07-02 12:00:00+01:00,1.178550362586975,1.1760934455376906,1.1834641966855441,LOSS,-1,-9.22041427816955,912.8210135387853
EURUSD,BUY,2025-07-02 16:00:00+01:00,2025-07-02 17:00:00+01:00,2025-07-03 13:00:00+01:00,1.1792453527450562,1.1768301048502645,1.1840758485346394,LOSS,-1,-9.128210135387853,903.6928034033975
EURUSD,BUY,2025-07-07 00:00:00+01:00,2025-07-07 01:00:00+01:00,2025-07-07 03:00:00+01:00,1.1784114837646484,1.1770509401610176,1.18113257097191,LOSS,-1,-9.036928034033975,894.6558753693636
EURUSD,SELL,2025-07-07 11:00:00+01:00,2025-07-07 12:00:00+01:00,2025-07-07 17:00:00+01:00,1.1731581687927246,1.1748128413160617,1.1698488237460507,WIN,2,17.89311750738727,912.5489928767508
EURUSD,SELL,2025-07-07 18:00:00+01:00,2025-07-07 19:00:00+01:00,2025-07-07 23:00:00+01:00,1.1709601879119873,1.1731648873035105,1.1665507891289408,LOSS,-1,-9.125489928767509,903.4235029479834
EURUSD,SELL,2025-07-08 11:00:00+01:00,2025-07-08 12:00:00+01:00,2025-07-08 15:00:00+01:00,1.1731581687927246,1.175185775997603,1.1691029543829679,WIN,2,18.06847005895967,921.491973006943
EURUSD,SELL,2025-07-09 00:00:00+01:00,2025-07-09 01:00:00+01:00,2025-07-10 01:00:00+01:00,1.1727453470230103,1.1747331961427776,1.1687696487834753,LOSS,-1,-9.21491973006943,912.2770532768735
EURUSD,BUY,2025-07-10 05:00:00+01:00,2025-07-10 06:00:00+01:00,2025-07-10 12:00:00+01:00,1.17384672164917,1.1722334287330298,1.1770733074814503,LOSS,-1,-9.122770532768735,903.1542827441048
EURUSD,SELL,2025-07-10 13:00:00+01:00,2025-07-10 14:00:00+01:00,2025-07-10 15:00:00+01:00,1.1709601879119873,1.1725678252450145,1.167744913245933,WIN,2,18.063085654882094,921.2173683989869
EURUSD,SELL,2025-07-10 16:00:00+01:00,2025-07-10 17:00:00+01:00,2025-07-10 22:00:00+01:00,1.1690436601638794,1.1709736111059077,1.165183758279823,LOSS,-1,-9.21217368398987,912.0051947149971
EURUSD,SELL,2025-07-11 17:00:00+01:00,2025-07-11 18:00:00+01:00,2025-07-15 14:00:00+01:00,1.1694538593292236,1.1713265295354174,1.165708518916836,WIN,2,18.240103894299942,930.245298609297
EURUSD,SELL,2025-07-15 23:00:00+01:00,2025-07-16 00:00:00+01:00,2025-07-16 07:00:00+01:00,1.1607661247253418,1.1625332247646565,1.1572319246467124,LOSS,-1,-9.302452986092971,920.9428456232041
EURUSD,SELL,2025-07-16 15:00:00+01:00,2025-07-16 16:00:00+01:00,2025-07-16 16:00:00+01:00,1.1598236560821533,1.1620289454959412,1.1554130772545776,LOSS,-1,-9.209428456232041,911.7334171669721
EURUSD,SELL,2025-07-17 01:00:00+01:00,2025-07-17 02:00:00+01:00,2025-07-17 13:00:00+01:00,1.1627906560897827,1.1655506145750634,1.1572707391192214,WIN,2,18.234668343339443,929.9680855103115
EURUSD,BUY,2025-07-21 13:00:00+01:00,2025-07-21 14:00:00+01:00,2025-07-21 16:00:00+01:00,1.1667250394821167,1.1650003503959487,1.1701744176544526,WIN,2,18.59936171020623,948.5674472205178
EURUSD,BUY,2025-07-21 18:00:00+01:00,2025-07-21 19:00:00+01:00,2025-07-22 16:00:00+01:00,1.1694538593292236,1.167534808036396,1.1732919619148787,WIN,2,18.971348944410355,967.5387961649282
EURUSD,BUY,2025-07-22 23:00:00+01:00,2025-07-23 00:00:00+01:00,2025-07-23 02:00:00+01:00,1.1752262115478516,1.1734463630075265,1.1787859086285015,LOSS,-1,-9.675387961649282,957.8634082032788
EURUSD,BUY,2025-07-23 14:00:00+01:00,2025-07-23 15:00:00+01:00,2025-07-23 18:00:00+01:00,1.1730204820632935,1.1712259099237214,1.1766096263424373,WIN,2,19.157268164065577,977.0206763673444
EURUSD,BUY,2025-07-23 22:00:00+01:00,2025-07-23 23:00:00+01:00,2025-07-24 10:00:00+01:00,1.1774401664733887,1.1755275635322437,1.1812653723556785,LOSS,-1,-9.770206763673444,967.250469603671
EURUSD,BUY,2025-07-24 14:00:00+01:00,2025-07-24 15:00:00+01:00,2025-07-24 21:00:00+01:00,1.1775789260864258,1.1755262217737399,1.1816843347117978,LOSS,-1,-9.672504696036711,957.5779649076343
EURUSD,BUY,2025-07-25 08:00:00+01:00,2025-07-25 09:00:00+01:00,2025-07-25 10:00:00+01:00,1.1759172677993774,1.1740459578445228,1.1796598877090867,LOSS,-1,-9.575779649076344,948.0021852585579
EURUSD,BUY,2025-07-28 02:00:00+01:00,2025-07-28 03:00:00+01:00,2025-07-28 07:00:00+01:00,1.175364375114441,1.1735143338579304,1.1790644576274618,LOSS,-1,-9.48002185258558,938.5221634059724
EURUSD,SELL,2025-07-29 09:00:00+01:00,2025-07-29 10:00:00+01:00,2025-07-29 14:00:00+01:00,1.1576753854751587,1.1600794650128066,1.152867226399863,WIN,2,18.770443268119447,957.2926066740919
EURUSD,SELL,2025-07-30 18:00:00+01:00,2025-07-30 19:00:00+01:00,2025-07-30 19:00:00+01:00,1.1491611003875732,1.1516543726297115,1.1441745559032968,WIN,2,19.14585213348184,976.4384588075737
EURUSD,SELL,2025-07-31 00:00:00+01:00,2025-07-31 01:00:00+01:00,2025-07-31 07:00:00+01:00,1.1431183815002441,1.1460242447297722,1.137306655041188,LOSS,-1,-9.764384588075737,966.674074219498
EURUSD,SELL,2025-08-01 07:00:00+01:00,2025-08-01 08:00:00+01:00,2025-08-01 13:00:00+01:00,1.143379807472229,1.1455683866503639,1.1390026491159593,LOSS,-1,-9.66674074219498,957.0073334773031
EURUSD,BUY,2025-08-04 02:00:00+01:00,2025-08-04 03:00:00+01:00,2025-08-05 09:00:00+01:00,1.1578094959259033,1.1539454825560016,1.165537522665707,LOSS,-1,-9.570073334773031,947.43726014253
EURUSD,BUY,2025-08-05 16:00:00+01:00,2025-08-05 17:00:00+01:00,2025-08-06 14:00:00+01:00,1.1583458185195923,1.1558796669592506,1.1632781216402754,WIN,2,18.9487452028506,966.3860053453806
EURUSD,BUY,2025-08-06 17:00:00+01:00,2025-08-06 18:00:00+01:00,2025-08-07 07:00:00+01:00,1.163873314857483,1.1617563227555983,1.1681072990612524,WIN,2,19.327720106907613,985.7137254522881
EURUSD,BUY,2025-08-07 10:00:00+01:00,2025-08-07 11:00:00+01:00,2025-08-07 12:00:00+01:00,1.1674060821533203,1.1654915294123815,1.171235187635198,LOSS,-1,-9.85713725452288,975.8565881977653
EURUSD,BUY,2025-08-07 13:00:00+01:00,2025-08-07 14:00:00+01:00,2025-08-07 15:00:00+01:00,1.1656370162963867,1.1634306581362421,1.1700497326166757,LOSS,-1,-9.758565881977653,966.0980223157876
EURUSD,BUY,2025-08-07 20:00:00+01:00,2025-08-07 21:00:00+01:00,2025-08-08 11:00:00+01:00,1.1659088134765625,1.163380472989329,1.1709654944510295,LOSS,-1,-9.660980223157877,956.4370420926298
EURUSD,BUY,2025-08-08 14:00:00+01:00,2025-08-08 15:00:00+01:00,2025-08-11 12:00:00+01:00,1.1653653383255005,1.1632195603706903,1.1696568942351209,LOSS,-1,-9.564370420926299,946.8726716717035
EURUSD,SELL,2025-08-11 16:00:00+01:00,2025-08-11 17:00:00+01:00,2025-08-12 06:00:00+01:00,1.1610356569290161,1.1630727403587247,1.1569614900695993,LOSS,-1,-9.468726716717036,937.4039449549865
EURUSD,SELL,2025-08-12 07:00:00+01:00,2025-08-12 08:00:00+01:00,2025-08-12 13:00:00+01:00,1.161170482635498,1.16277006383982,1.157971320226854,LOSS,-1,-9.374039449549866,928.0299055054367
EURUSD,BUY,2025-08-12 18:00:00+01:00,2025-08-12 19:00:00+01:00,2025-08-13 10:00:00+01:00,1.1675423383712769,1.1649741963077607,1.1726786224983092,WIN,2,18.560598110108735,946.5905036155453
EURUSD,BUY,2025-08-13 11:00:00+01:00,2025-08-13 12:00:00+01:00,2025-08-13 14:00:00+01:00,1.171783447265625,1.1698611185217072,1.1756281047534607,LOSS,-1,-9.465905036155453,937.1245985793898
EURUSD,BUY,2025-08-14 11:00:00+01:00,2025-08-14 12:00:00+01:00,2025-08-14 13:00:00+01:00,1.169864296913147,1.168165263328421,1.173262364082599,LOSS,-1,-9.371245985793898,927.753352593596
EURUSD,SELL,2025-08-14 17:00:00+01:00,2025-08-14 18:00:00+01:00,2025-08-15 04:00:00+01:00,1.1640088558197021,1.1662793973299281,1.1594677727992502,LOSS,-1,-9.27753352593596,918.47581906766
EURUSD,BUY,2025-08-15 13:00:00+01:00,2025-08-15 14:00:00+01:00,2025-08-18 08:00:00+01:00,1.1701380014419556,1.168525237883795,1.173363528558277,LOSS,-1,-9.1847581906766,909.2910608769835
EURUSD,SELL,2025-08-19 02:00:00+01:00,2025-08-19 03:00:00+01:00,2025-08-19 06:00:00+01:00,1.1650937795639038,1.166834177037338,1.1616129846170355,LOSS,-1,-9.092910608769834,900.1981502682137
EURUSD,SELL,2025-08-19 16:00:00+01:00,2025-08-19 17:00:00+01:00,2025-08-20 03:00:00+01:00,1.1665889024734497,1.168369391561289,1.1630279242977715,WIN,2,18.003963005364273,918.202113273578
EURUSD,SELL,2025-08-20 04:00:00+01:00,2025-08-20 05:00:00+01:00,2025-08-20 08:00:00+01:00,1.163602590560913,1.1650793756885738,1.1606490203055917,LOSS,-1,-9.18202113273578,909.0200921408422
EURUSD,SELL,2025-08-20 16:00:00+01:00,2025-08-20 17:00:00+01:00,2025-08-20 18:00:00+01:00,1.1650937795639038,1.1670227342496269,1.1612358701924574,LOSS,-1,-9.090200921408423,899.9298912194338
EURUSD,SELL,2025-08-20 20:00:00+01:00,2025-08-20 21:00:00+01:00,2025-08-21 15:00:00+01:00,1.1656370162963867,1.1675217175741064,1.1618676137409474,WIN,2,17.998597824388675,917.9284890438224
EURUSD,SELL,2025-08-22 06:00:00+01:00,2025-08-22 07:00:00+01:00,2025-08-22 12:00:00+01:00,1.159151554107666,1.160791407293856,1.1558718477352858,LOSS,-1,-9.179284890438224,908.7492041533842
EURUSD,BUY,2025-08-25 00:00:00+01:00,2025-08-25 01:00:00+01:00,2025-08-25 16:00:00+01:00,1.1709601879119873,1.1686393931069277,1.1756017775221068,LOSS,-1,-9.087492041533842,899.6617121118503
EURUSD,SELL,2025-08-25 22:00:00+01:00,2025-08-25 23:00:00+01:00,2025-08-26 01:00:00+01:00,1.1623852252960205,1.1647841186016943,1.157587438684673,LOSS,-1,-8.996617121118502,890.6650949907319
EURUSD,SELL,2025-08-26 18:00:00+01:00,2025-08-26 19:00:00+01:00,2025-08-27 09:00:00+01:00,1.1641442775726318,1.1665533822967902,1.1593260681243154,WIN,2,17.813301899814636,908.4783968905465
EURUSD,SELL,2025-08-27 13:00:00+01:00,2025-08-27 14:00:00+01:00,2025-08-27 16:00:00+01:00,1.1588828563690186,1.1608111683622027,1.1550262323826501,LOSS,-1,-9.084783968905466,899.3936129216411
EURUSD,BUY,2025-08-28 10:00:00+01:00,2025-08-28 11:00:00+01:00,2025-08-28 13:00:00+01:00,1.1653653383255005,1.1637529615770967,1.168590091822308,WIN,2,17.987872258432823,917.3814851800739
EURUSD,BUY,2025-08-28 20:00:00+01:00,2025-08-28 21:00:00+01:00,2025-08-29 02:00:00+01:00,1.1686338186264038,1.1668043127221437,1.1722928304349238,LOSS,-1,-9.17381485180074,908.2076703282731
EURUSD,BUY,2025-08-29 05:00:00+01:00,2025-08-29 06:00:00+01:00,2025-08-29 15:00:00+01:00,1.1668611764907837,1.1653222844067248,1.1699389606589015,WIN,2,18.164153406565465,926.3718237348386
EURUSD,BUY,2025-09-01 10:00:00+01:00,2025-09-01 11:00:00+01:00,2025-09-01 16:00:00+01:00,1.172195553779602,1.1704506465768756,1.175685368185055,LOSS,-1,-9.263718237348385,917.1081054974902
EURUSD,BUY,2025-09-01 17:00:00+01:00,2025-09-01 18:00:00+01:00,2025-09-02 06:00:00+01:00,1.170823097229004,1.169207811137369,1.1740536694122738,LOSS,-1,-9.171081054974902,907.9370244425153
EURUSD,BUY,2025-09-02 07:00:00+01:00,2025-09-02 08:00:00+01:00,2025-09-02 08:00:00+01:00,1.170823097229004,1.1695321478286553,1.173404996029701,LOSS,-1,-9.079370244425153,898.8576541980901
EURUSD,SELL,2025-09-02 12:00:00+01:00,2025-09-02 13:00:00+01:00,2025-09-02 15:00:00+01:00,1.164958119392395,1.16706776195871,1.160738834259765,LOSS,-1,-8.988576541980901,889.8690776561092
EURUSD,SELL,2025-09-03 11:00:00+01:00,2025-09-03 12:00:00+01:00,2025-09-03 15:00:00+01:00,1.1648223400115967,1.166812377380036,1.1608422652747177,LOSS,-1,-8.898690776561093,880.9703868795481
EURUSD,SELL,2025-09-04 03:00:00+01:00,2025-09-04 04:00:00+01:00,2025-09-05 02:00:00+01:00,1.1656370162963867,1.1673492379437025,1.1622125730017554,LOSS,-1,-8.80970386879548,872.1606830107526
EURUSD,BUY,2025-09-05 04:00:00+01:00,2025-09-05 05:00:00+01:00,2025-09-05 13:00:00+01:00,1.1674060821533203,1.1658821465078508,1.1704539534442595,WIN,2,17.44321366021505,889.6038966709676
EURUSD,BUY,2025-09-05 17:00:00+01:00,2025-09-05 18:00:00+01:00,2025-09-05 20:00:00+01:00,1.1742602586746216,1.1716737991905009,1.1794331776428633,LOSS,-1,-8.896038966709677,880.707857704258
EURUSD,BUY,2025-09-09 03:00:00+01:00,2025-09-09 04:00:00+01:00,2025-09-09 08:00:00+01:00,1.1773016452789307,1.1757406245952655,1.1804236866462612,LOSS,-1,-8.80707857704258,871.9007791272154
EURUSD,SELL,2025-09-10 07:00:00+01:00,2025-09-10 08:00:00+01:00,2025-09-10 10:00:00+01:00,1.1700011491775513,1.1717619433574138,1.1664795608178262,LOSS,-1,-8.719007791272155,863.1817713359433
EURUSD,SELL,2025-09-10 21:00:00+01:00,2025-09-10 22:00:00+01:00,2025-09-11 13:00:00+01:00,1.1700011491775513,1.1719665198107225,1.166070407911209,LOSS,-1,-8.631817713359434,854.5499536225839
EURUSD,BUY,2025-09-11 18:00:00+01:00,2025-09-11 19:00:00+01:00,2025-09-12 13:00:00+01:00,1.173433542251587,1.1714072957599593,1.177486035234842,LOSS,-1,-8.545499536225838,846.004454086358
EURUSD,BUY,2025-09-12 15:00:00+01:00,2025-09-12 16:00:00+01:00,2025-09-15 11:00:00+01:00,1.1728830337524414,1.1710868941701407,1.1764753129170427,WIN,2,16.92008908172716,862.9245431680852
EURUSD,BUY,2025-09-15 14:00:00+01:00,2025-09-15 15:00:00+01:00,2025-09-16 08:00:00+01:00,1.1761938333511353,1.174612590950031,1.1793563181533437,WIN,2,17.258490863361704,880.1830340314468
EURUSD,BUY,2025-09-16 09:00:00+01:00,2025-09-16 10:00:00+01:00,2025-09-16 15:00:00+01:00,1.1800801753997803,1.1786120932825233,1.1830163396342943,WIN,2,17.603660680628938,897.7866947120758
EURUSD,BUY,2025-09-17 01:00:00+01:00,2025-09-17 02:00:00+01:00,2025-09-17 11:00:00+01:00,1.1860989332199097,1.1840848633446264,1.1901270729704763,LOSS,-1,-8.977866947120758,888.808827764955
EURUSD,BUY,2025-09-17 12:00:00+01:00,2025-09-17 13:00:00+01:00,2025-09-17 19:00:00+01:00,1.1842728853225708,1.1826679061523115,1.1874828436630893,LOSS,-1,-8.888088277649551,879.9207394873055
EURUSD,BUY,2025-09-18 08:00:00+01:00,2025-09-18 09:00:00+01:00,2025-09-18 13:00:00+01:00,1.18343186378479,1.18076378568597,1.1887680199824298,LOSS,-1,-8.799207394873054,871.1215320924324
EURUSD,SELL,2025-09-18 14:00:00+01:00,2025-09-18 15:00:00+01:00,2025-09-22 18:00:00+01:00,1.176885962486267,1.1798293546964236,1.170999178065954,LOSS,-1,-8.711215320924325,862.4103167715081
EURUSD,BUY,2025-09-22 20:00:00+01:00,2025-09-22 21:00:00+01:00,2025-09-23 08:00:00+01:00,1.18035888671875,1.1787271151378698,1.1836224298805103,LOSS,-1,-8.62410316771508,853.7862136037929
EURUSD,BUY,2025-09-24 05:00:00+01:00,2025-09-24 06:00:00+01:00,2025-09-24 07:00:00+01:00,1.1806375980377197,1.1792822098865983,1.1833483743399629,LOSS,-1,-8.53786213603793,845.248351467755
EURUSD,SELL,2025-09-24 23:00:00+01:00,2025-09-25 00:00:00+01:00,2025-09-25 13:00:00+01:00,1.1748120784759521,1.17628927807233,1.1718576792831965,WIN,2,16.9049670293551,862.1533184971101
EURUSD,SELL,2025-09-25 23:00:00+01:00,2025-09-26 00:00:00+01:00,2025-09-26 09:00:00+01:00,1.1671334505081177,1.1690399325345595,1.1633204864552342,LOSS,-1,-8.621533184971101,853.531785312139
EURUSD,BUY,2025-09-30 07:00:00+01:00,2025-09-30 08:00:00+01:00,2025-09-30 14:00:00+01:00,1.1741223335266113,1.1726294817984801,1.1771080369828737,LOSS,-1,-8.535317853121391,844.9964674590177
EURUSD,BUY,2025-09-30 15:00:00+01:00,2025-09-30 16:00:00+01:00,2025-09-30 16:00:00+01:00,1.1752262115478516,1.1733823788822235,1.1789138768791074,LOSS,-1,-8.449964674590177,836.5465027844275
EURUSD,BUY,2025-09-30 17:00:00+01:00,2025-09-30 18:00:00+01:00,2025-09-30 21:00:00+01:00,1.1760554313659668,1.1739672516578474,1.1802317907822055,LOSS,-1,-8.365465027844275,828.1810377565832
EURUSD,BUY,2025-10-01 05:00:00+01:00,2025-10-01 06:00:00+01:00,2025-10-01 08:00:00+01:00,1.177024483680725,1.1753361930131572,1.1804010650158607,LOSS,-1,-8.281810377565833,819.8992273790174
EURUSD,BUY,2025-10-01 13:00:00+01:00,2025-10-01 14:00:00+01:00,2025-10-01 16:00:00+01:00,1.1752262115478516,1.172738535754643,1.1802015631342688,LOSS,-1,-8.198992273790173,811.7002351052272
EURUSD,BUY,2025-10-02 02:00:00+01:00,2025-10-02 03:00:00+01:00,2025-10-02 14:00:00+01:00,1.1742602586746216,1.1722520411717936,1.1782766936802775,LOSS,-1,-8.117002351052273,803.5832327541749
EURUSD,SELL,2025-10-02 17:00:00+01:00,2025-10-02 18:00:00+01:00,2025-10-03 09:00:00+01:00,1.1719207763671875,1.1740546855773926,1.1676529579467774,LOSS,-1,-8.03583232754175,795.5474004266332
EURUSD,BUY,2025-10-03 15:00:00+01:00,2025-10-03 16:00:00+01:00,2025-10-06 00:00:00+01:00,1.1743981838226318,1.1727241125909291,1.177746326286037,LOSS,-1,-7.955474004266332,787.5919264223669
EURUSD,SELL,2025-10-06 02:00:00+01:00,2025-10-06 03:00:00+01:00,2025-10-06 08:00:00+01:00,1.1727453470230103,1.1744221877646546,1.1693916655397216,WIN,2,15.751838528447339,803.3437649508143
EURUSD,SELL,2025-10-06 12:00:00+01:00,2025-10-06 13:00:00+01:00,2025-10-06 14:00:00+01:00,1.1678149700164795,1.1700808676389145,1.1632831747716095,LOSS,-1,-8.033437649508143,795.3103273013061
EURUSD,SELL,2025-10-06 16:00:00+01:00,2025-10-06 17:00:00+01:00,2025-10-07 10:00:00+01:00,1.1712344884872437,1.1735932051485065,1.1665170551647177,WIN,2,15.906206546026121,811.2165338473322
EURUSD,SELL,2025-10-07 11:00:00+01:00,2025-10-07 12:00:00+01:00,2025-10-08 02:00:00+01:00,1.1678149700164795,1.1695270962024704,1.1643907176444976,WIN,2,16.224330676946646,827.4408645242789
EURUSD,SELL,2025-10-08 08:00:00+01:00,2025-10-08 09:00:00+01:00,2025-10-09 03:00:00+01:00,1.1633317470550537,1.164996207526315,1.160002826112531,LOSS,-1,-8.27440864524279,819.1664558790361
EURUSD,SELL,2025-10-09 07:00:00+01:00,2025-10-09 08:00:00+01:00,2025-10-09 15:00:00+01:00,1.1619800329208374,1.163627593803131,1.1586849111562503,WIN,2,16.383329117580722,835.5497849966168
EURUSD,SELL,2025-10-09 20:00:00+01:00,2025-10-09 21:00:00+01:00,2025-10-10 09:00:00+01:00,1.156336784362793,1.1584759758398053,1.152058401408768,LOSS,-1,-8.355497849966168,827.1942871466507
EURUSD,SELL,2025-10-13 11:00:00+01:00,2025-10-13 12:00:00+01:00,2025-10-14 16:00:00+01:00,1.1587486267089844,1.1607684878923037,1.1547089043423455,LOSS,-1,-8.271942871466507,818.9223442751842
EURUSD,BUY,2025-10-15 09:00:00+01:00,2025-10-15 10:00:00+01:00,2025-10-15 13:00:00+01:00,1.163602590560913,1.1619642182179557,1.166879335246828,LOSS,-1,-8.189223442751842,810.7331208324323
EURUSD,BUY,2025-10-15 16:00:00+01:00,2025-10-15 17:00:00+01:00,2025-10-16 02:00:00+01:00,1.163873314857483,1.161992109742595,1.1676357250872589,WIN,2,16.214662416648647,826.9477832490809
EURUSD,BUY,2025-10-16 04:00:00+01:00,2025-10-16 05:00:00+01:00,2025-10-16 23:00:00+01:00,1.1664528846740723,1.1647581053535498,1.169842443315117,WIN,2,16.538955664981618,843.4867389140625
EURUSD,BUY,2025-10-17 02:00:00+01:00,2025-10-17 03:00:00+01:00,2025-10-17 12:00:00+01:00,1.170548915863037,1.168905390172324,1.1738359672444634,LOSS,-1,-8.434867389140624,835.0518715249218
EURUSD,BUY,2025-10-20 06:00:00+01:00,2025-10-20 07:00:00+01:00,2025-10-20 08:00:00+01:00,1.1674060821533203,1.1659270238886763,1.170364198682608,LOSS,-1,-8.350518715249219,826.7013528096726
EURUSD,SELL,2025-10-20 14:00:00+01:00,2025-10-20 15:00:00+01:00,2025-10-20 15:00:00+01:00,1.1652295589447021,1.1667076884402716,1.162273299953563,LOSS,-1,-8.267013528096726,818.4343392815758
EURUSD,SELL,2025-10-20 18:00:00+01:00,2025-10-20 19:00:00+01:00,2025-10-21 11:00:00+01:00,1.1645511388778687,1.1660744771062315,1.1615044624211428,WIN,2,16.368686785631517,834.8030260672074
EURUSD,SELL,2025-10-21 16:00:00+01:00,2025-10-21 17:00:00+01:00,2025-10-22 11:00:00+01:00,1.1621150970458984,1.1638054462145797,1.1587343987085357,WIN,2,16.696060521344148,851.4990865885516
EURUSD,SELL,2025-10-22 14:00:00+01:00,2025-10-22 15:00:00+01:00,2025-10-22 16:00:00+01:00,1.1602274179458618,1.161587618680805,1.1575070164759758,LOSS,-1,-8.514990865885515,842.9840957226661
EURUSD,SELL,2025-10-22 20:00:00+01:00,2025-10-22 21:00:00+01:00,2025-10-23 15:00:00+01:00,1.1609008312225342,1.1622334400243606,1.1582356136188816,LOSS,-1,-8.429840957226661,834.5542547654394
EURUSD,SELL,2025-10-24 03:00:00+01:00,2025-10-24 04:00:00+01:00,2025-10-24 08:00:00+01:00,1.161170482635498,1.1622567390181224,1.158997969870249,LOSS,-1,-8.345542547654395,826.208712217785
EURUSD,BUY,2025-10-24 13:00:00+01:00,2025-10-24 14:00:00+01:00,2025-10-28 01:00:00+00:00,1.1634671688079834,1.16191021181086,1.1665810828022303,WIN,2,16.5241742443557,842.7328864621406
EURUSD,BUY,2025-10-28 14:00:00+00:00,2025-10-28 15:00:00+00:00,2025-10-29 01:00:00+00:00,1.1667250394821167,1.1650444269195366,1.1700862646072772,LOSS,-1,-8.427328864621407,834.3055575975193
EURUSD,SELL,2025-10-29 08:00:00+00:00,2025-10-29 09:00:00+00:00,2025-10-29 09:00:00+00:00,1.1626555919647217,1.1639513922768865,1.160063991340392,LOSS,-1,-8.343055575975193,825.9625020215441
EURUSD,SELL,2025-10-29 12:00:00+00:00,2025-10-29 13:00:00+00:00,2025-10-29 15:00:00+00:00,1.163873314857483,1.165440592411389,1.1607387597496706,LOSS,-1,-8.259625020215442,817.7028770013286
EURUSD,SELL,2025-10-29 18:00:00+00:00,2025-10-29 19:00:00+00:00,2025-10-30 04:00:00+00:00,1.160092830657959,1.1623276719641698,1.1556231480455375,LOSS,-1,-8.177028770013287,809.5258482313153
EURUSD,SELL,2025-10-30 05:00:00+00:00,2025-10-30 06:00:00+00:00,2025-10-30 12:00:00+00:00,1.1629259586334229,1.164878533652129,1.1590208085960105,WIN,2,16.190516964626305,825.7163651959416
EURUSD,SELL,2025-10-30 13:00:00+00:00,2025-10-30 14:00:00+00:00,2025-10-31 14:00:00+00:00,1.158077597618103,1.160493438778896,1.1532459152965169,WIN,2,16.514327303918833,842.2306924998604
EURUSD,SELL,2025-10-31 15:00:00+00:00,2025-10-31 16:00:00+00:00,2025-11-04 01:00:00+00:00,1.154334545135498,1.1562663490091878,1.1504709373881183,WIN,2,16.84461384999721,859.0753063498577
EURUSD,SELL,2025-11-04 08:00:00+00:00,2025-11-04 09:00:00+00:00,2025-11-04 12:00:00+00:00,1.1516757011413574,1.1530392968388803,1.1489485097463115,WIN,2,17.181506126997153,876.2568124768549
EURUSD,BUY,2025-11-06 20:00:00+00:00,2025-11-06 21:00:00+00:00,2025-11-07 06:00:00+00:00,1.1551345586776733,1.1536017767298927,1.1582001225732348,LOSS,-1,-8.76256812476855,867.4942443520863
EURUSD,BUY,2025-11-07 10:00:00+00:00,2025-11-07 11:00:00+00:00,2025-11-07 14:00:00+00:00,1.1555349826812744,1.1542924195136954,1.1580201090164326,WIN,2,17.349884887041725,884.844129239128
EURUSD,BUY,2025-11-07 18:00:00+00:00,2025-11-07 19:00:00+00:00,2025-11-10 00:00:00+00:00,1.1570056676864624,1.155492722633798,1.1600315577917912,LOSS,-1,-8.84844129239128,875.9956879467368
EURUSD,BUY,2025-11-10 07:00:00+00:00,2025-11-10 08:00:00+00:00,2025-11-10 15:00:00+00:00,1.1570056676864624,1.1554329034909583,1.1601511960774706,LOSS,-1,-8.759956879467367,867.2357310672694
EURUSD,BUY,2025-11-10 17:00:00+00:00,2025-11-10 18:00:00+00:00,2025-11-11 13:00:00+00:00,1.1564704179763794,1.1547062665086953,1.1599987209117473,WIN,2,17.34471462134539,884.5804456886148
EURUSD,BUY,2025-11-11 15:00:00+00:00,2025-11-11 16:00:00+00:00,2025-11-11 22:00:00+00:00,1.1598236560821533,1.1581945697133047,1.1630818288198508,LOSS,-1,-8.845804456886148,875.7346412317286
EURUSD,BUY,2025-11-12 02:00:00+00:00,2025-11-12 03:00:00+00:00,2025-11-12 10:00:00+00:00,1.1582117080688477,1.1568991541564584,1.1608368158936262,LOSS,-1,-8.757346412317286,866.9772948194113
EURUSD,BUY,2025-11-12 15:00:00+00:00,2025-11-12 16:00:00+00:00,2025-11-13 08:00:00+00:00,1.15968918800354,1.1581841137806936,1.1626993364492328,WIN,2,17.339545896388227,884.3168407157996
EURUSD,BUY,2025-11-13 09:00:00+00:00,2025-11-13 10:00:00+00:00,2025-11-13 17:00:00+00:00,1.1619800329208374,1.1603486035790098,1.1652428916044928,WIN,2,17.686336814315993,902.0031775301155
EURUSD,BUY,2025-11-13 18:00:00+00:00,2025-11-13 19:00:00+00:00,2025-11-14 10:00:00+00:00,1.1641442775726318,1.1623598978732042,1.1677130369714874,LOSS,-1,-9.020031775301156,892.9831457548144
EURUSD,BUY,2025-11-14 12:00:00+00:00,2025-11-14 13:00:00+00:00,2025-11-14 14:00:00+00:00,1.1656370162963867,1.1638375389734936,1.1692359709421727,LOSS,-1,-8.929831457548143,884.0533142972662
EURUSD,SELL,2025-11-17 14:00:00+00:00,2025-11-17 15:00:00+00:00,2025-11-17 16:00:00+00:00,1.1587486267089844,1.1601676366721925,1.1559106067825682,LOSS,-1,-8.840533142972662,875.2127811542936
EURUSD,SELL,2025-11-17 19:00:00+00:00,2025-11-17 20:00:00+00:00,2025-11-18 04:00:00+00:00,1.1586142778396606,1.1600002396715452,1.1558423541758913,LOSS,-1,-8.752127811542936,866.4606533427507
EURUSD,SELL,2025-11-18 10:00:00+00:00,2025-11-18 11:00:00+00:00,2025-11-18 13:00:00+00:00,1.1586142778396606,1.1598666058741867,1.1561096217706086,LOSS,-1,-8.664606533427508,857.7960468093231
EURUSD,SELL,2025-11-18 15:00:00+00:00,2025-11-18 16:00:00+00:00,2025-11-19 07:00:00+00:00,1.1584800481796265,1.159942987800628,1.1555541689376234,LOSS,-1,-8.57796046809323,849.2180863412299
EURUSD,SELL,2025-11-19 12:00:00+00:00,2025-11-19 13:00:00+00:00,2025-11-19 15:00:00+00:00,1.158077597618103,1.159580937872745,1.155070917108819,WIN,2,16.9843617268246,866.2024480680544
EURUSD,SELL,2025-11-19 21:00:00+00:00,2025-11-19 22:00:00+00:00,2025-11-21 12:00:00+00:00,1.154334545135498,1.1560659982669348,1.1508716388726246,WIN,2,17.32404896136109,883.5264970294155
EURUSD,SELL,2025-11-24 07:00:00+00:00,2025-11-24 08:00:00+00:00,2025-11-24 08:00:00+00:00,1.151543140411377,1.1529743794872995,1.148680662259532,LOSS,-1,-8.835264970294155,874.6912320591214
EURUSD,SELL,2025-11-24 16:00:00+00:00,2025-11-24 17:00:00+00:00,2025-11-25 09:00:00+00:00,1.1522064208984375,1.1538466811027428,1.148925900489827,LOSS,-1,-8.746912320591214,865.9443197385301
EURUSD,BUY,2025-11-25 13:00:00+00:00,2025-11-25 14:00:00+00:00,2025-11-26 06:00:00+00:00,1.156336784362793,1.1547220818441943,1.15956618939999,WIN,2,17.3188863947706,883.2632061333007
EURUSD,BUY,2025-11-26 14:00:00+00:00,2025-11-26 15:00:00+00:00,2025-11-28 10:00:00+00:00,1.1583458185195923,1.1561333751834404,1.162770705191896,LOSS,-1,-8.832632061333008,874.4305740719677
EURUSD,SELL,2025-11-28 11:00:00+00:00,2025-11-28 12:00:00+00:00,2025-11-28 14:00:00+00:00,1.1568717956542969,1.1582283713220671,1.1541586443187566,LOSS,-1,-8.744305740719678,865.686268331248
EURUSD,BUY,2025-11-28 15:00:00+00:00,2025-11-28 16:00:00+00:00,2025-12-01 12:00:00+00:00,1.1606314182281494,1.1589951927015316,1.1639038692813848,WIN,2,17.31372536662496,882.9999936978729
EURUSD,BUY,2025-12-01 14:00:00+00:00,2025-12-01 15:00:00+00:00,2025-12-01 18:00:00+00:00,1.1640088558197021,1.1623803567693793,1.1672658539203478,LOSS,-1,-8.82999993697873,874.1699937608942
EURUSD,BUY,2025-12-02 02:00:00+00:00,2025-12-02 03:00:00+00:00,2025-12-02 15:00:00+00:00,1.161440134048462,1.1601946373900425,1.1639311273653008,LOSS,-1,-8.741699937608942,865.4282938232852
EURUSD,BUY,2025-12-02 19:00:00+00:00,2025-12-02 20:00:00+00:00,2025-12-03 07:00:00+00:00,1.162520408630371,1.1609945040121432,1.1655722178668266,WIN,2,17.308565876465703,882.7368596997509
EURUSD,BUY,2025-12-03 16:00:00+00:00,2025-12-03 17:00:00+00:00,2025-12-04 20:00:00+00:00,1.1663167476654053,1.164973182251932,1.1690038784923518,LOSS,-1,-8.827368596997509,873.9094911027533
EURUSD,BUY,2025-12-05 05:00:00+00:00,2025-12-05 06:00:00+00:00,2025-12-05 10:00:00+00:00,1.1661807298660278,1.1650188632009526,1.1685044631961783,LOSS,-1,-8.739094911027534,865.1703961917258
EURUSD,BUY,2025-12-08 06:00:00+00:00,2025-12-08 07:00:00+00:00,2025-12-08 08:00:00+00:00,1.1665889024734497,1.1654115940019043,1.1689435194165403,LOSS,-1,-8.651703961917258,856.5186922298085
EURUSD,BUY,2025-12-08 10:00:00+00:00,2025-12-08 11:00:00+00:00,2025-12-08 15:00:00+00:00,1.1653653383255005,1.163950510064785,1.1681949948469317,LOSS,-1,-8.565186922298086,847.9535053075105
EURUSD,SELL,2025-12-09 15:00:00+00:00,2025-12-09 16:00:00+00:00,2025-12-10 07:00:00+00:00,1.1631964445114136,1.1647799695211216,1.1600293944919977,LOSS,-1,-8.479535053075105,839.4739702544354
EURUSD,BUY,2025-12-10 17:00:00+00:00,2025-12-10 18:00:00+00:00,2025-12-10 20:00:00+00:00,1.1661807298660278,1.164677161973074,1.1691878656519354,WIN,2,16.789479405088706,856.2634496595241
EURUSD,BUY,2025-12-11 03:00:00+00:00,2025-12-11 04:00:00+00:00,2025-12-11 13:00:00+00:00,1.1694538593292236,1.1678591716026956,1.17264323478228,WIN,2,17.12526899319048,873.3887186527146
EURUSD,BUY,2025-12-11 19:00:00+00:00,2025-12-11 20:00:00+00:00,2025-12-12 12:00:00+00:00,1.1742602586746216,1.1724455374687575,1.17788970108635,LOSS,-1,-8.733887186527147,864.6548314661875
EURUSD,BUY,2025-12-12 13:00:00+00:00,2025-12-12 14:00:00+00:00,2025-12-15 12:00:00+00:00,1.1730204820632935,1.1717338327662115,1.1755937806574575,WIN,2,17.29309662932375,881.9479280955112
EURUSD,BUY,2025-12-16 13:00:00+00:00,2025-12-16 14:00:00+00:00,2025-12-16 18:00:00+00:00,1.1778563261032104,1.1762460055861848,1.1810769671372618,LOSS,-1,-8.819479280955113,873.1284488145561
EURUSD,SELL,2025-12-19 07:00:00+00:00,2025-12-19 08:00:00+00:00,2025-12-19 14:00:00+00:00,1.1712344884872437,1.1726660907167796,1.1683712840281717,LOSS,-1,-8.731284488145562,864.3971643264106
EURUSD,SELL,2025-12-19 15:00:00+00:00,2025-12-19 16:00:00+00:00,2025-12-19 18:00:00+00:00,1.1713716983795166,1.1729786498577952,1.1681577954229596,LOSS,-1,-8.643971643264106,855.7531926831465
EURUSD,SELL,2025-12-19 20:00:00+00:00,2025-12-19 21:00:00+00:00,2025-12-22 07:00:00+00:00,1.1713716983795166,1.1729487173478388,1.1682176604428722,LOSS,-1,-8.557531926831466,847.1956607563151
EURUSD,BUY,2025-12-22 12:00:00+00:00,2025-12-22 13:00:00+00:00,2025-12-22 15:00:00+00:00,1.1746740341186523,1.1733699303906786,1.1772822415745996,WIN,2,16.9439132151263,864.1395739714413
EURUSD,BUY,2025-12-22 16:00:00+00:00,2025-12-22 17:00:00+00:00,2025-12-23 08:00:00+00:00,1.1755025386810303,1.1739871865529428,1.178533242937205,WIN,2,17.282791479428827,881.4223654508702
EURUSD,BUY,2025-12-23 12:00:00+00:00,2025-12-23 13:00:00+00:00,2025-12-23 13:00:00+00:00,1.1793843507766724,1.1781320844368044,1.1818888834564083,LOSS,-1,-8.814223654508702,872.6081417963615
EURUSD,BUY,2025-12-23 15:00:00+00:00,2025-12-23 16:00:00+00:00,2025-12-23 22:00:00+00:00,1.1778563261032104,1.1764278742103407,1.18071322988895,WIN,2,17.45216283592723,890.0603046322886
EURUSD,BUY,2025-12-25 00:00:00+00:00,2025-12-25 01:00:00+00:00,2025-12-25 01:00:00+00:00,1.178828239440918,1.1775242436573679,1.1814362310080184,LOSS,-1,-8.900603046322887,881.1597015859658
EURUSD,BUY,2025-12-25 08:00:00+00:00,2025-12-25 22:00:00+00:00,2025-12-26 16:00:00+00:00,1.177994966506958,1.1766297822253309,1.1807253350702123,LOSS,-1,-8.811597015859657,872.3481045701061
EURUSD,SELL,2025-12-29 05:00:00+00:00,2025-12-29 06:00:00+00:00,2025-12-29 07:00:00+00:00,1.1760554313659668,1.177406814032371,1.1733526660331586,LOSS,-1,-8.723481045701062,863.624623524405
EURUSD,SELL,2025-12-29 17:00:00+00:00,2025-12-29 18:00:00+00:00,2025-12-29 20:00:00+00:00,1.1755025386810303,1.1772991481865087,1.1719093196700734,LOSS,-1,-8.63624623524405,854.988377289161
EURUSD,SELL,2025-12-30 17:00:00+00:00,2025-12-30 18:00:00+00:00,2025-12-31 08:00:00+00:00,1.1760554313659668,1.1774916518143246,1.1731829904692512,WIN,2,17.09976754578322,872.0881448349443
EURUSD,SELL,2025-12-31 09:00:00+00:00,2025-12-31 10:00:00+00:00,2025-12-31 12:00:00+00:00,1.17384672164917,1.1751678885677403,1.171204387812029,LOSS,-1,-8.720881448349443,863.3672633865948
EURUSD,SELL,2025-12-31 13:00:00+00:00,2025-12-31 14:00:00+00:00,2026-01-02 00:00:00+00:00,1.1745359897613525,1.1760230284224071,1.1715619124392433,LOSS,-1,-8.633672633865949,854.7335907527289
EURUSD,SELL,2026-01-02 06:00:00+00:00,2026-01-02 07:00:00+00:00,2026-01-02 09:00:00+00:00,1.1746740341186523,1.1757267190082166,1.1725686643395237,WIN,2,17.09467181505458,871.8282625677834
EURUSD,SELL,2026-01-02 16:00:00+00:00,2026-01-02 17:00:00+00:00,2026-01-05 00:00:00+00:00,1.1741223335266113,1.1756644794614777,1.1710380416568784,WIN,2,17.43656525135567,889.2648278191391
EURUSD,SELL,2026-01-05 05:00:00+00:00,2026-01-05 06:00:00+00:00,2026-01-05 15:00:00+00:00,1.1689070463180542,1.17045005323635,1.1658210324814626,LOSS,-1,-8.892648278191391,880.3721795409477
EURUSD,SELL,2026-01-06 11:00:00+00:00,2026-01-06 12:00:00+00:00,2026-01-07 08:00:00+00:00,1.1712344884872437,1.1727984246405478,1.1681066161806353,WIN,2,17.607443590818956,897.9796231317667
EURUSD,SELL,2026-01-07 15:00:00+00:00,2026-01-07 16:00:00+00:00,2026-01-08 13:00:00+00:00,1.1694538593292236,1.1709899198973273,1.1663817381930166,WIN,2,17.959592462635335,915.9392155944021
EURUSD,SELL,2026-01-08 19:00:00+00:00,2026-01-08 20:00:00+00:00,2026-01-08 22:00:00+00:00,1.1653653383255005,1.1666417893258176,1.1628124363248662,LOSS,-1,-9.15939215594402,906.779823438458
EURUSD,SELL,2026-01-13 15:00:00+00:00,2026-01-13 16:00:00+00:00,2026-01-15 13:00:00+00:00,1.1655012369155884,1.1671309949278297,1.1622417208911058,WIN,2,18.13559646876916,924.9154199072271
EURUSD,SELL,2026-01-15 16:00:00+00:00,2026-01-15 17:00:00+00:00,2026-01-16 10:00:00+00:00,1.1607661247253418,1.1622475092267763,1.1578033557224727,LOSS,-1,-9.249154199072272,915.6662657081549
EURUSD,SELL,2026-01-16 15:00:00+00:00,2026-01-16 16:00:00+00:00,2026-01-19 00:00:00+00:00,1.1598236560821533,1.1613006712939185,1.156869625658623,LOSS,-1,-9.156662657081549,906.5096030510733
EURUSD,BUY,2026-01-20 18:00:00+00:00,2026-01-20 19:00:00+00:00,2026-01-21 08:00:00+00:00,1.1731581687927246,1.1709901977093495,1.1774941109594748,LOSS,-1,-9.065096030510734,897.4445070205626
EURUSD,BUY,2026-01-21 11:00:00+00:00,2026-01-21 12:00:00+00:00,2026-01-21 19:00:00+00:00,1.1716461181640625,1.169861511679049,1.1752153311340896,LOSS,-1,-8.974445070205626,888.4700619503569
EURUSD,BUY,2026-01-22 11:00:00+00:00,2026-01-22 12:00:00+00:00,2026-01-22 16:00:00+00:00,1.170548915863037,1.1688982790755973,1.1738501894379165,WIN,2,17.769401239007138,906.2394631893641
EURUSD,BUY,2026-01-23 00:00:00+00:00,2026-01-23 01:00:00+00:00,2026-01-23 08:00:00+00:00,1.1750881671905518,1.1735104966823944,1.1782435082068665,LOSS,-1,-9.06239463189364,897.1770685574704
EURUSD,BUY,2026-01-23 11:00:00+00:00,2026-01-23 12:00:00+00:00,2026-01-23 16:00:00+00:00,1.1741223335266113,1.1727364440486268,1.1768941124825805,WIN,2,17.943541371149408,915.1206099286198
EURUSD,BUY,2026-01-26 06:00:00+00:00,2026-01-26 07:00:00+00:00,2026-01-26 15:00:00+00:00,1.1855363845825195,1.1834065872171693,1.18979597931322,WIN,2,18.302412198572398,933.4230221271922
EURUSD,BUY,2026-01-26 16:00:00+00:00,2026-01-26 17:00:00+00:00,2026-01-27 08:00:00+00:00,1.1889193058013916,1.186313853560219,1.1941302102837372,LOSS,-1,-9.334230221271921,924.0887919059203
EURUSD,BUY,2026-01-27 09:00:00+00:00,2026-01-27 10:00:00+00:00,2026-01-27 12:00:00+00:00,1.1890605688095093,1.1868794562378535,1.1934227939528206,WIN,2,18.481775838118406,942.5705677440387
EURUSD,BUY,2026-01-27 13:00:00+00:00,2026-01-27 14:00:00+00:00,2026-01-27 16:00:00+00:00,1.1927480697631836,1.1902773189147047,1.1976895714601414,WIN,2,18.851411354880774,961.4219790989195
EURUSD,BUY,2026-01-28 01:00:00+00:00,2026-01-28 02:00:00+00:00,2026-01-28 13:00:00+00:00,1.2000479698181152,1.1963931223407318,1.207357664772882,LOSS,-1,-9.614219790989194,951.8077593079303
EURUSD,BUY,2026-01-28 23:00:00+00:00,2026-01-29 00:00:00+00:00,2026-01-29 10:00:00+00:00,1.198178768157959,1.1947834792126144,1.2049693460486481,LOSS,-1,-9.518077593079303,942.289681714851
EURUSD,BUY,2026-01-29 14:00:00+00:00,2026-01-29 15:00:00+00:00,2026-01-29 15:00:00+00:00,1.1970313787460327,1.1941110557703105,1.2028720246974771,LOSS,-1,-9.42289681714851,932.8667848977025
EURUSD,BUY,2026-01-29 18:00:00+00:00,2026-01-29 19:00:00+00:00,2026-01-30 01:00:00+00:00,1.1958861351013184,1.1926522097339336,1.2023539858360879,LOSS,-1,-9.328667848977025,923.5381170487254
EURUSD,SELL,2026-02-03 01:00:00+00:00,2026-02-03 02:00:00+00:00,2026-02-09 06:00:00+00:00,1.1817537546157837,1.1849999812860732,1.1752613012752047,LOSS,-1,-9.235381170487255,914.3027358782382
EURUSD,BUY,2026-02-09 23:00:00+00:00,2026-02-10 00:00:00+00:00,2026-02-10 22:00:00+00:00,1.1907596588134766,1.1890012597431954,1.194276456954039,LOSS,-1,-9.143027358782382,905.1597085194558
EURUSD,BUY,2026-02-11 00:00:00+00:00,2026-02-11 01:00:00+00:00,2026-02-11 13:00:00+00:00,1.1900511980056763,1.1882847943110508,1.1935840053949271,LOSS,-1,-9.051597085194558,896.1081114342612
EURUSD,SELL,2026-02-13 04:00:00+00:00,2026-02-13 05:00:00+00:00,2026-02-13 13:00:00+00:00,1.186661958694458,1.188162352650901,1.1836611707815718,LOSS,-1,-8.961081114342612,887.1470303199186
EURUSD,SELL,2026-02-13 14:00:00+00:00,2026-02-13 15:00:00+00:00,2026-02-13 17:00:00+00:00,1.186380386352539,1.1879015564684485,1.1833380461207201,LOSS,-1,-8.871470303199187,878.2755600167194
EURUSD,SELL,2026-02-16 00:00:00+00:00,2026-02-16 01:00:00+00:00,2026-02-17 07:00:00+00:00,1.186521053314209,1.1880331917780398,1.1834967763865472,WIN,2,17.565511200334388,895.8410712170538
EURUSD,SELL,2026-02-17 14:00:00+00:00,2026-02-17 15:00:00+00:00,2026-02-17 16:00:00+00:00,1.1824523210525513,1.1837143228069114,1.179928317543831,LOSS,-1,-8.958410712170538,886.8826605048832
EURUSD,SELL,2026-02-18 03:00:00+00:00,2026-02-18 04:00:00+00:00,2026-02-18 14:00:00+00:00,1.1845533847808838,1.1857743390169107,1.18211147630883,WIN,2,17.737653210097665,904.6203137149809
EURUSD,SELL,2026-02-18 23:00:00+00:00,2026-02-19 00:00:00+00:00,2026-02-19 08:00:00+00:00,1.1792453527450562,1.1806858664880895,1.1763643252589895,LOSS,-1,-9.046203137149808,895.574110577831
EURUSD,SELL,2026-02-19 15:00:00+00:00,2026-02-19 16:00:00+00:00,2026-02-20 15:00:00+00:00,1.1766090393066406,1.1783560765804153,1.1731149647590915,LOSS,-1,-8.95574110577831,886.6183694720527
EURUSD,BUY,2026-02-23 04:00:00+00:00,2026-02-23 05:00:00+00:00,2026-02-23 09:00:00+00:00,1.1824523210525513,1.1804305853010721,1.1864957925555097,LOSS,-1,-8.866183694720528,877.7521857773321
EURUSD,SELL,2026-02-24 02:00:00+00:00,2026-02-24 03:00:00+00:00,2026-02-25 05:00:00+00:00,1.1786893606185913,1.1804234715729722,1.1752211387098297,LOSS,-1,-8.777521857773321,868.9746639195588
EURUSD,SELL,2026-02-25 11:00:00+00:00,2026-02-25 12:00:00+00:00,2026-02-25 13:00:00+00:00,1.1778563261032104,1.179168735288665,1.1752315077323012,LOSS,-1,-8.689746639195588,860.2849172803632
EURUSD,BUY,2026-02-25 17:00:00+00:00,2026-02-25 18:00:00+00:00,2026-02-26 15:00:00+00:00,1.1811953783035278,1.1796535868261255,1.1842789612583327,LOSS,-1,-8.602849172803632,851.6820681075595
EURUSD,BUY,2026-02-27 04:00:00+00:00,2026-02-27 05:00:00+00:00,2026-02-27 09:00:00+00:00,1.1814744472503662,1.1799300789203162,1.1845631839104664,LOSS,-1,-8.516820681075595,843.1652474264839
EURUSD,BUY,2026-02-27 15:00:00+00:00,2026-02-27 16:00:00+00:00,2026-03-02 00:00:00+00:00,1.1810559034347534,1.1792141331080392,1.1847394440881815,LOSS,-1,-8.431652474264839,834.733594952219
EURUSD,SELL,2026-03-02 04:00:00+00:00,2026-03-02 05:00:00+00:00,2026-03-02 06:00:00+00:00,1.178828239440918,1.1808564032990005,1.1747719117247526,WIN,2,16.69467189904438,851.4282668512634
EURUSD,SELL,2026-03-02 09:00:00+00:00,2026-03-02 10:00:00+00:00,2026-03-02 15:00:00+00:00,1.17384672164917,1.1764591415278607,1.1686218818917886,WIN,2,17.028565337025267,868.4568321882887
EURUSD,SELL,2026-03-02 16:00:00+00:00,2026-03-02 17:00:00+00:00,2026-03-03 08:00:00+00:00,1.1693171262741089,1.172307529465321,1.1633363198916848,WIN,2,17.369136643765774,885.8259688320544
EURUSD,SELL,2026-03-03 12:00:00+00:00,2026-03-03 13:00:00+00:00,2026-03-03 15:00:00+00:00,1.1615750789642334,1.164344136626193,1.1560369636403138,WIN,2,17.716519376641088,903.5424882086954
EURUSD,SELL,2026-03-03 16:00:00+00:00,2026-03-03 17:00:00+00:00,2026-03-04 10:00:00+00:00,1.160496711730957,1.1639033008305646,1.153683533531742,LOSS,-1,-9.035424882086955,894.5070633266084
EURUSD,SELL,2026-03-04 18:00:00+00:00,2026-03-04 19:00:00+00:00,2026-03-05 16:00:00+00:00,1.1629259586334229,1.1657625208741127,1.1572528341520432,WIN,2,17.89014126653217,912.3972045931406
EURUSD,SELL,2026-03-06 05:00:00+00:00,2026-03-06 06:00:00+00:00,2026-03-06 11:00:00+00:00,1.161170482635498,1.1634594933974713,1.1565924611115515,WIN,2,18.247944091862813,930.6451486850034
EURUSD,SELL,2026-03-09 00:00:00+00:00,2026-03-09 01:00:00+00:00,2026-03-09 05:00:00+00:00,1.1519410610198975,1.1553563848240165,1.1451104134116596,LOSS,-1,-9.306451486850035,921.3386971981533
EURUSD,BUY,2026-03-10 07:00:00+00:00,2026-03-10 08:00:00+00:00,2026-03-10 10:00:00+00:00,1.16604483127594,1.1630922962741101,1.1719499012795995,LOSS,-1,-9.213386971981533,912.1253102261718
EURUSD,SELL,2026-03-11 13:00:00+00:00,2026-03-11 14:00:00+00:00,2026-03-11 22:00:00+00:00,1.1602274179458618,1.1625645227426435,1.1555532083522981,WIN,2,18.242506204523437,930.3678164306953
EURUSD,SELL,2026-03-12 00:00:00+00:00,2026-03-12 01:00:00+00:00,2026-03-13 04:00:00+00:00,1.155001163482666,1.1571759606675478,1.1506515691129022,WIN,2,18.607356328613907,948.9751727593092
EURUSD,SELL,2026-03-13 11:00:00+00:00,2026-03-13 12:00:00+00:00,2026-03-13 19:00:00+00:00,1.1470520496368408,1.149176794879501,1.1428025591515203,WIN,2,18.979503455186183,967.9546762144954
EURUSD,SELL,2026-03-16 00:00:00+00:00,2026-03-16 01:00:00+00:00,2026-03-16 11:00:00+00:00,1.1458691358566284,1.1482362025058448,1.1411350025581957,LOSS,-1,-9.679546762144954,958.2751294523505
EURUSD,SELL,2026-03-17 06:00:00+00:00,2026-03-17 07:00:00+00:00,2026-03-17 08:00:00+00:00,1.1485011577606201,1.150508543270722,1.1444863867404163,LOSS,-1,-9.582751294523504,948.692378157827
EURUSD,SELL,2026-03-18 21:00:00+00:00,2026-03-18 22:00:00+00:00,2026-03-19 02:00:00+00:00,1.1466574668884277,1.1492206132459588,1.1415311741733658,LOSS,-1,-9.48692378157827,939.2054543762487
EURUSD,BUY,2026-03-20 00:00:00+00:00,2026-03-20 01:00:00+00:00,2026-03-20 10:00:00+00:00,1.1578094959259033,1.1549603959196384,1.1635076959384332,LOSS,-1,-9.392054543762487,929.8133998324862
EURUSD,BUY,2026-03-20 16:00:00+00:00,2026-03-20 17:00:00+00:00,2026-03-23 06:00:00+00:00,1.156336784362793,1.1536702106953307,1.1616699316977175,LOSS,-1,-9.298133998324863,920.5152658341614
EURUSD,BUY,2026-03-23 12:00:00+00:00,2026-03-23 13:00:00+00:00,2026-03-24 13:00:00+00:00,1.161440134048462,1.1572936519019015,1.1697330983415828,LOSS,-1,-9.205152658341614,911.3101131758198
EURUSD,BUY,2026-03-24 14:00:00+00:00,2026-03-24 15:00:00+00:00,2026-03-24 17:00:00+00:00,1.1595547199249268,1.1567003327079861,1.1652634943588083,LOSS,-1,-9.113101131758198,902.1970120440616
EURUSD,BUY,2026-03-24 19:00:00+00:00,2026-03-24 20:00:00+00:00,2026-03-25 16:00:00+00:00,1.1588828563690186,1.1560843568449986,1.1644798554170583,LOSS,-1,-9.021970120440615,893.1750419236209
EURUSD,SELL,2026-03-25 19:00:00+00:00,2026-03-25 20:00:00+00:00,2026-03-27 10:00:00+00:00,1.1564704179763794,1.158956667511447,1.1514979189062438,WIN,2,17.86350083847242,911.0385427620934
EURUSD,SELL,2026-03-30 19:00:00+01:00,2026-03-30 20:00:00+01:00,2026-03-31 02:00:00+01:00,1.1463946104049683,1.1482152594098631,1.1427533123951785,LOSS,-1,-9.110385427620933,901.9281573344724
EURUSD,BUY,2026-04-01 02:00:00+01:00,2026-04-01 03:00:00+01:00,2026-04-01 09:00:00+01:00,1.1566041707992554,1.1543216600535255,1.1611691922907148,WIN,2,18.038563146689448,919.9667204811618
EURUSD,BUY,2026-04-01 16:00:00+01:00,2026-04-01 17:00:00+01:00,2026-04-01 19:00:00+01:00,1.1617100238800049,1.159114313858773,1.1669014439224688,LOSS,-1,-9.199667204811618,910.7670532763502
EURUSD,SELL,2026-04-02 11:00:00+01:00,2026-04-02 12:00:00+01:00,2026-04-02 15:00:00+01:00,1.1516757011413574,1.153968029822947,1.1470910437781778,LOSS,-1,-9.107670532763503,901.6593827435868
EURUSD,SELL,2026-04-02 17:00:00+01:00,2026-04-02 18:00:00+01:00,2026-04-06 08:00:00+01:00,1.154334545135498,1.15650972838577,1.1499841786349543,LOSS,-1,-9.016593827435868,892.642788916151
EURUSD,BUY,2026-04-06 13:00:00+01:00,2026-04-06 14:00:00+01:00,2026-04-06 16:00:00+01:00,1.1556684970855713,1.1540279013053454,1.158949688646023,LOSS,-1,-8.92642788916151,883.7163610269895
EURUSD,BUY,2026-04-07 07:00:00+01:00,2026-04-07 08:00:00+01:00,2026-04-07 09:00:00+01:00,1.1547343730926514,1.1534101712473956,1.157382776783163,WIN,2,17.67432722053979,901.3906882475293
EURUSD,BUY,2026-04-08 14:00:00+01:00,2026-04-08 15:00:00+01:00,2026-04-08 19:00:00+01:00,1.169864296913147,1.1670301428564518,1.1755326050265373,LOSS,-1,-9.013906882475293,892.376781365054
EURUSD,BUY,2026-04-08 20:00:00+01:00,2026-04-08 21:00:00+01:00,2026-04-10 13:00:00+01:00,1.1671334505081177,1.1643810034220798,1.1726383446801936,WIN,2,17.84753562730108,910.224316992355
EURUSD,BUY,2026-04-10 16:00:00+01:00,2026-04-10 17:00:00+01:00,2026-04-13 00:00:00+01:00,1.1724703311920166,1.1706991257089676,1.1760127421581148,LOSS,-1,-9.10224316992355,901.1220738224315
EURUSD,BUY,2026-04-13 13:00:00+01:00,2026-04-13 14:00:00+01:00,2026-04-13 18:00:00+01:00,1.1702749729156494,1.16846784115027,1.173889236446408,WIN,2,18.02244147644863,919.1445152988802
EURUSD,BUY,2026-04-14 02:00:00+01:00,2026-04-14 03:00:00+01:00,2026-04-14 08:00:00+01:00,1.1763322353363037,1.1746864375701898,1.1796238308685318,WIN,2,18.382890305977604,937.5274056048578
EURUSD,BUY,2026-04-14 16:00:00+01:00,2026-04-14 17:00:00+01:00,2026-04-16 14:00:00+01:00,1.1793843507766724,1.1775935729013638,1.1829659065272895,LOSS,-1,-9.375274056048578,928.1521315488092
EURUSD,BUY,2026-04-17 10:00:00+01:00,2026-04-17 11:00:00+01:00,2026-04-17 13:00:00+01:00,1.1796625852584839,1.1784788749850716,1.1820300058053084,WIN,2,18.563042630976184,946.7151741797853
EURUSD,BUY,2026-04-17 15:00:00+01:00,2026-04-17 16:00:00+01:00,2026-04-17 17:00:00+01:00,1.1816140413284302,1.1798527548684747,1.185136614248341,LOSS,-1,-9.467151741797853,937.2480224379875
EURUSD,BUY,2026-04-21 01:00:00+01:00,2026-04-21 02:00:00+01:00,2026-04-21 08:00:00+01:00,1.178550362586975,1.1771436587739479,1.1813637702130295,LOSS,-1,-9.372480224379876,927.8755422136077
EURUSD,SELL,2026-04-21 17:00:00+01:00,2026-04-21 18:00:00+01:00,2026-04-21 18:00:00+01:00,1.1743981838226318,1.1759650470857466,1.1712644572964022,LOSS,-1,-9.278755422136078,918.5967867914716
EURUSD,SELL,2026-04-21 21:00:00+01:00,2026-04-21 22:00:00+01:00,2026-04-23 01:00:00+01:00,1.1748120784759521,1.1770473677463735,1.1703414999351094,WIN,2,18.37193573582943,936.968722527301
EURUSD,SELL,2026-04-23 05:00:00+01:00,2026-04-23 06:00:00+01:00,2026-04-23 15:00:00+01:00,1.1702749729156494,1.171680856337707,1.1674632060715342,LOSS,-1,-9.36968722527301,927.599035302028
EURUSD,SELL,2026-04-23 16:00:00+01:00,2026-04-23 17:00:00+01:00,2026-04-24 18:00:00+01:00,1.1706860065460205,1.172458673804637,1.1671406720287874,LOSS,-1,-9.27599035302028,918.3230449490078
EURUSD,BUY,2026-04-27 03:00:00+01:00,2026-04-27 04:00:00+01:00,2026-04-28 03:00:00+01:00,1.1730204820632935,1.1715805713183787,1.1759003035531232,LOSS,-1,-9.183230449490079,909.1398144995177
EURUSD,SELL,2026-04-28 08:00:00+01:00,2026-04-28 09:00:00+01:00,2026-04-28 16:00:00+01:00,1.1701380014419556,1.1714278038265509,1.1675583966727647,LOSS,-1,-9.091398144995177,900.0484163545225
EURUSD,SELL,2026-04-29 03:00:00+01:00,2026-04-29 04:00:00+01:00,2026-04-29 18:00:00+01:00,1.1712344884872437,1.1725403307079028,1.1686228040459254,WIN,2,18.00096832709045,918.049384681613
EURUSD,BUY,2026-04-30 17:00:00+01:00,2026-04-30 18:00:00+01:00,2026-05-01 15:00:00+01:00,1.1730204820632935,1.1708095557870322,1.1774423346158158,WIN,2,18.36098769363226,936.4103723752453
EURUSD,BUY,2026-05-01 16:00:00+01:00,2026-05-01 17:00:00+01:00,2026-05-01 18:00:00+01:00,1.1759172677993774,1.1739886977870482,1.179774407824036,LOSS,-1,-9.364103723752454,927.0462686514928
EURUSD,SELL,2026-05-04 15:00:00+01:00,2026-05-04 16:00:00+01:00,2026-05-06 02:00:00+01:00,1.1709601879119873,1.1728252554232532,1.1672300528894552,LOSS,-1,-9.270462686514929,917.7758059649778
EURUSD,BUY,2026-05-06 04:00:00+01:00,2026-05-06 05:00:00+01:00,2026-05-06 09:00:00+01:00,1.17205810546875,1.1706396330504516,1.1748950503053466,WIN,2,18.35551611929956,936.1313220842774
EURUSD,BUY,2026-05-06 12:00:00+01:00,2026-05-06 13:00:00+01:00,2026-05-06 14:00:00+01:00,1.1773016452789307,1.1751176189298669,1.1816696979770582,LOSS,-1,-9.361313220842774,926.7700088634346
EURUSD,BUY,2026-05-08 09:00:00+01:00,2026-05-08 10:00:00+01:00,2026-05-11 06:00:00+01:00,1.176747441291809,1.1752590581378866,1.1797242075996544,LOSS,-1,-9.267700088634346,917.5023087748002
EURUSD,BUY,2026-05-11 07:00:00+01:00,2026-05-11 08:00:00+01:00,2026-05-12 06:00:00+01:00,1.177163004875183,1.1757927202726415,1.1799035740802664,LOSS,-1,-9.175023087748002,908.3272856870522
EURUSD,SELL,2026-05-12 11:00:00+01:00,2026-05-12 12:00:00+01:00,2026-05-13 08:00:00+01:00,1.1743981838226318,1.1756217027675002,1.1719511459328948,WIN,2,18.166545713741044,926.4938314007932
EURUSD,SELL,2026-05-13 11:00:00+01:00,2026-05-13 12:00:00+01:00,2026-05-14 14:00:00+01:00,1.1716461181640625,1.1729390409679477,1.1690602725562924,WIN,2,18.529876628015863,945.023708028809
EURUSD,SELL,2026-05-15 11:00:00+01:00,2026-05-15 12:00:00+01:00,2026-05-15 19:00:00+01:00,1.1652295589447021,1.1667734001680834,1.1621418764979394,WIN,2,18.90047416057618,963.9241821893852
EURUSD,SELL,2026-05-18 08:00:00+01:00,2026-05-18 09:00:00+01:00,2026-05-18 12:00:00+01:00,1.1637378931045532,1.1651220319546933,1.160969615404273,LOSS,-1,-9.639241821893853,954.2849403674913
EURUSD,SELL,2026-05-18 19:00:00+01:00,2026-05-18 20:00:00+01:00,2026-05-18 20:00:00+01:00,1.1633317470550537,1.1650118824926912,1.1599714761797788,LOSS,-1,-9.542849403674914,944.7420909638164
EURUSD,SELL,2026-05-19 03:00:00+01:00,2026-05-19 04:00:00+01:00,2026-05-19 11:00:00+01:00,1.164686679840088,1.16622838166608,1.161603276188104,WIN,2,18.89484181927633,963.6369327830927
EURUSD,SELL,2026-05-19 16:00:00+01:00,2026-05-19 17:00:00+01:00,2026-05-20 15:00:00+01:00,1.160496711730957,1.162061698549975,1.1573667380929211,LOSS,-1,-9.636369327830927,954.0005634552617
EURUSD,SELL,2026-05-21 08:00:00+01:00,2026-05-21 09:00:00+01:00,2026-05-21 09:00:00+01:00,1.1610356569290161,1.1625416272520026,1.1580237162830433,LOSS,-1,-9.540005634552617,944.4605578207091
EURUSD,SELL,2026-05-21 11:00:00+01:00,2026-05-21 12:00:00+01:00,2026-05-21 18:00:00+01:00,1.1610356569290161,1.162916915468592,1.157273139849864,LOSS,-1,-9.444605578207092,935.0159522425021
EURUSD,SELL,2026-05-22 02:00:00+01:00,2026-05-22 03:00:00+01:00,2026-05-25 00:00:00+01:00,1.161440134048462,1.1632158930880474,1.1578886159692907,LOSS,-1,-9.35015952242502,925.6657927200771
EURUSD,BUY,2026-05-25 09:00:00+01:00,2026-05-25 10:00:00+01:00,2026-05-26 06:00:00+01:00,1.164686679840088,1.163207787624641,1.1676444642709818,LOSS,-1,-9.256657927200772,916.4091347928763
EURUSD,BUY,2026-05-26 10:00:00+01:00,2026-05-26 11:00:00+01:00,2026-05-26 13:00:00+01:00,1.164686679840088,1.163622384821415,1.1668152698774341,LOSS,-1,-9.164091347928764,907.2450434449476
EURUSD,BUY,2026-05-27 04:00:00+01:00,2026-05-27 05:00:00+01:00,2026-05-27 15:00:00+01:00,1.1645511388778687,1.16347738610282,1.1666986444279661,LOSS,-1,-9.072450434449475,898.1725930104981
EURUSD,SELL,2026-05-27 22:00:00+01:00,2026-05-27 23:00:00+01:00,2026-05-28 04:00:00+01:00,1.163061261177063,1.1646816072153006,1.1598205691005876,WIN,2,17.96345186020996,916.136044870708
EURUSD,SELL,2026-05-28 06:00:00+01:00,2026-05-28 07:00:00+01:00,2026-05-28 08:00:00+01:00,1.1602274179458618,1.1618544075632495,1.1569734387110864,LOSS,-1,-9.16136044870708,906.9746844220009
EURUSD,BUY,2026-05-28 18:00:00+01:00,2026-05-28 19:00:00+01:00,2026-05-29 09:00:00+01:00,1.1656370162963867,1.163804456702869,1.1693021354834223,LOSS,-1,-9.06974684422001,897.9049375777809
EURUSD,BUY,2026-05-29 10:00:00+01:00,2026-05-29 11:00:00+01:00,2026-05-29 15:00:00+01:00,1.1644154787063599,1.1628728931025332,1.1675006499140133,WIN,2,17.958098751555617,915.8630363293365
EURUSD,BUY,2026-06-01 06:00:00+01:00,2026-06-01 07:00:00+01:00,2026-06-01 14:00:00+01:00,1.1656370162963867,1.1644247067730051,1.1680616353431499,LOSS,-1,-9.158630363293366,906.7044059660432
EURUSD,SELL,2026-06-01 15:00:00+01:00,2026-06-01 16:00:00+01:00,2026-06-01 18:00:00+01:00,1.1621150970458984,1.163635514984565,1.1590742611685654,LOSS,-1,-9.067044059660432,897.6373619063827
EURUSD,SELL,2026-06-02 06:00:00+01:00,2026-06-02 07:00:00+01:00,2026-06-02 07:00:00+01:00,1.1641442775726318,1.1652384277813468,1.161955977155202,LOSS,-1,-8.976373619063827,888.6609882873189
EURUSD,BUY,2026-06-02 13:00:00+01:00,2026-06-02 14:00:00+01:00,2026-06-02 14:00:00+01:00,1.1655012369155884,1.164366702328141,1.1677703060904834,LOSS,-1,-8.88660988287319,879.7743784044457
EURUSD,SELL,2026-06-02 17:00:00+01:00,2026-06-02 18:00:00+01:00,2026-06-03 13:00:00+01:00,1.1633317470550537,1.1646188046637123,1.1607576318377366,WIN,2,17.595487568088913,897.3698659725346
EURUSD,SELL,2026-06-04 08:00:00+01:00,2026-06-04 09:00:00+01:00,2026-06-04 10:00:00+01:00,1.1607661247253418,1.161911771181128,1.1584748318137694,LOSS,-1,-8.973698659725347,888.3961673128093
EURUSD,SELL,2026-06-04 20:00:00+01:00,2026-06-04 21:00:00+01:00,2026-06-05 08:00:00+01:00,1.1615750789642334,1.1627385316795644,1.1592481735335716,LOSS,-1,-8.883961673128093,879.5122056396813
EURUSD,SELL,2026-06-08 04:00:00+01:00,2026-06-08 05:00:00+01:00,2026-06-08 14:00:00+01:00,1.1535356044769287,1.1552004418800565,1.150205929670673,LOSS,-1,-8.795122056396814,870.7170835832844
EURUSD,SELL,2026-06-08 17:00:00+01:00,2026-06-08 18:00:00+01:00,2026-06-09 10:00:00+01:00,1.154334545135498,1.1560468612217345,1.1509099129630251,LOSS,-1,-8.707170835832844,862.0099127474516
EURUSD,SELL,2026-06-09 17:00:00+01:00,2026-06-09 18:00:00+01:00,2026-06-10 08:00:00+01:00,1.1544678211212158,1.1561808437032168,1.1510417759572138,LOSS,-1,-8.620099127474516,853.3898136199771
EURUSD,SELL,2026-06-10 12:00:00+01:00,2026-06-10 13:00:00+01:00,2026-06-10 13:00:00+01:00,1.154068112373352,1.1554159462121398,1.1513724446957767,LOSS,-1,-8.53389813619977,844.8559154837773
EURUSD,SELL,2026-06-10 16:00:00+01:00,2026-06-10 17:00:00+01:00,2026-06-11 16:00:00+01:00,1.155401587486267,1.1571432828860708,1.1519181966866594,WIN,2,16.897118309675545,861.7530337934528
EURUSD,BUY,2026-06-11 21:00:00+01:00,2026-06-11 22:00:00+01:00,2026-06-17 19:00:00+01:00,1.158077597618103,1.1557979737246598,1.1626368454049896,LOSS,-1,-8.617530337934529,853.1355034555182
EURUSD,SELL,2026-06-18 03:00:00+01:00,2026-06-18 04:00:00+01:00,2026-06-18 10:00:00+01:00,1.1522064208984375,1.1541073116550717,1.148404639385169,WIN,2,17.062710069110366,870.1982135246286
EURUSD,SELL,2026-06-18 15:00:00+01:00,2026-06-18 16:00:00+01:00,2026-06-19 05:00:00+01:00,1.1490291357040405,1.1513086414176845,1.1444701242767525,WIN,2,17.403964270492573,887.6021777951212
EURUSD,SELL,2026-06-19 07:00:00+01:00,2026-06-19 08:00:00+01:00,2026-06-19 09:00:00+01:00,1.144688606262207,1.146490393294854,1.141085032196913,LOSS,-1,-8.876021777951212,878.72615601717
EURUSD,SELL,2026-06-19 14:00:00+01:00,2026-06-19 15:00:00+01:00,2026-06-19 19:00:00+01:00,1.1465259790420532,1.148301798636633,1.1429743398528933,LOSS,-1,-8.7872615601717,869.9388944569982
EURUSD,SELL,2026-06-19 22:00:00+01:00,2026-06-22 00:00:00+01:00,2026-06-22 14:00:00+01:00,1.1466574668884277,1.1481849914291278,1.1436024178070274,WIN,2,17.398777889139964,887.3376723461382
EURUSD,SELL,2026-06-23 22:00:00+01:00,2026-06-23 23:00:00+01:00,2026-06-24 08:00:00+01:00,1.1386927366256714,1.1400281767884806,1.1360218563000533,WIN,2,17.746753446922764,905.084425793061
EURUSD,SELL,2026-06-24 14:00:00+01:00,2026-06-24 15:00:00+01:00,2026-06-24 16:00:00+01:00,1.1346874237060547,1.1362649581966602,1.1315323547248437,LOSS,-1,-9.05084425793061,896.0335815351303
EURUSD,SELL,2026-06-25 07:00:00+01:00,2026-06-25 08:00:00+01:00,2026-06-25 09:00:00+01:00,1.1357183456420898,1.1371399102692998,1.1328752163876699,LOSS,-1,-8.960335815351304,887.073245719779
EURUSD,SELL,2026-06-25 11:00:00+01:00,2026-06-25 12:00:00+01:00,2026-06-25 13:00:00+01:00,1.1348161697387695,1.136400398701318,1.1316477118136727,LOSS,-1,-8.870732457197791,878.2025132625812
EURUSD,SELL,2026-06-26 00:00:00+01:00,2026-06-26 01:00:00+01:00,2026-06-26 06:00:00+01:00,1.1364928483963013,1.13810948749129,1.1332595702063237,LOSS,-1,-8.782025132625812,869.4204881299554
EURUSD,BUY,2026-06-30 15:00:00+01:00,2026-06-30 16:00:00+01:00,2026-06-30 17:00:00+01:00,1.1436413526535034,1.1417747977752968,1.147374462409917,LOSS,-1,-8.694204881299553,860.7262832486558
EURUSD,BUY,2026-06-30 20:00:00+01:00,2026-06-30 21:00:00+01:00,2026-07-01 01:00:00+01:00,1.142987847328186,1.1412580761075581,1.1464473897694418,LOSS,-1,-8.607262832486558,852.1190204161693
EURUSD,SELL,2026-07-01 12:00:00+01:00,2026-07-01 13:00:00+01:00,2026-07-01 14:00:00+01:00,1.1389521360397339,1.140433139310138,1.135990129498926,LOSS,-1,-8.521190204161693,843.5978302120076
EURUSD,BUY,2026-07-02 15:00:00+01:00,2026-07-02 16:00:00+01:00,2026-07-03 01:00:00+01:00,1.144688606262207,1.1423620628084143,1.1493416931697924,LOSS,-1,-8.435978302120075,835.1618519098876
EURUSD,SELL,2026-07-06 13:00:00+01:00,2026-07-06 14:00:00+01:00,2026-07-06 16:00:00+01:00,1.141422152519226,1.1426257341438362,1.1390149892700057,LOSS,-1,-8.351618519098876,826.8102333907887
EURUSD,BUY,2026-07-06 19:00:00+01:00,2026-07-06 20:00:00+01:00,2026-07-07 07:00:00+01:00,1.144426703453064,1.1431690531550838,1.1469420040490241,LOSS,-1,-8.268102333907887,818.5421310568807
EURUSD,BUY,2026-07-07 11:00:00+01:00,2026-07-07 12:00:00+01:00,2026-07-07 17:00:00+01:00,1.1436413526535034,1.1425578720269638,1.1458083139065829,LOSS,-1,-8.185421310568808,810.3567097463119
EURUSD,SELL,2026-07-07 19:00:00+01:00,2026-07-07 20:00:00+01:00,2026-07-08 08:00:00+01:00,1.1420739889144897,1.1433411783299348,1.1395396100835997,LOSS,-1,-8.10356709746312,802.2531426488488
EURUSD,SELL,2026-07-08 09:00:00+01:00,2026-07-08 10:00:00+01:00,2026-07-08 18:00:00+01:00,1.1411616802215576,1.1426054856518948,1.138274069360883,LOSS,-1,-8.022531426488488,794.2306112223603
EURUSD,BUY,2026-07-09 06:00:00+01:00,2026-07-09 07:00:00+01:00,2026-07-10 03:00:00+01:00,1.1437721252441406,1.1424641663414783,1.1463880430494655,WIN,2,15.884612224447206,810.1152234468075
EURUSD,BUY,2026-07-10 16:00:00+01:00,2026-07-10 17:00:00+01:00,2026-07-10 18:00:00+01:00,1.1440337896347046,1.1425750180484742,1.1469513328071654,LOSS,-1,-8.101152234468074,802.0140712123394
EURUSD,SELL,2026-07-10 20:00:00+01:00,2026-07-10 21:00:00+01:00,2026-07-13 02:00:00+01:00,1.1419435739517212,1.1433183742709543,1.139193973313255,WIN,2,16.04028142424679,818.0543526365863
EURUSD,SELL,2026-07-13 14:00:00+01:00,2026-07-13 15:00:00+01:00,2026-07-13 21:00:00+01:00,1.1418131589889526,1.1434839652753754,1.1384715464161073,WIN,2,16.361087052731726,834.415439689318
EURUSD,SELL,2026-07-14 11:00:00+01:00,2026-07-14 12:00:00+01:00,2026-07-14 12:00:00+01:00,1.1394712924957275,1.1408138434522583,1.1367861905826657,LOSS,-1,-8.34415439689318,826.0712852924248
EURUSD,BUY,2026-07-14 15:00:00+01:00,2026-07-14 16:00:00+01:00,2026-07-14 17:00:00+01:00,1.144819736480713,1.1428709948892524,1.1487172196636337,LOSS,-1,-8.260712852924248,817.8105724395006
EURUSD,BUY,2026-07-15 09:00:00+01:00,2026-07-15 10:00:00+01:00,2026-07-15 13:00:00+01:00,1.1427265405654907,1.1412739265568244,1.1456317685828235,LOSS,-1,-8.178105724395007,809.6324667151056
EURUSD,BUY,2026-07-15 19:00:00+01:00,2026-07-15 20:00:00+01:00,2026-07-16 13:00:00+01:00,1.1469204425811768,1.14514769602641,1.15046593569071,LOSS,-1,-8.096324667151055,801.5361420479545
EURUSD,BUY,2026-07-17 07:00:00+01:00,2026-07-17 08:00:00+01:00,2026-07-17 09:00:00+01:00,1.1453442573547363,1.1442018883949276,1.1476289952743537,LOSS,-1,-8.015361420479545,793.520780627475
EURUSD,SELL,2026-07-17 11:00:00+01:00,2026-07-17 12:00:00+01:00,2026-07-17 15:00:00+01:00,1.142987847328186,1.1442049784793662,1.140553585025826,LOSS,-1,-7.93520780627475,785.5855728212002
EURUSD,SELL,2026-07-20 00:00:00+01:00,2026-07-20 01:00:00+01:00,2026-07-20 03:00:00+01:00,1.142987847328186,1.144222273660624,1.1405189946633103,LOSS,-1,-7.855855728212003,777.7297170929883
EURUSD,SELL,2026-07-20 10:00:00+01:00,2026-07-20 11:00:00+01:00,2026-07-20 15:00:00+01:00,1.143379807472229,1.1445496589155686,1.14104010458555,WIN,2,15.554594341859765,793.2843114348481
EURUSD,SELL,2026-07-21 12:00:00+01:00,2026-07-21 13:00:00+01:00,2026-07-21 19:00:00+01:00,1.1423349380493164,1.1432556755078882,1.1404934631321726,WIN,2,15.865686228696962,809.149997663545
EURUSD,SELL,2026-07-21 22:00:00+01:00,2026-07-21 23:00:00+01:00,2026-07-22 07:00:00+01:00,1.140380859375,1.141359180077115,1.13842421797077,LOSS,-1,-8.09149997663545,801.0584976869096
EURUSD,SELL,2026-07-22 10:00:00+01:00,2026-07-22 11:00:00+01:00,2026-07-22 14:00:00+01:00,1.1407711505889893,1.141766015076988,1.138781421612992,LOSS,-1,-8.010584976869096,793.0479127100406
EURUSD,SELL,2026-07-22 22:00:00+01:00,2026-07-22 23:00:00+01:00,2026-07-23 02:00:00+01:00,1.141291856765747,1.1421664192284602,1.139542731840321,LOSS,-1,-7.930479127100406,785.1174335829402
EURUSD,BUY,2026-07-23 06:00:00+01:00,2026-07-23 07:00:00+01:00,2026-07-23 09:00:00+01:00,1.143379807472229,1.1424610873803644,1.1452172476559581,LOSS,-1,-7.851174335829402,777.2662592471107
EURUSD,SELL,2026-07-23 12:00:00+01:00,2026-07-23 13:00:00+01:00,2026-07-23 14:00:00+01:00,1.1397310495376587,1.140936325100143,1.1373204984126901,WIN,2,15.545325184942214,792.811584432053
EURUSD,SELL,2026-07-23 17:00:00+01:00,2026-07-23 18:00:00+01:00,2026-07-24 08:00:00+01:00,1.1383039951324463,1.1396812420674411,1.1355495012624568,LOSS,-1,-7.92811584432053,784.8834685877325
EURUSD,SELL,2026-07-24 09:00:00+01:00,2026-07-24 10:00:00+01:00,2026-07-27 00:00:00+01:00,1.1385631561279297,1.1397393771679398,1.1362107140479092,LOSS,-1,-7.848834685877326,777.0346339018552
EURUSD,BUY,2026-07-27 07:00:00+01:00,2026-07-27 08:00:00+01:00,2026-07-27 11:00:00+01:00,1.1411616802215576,1.1398523813348973,1.143780277994878,LOSS,-1,-7.770346339018552,769.2642875628366
EURUSD,SELL,2026-07-27 14:00:00+01:00,2026-07-27 15:00:00+01:00,2026-07-27 17:00:00+01:00,1.1373976469039917,1.1387990385068785,1.1345948636982182,LOSS,-1,-7.692642875628366,761.5716446872082
EURUSD,BUY,2026-07-29 05:00:00+01:00,2026-07-29 06:00:00+01:00,2026-07-29 07:00:00+01:00,1.1405109167099,1.139346832046243,1.1428390860372137,LOSS,-1,-7.6157164468720815,753.9559282403361
EURUSD,BUY,2026-07-30 01:00:00+01:00,2026-07-30 02:00:00+01:00,2026-07-30 08:00:00+01:00,1.1461317539215088,1.1439676092392117,1.150460043286103,LOSS,-1,-7.539559282403361,746.4163689579327
EURUSD,BUY,2026-07-30 15:00:00+01:00,2026-07-30 16:00:00+01:00,2026-07-31 14:00:00+01:00,1.150483250617981,1.1479596760014086,1.155530399851126,LOSS,-1,-7.464163689579327,738.9522052683534
EURUSD,BUY,2026-07-31 15:00:00+01:00,2026-07-31 16:00:00+01:00,2026-08-05 13:00:00+01:00,1.151012897491455,1.148556571218109,1.1559255500381476,WIN,2,14.779044105367069,753.7312493737205
EURUSD,BUY,2026-08-06 12:00:00+01:00,2026-08-06 13:00:00+01:00,2026-08-06 15:00:00+01:00,1.1547343730926514,1.153730528916897,1.1567420614441597,LOSS,-1,-7.537312493737205,746.1939368799833
EURUSD,BUY,2026-08-07 14:00:00+01:00,2026-08-07 15:00:00+01:00,2026-08-10 18:00:00+01:00,1.1560693979263306,1.1546615045103439,1.1588851847583037,LOSS,-1,-7.461939368799833,738.7319975111835
EURUSD,SELL,2026-08-12 18:00:00+01:00,2026-08-12 19:00:00+01:00,2026-08-13 10:00:00+01:00,1.1524720191955566,1.1537909594016558,1.1498341387833584,LOSS,-1,-7.3873199751118355,731.3446775360717
EURUSD,BUY,2026-08-14 06:00:00+01:00,2026-08-14 07:00:00+01:00,2026-08-14 12:00:00+01:00,1.1546010971069336,1.1536633044476796,1.1564766824254418,WIN,2,14.626893550721434,745.9715710867931
EURUSD,BUY,2026-08-14 17:00:00+01:00,2026-08-14 18:00:00+01:00,2026-08-17 07:00:00+01:00,1.1574074029922485,1.1561450255982608,1.159932157780224,WIN,2,14.919431421735863,760.891002508529
EURUSD,BUY,2026-08-17 10:00:00+01:00,2026-08-17 11:00:00+01:00,2026-08-17 16:00:00+01:00,1.1598236560821533,1.1585881407329353,1.1622946867805892,LOSS,-1,-7.60891002508529,753.2820924834438
EURUSD,BUY,2026-08-18 00:00:00+01:00,2026-08-18 01:00:00+01:00,2026-08-18 05:00:00+01:00,1.1586142778396606,1.157448149775295,1.1609465339683915,LOSS,-1,-7.5328209248344375,745.7492715586093
EURUSD,BUY,2026-08-18 10:00:00+01:00,2026-08-18 11:00:00+01:00,2026-08-19 09:00:00+01:00,1.1582117080688477,1.157168228909371,1.160298666387801,WIN,2,14.914985431172186,760.6642569897815
EURUSD,BUY,2026-08-20 12:00:00+01:00,2026-08-20 13:00:00+01:00,2026-08-20 17:00:00+01:00,1.1689070463180542,1.1673227064110867,1.1720757261319892,LOSS,-1,-7.606642569897815,753.0576144198837
EURUSD,BUY,2026-08-24 01:00:00+01:00,2026-08-24 02:00:00+01:00,2026-08-24 08:00:00+01:00,1.1689070463180542,1.167719610768624,1.1712819174169145,LOSS,-1,-7.530576144198838,745.527038275685
EURUSD,BUY,2026-08-25 21:00:00+01:00,2026-08-25 22:00:00+01:00,2026-08-25 22:00:00+01:00,1.1689070463180542,1.167916422117448,1.1708882947192665,LOSS,-1,-7.45527038275685,738.0717678929282
EURUSD,BUY,2026-08-26 09:00:00+01:00,2026-08-26 10:00:00+01:00,2026-08-26 11:00:00+01:00,1.1674060821533203,1.166503194312215,1.1692118578355308,LOSS,-1,-7.380717678929281,730.6910502139989
EURUSD,SELL,2026-08-28 10:00:00+01:00,2026-08-28 11:00:00+01:00,2026-08-28 11:00:00+01:00,1.1644154787063599,1.1651742634211033,1.162897909276873,LOSS,-1,-7.306910502139989,723.3841397118589
EURUSD,SELL,2026-08-31 01:00:00+01:00,2026-08-31 02:00:00+01:00,2026-08-31 09:00:00+01:00,1.1594202518463135,1.1607290657347704,1.1568026240693994,LOSS,-1,-7.233841397118589,716.1502983147403
EURUSD,SELL,2026-09-01 02:00:00+01:00,2026-09-01 03:00:00+01:00,2026-09-01 09:00:00+01:00,1.16130530834198,1.1623681154511523,1.1591796941236356,WIN,2,14.323005966294806,730.4733042810351
EURUSD,SELL,2026-09-02 08:00:00+01:00,2026-09-02 09:00:00+01:00,2026-09-02 14:00:00+01:00,1.1582117080688477,1.1593205341235133,1.1559940559595163,LOSS,-1,-7.304733042810351,723.1685712382248
EURUSD,SELL,2026-09-02 19:00:00+01:00,2026-09-02 20:00:00+01:00,2026-09-03 04:00:00+01:00,1.1588828563690186,1.1600835343193372,1.156481500468381,LOSS,-1,-7.231685712382248,715.9368855258425
EURUSD,BUY,2026-09-03 15:00:00+01:00,2026-09-03 16:00:00+01:00,2026-09-04 13:00:00+01:00,1.16225004196167,1.1608145194088537,1.1651210870673026,LOSS,-1,-7.159368855258426,708.7775166705841
EURUSD,BUY,2026-09-04 17:00:00+01:00,2026-09-04 18:00:00+01:00,2026-09-09 08:00:00+01:00,1.16225004196167,1.1607866963897135,1.165176733105583,WIN,2,14.175550333411682,722.9530670039958
EURUSD,BUY,2026-09-09 11:00:00+01:00,2026-09-09 12:00:00+01:00,2026-09-09 13:00:00+01:00,1.1633317470550537,1.1623066373431985,1.1653819664787644,WIN,2,14.459061340079916,737.4121283440757
EURUSD,BUY,2026-09-09 17:00:00+01:00,2026-09-09 18:00:00+01:00,2026-09-10 12:00:00+01:00,1.163873314857483,1.1624882450113736,1.1666434545497015,LOSS,-1,-7.374121283440757,730.0380070606349
EURUSD,SELL,2026-09-10 14:00:00+01:00,2026-09-10 15:00:00+01:00,2026-09-10 15:00:00+01:00,1.1617100238800049,1.1631695125680754,1.1587910465038638,LOSS,-1,-7.300380070606349,722.7376269900285
EURUSD,SELL,2026-09-10 17:00:00+01:00,2026-09-10 18:00:00+01:00,2026-09-11 13:00:00+01:00,1.16225004196167,1.163737083920706,1.159275958043598,WIN,2,14.45475253980057,737.192379529829
EURUSD,SELL,2026-09-11 16:00:00+01:00,2026-09-11 17:00:00+01:00,2026-09-14 04:00:00+01:00,1.1606314182281494,1.1620889785017496,1.157716297680949,WIN,2,14.743847590596582,751.9362271204257
EURUSD,SELL,2026-09-14 15:00:00+01:00,2026-09-14 16:00:00+01:00,2026-09-14 17:00:00+01:00,1.154068112373352,1.1556657305870095,1.150872875946037,LOSS,-1,-7.5193622712042565,744.4168648492214
EURUSD,SELL,2026-09-15 15:00:00+01:00,2026-09-15 16:00:00+01:00,2026-09-16 08:00:00+01:00,1.1546010971069336,1.1558068817996714,1.1521895277214582,LOSS,-1,-7.444168648492214,736.9726962007292
EURUSD,SELL,2026-09-16 09:00:00+01:00,2026-09-16 10:00:00+01:00,2026-09-16 19:00:00+01:00,1.154334545135498,1.1554080109862754,1.1521876134339435,WIN,2,14.739453924014583,751.7121501247437
EURUSD,SELL,2026-09-17 07:00:00+01:00,2026-09-17 08:00:00+01:00,2026-09-17 13:00:00+01:00,1.148369312286377,1.1498596361028857,1.1453886646533593,LOSS,-1,-7.517121501247438,744.1950286234963
EURUSD,SELL,2026-09-17 15:00:00+01:00,2026-09-17 16:00:00+01:00,2026-09-22 08:00:00+01:00,1.1488970518112183,1.1504381905458008,1.1458147743420535,WIN,2,14.883900572469926,759.0789291959662
EURUSD,SELL,2026-09-22 17:00:00+01:00,2026-09-22 18:00:00+01:00,2026-09-22 20:00:00+01:00,1.1439030170440674,1.14539244935031,1.140924152431582,LOSS,-1,-7.590789291959663,751.4881399040065
EURUSD,SELL,2026-09-23 11:00:00+01:00,2026-09-23 12:00:00+01:00,2026-09-23 14:00:00+01:00,1.1419435739517212,1.1431215033841131,1.1395877150869373,WIN,2,15.02976279808013,766.5179027020866
EURUSD,SELL,2026-09-23 18:00:00+01:00,2026-09-23 19:00:00+01:00,2026-09-25 17:00:00+01:00,1.1394712924957275,1.1412794328434641,1.1358550118002546,LOSS,-1,-7.665179027020867,758.8527236750658
