ACTIVO,TIPO,FECHA_SIGNAL,FECHA_ENTRADA,FECHA_SALIDA,ENTRY,STOP_LOSS,TAKE_PROFIT,RESULTADO,R,GANANCIA_PERDIDA,CAPITAL_DESPUES
GBPUSD,SELL,2024-10-08 15:00:00+01:00,2024-10-08 16:00:00+01:00,2024-10-10 14:00:00+01:00,1.3094146251678467,1.311551433610775,1.3051410082819899,WIN,2,20.0,1020.0
GBPUSD,SELL,2024-10-11 11:00:00+01:00,2024-10-11 12:00:00+01:00,2024-10-11 13:00:00+01:00,1.3061310052871704,1.307961060951569,1.3024708939583731,LOSS,-1,-10.200000000000001,1009.8
GBPUSD,SELL,2024-10-11 20:00:00+01:00,2024-10-11 21:00:00+01:00,2024-10-15 09:00:00+01:00,1.3065404891967773,1.308322317444298,1.3029768327017361,LOSS,-1,-10.097999999999999,999.702
GBPUSD,SELL,2024-10-16 10:00:00+01:00,2024-10-16 11:00:00+01:00,2024-10-18 07:00:00+01:00,1.301456332206726,1.3038149701678907,1.2967390562843968,LOSS,-1,-9.997020000000001,989.70498
GBPUSD,SELL,2024-10-21 15:00:00+01:00,2024-10-21 16:00:00+01:00,2024-10-22 13:00:00+01:00,1.3001872301101685,1.3020132540665943,1.2965351821973168,WIN,2,19.7940996,1009.4990796
GBPUSD,SELL,2024-10-23 07:00:00+01:00,2024-10-23 08:00:00+01:00,2024-10-23 09:00:00+01:00,1.2969160079956055,1.2986157684012527,1.2935164871843108,LOSS,-1,-10.094990796,999.4040888039999
GBPUSD,SELL,2024-10-23 10:00:00+01:00,2024-10-23 11:00:00+01:00,2024-10-23 16:00:00+01:00,1.2976058721542358,1.299404243766478,1.2940091289297517,WIN,2,19.988081776079998,1019.3921705800799
GBPUSD,SELL,2024-10-23 19:00:00+01:00,2024-10-23 20:00:00+01:00,2024-10-24 08:00:00+01:00,1.292306900024414,1.2944005587269825,1.2881195826192773,LOSS,-1,-10.193921705800799,1009.1982488742791
GBPUSD,SELL,2024-10-28 02:00:00+00:00,2024-10-28 03:00:00+00:00,2024-10-28 07:00:00+00:00,1.29531991481781,1.2967509653413039,1.2924578137708225,LOSS,-1,-10.091982488742792,999.1062663855363
GBPUSD,BUY,2024-10-29 14:00:00+00:00,2024-10-29 15:00:00+00:00,2024-10-30 10:00:00+00:00,1.2997479438781738,1.2979753003261931,1.3032932309821355,LOSS,-1,-9.991062663855363,989.1152037216809
GBPUSD,BUY,2024-10-30 13:00:00+00:00,2024-10-30 14:00:00+00:00,2024-10-30 19:00:00+00:00,1.2997310161590576,1.2971741384591102,1.3048447715589524,LOSS,-1,-9.89115203721681,979.2240516844641
GBPUSD,SELL,2024-10-30 21:00:00+00:00,2024-10-30 22:00:00+00:00,2024-10-31 07:00:00+00:00,1.2961426973342896,1.2988301737789005,1.2907677444450676,LOSS,-1,-9.792240516844641,969.4318111676195
GBPUSD,SELL,2024-10-31 13:00:00+00:00,2024-10-31 14:00:00+00:00,2024-10-31 15:00:00+00:00,1.2931926250457764,1.2962063753708004,1.287165124395728,WIN,2,19.38863622335239,988.8204473909718
GBPUSD,SELL,2024-10-31 18:00:00+00:00,2024-10-31 19:00:00+00:00,2024-11-01 11:00:00+00:00,1.2884937524795532,1.2920182420560957,1.2814447733264682,LOSS,-1,-9.888204473909719,978.9322429170621
GBPUSD,SELL,2024-11-01 18:00:00+00:00,2024-11-01 19:00:00+00:00,2024-11-04 00:00:00+00:00,1.292657732963562,1.2953645197254322,1.2872441594398218,LOSS,-1,-9.789322429170621,969.1429204878915
GBPUSD,BUY,2024-11-04 02:00:00+00:00,2024-11-04 03:00:00+00:00,2024-11-04 09:00:00+00:00,1.2984483242034912,1.2960273211881077,1.3032903302342582,LOSS,-1,-9.691429204878915,959.4514912830126
GBPUSD,BUY,2024-11-04 11:00:00+00:00,2024-11-04 12:00:00+00:00,2024-11-04 16:00:00+00:00,1.2974375486373901,1.2948948366930029,1.302522972526165,LOSS,-1,-9.594514912830126,949.8569763701825
GBPUSD,BUY,2024-11-05 07:00:00+00:00,2024-11-05 08:00:00+00:00,2024-11-05 14:00:00+00:00,1.2978922128677368,1.2960608323670992,1.301554973869012,WIN,2,18.99713952740365,968.8541158975861
GBPUSD,BUY,2024-11-05 15:00:00+00:00,2024-11-05 16:00:00+00:00,2024-11-05 23:00:00+00:00,1.30027174949646,1.2981680816701155,1.3044790851491488,WIN,2,19.37708231795172,988.2311982155378
GBPUSD,SELL,2024-11-06 05:00:00+00:00,2024-11-06 06:00:00+00:00,2024-11-07 05:00:00+00:00,1.2889422178268433,1.2929523252633228,1.280922002953884,LOSS,-1,-9.882311982155379,978.3488862333825
GBPUSD,SELL,2024-11-07 09:00:00+00:00,2024-11-07 10:00:00+00:00,2024-11-07 12:00:00+00:00,1.291122317314148,1.2939363397060895,1.2854942725302652,LOSS,-1,-9.783488862333824,968.5653973710487
GBPUSD,BUY,2024-11-07 16:00:00+00:00,2024-11-07 17:00:00+00:00,2024-11-08 08:00:00+00:00,1.2981956005096436,1.2950527108153538,1.304481379898223,LOSS,-1,-9.685653973710487,958.8797433973382
GBPUSD,BUY,2024-11-08 10:00:00+00:00,2024-11-08 11:00:00+00:00,2024-11-08 12:00:00+00:00,1.2963947057724,1.2941325737684573,1.3009189697802852,LOSS,-1,-9.588797433973381,949.2909459633648
GBPUSD,SELL,2024-11-08 18:00:00+00:00,2024-11-08 19:00:00+00:00,2024-11-12 02:00:00+00:00,1.2906389236450195,1.2933280496557,1.2852606716236585,WIN,2,18.9858189192673,968.2767648826322
GBPUSD,SELL,2024-11-13 01:00:00+00:00,2024-11-13 02:00:00+00:00,2024-11-13 14:00:00+00:00,1.2751848697662354,1.2773484315160932,1.2708577462665198,WIN,2,19.365535297652645,987.6423001802848
GBPUSD,SELL,2024-11-14 05:00:00+00:00,2024-11-14 06:00:00+00:00,2024-11-14 10:00:00+00:00,1.268777847290039,1.2708240891191236,1.26468536363187,WIN,2,19.752846003605697,1007.3951461838905
GBPUSD,SELL,2024-11-14 11:00:00+00:00,2024-11-14 12:00:00+00:00,2024-11-14 14:00:00+00:00,1.2657586336135864,1.2682101017996652,1.260855697241429,LOSS,-1,-10.073951461838904,997.3211947220516
GBPUSD,SELL,2024-11-14 18:00:00+00:00,2024-11-14 19:00:00+00:00,2024-11-15 14:00:00+00:00,1.2687618732452393,1.2715801813383736,1.2631252570589706,WIN,2,19.946423894441033,1017.2676186164927
GBPUSD,SELL,2024-11-19 10:00:00+00:00,2024-11-19 11:00:00+00:00,2024-11-19 15:00:00+00:00,1.2636314630508423,1.2660212922102299,1.2588518047320671,LOSS,-1,-10.172676186164926,1007.0949424303277
GBPUSD,SELL,2024-11-20 16:00:00+00:00,2024-11-20 17:00:00+00:00,2024-11-20 17:00:00+00:00,1.2637592554092407,1.2661582393594513,1.2589612875088196,LOSS,-1,-10.070949424303278,997.0239930060244
GBPUSD,SELL,2024-11-21 17:00:00+00:00,2024-11-21 18:00:00+00:00,2024-11-22 09:00:00+00:00,1.2600648403167725,1.2626646943771198,1.2548651321960778,WIN,2,19.940479860120487,1016.9644728661449
GBPUSD,SELL,2024-11-22 15:00:00+00:00,2024-11-22 16:00:00+00:00,2024-11-25 00:00:00+00:00,1.252787470817566,1.2556425960802173,1.2470772202922633,LOSS,-1,-10.16964472866145,1006.7948281374835
GBPUSD,SELL,2024-11-25 08:00:00+00:00,2024-11-25 09:00:00+00:00,2024-11-25 13:00:00+00:00,1.2561867237091064,1.2587504276605683,1.251059315806183,LOSS,-1,-10.067948281374836,996.7268798561087
GBPUSD,SELL,2024-11-25 15:00:00+00:00,2024-11-25 16:00:00+00:00,2024-11-26 10:00:00+00:00,1.255177617073059,1.2583720123118216,1.2487888265955343,LOSS,-1,-9.967268798561086,986.7596110575475
GBPUSD,SELL,2024-11-26 15:00:00+00:00,2024-11-26 16:00:00+00:00,2024-11-27 07:00:00+00:00,1.2563602924346924,1.2593058124138707,1.250469252476336,LOSS,-1,-9.867596110575475,976.892014946972
GBPUSD,BUY,2024-11-28 00:00:00+00:00,2024-11-28 01:00:00+00:00,2024-11-28 07:00:00+00:00,1.2670577764511108,1.264764861352775,1.2716436066477825,LOSS,-1,-9.76892014946972,967.1230947975023
GBPUSD,BUY,2024-11-28 17:00:00+00:00,2024-11-28 18:00:00+00:00,2024-11-29 06:00:00+00:00,1.2688262462615967,1.2670355086476073,1.2724077214895755,WIN,2,19.342461895950045,986.4655566934523
GBPUSD,BUY,2024-11-29 08:00:00+00:00,2024-11-29 09:00:00+00:00,2024-11-29 10:00:00+00:00,1.2705026865005493,1.2685894558463242,1.2743291478089993,LOSS,-1,-9.864655566934523,976.6009011265178
GBPUSD,BUY,2024-11-29 15:00:00+00:00,2024-11-29 16:00:00+00:00,2024-12-02 02:00:00+00:00,1.2708903551101685,1.268583225008853,1.2755046153127998,LOSS,-1,-9.766009011265178,966.8348921152526
GBPUSD,BUY,2024-12-02 06:00:00+00:00,2024-12-02 07:00:00+00:00,2024-12-02 07:00:00+00:00,1.2707126140594482,1.268462604782606,1.2752126326131328,LOSS,-1,-9.668348921152527,957.1665431941001
GBPUSD,BUY,2024-12-02 09:00:00+00:00,2024-12-02 10:00:00+00:00,2024-12-02 12:00:00+00:00,1.2704381942749023,1.2680879869776422,1.2751386088694225,LOSS,-1,-9.571665431941002,947.5948777621591
GBPUSD,SELL,2024-12-02 15:00:00+00:00,2024-12-02 16:00:00+00:00,2024-12-02 20:00:00+00:00,1.2628813982009888,1.2660116321611772,1.256620930280612,LOSS,-1,-9.475948777621591,938.1189289845374
GBPUSD,SELL,2024-12-03 12:00:00+00:00,2024-12-03 13:00:00+00:00,2024-12-03 13:00:00+00:00,1.264606237411499,1.2669578658225982,1.2599029805893005,LOSS,-1,-9.381189289845375,928.7377396946921
GBPUSD,SELL,2024-12-04 03:00:00+00:00,2024-12-04 04:00:00+00:00,2024-12-04 04:00:00+00:00,1.2654544115066528,1.2676260922705322,1.261111049978894,LOSS,-1,-9.28737739694692,919.4503622977452
GBPUSD,BUY,2024-12-04 05:00:00+00:00,2024-12-04 06:00:00+00:00,2024-12-04 09:00:00+00:00,1.2689228057861328,1.2665898574929115,1.2735887023725752,LOSS,-1,-9.194503622977452,910.2558586747678
GBPUSD,BUY,2024-12-04 11:00:00+00:00,2024-12-04 12:00:00+00:00,2024-12-05 08:00:00+00:00,1.2681987285614014,1.265375506732786,1.273845172218632,WIN,2,18.205117173495356,928.4609758482632
GBPUSD,BUY,2024-12-05 16:00:00+00:00,2024-12-05 17:00:00+00:00,2024-12-06 13:00:00+00:00,1.2755916118621826,1.2732001402768525,1.280374555032843,WIN,2,18.569219516965262,947.0301953652285
GBPUSD,BUY,2024-12-06 14:00:00+00:00,2024-12-06 15:00:00+00:00,2024-12-06 17:00:00+00:00,1.2752012014389038,1.2727905392567054,1.2800225258033004,LOSS,-1,-9.470301953652285,937.5598934115761
GBPUSD,BUY,2024-12-06 22:00:00+00:00,2024-12-09 00:00:00+00:00,2024-12-09 03:00:00+00:00,1.2746973037719727,1.2725131739256637,1.2790655634645907,LOSS,-1,-9.37559893411576,928.1842944774604
GBPUSD,BUY,2024-12-09 07:00:00+00:00,2024-12-09 08:00:00+00:00,2024-12-10 01:00:00+00:00,1.2764055728912354,1.2743053729259861,1.280605972821734,LOSS,-1,-9.281842944774604,918.9024515326859
GBPUSD,BUY,2024-12-10 05:00:00+00:00,2024-12-10 06:00:00+00:00,2024-12-10 15:00:00+00:00,1.2754288911819458,1.273683085014905,1.2789205035160274,LOSS,-1,-9.189024515326858,909.713427017359
GBPUSD,BUY,2024-12-10 16:00:00+00:00,2024-12-10 17:00:00+00:00,2024-12-11 07:00:00+00:00,1.275738000869751,1.2736250767947195,1.279963849019814,LOSS,-1,-9.09713427017359,900.6162927471854
GBPUSD,BUY,2024-12-12 01:00:00+00:00,2024-12-12 02:00:00+00:00,2024-12-12 10:00:00+00:00,1.276943564414978,1.2747052980105613,1.2814200972238112,LOSS,-1,-9.006162927471854,891.6101298197135
GBPUSD,SELL,2024-12-12 12:00:00+00:00,2024-12-12 13:00:00+00:00,2024-12-12 15:00:00+00:00,1.272799015045166,1.2747681989391906,1.268860647257117,WIN,2,17.83220259639427,909.4423324161078
GBPUSD,SELL,2024-12-12 16:00:00+00:00,2024-12-12 17:00:00+00:00,2024-12-13 07:00:00+00:00,1.2711163759231567,1.2739885902690087,1.2653719472314529,WIN,2,18.188846648322155,927.63117906443
GBPUSD,SELL,2024-12-13 09:00:00+00:00,2024-12-13 10:00:00+00:00,2024-12-13 12:00:00+00:00,1.26385498046875,1.2661342633440136,1.2592964147182228,LOSS,-1,-9.2763117906443,918.3548672737857
GBPUSD,SELL,2024-12-13 16:00:00+00:00,2024-12-13 17:00:00+00:00,2024-12-16 09:00:00+00:00,1.2625147104263306,1.2651108313065496,1.2573224686658928,LOSS,-1,-9.183548672737857,909.1713186010478
GBPUSD,BUY,2024-12-17 07:00:00+00:00,2024-12-17 08:00:00+00:00,2024-12-17 10:00:00+00:00,1.2701154947280884,1.2681636201173967,1.2740192439494717,LOSS,-1,-9.091713186010479,900.0796054150373
GBPUSD,BUY,2024-12-17 11:00:00+00:00,2024-12-17 12:00:00+00:00,2024-12-18 19:00:00+00:00,1.2700024843215942,1.2679409520242542,1.2741255489162746,LOSS,-1,-9.000796054150374,891.078809360887
GBPUSD,SELL,2024-12-19 00:00:00+00:00,2024-12-19 01:00:00+00:00,2024-12-19 08:00:00+00:00,1.2583839893341064,1.2616782178237314,1.2517955323548564,LOSS,-1,-8.91078809360887,882.1680212672782
GBPUSD,SELL,2024-12-19 11:00:00+00:00,2024-12-19 12:00:00+00:00,2024-12-19 16:00:00+00:00,1.2602077722549438,1.2631142621725606,1.2543947924197105,WIN,2,17.643360425345563,899.8113816926237
GBPUSD,SELL,2024-12-19 18:00:00+00:00,2024-12-19 19:00:00+00:00,2024-12-20 16:00:00+00:00,1.2529915571212769,1.2564793212853294,1.246016028793172,LOSS,-1,-8.998113816926237,890.8132678756975
GBPUSD,SELL,2024-12-23 07:00:00+00:00,2024-12-23 08:00:00+00:00,2024-12-23 09:00:00+00:00,1.2558395862579346,1.2581362437516344,1.2512462712705352,LOSS,-1,-8.908132678756976,881.9051351969406
GBPUSD,SELL,2024-12-23 10:00:00+00:00,2024-12-23 11:00:00+00:00,2024-12-24 14:00:00+00:00,1.254831075668335,1.2573020747102612,1.2498890775844824,LOSS,-1,-8.819051351969406,873.0860838449712
GBPUSD,SELL,2024-12-24 15:00:00+00:00,2024-12-24 16:00:00+00:00,2024-12-27 12:00:00+00:00,1.2540757656097412,1.2562193437192521,1.2497886093907191,LOSS,-1,-8.730860838449713,864.3552230065214
GBPUSD,BUY,2024-12-27 15:00:00+00:00,2024-12-27 16:00:00+00:00,2024-12-27 17:00:00+00:00,1.2580357789993286,1.2556572583610557,1.2627928202758745,LOSS,-1,-8.643552230065215,855.7116707764562
GBPUSD,BUY,2024-12-27 19:00:00+00:00,2024-12-27 20:00:00+00:00,2024-12-30 13:00:00+00:00,1.258130669593811,1.2557794604732464,1.2628330878349403,LOSS,-1,-8.557116707764562,847.1545540686917
GBPUSD,SELL,2024-12-31 00:00:00+00:00,2024-12-31 01:00:00+00:00,2025-01-02 08:00:00+00:00,1.2547681331634521,1.2571936789326847,1.2499170416249867,WIN,2,16.943091081373833,864.0976451500655
GBPUSD,SELL,2025-01-03 02:00:00+00:00,2025-01-03 03:00:00+00:00,2025-01-03 09:00:00+00:00,1.2391266822814941,1.2413021379056495,1.2347757710331835,LOSS,-1,-8.640976451500656,855.4566686985648
GBPUSD,SELL,2025-01-03 15:00:00+00:00,2025-01-03 16:00:00+00:00,2025-01-03 17:00:00+00:00,1.2403100728988647,1.242634405677826,1.2356614073409422,LOSS,-1,-8.554566686985648,846.9021020115792
GBPUSD,BUY,2025-01-06 14:00:00+00:00,2025-01-06 15:00:00+00:00,2025-01-07 20:00:00+00:00,1.2516114711761475,1.248254943793078,1.2583245259422862,LOSS,-1,-8.469021020115793,838.4330809914635
GBPUSD,SELL,2025-01-08 06:00:00+00:00,2025-01-08 07:00:00+00:00,2025-01-08 08:00:00+00:00,1.2488760948181152,1.2506839682465138,1.245260347961318,WIN,2,16.76866161982927,855.2017426112927
GBPUSD,SELL,2025-01-08 09:00:00+00:00,2025-01-08 10:00:00+00:00,2025-01-08 11:00:00+00:00,1.2450509071350098,1.2471292604590853,1.2408942004868586,WIN,2,17.104034852225855,872.3057774635186
GBPUSD,SELL,2025-01-08 16:00:00+00:00,2025-01-08 17:00:00+00:00,2025-01-09 07:00:00+00:00,1.2366137504577637,1.2404019143341214,1.2290374227050482,WIN,2,17.44611554927037,889.751893012789
GBPUSD,SELL,2025-01-09 10:00:00+00:00,2025-01-09 11:00:00+00:00,2025-01-09 13:00:00+00:00,1.2285163402557373,1.232011560868048,1.221525899031116,LOSS,-1,-8.89751893012789,880.854374082661
GBPUSD,SELL,2025-01-10 13:00:00+00:00,2025-01-10 14:00:00+00:00,2025-01-13 03:00:00+00:00,1.2231369018554688,1.226715163188534,1.2159803791893384,WIN,2,17.617087481653222,898.4714615643143
GBPUSD,SELL,2025-01-13 10:00:00+00:00,2025-01-13 11:00:00+00:00,2025-01-13 17:00:00+00:00,1.2134891748428345,1.2170733754588519,1.2063207736108,LOSS,-1,-8.984714615643142,889.4867469486711
GBPUSD,SELL,2025-01-13 19:00:00+00:00,2025-01-13 20:00:00+00:00,2025-01-13 21:00:00+00:00,1.2166930437088013,1.220134198270935,1.209810734584534,LOSS,-1,-8.89486746948671,880.5918794791844
GBPUSD,SELL,2025-01-14 09:00:00+00:00,2025-01-14 10:00:00+00:00,2025-01-14 16:00:00+00:00,1.2176412343978882,1.2210188115167295,1.2108860801602053,LOSS,-1,-8.805918794791845,871.7859606843925
GBPUSD,SELL,2025-01-16 12:00:00+00:00,2025-01-16 13:00:00+00:00,2025-01-16 15:00:00+00:00,1.2197948694229126,1.2224526881559998,1.2144792319567381,LOSS,-1,-8.717859606843925,863.0681010775486
GBPUSD,SELL,2025-01-17 08:00:00+00:00,2025-01-17 09:00:00+00:00,2025-01-17 11:00:00+00:00,1.2189769744873047,1.2215770977232392,1.2137767280154357,LOSS,-1,-8.630681010775486,854.4374200667731
GBPUSD,SELL,2025-01-20 08:00:00+00:00,2025-01-20 09:00:00+00:00,2025-01-20 13:00:00+00:00,1.21925950050354,1.2215046287011413,1.2147692441083375,LOSS,-1,-8.54437420066773,845.8930458661055
GBPUSD,BUY,2025-01-20 15:00:00+00:00,2025-01-20 16:00:00+00:00,2025-01-21 00:00:00+00:00,1.2291203737258911,1.2252479659551219,1.2368651892674296,LOSS,-1,-8.458930458661055,837.4341154074444
GBPUSD,BUY,2025-01-21 01:00:00+00:00,2025-01-21 02:00:00+00:00,2025-01-22 09:00:00+00:00,1.2275662422180176,1.2231220944409948,1.2364545377720628,WIN,2,16.74868230814889,854.1827977155933
GBPUSD,BUY,2025-01-23 10:00:00+00:00,2025-01-23 11:00:00+00:00,2025-01-23 17:00:00+00:00,1.2320126295089722,1.2299817925244056,1.2360743034781052,WIN,2,17.083655954311865,871.2664536699052
GBPUSD,BUY,2025-01-24 07:00:00+00:00,2025-01-24 08:00:00+00:00,2025-01-24 09:00:00+00:00,1.2387429475784302,1.2363063942787202,1.24361605417785,WIN,2,17.425329073398103,888.6917827433033
GBPUSD,BUY,2025-01-24 11:00:00+00:00,2025-01-24 12:00:00+00:00,2025-01-24 15:00:00+00:00,1.241418719291687,1.2386876498516555,1.24688085817175,WIN,2,17.773835654866065,906.4656183981693
GBPUSD,BUY,2025-01-27 00:00:00+00:00,2025-01-27 01:00:00+00:00,2025-01-27 08:00:00+00:00,1.2457488775253296,1.2430899976266854,1.251066637322618,LOSS,-1,-9.064656183981693,897.4009622141876
GBPUSD,BUY,2025-01-29 03:00:00+00:00,2025-01-29 04:00:00+00:00,2025-01-29 09:00:00+00:00,1.2449114322662354,1.2430047244174949,1.248724847963716,LOSS,-1,-8.974009622141876,888.4269525920457
GBPUSD,BUY,2025-01-29 23:00:00+00:00,2025-01-30 00:00:00+00:00,2025-01-30 10:00:00+00:00,1.2455006837844849,1.2429252482831756,1.2506515547871035,LOSS,-1,-8.884269525920457,879.5426830661253
GBPUSD,BUY,2025-01-30 13:00:00+00:00,2025-01-30 14:00:00+00:00,2025-01-30 17:00:00+00:00,1.247053861618042,1.2446133767648022,1.2519348313245215,LOSS,-1,-8.795426830661253,870.7472562354641
GBPUSD,BUY,2025-01-30 18:00:00+00:00,2025-01-30 19:00:00+00:00,2025-01-30 20:00:00+00:00,1.2455471754074097,1.2431654795228537,1.2503105671765218,LOSS,-1,-8.70747256235464,862.0397836731095
GBPUSD,SELL,2025-01-31 14:00:00+00:00,2025-01-31 15:00:00+00:00,2025-01-31 15:00:00+00:00,1.2393723726272583,1.2418161801883143,1.2344847575051465,LOSS,-1,-8.620397836731096,853.4193858363784
GBPUSD,SELL,2025-01-31 18:00:00+00:00,2025-01-31 19:00:00+00:00,2025-02-03 00:00:00+00:00,1.2395414113998413,1.2429890151491052,1.2326462039013135,WIN,2,17.068387716727567,870.487773553106
GBPUSD,SELL,2025-02-03 05:00:00+00:00,2025-02-03 06:00:00+00:00,2025-02-03 08:00:00+00:00,1.2277621030807495,1.231846743245265,1.2195928227517183,LOSS,-1,-8.70487773553106,861.7828958175749
GBPUSD,BUY,2025-02-04 00:00:00+00:00,2025-02-04 01:00:00+00:00,2025-02-05 08:00:00+00:00,1.2422822713851929,1.2380048056748627,1.2508372028058532,WIN,2,17.235657916351496,879.0185537339263
GBPUSD,BUY,2025-02-05 13:00:00+00:00,2025-02-05 14:00:00+00:00,2025-02-06 05:00:00+00:00,1.2515487670898438,1.2487864096847339,1.2570734819000633,LOSS,-1,-8.790185537339264,870.228368196587
GBPUSD,SELL,2025-02-06 15:00:00+00:00,2025-02-06 16:00:00+00:00,2025-02-06 18:00:00+00:00,1.2417116165161133,1.2448400354460598,1.2354547786562204,LOSS,-1,-8.70228368196587,861.5260845146211
GBPUSD,SELL,2025-02-07 00:00:00+00:00,2025-02-07 01:00:00+00:00,2025-02-07 08:00:00+00:00,1.242529273033142,1.2450605041273988,1.2374668108446287,LOSS,-1,-8.61526084514621,852.9108236694749
GBPUSD,SELL,2025-02-07 15:00:00+00:00,2025-02-07 16:00:00+00:00,2025-02-10 23:00:00+00:00,1.2419428825378418,1.2451439070530474,1.2355408335074305,WIN,2,17.0582164733895,869.9690401428644
GBPUSD,BUY,2025-02-12 04:00:00+00:00,2025-02-12 05:00:00+00:00,2025-02-12 13:00:00+00:00,1.2442299127578735,1.2422376827344728,1.2482143728046748,LOSS,-1,-8.699690401428644,861.2693497414358
GBPUSD,BUY,2025-02-12 15:00:00+00:00,2025-02-12 16:00:00+00:00,2025-02-13 06:00:00+00:00,1.243456244468689,1.240371150549966,1.2496264323061352,WIN,2,17.225386994828717,878.4947367362645
GBPUSD,BUY,2025-02-13 23:00:00+00:00,2025-02-14 00:00:00+00:00,2025-02-17 19:00:00+00:00,1.2566128969192505,1.2532772781121129,1.2632841345335257,WIN,2,17.569894734725292,896.0646314709898
GBPUSD,BUY,2025-02-18 07:00:00+00:00,2025-02-18 08:00:00+00:00,2025-02-18 10:00:00+00:00,1.2616863250732422,1.2599897070024206,1.2650795612148853,LOSS,-1,-8.960646314709898,887.1039851562798
GBPUSD,BUY,2025-02-18 14:00:00+00:00,2025-02-18 15:00:00+00:00,2025-02-19 10:00:00+00:00,1.2611136436462402,1.2591895030550262,1.2649619248286685,LOSS,-1,-8.871039851562799,878.232945304717
GBPUSD,BUY,2025-02-20 10:00:00+00:00,2025-02-20 11:00:00+00:00,2025-02-20 12:00:00+00:00,1.2616863250732422,1.260007404705079,1.2650441658095684,LOSS,-1,-8.78232945304717,869.4506158516698
GBPUSD,BUY,2025-02-21 00:00:00+00:00,2025-02-21 01:00:00+00:00,2025-02-21 12:00:00+00:00,1.265854835510254,1.2639027809885255,1.269758944553711,LOSS,-1,-8.694506158516699,860.7561096931531
GBPUSD,BUY,2025-02-21 14:00:00+00:00,2025-02-21 15:00:00+00:00,2025-02-21 15:00:00+00:00,1.2657266855239868,1.2637101420637584,1.2697597724444438,LOSS,-1,-8.607561096931532,852.1485485962216
GBPUSD,BUY,2025-02-24 00:00:00+00:00,2025-02-24 01:00:00+00:00,2025-02-24 07:00:00+00:00,1.2665764093399048,1.264442451281733,1.2708443254562485,LOSS,-1,-8.521485485962216,843.6270631102594
GBPUSD,BUY,2025-02-25 13:00:00+00:00,2025-02-25 14:00:00+00:00,2025-02-25 16:00:00+00:00,1.2672826051712036,1.265089994582904,1.271667826347803,LOSS,-1,-8.436270631102595,835.1907924791568
GBPUSD,BUY,2025-02-26 09:00:00+00:00,2025-02-26 10:00:00+00:00,2025-02-26 15:00:00+00:00,1.2654223442077637,1.2635683941606515,1.269130244301988,WIN,2,16.703815849583137,851.89460832874
GBPUSD,BUY,2025-02-27 06:00:00+00:00,2025-02-27 07:00:00+00:00,2025-02-27 13:00:00+00:00,1.2661594152450562,1.2643103168593883,1.269857612016392,LOSS,-1,-8.5189460832874,843.3756622454526
GBPUSD,SELL,2025-02-27 19:00:00+00:00,2025-02-27 20:00:00+00:00,2025-03-03 10:00:00+00:00,1.2609386444091797,1.2634618300626104,1.2558922731023185,LOSS,-1,-8.433756622454526,834.9419056229981
GBPUSD,BUY,2025-03-03 19:00:00+00:00,2025-03-03 20:00:00+00:00,2025-03-04 09:00:00+00:00,1.268777847290039,1.266258309328029,1.273816923214059,WIN,2,16.698838112459963,851.640743735458
GBPUSD,BUY,2025-03-04 13:00:00+00:00,2025-03-04 14:00:00+00:00,2025-03-04 19:00:00+00:00,1.2720541954040527,1.2691939634931961,1.2777746592257662,WIN,2,17.03281487470916,868.6735586101672
GBPUSD,BUY,2025-03-05 01:00:00+00:00,2025-03-05 02:00:00+00:00,2025-03-05 08:00:00+00:00,1.2778246402740479,1.275263550324345,1.2829468201734537,WIN,2,17.373471172203345,886.0470297823706
GBPUSD,BUY,2025-03-05 11:00:00+00:00,2025-03-05 12:00:00+00:00,2025-03-05 17:00:00+00:00,1.2826926708221436,1.2800206504900549,1.288036711486321,WIN,2,17.720940595647413,903.767970378018
GBPUSD,BUY,2025-03-06 03:00:00+00:00,2025-03-06 04:00:00+00:00,2025-03-07 09:00:00+00:00,1.2886930704116821,1.2862977415268246,1.2934837281813971,WIN,2,18.075359407560363,921.8433297855784
GBPUSD,BUY,2025-03-07 10:00:00+00:00,2025-03-07 11:00:00+00:00,2025-03-10 07:00:00+00:00,1.2918227910995483,1.2893024936744617,1.2968633859497216,LOSS,-1,-9.218433297855784,912.6248964877226
GBPUSD,BUY,2025-03-10 09:00:00+00:00,2025-03-10 10:00:00+00:00,2025-03-10 17:00:00+00:00,1.2910054922103882,1.2884106007658183,1.2961952750995283,LOSS,-1,-9.126248964877226,903.4986475228453
GBPUSD,BUY,2025-03-11 08:00:00+00:00,2025-03-11 09:00:00+00:00,2025-03-12 12:00:00+00:00,1.2930755615234375,1.2905026070466659,1.298221470476981,WIN,2,18.069972950456908,921.5686204733022
GBPUSD,BUY,2025-03-13 09:00:00+00:00,2025-03-13 10:00:00+00:00,2025-03-13 11:00:00+00:00,1.2960586547851562,1.294116600401117,1.2999427635532348,LOSS,-1,-9.215686204733021,912.3529342685691
GBPUSD,BUY,2025-03-13 14:00:00+00:00,2025-03-13 15:00:00+00:00,2025-03-14 07:00:00+00:00,1.295823574066162,1.293371838815535,1.300727044567416,LOSS,-1,-9.123529342685691,903.2294049258834
GBPUSD,BUY,2025-03-17 10:00:00+00:00,2025-03-17 11:00:00+00:00,2025-03-18 12:00:00+00:00,1.2972356081008911,1.2954553093623824,1.3007962055779083,LOSS,-1,-9.032294049258834,894.1971108766246
GBPUSD,BUY,2025-03-18 15:00:00+00:00,2025-03-18 16:00:00+00:00,2025-03-19 07:00:00+00:00,1.298296570777893,1.2961033832848177,1.3026829457640439,LOSS,-1,-8.941971108766246,885.2551397678584
GBPUSD,BUY,2025-03-19 18:00:00+00:00,2025-03-19 19:00:00+00:00,2025-03-19 19:00:00+00:00,1.3006099462509155,1.2983929047723097,1.3050440292081273,LOSS,-1,-8.852551397678583,876.4025883701798
GBPUSD,SELL,2025-03-21 04:00:00+00:00,2025-03-21 05:00:00+00:00,2025-03-21 15:00:00+00:00,1.2939121723175049,1.2956444872106798,1.290447542531155,WIN,2,17.528051767403596,893.9306401375834
GBPUSD,SELL,2025-03-21 16:00:00+00:00,2025-03-21 17:00:00+00:00,2025-03-24 06:00:00+00:00,1.2920230627059937,1.294358682606331,1.287351822905319,LOSS,-1,-8.939306401375834,884.9913337362076
GBPUSD,SELL,2025-03-24 13:00:00+00:00,2025-03-24 14:00:00+00:00,2025-03-24 14:00:00+00:00,1.2915390729904175,1.2938952658924725,1.2868266871863074,LOSS,-1,-8.849913337362077,876.1414203988455
GBPUSD,BUY,2025-03-25 16:00:00+00:00,2025-03-25 17:00:00+00:00,2025-03-26 00:00:00+00:00,1.2958402633666992,1.2937914787881226,1.2999378325238524,LOSS,-1,-8.761414203988455,867.3800061948571
GBPUSD,BUY,2025-03-26 01:00:00+00:00,2025-03-26 02:00:00+00:00,2025-03-26 07:00:00+00:00,1.2944481372833252,1.292689115464432,1.2979661809211114,LOSS,-1,-8.67380006194857,858.7062061329085
GBPUSD,SELL,2025-03-26 14:00:00+00:00,2025-03-26 15:00:00+00:00,2025-03-27 04:00:00+00:00,1.2898732423782349,1.2922168345604605,1.2851860580137835,LOSS,-1,-8.587062061329085,850.1191440715794
GBPUSD,BUY,2025-03-27 14:00:00+00:00,2025-03-27 15:00:00+00:00,2025-03-28 11:00:00+00:00,1.294732928276062,1.292288190000934,1.2996224048263183,LOSS,-1,-8.501191440715795,841.6179526308636
GBPUSD,BUY,2025-03-28 12:00:00+00:00,2025-03-28 13:00:00+00:00,2025-03-31 11:00:00+01:00,1.294247031211853,1.2921274505837965,1.298486192467966,LOSS,-1,-8.416179526308635,833.201773104555
GBPUSD,BUY,2025-03-31 12:00:00+01:00,2025-03-31 13:00:00+01:00,2025-03-31 14:00:00+01:00,1.2953871488571167,1.2931256094421972,1.2999102276869556,LOSS,-1,-8.33201773104555,824.8697553735094
GBPUSD,SELL,2025-03-31 16:00:00+01:00,2025-03-31 17:00:00+01:00,2025-03-31 20:00:00+01:00,1.2892411947250366,1.2918546175908694,1.284014348993371,LOSS,-1,-8.248697553735095,816.6210578197744
GBPUSD,SELL,2025-04-01 06:00:00+01:00,2025-04-01 07:00:00+01:00,2025-04-01 14:00:00+01:00,1.2919563055038452,1.2938591266943098,1.288150663122916,WIN,2,16.332421156395487,832.9534789761699
GBPUSD,SELL,2025-04-01 19:00:00+01:00,2025-04-01 20:00:00+01:00,2025-04-02 10:00:00+01:00,1.2910054922103882,1.2933275236243924,1.2863614293823795,LOSS,-1,-8.329534789761698,824.6239441864082
GBPUSD,BUY,2025-04-02 12:00:00+01:00,2025-04-02 13:00:00+01:00,2025-04-02 21:00:00+01:00,1.294967770576477,1.2930362430139721,1.2988308257014867,WIN,2,16.492478883728165,841.1164230701363
GBPUSD,BUY,2025-04-03 16:00:00+01:00,2025-04-03 17:00:00+01:00,2025-04-04 07:00:00+01:00,1.310994029045105,1.306176568958482,1.320628949218351,LOSS,-1,-8.411164230701363,832.7052588394349
GBPUSD,SELL,2025-04-04 21:00:00+01:00,2025-04-04 22:00:00+01:00,2025-04-07 14:00:00+01:00,1.2900229692459106,1.2952823577029633,1.2795041923318053,WIN,2,16.654105176788697,849.3593640162236
GBPUSD,SELL,2025-04-07 18:00:00+01:00,2025-04-07 19:00:00+01:00,2025-04-09 02:00:00+01:00,1.2766011953353882,1.2823478789057,1.2651078281947647,LOSS,-1,-8.493593640162237,840.8657703760614
GBPUSD,SELL,2025-04-09 08:00:00+01:00,2025-04-09 09:00:00+01:00,2025-04-10 01:00:00+01:00,1.280032753944397,1.284389681775042,1.271318898283107,LOSS,-1,-8.408657703760614,832.4571126723008
GBPUSD,BUY,2025-04-10 10:00:00+01:00,2025-04-10 11:00:00+01:00,2025-04-10 16:00:00+01:00,1.2887262105941772,1.2847618255541642,1.2966549806742034,WIN,2,16.649142253446016,849.1062549257468
GBPUSD,BUY,2025-04-10 22:00:00+01:00,2025-04-10 23:00:00+01:00,2025-04-11 08:00:00+01:00,1.2968990802764893,1.2924351350698438,1.3058269706897805,WIN,2,16.98212509851494,866.0883800242618
GBPUSD,BUY,2025-04-11 11:00:00+01:00,2025-04-11 12:00:00+01:00,2025-04-14 11:00:00+01:00,1.307497262954712,1.3016860856405281,1.3191196175830795,WIN,2,17.321767600485238,883.4101476247471
GBPUSD,BUY,2025-04-14 12:00:00+01:00,2025-04-14 13:00:00+01:00,2025-04-14 14:00:00+01:00,1.3175404071807861,1.313397693065941,1.3258258354104766,LOSS,-1,-8.83410147624747,874.5760461484996
GBPUSD,BUY,2025-04-15 12:00:00+01:00,2025-04-15 13:00:00+01:00,2025-04-18 21:00:00+01:00,1.3234690427780151,1.3203781565478707,1.329650815238304,WIN,2,17.491520922969993,892.0675670714696
GBPUSD,BUY,2025-04-21 11:00:00+01:00,2025-04-21 12:00:00+01:00,2025-04-21 18:00:00+01:00,1.3391542434692383,1.3366001627405564,1.3442624049266019,LOSS,-1,-8.920675670714697,883.146891400755
GBPUSD,BUY,2025-04-22 07:00:00+01:00,2025-04-22 08:00:00+01:00,2025-04-22 10:00:00+01:00,1.339172124862671,1.336718302291931,1.344079770004151,LOSS,-1,-8.83146891400755,874.3154224867474
GBPUSD,BUY,2025-04-22 12:00:00+01:00,2025-04-22 13:00:00+01:00,2025-04-22 17:00:00+01:00,1.3379895687103271,1.3353694350795815,1.3432298359718182,LOSS,-1,-8.743154224867475,865.5722682618799
GBPUSD,BUY,2025-04-24 20:00:00+01:00,2025-04-24 21:00:00+01:00,2025-04-25 01:00:00+01:00,1.3336889743804932,1.3310126004630978,1.3390417222152842,LOSS,-1,-8.6557226826188,856.9165455792611
GBPUSD,BUY,2025-04-25 13:00:00+01:00,2025-04-25 14:00:00+01:00,2025-04-28 00:00:00+01:00,1.3323739767074585,1.329834006484026,1.3374539171543236,LOSS,-1,-8.56916545579261,848.3473801234685
GBPUSD,BUY,2025-04-28 09:00:00+01:00,2025-04-28 10:00:00+01:00,2025-04-28 15:00:00+01:00,1.3331022262573242,1.3305590146760222,1.3381886494199284,WIN,2,16.96694760246937,865.3143277259379
GBPUSD,BUY,2025-04-29 01:00:00+01:00,2025-04-29 02:00:00+01:00,2025-04-29 05:00:00+01:00,1.3426424264907837,1.340260682261799,1.347405914948753,LOSS,-1,-8.65314327725938,856.6611844486786
GBPUSD,BUY,2025-04-29 13:00:00+01:00,2025-04-29 14:00:00+01:00,2025-04-30 04:00:00+01:00,1.3409318923950195,1.3384099485385001,1.3459757801080583,LOSS,-1,-8.566611844486786,848.0945726041917
GBPUSD,BUY,2025-04-30 06:00:00+01:00,2025-04-30 07:00:00+01:00,2025-04-30 09:00:00+01:00,1.339674472808838,1.3375558192441817,1.3439117799381504,LOSS,-1,-8.480945726041918,839.6136268781498
GBPUSD,SELL,2025-05-01 00:00:00+01:00,2025-05-01 01:00:00+01:00,2025-05-01 16:00:00+01:00,1.3321255445480347,1.3344913205784426,1.327393992487219,WIN,2,16.792272537562997,856.4058994157128
GBPUSD,SELL,2025-05-02 08:00:00+01:00,2025-05-02 09:00:00+01:00,2025-05-02 14:00:00+01:00,1.329681158065796,1.3320613706173725,1.3249207329626425,LOSS,-1,-8.56405899415713,847.8418404215557
GBPUSD,SELL,2025-05-02 16:00:00+01:00,2025-05-02 17:00:00+01:00,2025-05-05 12:00:00+01:00,1.3280917406082153,1.3313114724544086,1.3216522769158288,LOSS,-1,-8.478418404215557,839.3634220173402
GBPUSD,SELL,2025-05-05 16:00:00+01:00,2025-05-05 17:00:00+01:00,2025-05-06 08:00:00+01:00,1.3281093835830688,1.3307874351087023,1.3227532805318019,LOSS,-1,-8.393634220173402,830.9697877971668
GBPUSD,BUY,2025-05-06 10:00:00+01:00,2025-05-06 11:00:00+01:00,2025-05-06 12:00:00+01:00,1.3316643238067627,1.3292951195238283,1.3364027323726313,WIN,2,16.619395755943337,847.58918355311
GBPUSD,BUY,2025-05-06 15:00:00+01:00,2025-05-06 16:00:00+01:00,2025-05-07 01:00:00+01:00,1.3372023105621338,1.3342246557235278,1.3431576202393456,LOSS,-1,-8.475891835531101,839.1132917175789
GBPUSD,BUY,2025-05-07 06:00:00+01:00,2025-05-07 07:00:00+01:00,2025-05-07 10:00:00+01:00,1.3362016677856445,1.3334042269423767,1.3417965494721804,LOSS,-1,-8.39113291717579,830.7221588004031
GBPUSD,BUY,2025-05-07 11:00:00+01:00,2025-05-07 12:00:00+01:00,2025-05-07 19:00:00+01:00,1.3345789909362793,1.3318615693505202,1.3400138341077972,LOSS,-1,-8.307221588004031,822.4149372123991
GBPUSD,SELL,2025-05-07 23:00:00+01:00,2025-05-08 00:00:00+01:00,2025-05-08 02:00:00+01:00,1.3288153409957886,1.3317316576894422,1.3229827076084812,LOSS,-1,-8.22414937212399,814.1907878402751
GBPUSD,SELL,2025-05-08 07:00:00+01:00,2025-05-08 08:00:00+01:00,2025-05-08 12:00:00+01:00,1.328250527381897,1.3315225284714327,1.3217065252028255,LOSS,-1,-8.141907878402751,806.0488799618723
GBPUSD,SELL,2025-05-08 15:00:00+01:00,2025-05-08 16:00:00+01:00,2025-05-09 01:00:00+01:00,1.3307604789733887,1.3347286689478195,1.322824099024527,WIN,2,16.120977599237445,822.1698575611098
GBPUSD,SELL,2025-05-12 00:00:00+01:00,2025-05-12 01:00:00+01:00,2025-05-12 08:00:00+01:00,1.3288682699203491,1.3312853603666541,1.324034089027739,WIN,2,16.443397151222197,838.6132547123319
GBPUSD,SELL,2025-05-12 09:00:00+01:00,2025-05-12 10:00:00+01:00,2025-05-13 13:00:00+01:00,1.319400429725647,1.3229986047180111,1.3122040797409185,LOSS,-1,-8.386132547123319,830.2271221652086
GBPUSD,BUY,2025-05-14 02:00:00+01:00,2025-05-14 03:00:00+01:00,2025-05-14 09:00:00+01:00,1.3308314085006714,1.3286204320587227,1.3352533613845687,WIN,2,16.604542443304172,846.8316646085127
GBPUSD,BUY,2025-05-14 12:00:00+01:00,2025-05-14 13:00:00+01:00,2025-05-14 15:00:00+01:00,1.3334755897521973,1.331016357317466,1.3383940546216595,LOSS,-1,-8.468316646085126,838.3633479624276
GBPUSD,BUY,2025-05-15 07:00:00+01:00,2025-05-15 08:00:00+01:00,2025-05-15 08:00:00+01:00,1.3304418325424194,1.328170257624944,1.3349849823773705,LOSS,-1,-8.383633479624276,829.9797144828034
GBPUSD,BUY,2025-05-15 09:00:00+01:00,2025-05-15 10:00:00+01:00,2025-05-16 15:00:00+01:00,1.3287447690963745,1.3261238513505085,1.3339866045881066,LOSS,-1,-8.299797144828034,821.6799173379753
GBPUSD,SELL,2025-05-16 17:00:00+01:00,2025-05-16 18:00:00+01:00,2025-05-19 00:00:00+01:00,1.3271400928497314,1.3295721122788031,1.3222760539915883,LOSS,-1,-8.216799173379753,813.4631181645956
GBPUSD,BUY,2025-05-19 02:00:00+01:00,2025-05-19 03:00:00+01:00,2025-05-19 08:00:00+01:00,1.3294159173965454,1.3272669012077392,1.333713949774158,WIN,2,16.26926236329191,829.7323805278875
GBPUSD,BUY,2025-05-19 13:00:00+01:00,2025-05-19 14:00:00+01:00,2025-05-19 22:00:00+01:00,1.3370771408081055,1.3345093503086674,1.3422127218069817,LOSS,-1,-8.297323805278875,821.4350567226086
GBPUSD,BUY,2025-05-20 14:00:00+01:00,2025-05-20 15:00:00+01:00,2025-05-21 03:00:00+01:00,1.3362374305725098,1.3337640918646214,1.3411841079882865,WIN,2,16.428701134452172,837.8637578570607
GBPUSD,BUY,2025-05-21 08:00:00+01:00,2025-05-21 09:00:00+01:00,2025-05-21 10:00:00+01:00,1.3415075540542603,1.339095605615558,1.3463314509316646,LOSS,-1,-8.378637578570608,829.4851202784901
GBPUSD,BUY,2025-05-22 00:00:00+01:00,2025-05-22 01:00:00+01:00,2025-05-22 10:00:00+01:00,1.342209815979004,1.3397098860107592,1.347209675915493,LOSS,-1,-8.294851202784901,821.1902690757051
GBPUSD,BUY,2025-05-22 12:00:00+01:00,2025-05-22 13:00:00+01:00,2025-05-23 08:00:00+01:00,1.342011570930481,1.3395451306541595,1.3469444514831241,WIN,2,16.423805381514104,837.6140744572192
GBPUSD,BUY,2025-05-23 14:00:00+01:00,2025-05-23 15:00:00+01:00,2025-05-26 00:00:00+01:00,1.3481813669204712,1.3451960636270288,1.3541519735073562,WIN,2,16.752281489144384,854.3663559463636
GBPUSD,BUY,2025-05-26 07:00:00+01:00,2025-05-26 08:00:00+01:00,2025-05-27 06:00:00+01:00,1.357478380203247,1.3550423965407303,1.3623503475282808,LOSS,-1,-8.543663559463637,845.8226923868999
GBPUSD,BUY,2025-05-27 13:00:00+01:00,2025-05-27 14:00:00+01:00,2025-05-27 15:00:00+01:00,1.3561712503433228,1.3540482867152497,1.360417177599469,LOSS,-1,-8.458226923868999,837.3644654630309
GBPUSD,SELL,2025-05-29 02:00:00+01:00,2025-05-29 03:00:00+01:00,2025-05-29 09:00:00+01:00,1.3445920944213867,1.3470762426201521,1.339623798023856,LOSS,-1,-8.37364465463031,828.9908208084006
GBPUSD,BUY,2025-05-30 01:00:00+01:00,2025-05-30 02:00:00+01:00,2025-05-30 03:00:00+01:00,1.3499284982681274,1.34771531826734,1.3543548582697025,LOSS,-1,-8.289908208084006,820.7009126003165
GBPUSD,SELL,2025-05-30 14:00:00+01:00,2025-05-30 15:00:00+01:00,2025-05-30 15:00:00+01:00,1.3452612161636353,1.3478026308313547,1.3401783868281965,LOSS,-1,-8.207009126003166,812.4939034743134
GBPUSD,SELL,2025-05-30 17:00:00+01:00,2025-05-30 18:00:00+01:00,2025-06-02 01:00:00+01:00,1.346203088760376,1.3489605244331322,1.3406882174148635,LOSS,-1,-8.124939034743134,804.3689644395703
GBPUSD,BUY,2025-06-02 07:00:00+01:00,2025-06-02 08:00:00+01:00,2025-06-03 12:00:00+01:00,1.3530151844024658,1.3505217523046824,1.3580020485980326,LOSS,-1,-8.043689644395704,796.3252747951746
GBPUSD,BUY,2025-06-03 15:00:00+01:00,2025-06-03 16:00:00+01:00,2025-06-04 06:00:00+01:00,1.3528870344161987,1.3504800180418806,1.3577010671648353,LOSS,-1,-7.963252747951746,788.3620220472228
GBPUSD,BUY,2025-06-04 07:00:00+01:00,2025-06-04 08:00:00+01:00,2025-06-04 15:00:00+01:00,1.3527040481567383,1.3505526806251549,1.357006783219905,WIN,2,15.767240440944457,804.1292624881672
GBPUSD,BUY,2025-06-05 07:00:00+01:00,2025-06-05 08:00:00+01:00,2025-06-05 13:00:00+01:00,1.3546648025512695,1.35274151086023,1.3585113859333482,WIN,2,16.082585249763344,820.2118477379306
GBPUSD,BUY,2025-06-05 15:00:00+01:00,2025-06-05 16:00:00+01:00,2025-06-06 06:00:00+01:00,1.3590834140777588,1.3565701671017503,1.364109908029776,LOSS,-1,-8.202118477379306,812.0097292605514
GBPUSD,BUY,2025-06-09 09:00:00+01:00,2025-06-09 10:00:00+01:00,2025-06-09 13:00:00+01:00,1.3574230670928955,1.3555285409028281,1.3612121194730302,LOSS,-1,-8.120097292605514,803.8896319679459
GBPUSD,BUY,2025-06-09 16:00:00+01:00,2025-06-09 17:00:00+01:00,2025-06-10 02:00:00+01:00,1.3561160564422607,1.353994033287253,1.360360102752276,LOSS,-1,-8.03889631967946,795.8507356482664
GBPUSD,SELL,2025-06-10 09:00:00+01:00,2025-06-10 10:00:00+01:00,2025-06-10 13:00:00+01:00,1.3484721183776855,1.3510957395632612,1.3432248760065342,LOSS,-1,-7.958507356482665,787.8922282917838
GBPUSD,SELL,2025-06-10 15:00:00+01:00,2025-06-10 16:00:00+01:00,2025-06-11 13:00:00+01:00,1.351387858390808,1.354022455913725,1.3461186633449742,LOSS,-1,-7.878922282917838,780.0133060088659
GBPUSD,BUY,2025-06-11 19:00:00+01:00,2025-06-11 20:00:00+01:00,2025-06-12 13:00:00+01:00,1.3549033403396606,1.3521538129649957,1.3604023950889905,WIN,2,15.600266120177318,795.6135721290433
GBPUSD,SELL,2025-06-13 13:00:00+01:00,2025-06-13 14:00:00+01:00,2025-06-13 15:00:00+01:00,1.3535462617874146,1.3566749829813252,1.3472888193995933,LOSS,-1,-7.956135721290433,787.6574364077528
GBPUSD,BUY,2025-06-13 16:00:00+01:00,2025-06-13 17:00:00+01:00,2025-06-13 20:00:00+01:00,1.359342098236084,1.3560009099323918,1.3660244748434682,LOSS,-1,-7.876574364077528,779.7808620436753
GBPUSD,BUY,2025-06-13 22:00:00+01:00,2025-06-16 00:00:00+01:00,2025-06-16 15:00:00+01:00,1.3557851314544678,1.352868543243841,1.3616183078757216,WIN,2,15.595617240873505,795.3764792845487
GBPUSD,SELL,2025-06-17 10:00:00+01:00,2025-06-17 11:00:00+01:00,2025-06-17 12:00:00+01:00,1.354628086090088,1.3567457698654357,1.3503927185393922,LOSS,-1,-7.9537647928454875,787.4227144917032
GBPUSD,SELL,2025-06-17 13:00:00+01:00,2025-06-17 14:00:00+01:00,2025-06-17 15:00:00+01:00,1.3548115491867065,1.3570652015734603,1.3503042444131987,WIN,2,15.748454289834065,803.1711687815373
GBPUSD,SELL,2025-06-18 06:00:00+01:00,2025-06-18 07:00:00+01:00,2025-06-18 08:00:00+01:00,1.344573974609375,1.3468970473451625,1.3399278291378,LOSS,-1,-8.031711687815372,795.139457093722
GBPUSD,SELL,2025-06-18 17:00:00+01:00,2025-06-18 18:00:00+01:00,2025-06-18 20:00:00+01:00,1.345949411392212,1.3487310521009952,1.3403861299746453,WIN,2,15.90278914187444,811.0422462355964
GBPUSD,SELL,2025-06-19 15:00:00+01:00,2025-06-19 16:00:00+01:00,2025-06-19 18:00:00+01:00,1.3426603078842163,1.345727926680132,1.3365250702923848,LOSS,-1,-8.110422462355965,802.9318237732405
GBPUSD,BUY,2025-06-20 13:00:00+01:00,2025-06-20 14:00:00+01:00,2025-06-20 15:00:00+01:00,1.3503295183181763,1.3480770298960292,1.3548344951624705,LOSS,-1,-8.029318237732404,794.9025055355081
GBPUSD,SELL,2025-06-23 01:00:00+01:00,2025-06-23 02:00:00+01:00,2025-06-23 08:00:00+01:00,1.3423539400100708,1.3447624169525023,1.3375369861252078,LOSS,-1,-7.949025055355081,786.9534804801531
GBPUSD,SELL,2025-06-23 12:00:00+01:00,2025-06-23 13:00:00+01:00,2025-06-23 14:00:00+01:00,1.3394231796264648,1.3422129005298706,1.333843737819653,LOSS,-1,-7.869534804801531,779.0839456753515
GBPUSD,BUY,2025-06-23 19:00:00+01:00,2025-06-23 20:00:00+01:00,2025-06-24 07:00:00+01:00,1.3522651195526123,1.3487577733184486,1.35927981202094,WIN,2,15.58167891350703,794.6656245888586
GBPUSD,BUY,2025-06-24 20:00:00+01:00,2025-06-24 21:00:00+01:00,2025-06-25 13:00:00+01:00,1.3620080947875977,1.3592402691325096,1.3675437460977735,LOSS,-1,-7.946656245888586,786.71896834297
GBPUSD,BUY,2025-06-25 14:00:00+01:00,2025-06-25 15:00:00+01:00,2025-06-25 19:00:00+01:00,1.360951542854309,1.3587568614732768,1.3653409056163737,WIN,2,15.7343793668594,802.4533477098294
GBPUSD,BUY,2025-06-25 22:00:00+01:00,2025-06-25 23:00:00+01:00,2025-06-26 03:00:00+01:00,1.3661202192306519,1.364088746290601,1.3701831651107534,WIN,2,16.049066954196586,818.502414664026
GBPUSD,BUY,2025-06-26 12:00:00+01:00,2025-06-26 13:00:00+01:00,2025-06-26 17:00:00+01:00,1.3705576658248901,1.367978432319514,1.3757161328356424,WIN,2,16.37004829328052,834.8724629573065
GBPUSD,BUY,2025-06-27 12:00:00+01:00,2025-06-27 13:00:00+01:00,2025-06-27 15:00:00+01:00,1.373513102531433,1.371150823366789,1.3782376608607212,LOSS,-1,-8.348724629573066,826.5237383277334
GBPUSD,BUY,2025-06-27 21:00:00+01:00,2025-06-27 22:00:00+01:00,2025-06-30 09:00:00+01:00,1.3722879886627197,1.3696298777541482,1.3776042104798627,LOSS,-1,-8.265237383277334,818.2585009444562
GBPUSD,BUY,2025-06-30 16:00:00+01:00,2025-06-30 17:00:00+01:00,2025-07-01 09:00:00+01:00,1.372062087059021,1.3694370426214628,1.3773121759341371,WIN,2,16.365170018889124,834.6236709633453
GBPUSD,BUY,2025-07-01 18:00:00+01:00,2025-07-01 19:00:00+01:00,2025-07-02 08:00:00+01:00,1.3737584352493286,1.371301369607737,1.378672566532512,LOSS,-1,-8.346236709633454,826.2774342537118
GBPUSD,SELL,2025-07-02 16:00:00+01:00,2025-07-02 17:00:00+01:00,2025-07-02 22:00:00+01:00,1.3621751070022583,1.365749713052029,1.355025894902717,LOSS,-1,-8.262774342537119,818.0146599111747
GBPUSD,SELL,2025-07-03 10:00:00+01:00,2025-07-03 11:00:00+01:00,2025-07-03 13:00:00+01:00,1.3658030033111572,1.3683222549633272,1.3607645000068174,WIN,2,16.360293198223495,834.3749531093982
GBPUSD,SELL,2025-07-03 15:00:00+01:00,2025-07-03 16:00:00+01:00,2025-07-04 06:00:00+01:00,1.3645915985107422,1.3680681218306516,1.3576385518709233,LOSS,-1,-8.343749531093982,826.0312035783043
GBPUSD,SELL,2025-07-04 11:00:00+01:00,2025-07-04 12:00:00+01:00,2025-07-07 07:00:00+01:00,1.364945411682129,1.367159976074951,1.3605162828964845,WIN,2,16.520624071566086,842.5518276498703
GBPUSD,SELL,2025-07-07 10:00:00+01:00,2025-07-07 11:00:00+01:00,2025-07-07 14:00:00+01:00,1.3607293367385864,1.3630623870935716,1.3560632360286162,LOSS,-1,-8.425518276498703,834.1263093733717
GBPUSD,SELL,2025-07-07 17:00:00+01:00,2025-07-07 18:00:00+01:00,2025-07-08 00:00:00+01:00,1.35963773727417,1.36228147715627,1.3543502575099702,LOSS,-1,-8.341263093733717,825.785046279638
GBPUSD,SELL,2025-07-08 09:00:00+01:00,2025-07-08 10:00:00+01:00,2025-07-08 13:00:00+01:00,1.3613221645355225,1.3635720680685184,1.3568223574695308,WIN,2,16.51570092559276,842.3007472052308
GBPUSD,SELL,2025-07-08 16:00:00+01:00,2025-07-08 17:00:00+01:00,2025-07-09 07:00:00+01:00,1.3572204113006592,1.360171583555972,1.3513180667900333,LOSS,-1,-8.423007472052308,833.8777397331785
GBPUSD,SELL,2025-07-09 08:00:00+01:00,2025-07-09 09:00:00+01:00,2025-07-09 13:00:00+01:00,1.3586218357086182,1.361136396890333,1.3535927133451886,LOSS,-1,-8.338777397331786,825.5389623358467
GBPUSD,SELL,2025-07-09 14:00:00+01:00,2025-07-09 15:00:00+01:00,2025-07-10 07:00:00+01:00,1.3587325811386108,1.3615959536512519,1.353005836113329,LOSS,-1,-8.255389623358466,817.2835727124882
GBPUSD,SELL,2025-07-10 12:00:00+01:00,2025-07-10 13:00:00+01:00,2025-07-10 15:00:00+01:00,1.3580683469772339,1.3600312476797949,1.3541425455721119,WIN,2,16.345671454249764,833.629244166738
GBPUSD,SELL,2025-07-11 00:00:00+01:00,2025-07-11 01:00:00+01:00,2025-07-11 07:00:00+01:00,1.3580129146575928,1.359951680416102,1.3541353831405742,WIN,2,16.67258488333476,850.3018290500727
GBPUSD,SELL,2025-07-11 15:00:00+01:00,2025-07-11 16:00:00+01:00,2025-07-14 15:00:00+01:00,1.3505300283432007,1.3532747924440431,1.3450405001415158,WIN,2,17.006036581001453,867.3078656310742
GBPUSD,SELL,2025-07-14 22:00:00+01:00,2025-07-14 23:00:00+01:00,2025-07-15 08:00:00+01:00,1.3430390357971191,1.345249064579943,1.3386189782314712,LOSS,-1,-8.673078656310741,858.6347869747634
GBPUSD,SELL,2025-07-15 09:00:00+01:00,2025-07-15 10:00:00+01:00,2025-07-15 13:00:00+01:00,1.344700574874878,1.346569168484875,1.3409633876548837,LOSS,-1,-8.586347869747634,850.0484391050157
GBPUSD,SELL,2025-07-15 19:00:00+01:00,2025-07-15 20:00:00+01:00,2025-07-16 07:00:00+01:00,1.3391003608703613,1.3414291528280395,1.3344427769550051,LOSS,-1,-8.500484391050158,841.5479547139656
GBPUSD,SELL,2025-07-16 08:00:00+01:00,2025-07-16 09:00:00+01:00,2025-07-16 16:00:00+01:00,1.3394949436187744,1.3414043637302866,1.33567610339575,LOSS,-1,-8.415479547139656,833.132475166826
GBPUSD,SELL,2025-07-17 01:00:00+01:00,2025-07-17 02:00:00+01:00,2025-07-17 23:00:00+01:00,1.3401771783828735,1.34277909995895,1.3349733352307205,LOSS,-1,-8.33132475166826,824.8011504151577
GBPUSD,SELL,2025-07-21 05:00:00+01:00,2025-07-21 06:00:00+01:00,2025-07-21 07:00:00+01:00,1.3418675661087036,1.3436367118474495,1.3383292746312119,LOSS,-1,-8.248011504151577,816.5531389110062
GBPUSD,BUY,2025-07-21 18:00:00+01:00,2025-07-21 19:00:00+01:00,2025-07-22 08:00:00+01:00,1.3486357927322388,1.3466014423451407,1.352704493506435,LOSS,-1,-8.165531389110061,808.3876075218961
GBPUSD,BUY,2025-07-22 09:00:00+01:00,2025-07-22 10:00:00+01:00,2025-07-22 12:00:00+01:00,1.3492363691329956,1.347611491354769,1.3524861246894486,LOSS,-1,-8.083876075218962,800.3037314466771
GBPUSD,BUY,2025-07-22 18:00:00+01:00,2025-07-22 19:00:00+01:00,2025-07-23 15:00:00+01:00,1.3522284030914307,1.3502082060887106,1.3562687970968705,WIN,2,16.006074628933543,816.3098060756107
GBPUSD,BUY,2025-07-23 17:00:00+01:00,2025-07-23 18:00:00+01:00,2025-07-24 09:00:00+01:00,1.3565024137496948,1.3544325930605352,1.3606420551280138,LOSS,-1,-8.163098060756107,808.1467080148547
GBPUSD,SELL,2025-07-25 02:00:00+01:00,2025-07-25 03:00:00+01:00,2025-07-25 09:00:00+01:00,1.350074291229248,1.351968770556588,1.346285332574568,WIN,2,16.162934160297095,824.3096421751518
GBPUSD,SELL,2025-07-25 19:00:00+01:00,2025-07-25 20:00:00+01:00,2025-07-28 17:00:00+01:00,1.3435803651809692,1.3457653634466318,1.3392103686496442,WIN,2,16.486192843503037,840.7958350186549
GBPUSD,SELL,2025-07-29 03:00:00+01:00,2025-07-29 04:00:00+01:00,2025-07-29 08:00:00+01:00,1.3356127738952637,1.337476036817211,1.3318862480513691,WIN,2,16.815916700373098,857.611751719028
GBPUSD,SELL,2025-07-29 09:00:00+01:00,2025-07-29 10:00:00+01:00,2025-07-30 02:00:00+01:00,1.3345611095428467,1.3366680192093192,1.3303472902099014,LOSS,-1,-8.57611751719028,849.0356342018378
GBPUSD,SELL,2025-07-30 05:00:00+01:00,2025-07-30 06:00:00+01:00,2025-07-30 09:00:00+01:00,1.335042119026184,1.3368915135994393,1.3313433298796737,LOSS,-1,-8.490356342018378,840.5452778598194
GBPUSD,SELL,2025-07-30 13:00:00+01:00,2025-07-30 14:00:00+01:00,2025-07-30 19:00:00+01:00,1.3310085535049438,1.3336062478154218,1.325813164883988,WIN,2,16.81090555719639,857.3561834170158
GBPUSD,SELL,2025-07-30 23:00:00+01:00,2025-07-31 00:00:00+01:00,2025-07-31 07:00:00+01:00,1.3251878023147583,1.3281318874350474,1.31929963207418,LOSS,-1,-8.573561834170158,848.7826215828456
GBPUSD,SELL,2025-07-31 15:00:00+01:00,2025-07-31 16:00:00+01:00,2025-08-01 09:00:00+01:00,1.323364019393921,1.3266825342427773,1.316726989696208,WIN,2,16.975652431656915,865.7582740145026
GBPUSD,SELL,2025-08-01 11:00:00+01:00,2025-08-01 12:00:00+01:00,2025-08-01 13:00:00+01:00,1.3166730403900146,1.3193248078837352,1.3113695054025738,LOSS,-1,-8.657582740145026,857.1006912743576
GBPUSD,BUY,2025-08-06 14:00:00+01:00,2025-08-06 15:00:00+01:00,2025-08-06 17:00:00+01:00,1.3322319984436035,1.3302247195713595,1.3362465561880916,WIN,2,17.14201382548715,874.2427050998448
GBPUSD,BUY,2025-08-06 20:00:00+01:00,2025-08-06 21:00:00+01:00,2025-08-07 12:00:00+01:00,1.3358268737792969,1.3336648344443545,1.3401509524491817,WIN,2,17.484854101996895,891.7275592018417
GBPUSD,BUY,2025-08-07 15:00:00+01:00,2025-08-07 16:00:00+01:00,2025-08-07 23:00:00+01:00,1.3402849435806274,1.3379462553015067,1.3449623201388687,WIN,2,17.834551184036833,909.5621103858786
GBPUSD,BUY,2025-08-08 01:00:00+01:00,2025-08-08 02:00:00+01:00,2025-08-08 07:00:00+01:00,1.344881296157837,1.342575871173782,1.3494921461259464,LOSS,-1,-9.095621103858786,900.4664892820198
GBPUSD,BUY,2025-08-08 14:00:00+01:00,2025-08-08 15:00:00+01:00,2025-08-11 07:00:00+01:00,1.3428946733474731,1.3406456045037944,1.3473928110348306,WIN,2,18.009329785640396,918.4758190676602
GBPUSD,BUY,2025-08-12 03:00:00+01:00,2025-08-12 04:00:00+01:00,2025-08-12 06:00:00+01:00,1.3438692092895508,1.342245900492109,1.3471158268844345,LOSS,-1,-9.184758190676602,909.2910608769836
GBPUSD,BUY,2025-08-12 08:00:00+01:00,2025-08-12 09:00:00+01:00,2025-08-12 13:00:00+01:00,1.3457682132720947,1.3438249352049474,1.3496547694063892,WIN,2,18.185821217539672,927.4768820945233
GBPUSD,BUY,2025-08-12 18:00:00+01:00,2025-08-12 19:00:00+01:00,2025-08-13 09:00:00+01:00,1.3503477573394775,1.3476703335798002,1.3557026048588325,WIN,2,18.549537641890467,946.0264197364137
GBPUSD,BUY,2025-08-13 13:00:00+01:00,2025-08-13 14:00:00+01:00,2025-08-14 14:00:00+01:00,1.3561345338821411,1.3539789205013912,1.3604457606436406,LOSS,-1,-9.460264197364138,936.5661555390495
GBPUSD,BUY,2025-08-15 04:00:00+01:00,2025-08-15 05:00:00+01:00,2025-08-18 15:00:00+01:00,1.354830026626587,1.3531537462981151,1.3581825872835305,LOSS,-1,-9.365661555390496,927.200493983659
GBPUSD,SELL,2025-08-19 16:00:00+01:00,2025-08-19 17:00:00+01:00,2025-08-20 16:00:00+01:00,1.349436640739441,1.351305853222295,1.345698215773733,WIN,2,18.54400987967318,945.7445038633322
GBPUSD,SELL,2025-08-21 12:00:00+01:00,2025-08-21 13:00:00+01:00,2025-08-21 16:00:00+01:00,1.3452974557876587,1.3473006273136487,1.3412911127356788,WIN,2,18.914890077266644,964.6593939405988
GBPUSD,SELL,2025-08-22 07:00:00+01:00,2025-08-22 08:00:00+01:00,2025-08-22 14:00:00+01:00,1.3404107093811035,1.3420983042567554,1.3370355196297998,LOSS,-1,-9.646593939405987,955.0128000011928
GBPUSD,BUY,2025-08-25 00:00:00+01:00,2025-08-25 01:00:00+01:00,2025-08-25 11:00:00+01:00,1.3507671356201172,1.3484599308897216,1.3553815450809084,LOSS,-1,-9.550128000011927,945.4626720011809
GBPUSD,BUY,2025-08-26 01:00:00+01:00,2025-08-26 02:00:00+01:00,2025-08-26 04:00:00+01:00,1.3480178117752075,1.3456757034364364,1.35270202845275,LOSS,-1,-9.45462672001181,936.0080452811691
GBPUSD,BUY,2025-08-26 16:00:00+01:00,2025-08-26 17:00:00+01:00,2025-08-27 03:00:00+01:00,1.3483449220657349,1.3461283744518608,1.352778017293483,LOSS,-1,-9.36008045281169,926.6479648283574
GBPUSD,SELL,2025-08-27 12:00:00+01:00,2025-08-27 13:00:00+01:00,2025-08-27 15:00:00+01:00,1.3433277606964111,1.3452487989185564,1.3394856842521203,LOSS,-1,-9.266479648283575,917.3814851800738
GBPUSD,BUY,2025-08-27 20:00:00+01:00,2025-08-27 21:00:00+01:00,2025-08-29 09:00:00+01:00,1.3498737812042236,1.3478994165668357,1.3538225104789996,LOSS,-1,-9.173814851800739,908.207670328273
GBPUSD,SELL,2025-08-29 13:00:00+01:00,2025-08-29 14:00:00+01:00,2025-08-29 15:00:00+01:00,1.3461849689483643,1.3479503787267764,1.34265414939154,LOSS,-1,-9.08207670328273,899.1255936249903
GBPUSD,BUY,2025-08-29 19:00:00+01:00,2025-08-29 20:00:00+01:00,2025-09-02 08:00:00+01:00,1.3511322736740112,1.3491350413884546,1.3551267382451246,LOSS,-1,-8.991255936249903,890.1343376887404
GBPUSD,SELL,2025-09-02 14:00:00+01:00,2025-09-02 15:00:00+01:00,2025-09-03 15:00:00+01:00,1.3401232957839966,1.3439494164386367,1.3324710544747165,LOSS,-1,-8.901343376887404,881.232994311853
GBPUSD,SELL,2025-09-04 08:00:00+01:00,2025-09-04 09:00:00+01:00,2025-09-04 09:00:00+01:00,1.3428045511245728,1.3446541631166007,1.3391053271405169,LOSS,-1,-8.81232994311853,872.4206643687344
GBPUSD,SELL,2025-09-04 17:00:00+01:00,2025-09-04 18:00:00+01:00,2025-09-05 01:00:00+01:00,1.34217369556427,1.3446704349653582,1.3371802167620939,LOSS,-1,-8.724206643687344,863.696457725047
GBPUSD,BUY,2025-09-05 06:00:00+01:00,2025-09-05 07:00:00+01:00,2025-09-05 13:00:00+01:00,1.3460036516189575,1.3443321793371863,1.3493465961824997,WIN,2,17.27392915450094,880.970386879548
GBPUSD,BUY,2025-09-05 15:00:00+01:00,2025-09-05 16:00:00+01:00,2025-09-08 00:00:00+01:00,1.3521736860275269,1.3492810889592946,1.3579588801639915,LOSS,-1,-8.809703868795479,872.1606830107525
GBPUSD,BUY,2025-09-09 07:00:00+01:00,2025-09-09 08:00:00+01:00,2025-09-09 15:00:00+01:00,1.3565576076507568,1.3546349875842696,1.3604028477837316,LOSS,-1,-8.721606830107525,863.439076180645
GBPUSD,BUY,2025-09-10 05:00:00+01:00,2025-09-10 06:00:00+01:00,2025-09-10 07:00:00+01:00,1.3541878461837769,1.3524689014982272,1.3576257355548762,LOSS,-1,-8.63439076180645,854.8046854188385
GBPUSD,BUY,2025-09-10 10:00:00+01:00,2025-09-10 11:00:00+01:00,2025-09-10 20:00:00+01:00,1.3542795181274414,1.3523148785018726,1.3582087973785788,LOSS,-1,-8.548046854188385,846.2566385646501
GBPUSD,BUY,2025-09-10 23:00:00+01:00,2025-09-11 00:00:00+01:00,2025-09-11 06:00:00+01:00,1.3536561727523804,1.3517091781469934,1.3575501619631545,LOSS,-1,-8.4625663856465,837.7940721790036
GBPUSD,SELL,2025-09-11 10:00:00+01:00,2025-09-11 11:00:00+01:00,2025-09-11 12:00:00+01:00,1.3501653671264648,1.3518172495165535,1.3468616023462878,LOSS,-1,-8.377940721790036,829.4161314572135
GBPUSD,BUY,2025-09-11 16:00:00+01:00,2025-09-11 17:00:00+01:00,2025-09-12 09:00:00+01:00,1.3566864728927612,1.354471467977591,1.3611164827231017,LOSS,-1,-8.294161314572134,821.1219701426414
GBPUSD,BUY,2025-09-12 11:00:00+01:00,2025-09-12 12:00:00+01:00,2025-09-12 13:00:00+01:00,1.3559505939483643,1.3540495447074696,1.3597526924301533,LOSS,-1,-8.211219701426414,812.910750441215
GBPUSD,BUY,2025-09-12 15:00:00+01:00,2025-09-12 16:00:00+01:00,2025-09-15 11:00:00+01:00,1.3559322357177734,1.3538510700608477,1.3600945670316247,WIN,2,16.2582150088243,829.1689654500393
GBPUSD,BUY,2025-09-15 14:00:00+01:00,2025-09-15 15:00:00+01:00,2025-09-16 10:00:00+01:00,1.3594344854354858,1.3573978106802853,1.363507834945887,WIN,2,16.583379309000787,845.75234475904
GBPUSD,BUY,2025-09-16 16:00:00+01:00,2025-09-16 17:00:00+01:00,2025-09-17 08:00:00+01:00,1.365243673324585,1.3633089840981685,1.369113051777418,LOSS,-1,-8.4575234475904,837.2948213114497
GBPUSD,BUY,2025-09-17 09:00:00+01:00,2025-09-17 10:00:00+01:00,2025-09-17 19:00:00+01:00,1.364256501197815,1.3626176437811959,1.3675342160310529,WIN,2,16.745896426228995,854.0407177376787
GBPUSD,BUY,2025-09-18 10:00:00+01:00,2025-09-18 11:00:00+01:00,2025-09-18 12:00:00+01:00,1.3646475076675415,1.3619710034425583,1.3700005161175077,LOSS,-1,-8.540407177376787,845.500310560302
GBPUSD,SELL,2025-09-18 17:00:00+01:00,2025-09-18 18:00:00+01:00,2025-09-19 08:00:00+01:00,1.3552706241607666,1.3585767065402041,1.3486584594018913,WIN,2,16.91000621120604,862.410316771508
GBPUSD,SELL,2025-09-19 14:00:00+01:00,2025-09-19 15:00:00+01:00,2025-09-22 17:00:00+01:00,1.3491816520690918,1.351914331360999,1.3437162934852778,LOSS,-1,-8.624103167715079,853.7862136037928
GBPUSD,SELL,2025-09-23 09:00:00+01:00,2025-09-23 10:00:00+01:00,2025-09-23 13:00:00+01:00,1.3506760597229004,1.3527502661567752,1.346527646855151,LOSS,-1,-8.537862136037928,845.2483514677549
GBPUSD,SELL,2025-09-24 05:00:00+01:00,2025-09-24 06:00:00+01:00,2025-09-24 09:00:00+01:00,1.3510043621063232,1.3525603650552576,1.3478923562084548,WIN,2,16.9049670293551,862.15331849711
GBPUSD,SELL,2025-09-24 18:00:00+01:00,2025-09-24 19:00:00+01:00,2025-09-25 13:00:00+01:00,1.345406174659729,1.3475120710553254,1.3411943818685361,WIN,2,17.243066369942202,879.3963848670522
GBPUSD,SELL,2025-09-26 01:00:00+01:00,2025-09-26 02:00:00+01:00,2025-09-26 08:00:00+01:00,1.3346322774887085,1.3367975950714843,1.3303016423231568,LOSS,-1,-8.793963848670522,870.6024210183817
GBPUSD,BUY,2025-09-30 15:00:00+01:00,2025-09-30 16:00:00+01:00,2025-09-30 16:00:00+01:00,1.3462392091751099,1.3439890828113479,1.3507394619026336,LOSS,-1,-8.706024210183818,861.8963968081979
GBPUSD,BUY,2025-10-01 05:00:00+01:00,2025-10-01 06:00:00+01:00,2025-10-01 13:00:00+01:00,1.3470553159713745,1.3451682987793154,1.3508293503554927,WIN,2,17.23792793616396,879.1343247443618
GBPUSD,BUY,2025-10-01 16:00:00+01:00,2025-10-01 17:00:00+01:00,2025-10-02 14:00:00+01:00,1.3466380834579468,1.3438152998725619,1.3522836506287166,LOSS,-1,-8.791343247443619,870.3429814969182
GBPUSD,SELL,2025-10-02 18:00:00+01:00,2025-10-02 19:00:00+01:00,2025-10-03 09:00:00+01:00,1.3438512086868286,1.3461755057482336,1.3392026145640183,LOSS,-1,-8.703429814969182,861.6395516819491
GBPUSD,SELL,2025-10-03 12:00:00+01:00,2025-10-03 13:00:00+01:00,2025-10-03 15:00:00+01:00,1.3451346158981323,1.347045857814192,1.341312132066013,LOSS,-1,-8.616395516819491,853.0231561651296
GBPUSD,BUY,2025-10-03 17:00:00+01:00,2025-10-03 18:00:00+01:00,2025-10-06 00:00:00+01:00,1.3475455045700073,1.3454503378110056,1.3517358380880107,LOSS,-1,-8.530231561651297,844.4929246034784
GBPUSD,SELL,2025-10-06 05:00:00+01:00,2025-10-06 06:00:00+01:00,2025-10-06 15:00:00+01:00,1.3448271751403809,1.3468447821966631,1.340791961027816,LOSS,-1,-8.444929246034784,836.0479953574436
GBPUSD,BUY,2025-10-06 18:00:00+01:00,2025-10-06 19:00:00+01:00,2025-10-07 06:00:00+01:00,1.3483812808990479,1.3461065270830692,1.3529307885310051,LOSS,-1,-8.360479953574437,827.6875154038692
GBPUSD,SELL,2025-10-07 10:00:00+01:00,2025-10-07 11:00:00+01:00,2025-10-07 12:00:00+01:00,1.3445016145706177,1.3462977500644375,1.340909343582978,WIN,2,16.553750308077383,844.2412657119465
GBPUSD,SELL,2025-10-07 13:00:00+01:00,2025-10-07 14:00:00+01:00,2025-10-07 16:00:00+01:00,1.3414536714553833,1.3436185129021536,1.337123988561843,LOSS,-1,-8.442412657119466,835.7988530548271
GBPUSD,SELL,2025-10-08 07:00:00+01:00,2025-10-08 08:00:00+01:00,2025-10-08 08:00:00+01:00,1.339818000793457,1.341558475620131,1.336337051140109,LOSS,-1,-8.35798853054827,827.4408645242788
GBPUSD,SELL,2025-10-08 16:00:00+01:00,2025-10-08 17:00:00+01:00,2025-10-09 01:00:00+01:00,1.3389031887054443,1.341192687642627,1.334324190831079,LOSS,-1,-8.274408645242788,819.166455879036
GBPUSD,SELL,2025-10-09 02:00:00+01:00,2025-10-09 03:00:00+01:00,2025-10-09 07:00:00+01:00,1.3410218954086304,1.342973030206343,1.3371196258132054,WIN,2,16.383329117580722,835.5497849966167
GBPUSD,SELL,2025-10-09 09:00:00+01:00,2025-10-09 10:00:00+01:00,2025-10-09 10:00:00+01:00,1.3362553119659424,1.3385369139394476,1.331692108018932,LOSS,-1,-8.355497849966167,827.1942871466506
GBPUSD,SELL,2025-10-09 20:00:00+01:00,2025-10-09 21:00:00+01:00,2025-10-10 16:00:00+01:00,1.3298048973083496,1.3328026554652843,1.3238093809944802,LOSS,-1,-8.271942871466505,818.9223442751841
GBPUSD,SELL,2025-10-13 08:00:00+01:00,2025-10-13 09:00:00+01:00,2025-10-14 07:00:00+01:00,1.3334933519363403,1.3357996714847302,1.3288807128395606,WIN,2,16.37844688550368,835.3007911606877
GBPUSD,SELL,2025-10-14 09:00:00+01:00,2025-10-14 10:00:00+01:00,2025-10-14 16:00:00+01:00,1.3278625011444092,1.330337086946752,1.322913329539724,LOSS,-1,-8.353007911606877,826.9477832490809
GBPUSD,BUY,2025-10-15 16:00:00+01:00,2025-10-15 17:00:00+01:00,2025-10-16 02:00:00+01:00,1.339172124862671,1.336721253677962,1.3440738672320889,WIN,2,16.538955664981618,843.4867389140625
GBPUSD,BUY,2025-10-16 04:00:00+01:00,2025-10-16 05:00:00+01:00,2025-10-17 06:00:00+01:00,1.342011570930481,1.339799856412143,1.3464349999671572,WIN,2,16.86973477828125,860.3564736923437
GBPUSD,BUY,2025-10-17 10:00:00+01:00,2025-10-17 11:00:00+01:00,2025-10-17 13:00:00+01:00,1.3434358835220337,1.3410205490334994,1.3482665524991022,LOSS,-1,-8.603564736923436,851.7529089554203
GBPUSD,BUY,2025-10-17 19:00:00+01:00,2025-10-17 20:00:00+01:00,2025-10-20 08:00:00+01:00,1.3435803651809692,1.3409414086144382,1.3488582783140315,LOSS,-1,-8.517529089554202,843.2353798658661
GBPUSD,BUY,2025-10-20 10:00:00+01:00,2025-10-20 11:00:00+01:00,2025-10-20 11:00:00+01:00,1.3430570363998413,1.340987594037503,1.3471959211245184,LOSS,-1,-8.432353798658662,834.8030260672074
GBPUSD,BUY,2025-10-20 13:00:00+01:00,2025-10-20 14:00:00+01:00,2025-10-20 14:00:00+01:00,1.3425521850585938,1.3403702066156031,1.346916141944575,LOSS,-1,-8.348030260672074,826.4549958065353
GBPUSD,SELL,2025-10-21 03:00:00+01:00,2025-10-21 04:00:00+01:00,2025-10-22 07:00:00+01:00,1.3393514156341553,1.3412325750998308,1.3355890967028043,WIN,2,16.529099916130708,842.984095722666
GBPUSD,SELL,2025-10-22 12:00:00+01:00,2025-10-22 13:00:00+01:00,2025-10-22 15:00:00+01:00,1.3328890800476074,1.3349722669735065,1.3287227061958096,LOSS,-1,-8.42984095722666,834.5542547654393
GBPUSD,SELL,2025-10-22 19:00:00+01:00,2025-10-22 20:00:00+01:00,2025-10-23 16:00:00+01:00,1.3356306552886963,1.3378152268384682,1.3312615121891525,WIN,2,16.691085095308786,851.2453398607481
GBPUSD,SELL,2025-10-24 08:00:00+01:00,2025-10-24 09:00:00+01:00,2025-10-24 13:00:00+01:00,1.3315757513046265,1.3331541025178295,1.3284190488782202,LOSS,-1,-8.512453398607482,842.7328864621406
GBPUSD,SELL,2025-10-24 15:00:00+01:00,2025-10-24 16:00:00+01:00,2025-10-27 00:00:00+00:00,1.3300524950027466,1.3326765016253053,1.3248044817576294,LOSS,-1,-8.427328864621407,834.3055575975193
GBPUSD,SELL,2025-10-27 04:00:00+00:00,2025-10-27 05:00:00+00:00,2025-10-27 09:00:00+00:00,1.3316997289657593,1.3335944216896494,1.327910343517979,LOSS,-1,-8.343055575975193,825.9625020215441
GBPUSD,BUY,2025-10-28 04:00:00+00:00,2025-10-28 05:00:00+00:00,2025-10-28 07:00:00+00:00,1.336683988571167,1.335077178338293,1.3398976090369146,LOSS,-1,-8.259625020215442,817.7028770013286
GBPUSD,SELL,2025-10-28 12:00:00+00:00,2025-10-28 13:00:00+00:00,2025-10-29 05:00:00+00:00,1.328356385231018,1.3306795594570822,1.3237100367788899,WIN,2,16.354057540026574,834.0569345413552
GBPUSD,SELL,2025-10-29 14:00:00+00:00,2025-10-29 15:00:00+00:00,2025-10-29 18:00:00+00:00,1.323311448097229,1.325609609747417,1.3187151247968532,WIN,2,16.681138690827105,850.7380732321823
GBPUSD,SELL,2025-10-29 19:00:00+00:00,2025-10-29 20:00:00+00:00,2025-10-30 13:00:00+00:00,1.3194178342819214,1.322663605390869,1.3129262920640263,WIN,2,17.014761464643644,867.752834696826
GBPUSD,SELL,2025-10-31 13:00:00+00:00,2025-10-31 14:00:00+00:00,2025-10-31 15:00:00+00:00,1.3114409446716309,1.3137674282994083,1.306787977416076,LOSS,-1,-8.67752834696826,859.0753063498577
GBPUSD,SELL,2025-11-03 00:00:00+00:00,2025-11-03 01:00:00+00:00,2025-11-03 17:00:00+00:00,1.3134045600891113,1.3156333584438669,1.3089469633796005,LOSS,-1,-8.590753063498576,850.4845532863591
GBPUSD,SELL,2025-11-03 19:00:00+00:00,2025-11-03 20:00:00+00:00,2025-11-04 08:00:00+00:00,1.3139222860336304,1.3160356914822724,1.3096954751363463,WIN,2,17.009691065727182,867.4942443520863
GBPUSD,SELL,2025-11-05 04:00:00+00:00,2025-11-05 05:00:00+00:00,2025-11-05 08:00:00+00:00,1.3025412559509277,1.3043064309090169,1.2990109060347497,LOSS,-1,-8.674942443520862,858.8193019085654
GBPUSD,SELL,2025-11-05 17:00:00+00:00,2025-11-05 18:00:00+00:00,2025-11-06 01:00:00+00:00,1.3038488626480103,1.3060903645330824,1.299365858877866,LOSS,-1,-8.588193019085654,850.2311088894797
GBPUSD,BUY,2025-11-07 14:00:00+00:00,2025-11-07 15:00:00+00:00,2025-11-11 07:00:00+00:00,1.3155298233032227,1.3134117847548419,1.3197659003999842,LOSS,-1,-8.502311088894798,841.728797800585
GBPUSD,BUY,2025-11-11 13:00:00+00:00,2025-11-11 14:00:00+00:00,2025-11-11 21:00:00+00:00,1.317245364189148,1.3149044175776923,1.3219272574120595,LOSS,-1,-8.41728797800585,833.3115098225791
GBPUSD,SELL,2025-11-12 04:00:00+00:00,2025-11-12 05:00:00+00:00,2025-11-12 07:00:00+00:00,1.3130769729614258,1.3148873519984408,1.3094562148873958,LOSS,-1,-8.333115098225791,824.9783947243533
GBPUSD,SELL,2025-11-12 19:00:00+00:00,2025-11-12 20:00:00+00:00,2025-11-13 08:00:00+00:00,1.3129045963287354,1.3151970698949171,1.3083196491963716,LOSS,-1,-8.249783947243532,816.7286107771098
GBPUSD,BUY,2025-11-13 12:00:00+00:00,2025-11-13 13:00:00+00:00,2025-11-13 23:00:00+00:00,1.3184610605239868,1.315908805188086,1.323565571195788,LOSS,-1,-8.167286107771098,808.5613246693387
GBPUSD,BUY,2025-11-14 08:00:00+00:00,2025-11-14 09:00:00+00:00,2025-11-14 11:00:00+00:00,1.3165690898895264,1.3133042883763628,1.3230986929158535,LOSS,-1,-8.085613246693386,800.4757114226453
GBPUSD,BUY,2025-11-14 12:00:00+00:00,2025-11-14 13:00:00+00:00,2025-11-14 15:00:00+00:00,1.31797456741333,1.3144340761720834,1.3250555498958234,LOSS,-1,-8.004757114226454,792.4709543084189
GBPUSD,BUY,2025-11-14 16:00:00+00:00,2025-11-14 17:00:00+00:00,2025-11-19 09:00:00+00:00,1.3155298233032227,1.311864069284286,1.322861331341096,LOSS,-1,-7.924709543084189,784.5462447653347
GBPUSD,SELL,2025-11-19 21:00:00+00:00,2025-11-19 22:00:00+00:00,2025-11-20 10:00:00+00:00,1.3056704998016357,1.3081323066126,1.3007468861797071,LOSS,-1,-7.845462447653347,776.7007823176814
GBPUSD,SELL,2025-11-20 16:00:00+00:00,2025-11-20 17:00:00+00:00,2025-11-21 19:00:00+00:00,1.3079417943954468,1.3107232949956822,1.3023787931949757,LOSS,-1,-7.767007823176814,768.9337744945045
GBPUSD,BUY,2025-11-24 18:00:00+00:00,2025-11-24 19:00:00+00:00,2025-11-25 14:00:00+00:00,1.3115270137786865,1.3094806225638007,1.3156197962084584,WIN,2,15.37867548989009,784.3124499843946
GBPUSD,BUY,2025-11-25 15:00:00+00:00,2025-11-25 16:00:00+00:00,2025-11-26 11:00:00+00:00,1.3176618814468384,1.3152706624599786,1.322444319420558,LOSS,-1,-7.843124499843946,776.4693254845506
GBPUSD,BUY,2025-11-27 06:00:00+00:00,2025-11-27 07:00:00+00:00,2025-11-27 08:00:00+00:00,1.324275255203247,1.322027599844941,1.3287705659198596,LOSS,-1,-7.764693254845506,768.7046322297051
GBPUSD,BUY,2025-11-27 10:00:00+00:00,2025-11-27 11:00:00+00:00,2025-11-28 09:00:00+00:00,1.322541356086731,1.3202405073446832,1.3271430535708264,LOSS,-1,-7.687046322297051,761.017585907408
GBPUSD,BUY,2025-11-28 13:00:00+00:00,2025-11-28 14:00:00+00:00,2025-11-28 15:00:00+00:00,1.3227338790893555,1.320876741777333,1.3264481537134005,LOSS,-1,-7.61017585907408,753.407410048334
GBPUSD,BUY,2025-12-01 09:00:00+00:00,2025-12-01 10:00:00+00:00,2025-12-01 13:00:00+00:00,1.323328971862793,1.3213090493827973,1.3273688168227846,WIN,2,15.06814820096668,768.4755582493007
GBPUSD,SELL,2025-12-02 16:00:00+00:00,2025-12-02 17:00:00+00:00,2025-12-02 19:00:00+00:00,1.318426251411438,1.320483574564049,1.3143116051062158,LOSS,-1,-7.684755582493007,760.7908026668076
GBPUSD,BUY,2025-12-03 05:00:00+00:00,2025-12-03 06:00:00+00:00,2025-12-03 09:00:00+00:00,1.3237494230270386,1.3221951256627964,1.3268580177555231,WIN,2,15.215816053336154,776.0066187201438
GBPUSD,BUY,2025-12-04 03:00:00+00:00,2025-12-04 04:00:00+00:00,2025-12-04 14:00:00+00:00,1.3332444429397583,1.331619260920075,1.336494806979125,WIN,2,15.520132374402877,791.5267510945467
GBPUSD,BUY,2025-12-04 16:00:00+00:00,2025-12-04 17:00:00+00:00,2025-12-04 20:00:00+00:00,1.3352917432785034,1.332878526936018,1.3401181759634742,LOSS,-1,-7.915267510945467,783.6114835836013
GBPUSD,BUY,2025-12-05 01:00:00+00:00,2025-12-05 02:00:00+00:00,2025-12-08 09:00:00+00:00,1.3333688974380493,1.3315284383068027,1.3370498157005428,LOSS,-1,-7.836114835836013,775.7753687477652
GBPUSD,BUY,2025-12-09 05:00:00+00:00,2025-12-09 06:00:00+00:00,2025-12-09 12:00:00+00:00,1.3333511352539062,1.3317300362006397,1.3365933333604396,LOSS,-1,-7.757753687477653,768.0176150602875
GBPUSD,BUY,2025-12-10 17:00:00+00:00,2025-12-10 18:00:00+00:00,2025-12-10 20:00:00+00:00,1.3345611095428467,1.3327222212971006,1.3382388860343388,WIN,2,15.36035230120575,783.3779673614933
GBPUSD,BUY,2025-12-11 00:00:00+00:00,2025-12-11 01:00:00+00:00,2025-12-11 09:00:00+00:00,1.3378641605377197,1.3357848304507607,1.3420228207116378,LOSS,-1,-7.833779673614933,775.5441876878784
GBPUSD,BUY,2025-12-11 17:00:00+00:00,2025-12-11 18:00:00+00:00,2025-12-11 19:00:00+00:00,1.342209815979004,1.3399966228983955,1.3466362021402205,LOSS,-1,-7.755441876878785,767.7887458109997
GBPUSD,BUY,2025-12-15 10:00:00+00:00,2025-12-15 11:00:00+00:00,2025-12-15 18:00:00+00:00,1.3379716873168945,1.3361692175847348,1.341576626781214,LOSS,-1,-7.677887458109997,760.1108583528896
GBPUSD,BUY,2025-12-15 21:00:00+00:00,2025-12-15 22:00:00+00:00,2025-12-16 06:00:00+00:00,1.3375779390335083,1.3358362051340733,1.3410614068323785,LOSS,-1,-7.601108583528896,752.5097497693607
GBPUSD,BUY,2025-12-16 08:00:00+00:00,2025-12-16 09:00:00+00:00,2025-12-16 11:00:00+00:00,1.3393335342407227,1.337635104481549,1.3427303937590698,WIN,2,15.050194995387216,767.5599447647479
GBPUSD,BUY,2025-12-16 13:00:00+00:00,2025-12-16 14:00:00+00:00,2025-12-17 04:00:00+00:00,1.342624306678772,1.340421619345398,1.34702968134552,LOSS,-1,-7.675599447647479,759.8843453171004
GBPUSD,SELL,2025-12-17 12:00:00+00:00,2025-12-17 13:00:00+00:00,2025-12-17 15:00:00+00:00,1.3345433473587036,1.336988110377501,1.3296538213211089,LOSS,-1,-7.598843453171004,752.2855018639294
GBPUSD,SELL,2025-12-18 09:00:00+00:00,2025-12-18 10:00:00+00:00,2025-12-18 12:00:00+00:00,1.3348639011383057,1.3367409092287565,1.3311098849574037,LOSS,-1,-7.522855018639294,744.7626468452901
GBPUSD,BUY,2025-12-18 15:00:00+00:00,2025-12-18 16:00:00+00:00,2025-12-19 07:00:00+00:00,1.339441180229187,1.3366009775429373,1.3451215856016865,LOSS,-1,-7.447626468452901,737.3150203768372
GBPUSD,SELL,2025-12-19 15:00:00+00:00,2025-12-19 16:00:00+00:00,2025-12-19 17:00:00+00:00,1.3362195491790771,1.3382004027746615,1.3322578419879083,LOSS,-1,-7.373150203768372,729.9418701730689
GBPUSD,BUY,2025-12-22 01:00:00+00:00,2025-12-22 02:00:00+00:00,2025-12-22 10:00:00+00:00,1.3398360013961792,1.3380501990318996,1.3434076061247386,WIN,2,14.598837403461378,744.5407075765303
GBPUSD,BUY,2025-12-23 12:00:00+00:00,2025-12-23 13:00:00+00:00,2025-12-23 14:00:00+00:00,1.3504753112792969,1.3486880114238047,1.3540499109902815,LOSS,-1,-7.445407075765303,737.095300500765
GBPUSD,BUY,2025-12-23 18:00:00+00:00,2025-12-23 19:00:00+00:00,2025-12-24 01:00:00+00:00,1.34890878200531,1.3469252741681603,1.3528757976796095,WIN,2,14.7419060100153,751.8372065107803
GBPUSD,BUY,2025-12-24 02:00:00+00:00,2025-12-24 03:00:00+00:00,2025-12-24 08:00:00+00:00,1.352649211883545,1.350620800196991,1.356706035256653,LOSS,-1,-7.518372065107804,744.3188344456726
GBPUSD,BUY,2025-12-24 13:00:00+00:00,2025-12-24 14:00:00+00:00,2025-12-26 07:00:00+00:00,1.3504570722579956,1.3487265038506997,1.3539182090725874,LOSS,-1,-7.4431883444567255,736.8756461012158
GBPUSD,BUY,2025-12-26 13:00:00+00:00,2025-12-26 14:00:00+00:00,2025-12-26 16:00:00+00:00,1.3519359827041626,1.3500067961704687,1.3557943557715506,LOSS,-1,-7.3687564610121585,729.5068896402037
GBPUSD,BUY,2025-12-26 20:00:00+00:00,2025-12-26 21:00:00+00:00,2025-12-29 05:00:00+00:00,1.3504753112792969,1.34857426259145,1.3542774086549905,LOSS,-1,-7.295068896402037,722.2118207438016
GBPUSD,BUY,2025-12-29 22:00:00+00:00,2025-12-29 23:00:00+00:00,2025-12-30 13:00:00+00:00,1.3508949279785156,1.3488141873969341,1.3550564091416786,LOSS,-1,-7.222118207438016,714.9897025363636
GBPUSD,SELL,2025-12-30 19:00:00+00:00,2025-12-30 20:00:00+00:00,2025-12-31 09:00:00+00:00,1.3467106819152832,1.348707188379333,1.3427176689871838,WIN,2,14.299794050727272,729.2894965870909
GBPUSD,SELL,2025-12-31 10:00:00+00:00,2025-12-31 11:00:00+00:00,2025-12-31 12:00:00+00:00,1.3441944122314453,1.3458638274054469,1.3408555818834422,LOSS,-1,-7.292894965870909,721.99660162122
GBPUSD,SELL,2025-12-31 13:00:00+00:00,2025-12-31 14:00:00+00:00,2025-12-31 15:00:00+00:00,1.3453338146209717,1.347337166619902,1.3413271106231108,WIN,2,14.4399320324244,736.4365336536443
GBPUSD,SELL,2026-01-01 18:00:00+00:00,2026-01-01 22:00:00+00:00,2026-01-02 10:00:00+00:00,1.3480722904205322,1.349587877553366,1.3450411161548645,WIN,2,14.728730673072887,751.1652643267172
GBPUSD,SELL,2026-01-02 17:00:00+00:00,2026-01-02 18:00:00+00:00,2026-01-05 03:00:00+00:00,1.346293568611145,1.3484011707561085,1.342078364321218,WIN,2,15.023305286534343,766.1885696132515
GBPUSD,BUY,2026-01-05 23:00:00+00:00,2026-01-06 00:00:00+00:00,2026-01-06 12:00:00+00:00,1.3535462617874146,1.3514671188944214,1.3577045475734009,LOSS,-1,-7.661885696132515,758.526683917119
GBPUSD,BUY,2026-01-06 13:00:00+00:00,2026-01-06 14:00:00+00:00,2026-01-06 15:00:00+00:00,1.3525028228759766,1.3503976141520069,1.356713240323916,LOSS,-1,-7.58526683917119,750.9414170779479
GBPUSD,BUY,2026-01-07 03:00:00+00:00,2026-01-07 04:00:00+00:00,2026-01-07 07:00:00+00:00,1.3514426946640015,1.349749673593318,1.3548287368053682,LOSS,-1,-7.509414170779479,743.4320029071685
GBPUSD,SELL,2026-01-07 15:00:00+00:00,2026-01-07 16:00:00+00:00,2026-01-08 08:00:00+00:00,1.3484176397323608,1.350468996883348,1.3443149254303863,WIN,2,14.86864005814337,758.3006429653118
GBPUSD,SELL,2026-01-08 10:00:00+00:00,2026-01-08 11:00:00+00:00,2026-01-08 13:00:00+00:00,1.3447548151016235,1.3462369443995676,1.3417905565057355,WIN,2,15.166012859306235,773.466655824618
GBPUSD,SELL,2026-01-08 14:00:00+00:00,2026-01-08 15:00:00+00:00,2026-01-09 13:00:00+00:00,1.3432915210723877,1.3450158775828596,1.339842808051444,LOSS,-1,-7.73466655824618,765.7319892663718
GBPUSD,SELL,2026-01-09 14:00:00+00:00,2026-01-09 15:00:00+00:00,2026-01-12 00:00:00+00:00,1.3413995504379272,1.3434794521644233,1.3372397469849349,LOSS,-1,-7.657319892663718,758.074669373708
GBPUSD,SELL,2026-01-12 03:00:00+00:00,2026-01-12 04:00:00+00:00,2026-01-12 06:00:00+00:00,1.3420476913452148,1.3440873125650659,1.3379684489055128,LOSS,-1,-7.580746693737081,750.493922679971
GBPUSD,BUY,2026-01-12 12:00:00+00:00,2026-01-12 13:00:00+00:00,2026-01-13 15:00:00+00:00,1.3465837240219116,1.34439628014076,1.3509586117842147,LOSS,-1,-7.50493922679971,742.9889834531713
GBPUSD,SELL,2026-01-13 20:00:00+00:00,2026-01-13 21:00:00+00:00,2026-01-14 09:00:00+00:00,1.3430931568145752,1.3451105853507546,1.3390582997422165,LOSS,-1,-7.429889834531713,735.5590936186395
GBPUSD,SELL,2026-01-14 13:00:00+00:00,2026-01-14 14:00:00+00:00,2026-01-14 14:00:00+00:00,1.3445558547973633,1.3461745635629208,1.3413184372662483,LOSS,-1,-7.355590936186395,728.2035026824531
GBPUSD,SELL,2026-01-14 16:00:00+00:00,2026-01-14 17:00:00+00:00,2026-01-15 12:00:00+00:00,1.3443571329116821,1.3461443023162505,1.3407827941025454,WIN,2,14.564070053649061,742.7675727361021
GBPUSD,SELL,2026-01-15 15:00:00+00:00,2026-01-15 16:00:00+00:00,2026-01-16 10:00:00+00:00,1.33865225315094,1.3407279371299134,1.334500885192993,LOSS,-1,-7.427675727361021,735.3398970087411
GBPUSD,SELL,2026-01-16 15:00:00+00:00,2026-01-16 16:00:00+00:00,2026-01-19 00:00:00+00:00,1.337882161140442,1.339765164624356,1.3341161541726136,LOSS,-1,-7.353398970087412,727.9864980386537
GBPUSD,SELL,2026-01-19 02:00:00+00:00,2026-01-19 03:00:00+00:00,2026-01-19 05:00:00+00:00,1.3387418985366821,1.3405117025722202,1.3352022904656058,LOSS,-1,-7.279864980386537,720.7066330582672
GBPUSD,SELL,2026-01-19 07:00:00+00:00,2026-01-19 08:00:00+00:00,2026-01-19 08:00:00+00:00,1.3391183614730835,1.340893910906484,1.3355672626062827,LOSS,-1,-7.2070663305826725,713.4995667276846
GBPUSD,BUY,2026-01-19 17:00:00+00:00,2026-01-19 18:00:00+00:00,2026-01-20 00:00:00+00:00,1.3432012796401978,1.3414546252525013,1.346694588415591,LOSS,-1,-7.134995667276846,706.3645710604078
GBPUSD,BUY,2026-01-20 03:00:00+00:00,2026-01-20 04:00:00+00:00,2026-01-20 07:00:00+00:00,1.343562364578247,1.3420275046457135,1.3466320844433144,WIN,2,14.127291421208156,720.491862481616
GBPUSD,BUY,2026-01-20 11:00:00+00:00,2026-01-20 12:00:00+00:00,2026-01-20 12:00:00+00:00,1.3463480472564697,1.3441592677604481,1.350725606248513,LOSS,-1,-7.20491862481616,713.2869438567998
GBPUSD,BUY,2026-01-20 22:00:00+00:00,2026-01-20 23:00:00+00:00,2026-01-21 09:00:00+00:00,1.3443028926849365,1.3419208463586814,1.3490669853374468,LOSS,-1,-7.132869438567998,706.1540744182317
GBPUSD,BUY,2026-01-21 13:00:00+00:00,2026-01-21 14:00:00+00:00,2026-01-21 17:00:00+00:00,1.344266653060913,1.3418969593293137,1.3490060405241118,LOSS,-1,-7.0615407441823175,699.0925336740494
GBPUSD,SELL,2026-01-21 18:00:00+00:00,2026-01-21 19:00:00+00:00,2026-01-22 10:00:00+00:00,1.3421918153762817,1.3447709691028038,1.3370335079232374,LOSS,-1,-6.990925336740494,692.1016083373089
GBPUSD,SELL,2026-01-22 11:00:00+00:00,2026-01-22 12:00:00+00:00,2026-01-22 14:00:00+00:00,1.3419756889343262,1.344565554165471,1.3367959584720364,LOSS,-1,-6.92101608337309,685.1805922539359
GBPUSD,BUY,2026-01-22 19:00:00+00:00,2026-01-22 20:00:00+00:00,2026-01-23 15:00:00+00:00,1.3490543365478516,1.3462985008596375,1.3545660079242798,WIN,2,13.703611845078717,698.8842040990146
GBPUSD,BUY,2026-01-26 07:00:00+00:00,2026-01-26 08:00:00+00:00,2026-01-26 15:00:00+00:00,1.3651504516601562,1.3626862135597035,1.3700789278610617,WIN,2,13.977684081980293,712.8618881809949
GBPUSD,BUY,2026-01-26 17:00:00+00:00,2026-01-26 18:00:00+00:00,2026-01-27 12:00:00+00:00,1.368738055229187,1.3661162008730934,1.373981763941374,WIN,2,14.257237763619898,727.1191259446148
GBPUSD,BUY,2026-01-27 15:00:00+00:00,2026-01-27 16:00:00+00:00,2026-01-27 20:00:00+00:00,1.3754022121429443,1.372397320910471,1.381411994607891,WIN,2,14.542382518892296,741.6615084635071
GBPUSD,BUY,2026-01-28 00:00:00+00:00,2026-01-28 01:00:00+00:00,2026-01-28 08:00:00+00:00,1.3815399408340454,1.3779768577013405,1.3886661070994553,LOSS,-1,-7.416615084635071,734.244893378872
GBPUSD,BUY,2026-01-28 12:00:00+00:00,2026-01-28 13:00:00+00:00,2026-01-28 15:00:00+00:00,1.3793293237686157,1.376070375339894,1.385847220626059,LOSS,-1,-7.34244893378872,726.9024444450832
GBPUSD,BUY,2026-01-28 19:00:00+00:00,2026-01-28 20:00:00+00:00,2026-01-29 15:00:00+00:00,1.3795957565307617,1.375804000888812,1.3871792678146613,LOSS,-1,-7.2690244444508325,719.6334200006324
GBPUSD,BUY,2026-01-29 20:00:00+00:00,2026-01-29 21:00:00+00:00,2026-01-30 01:00:00+00:00,1.380643367767334,1.3772034137226885,1.387523275856625,LOSS,-1,-7.196334200006325,712.4370858006262
GBPUSD,SELL,2026-02-03 10:00:00+00:00,2026-02-03 11:00:00+00:00,2026-02-03 13:00:00+00:00,1.3655978441238403,1.3683735645699202,1.3600464032316806,LOSS,-1,-7.1243708580062615,705.3127149426199
GBPUSD,SELL,2026-02-04 15:00:00+00:00,2026-02-04 16:00:00+00:00,2026-02-05 06:00:00+00:00,1.3664562702178955,1.3691698411856106,1.3610291282824654,WIN,2,14.106254298852399,719.4189692414723
GBPUSD,SELL,2026-02-05 10:00:00+00:00,2026-02-05 11:00:00+00:00,2026-02-05 11:00:00+00:00,1.3586218357086182,1.361390525938462,1.3530844552489305,LOSS,-1,-7.194189692414723,712.2247795490575
GBPUSD,SELL,2026-02-05 16:00:00+00:00,2026-02-05 17:00:00+00:00,2026-02-06 11:00:00+00:00,1.354921817779541,1.3588363142894742,1.3470928247596745,LOSS,-1,-7.122247795490575,705.102531753567
GBPUSD,SELL,2026-02-09 08:00:00+00:00,2026-02-09 09:00:00+00:00,2026-02-09 11:00:00+00:00,1.3601926565170288,1.3624930962530095,1.3555917770450672,LOSS,-1,-7.05102531753567,698.0515064360313
GBPUSD,BUY,2026-02-09 13:00:00+00:00,2026-02-09 14:00:00+00:00,2026-02-11 10:00:00+00:00,1.3651504516601562,1.3624317828643109,1.3705877892518472,WIN,2,13.961030128720626,712.0125365647519
GBPUSD,BUY,2026-02-11 11:00:00+00:00,2026-02-11 12:00:00+00:00,2026-02-11 13:00:00+00:00,1.369187831878662,1.3669319906823834,1.3736995142712196,LOSS,-1,-7.120125365647519,704.8924111991045
GBPUSD,SELL,2026-02-11 20:00:00+00:00,2026-02-11 21:00:00+00:00,2026-02-12 09:00:00+00:00,1.3621565103530884,1.365131519040633,1.3562064929779991,LOSS,-1,-7.048924111991044,697.8434870871134
GBPUSD,SELL,2026-02-12 10:00:00+00:00,2026-02-12 11:00:00+00:00,2026-02-12 14:00:00+00:00,1.3639029264450073,1.3662957401423792,1.3591172990502636,LOSS,-1,-6.978434870871134,690.8650522162422
GBPUSD,SELL,2026-02-12 16:00:00+00:00,2026-02-12 17:00:00+00:00,2026-02-16 09:00:00+00:00,1.3630849123001099,1.3659719210850387,1.3573108947302523,LOSS,-1,-6.908650522162422,683.9564016940798
GBPUSD,SELL,2026-02-16 20:00:00+00:00,2026-02-16 21:00:00+00:00,2026-02-17 07:00:00+00:00,1.36306631565094,1.3645206812839887,1.3601575843848421,WIN,2,13.679128033881597,697.6355297279614
GBPUSD,SELL,2026-02-17 08:00:00+00:00,2026-02-17 09:00:00+00:00,2026-02-17 13:00:00+00:00,1.3588248491287231,1.3608734685426294,1.3547276103009105,WIN,2,13.952710594559228,711.5882403225206
GBPUSD,SELL,2026-02-17 16:00:00+00:00,2026-02-17 17:00:00+00:00,2026-02-17 20:00:00+00:00,1.3535646200180054,1.3562623586480491,1.3481691427579179,LOSS,-1,-7.115882403225206,704.4723579192954
GBPUSD,SELL,2026-02-18 10:00:00+00:00,2026-02-18 11:00:00+00:00,2026-02-18 17:00:00+00:00,1.3566864728927612,1.358523705616378,1.3530120074455279,WIN,2,14.089447158385909,718.5618050776814
GBPUSD,SELL,2026-02-19 01:00:00+00:00,2026-02-19 02:00:00+00:00,2026-02-19 08:00:00+00:00,1.3496187925338745,1.3515361539221191,1.3457840697573853,LOSS,-1,-7.185618050776814,711.3761870269045
GBPUSD,SELL,2026-02-19 13:00:00+00:00,2026-02-19 14:00:00+00:00,2026-02-20 13:00:00+00:00,1.3465112447738647,1.3486799460029013,1.3421738423157918,LOSS,-1,-7.1137618702690455,704.2624251566355
GBPUSD,SELL,2026-02-24 03:00:00+00:00,2026-02-24 04:00:00+00:00,2026-02-24 15:00:00+00:00,1.3488540649414062,1.3509440664087928,1.344674062006633,LOSS,-1,-7.042624251566354,697.2198009050691
GBPUSD,BUY,2026-02-25 15:00:00+00:00,2026-02-25 16:00:00+00:00,2026-02-26 15:00:00+00:00,1.3535280227661133,1.3512924296659956,1.3579992089663486,LOSS,-1,-6.9721980090506905,690.2476028960184
GBPUSD,SELL,2026-02-26 18:00:00+00:00,2026-02-26 19:00:00+00:00,2026-02-27 03:00:00+00:00,1.3466018438339233,1.3495061789879577,1.340793173525855,LOSS,-1,-6.9024760289601845,683.3451268670582
GBPUSD,SELL,2026-03-02 00:00:00+00:00,2026-03-02 01:00:00+00:00,2026-03-02 07:00:00+00:00,1.3432555198669434,1.346345012021515,1.3370765355578003,WIN,2,13.666902537341164,697.0120294043993
GBPUSD,SELL,2026-03-02 09:00:00+00:00,2026-03-02 10:00:00+00:00,2026-03-02 11:00:00+00:00,1.337524175643921,1.3411888298852002,1.3301948671613624,LOSS,-1,-6.970120294043993,690.0419091103553
GBPUSD,SELL,2026-03-02 20:00:00+00:00,2026-03-02 21:00:00+00:00,2026-03-03 08:00:00+00:00,1.3402310609817505,1.3445682504400145,1.3315566820652225,WIN,2,13.800838182207105,703.8427472925624
GBPUSD,SELL,2026-03-03 12:00:00+00:00,2026-03-03 13:00:00+00:00,2026-03-03 18:00:00+00:00,1.3322497606277466,1.3360769792616891,1.3245953233598617,LOSS,-1,-7.038427472925624,696.8043198196368
GBPUSD,SELL,2026-03-03 22:00:00+00:00,2026-03-03 23:00:00+00:00,2026-03-04 10:00:00+00:00,1.3351670503616333,1.338945188697337,1.3276107736902258,LOSS,-1,-6.968043198196368,689.8362766214404
GBPUSD,SELL,2026-03-04 18:00:00+00:00,2026-03-04 19:00:00+00:00,2026-03-06 16:00:00+00:00,1.335220456123352,1.339042979037726,1.327575410294604,LOSS,-1,-6.8983627662144045,682.937913855226
GBPUSD,BUY,2026-03-06 21:00:00+00:00,2026-03-06 22:00:00+00:00,2026-03-09 00:00:00+00:00,1.3413636684417725,1.3379055031436036,1.3482799990381102,LOSS,-1,-6.829379138552261,676.1085347166738
GBPUSD,SELL,2026-03-09 02:00:00+00:00,2026-03-09 03:00:00+00:00,2026-03-09 09:00:00+00:00,1.3309022188186646,1.3349259501343,1.3228547561873938,LOSS,-1,-6.7610853471667385,669.3474493695071
GBPUSD,BUY,2026-03-09 19:00:00+00:00,2026-03-09 20:00:00+00:00,2026-03-11 22:00:00+00:00,1.343075156211853,1.339061428429893,1.351102611775773,LOSS,-1,-6.693474493695071,662.6539748758121
GBPUSD,SELL,2026-03-11 23:00:00+00:00,2026-03-12 00:00:00+00:00,2026-03-12 11:00:00+00:00,1.338186502456665,1.3409073584990499,1.3327447903718954,LOSS,-1,-6.626539748758121,656.027435127054
GBPUSD,SELL,2026-03-12 12:00:00+00:00,2026-03-12 13:00:00+00:00,2026-03-13 06:00:00+00:00,1.3381328582763672,1.3408579410558736,1.3326826927173543,WIN,2,13.12054870254108,669.1479838295951
GBPUSD,SELL,2026-03-13 13:00:00+00:00,2026-03-13 14:00:00+00:00,2026-03-16 13:00:00+00:00,1.3276686668395996,1.330561918937537,1.321882162643725,LOSS,-1,-6.691479838295951,662.4565039912991
GBPUSD,SELL,2026-03-17 05:00:00+00:00,2026-03-17 06:00:00+00:00,2026-03-17 07:00:00+00:00,1.3286017179489136,1.3309025276701776,1.3240000985063853,LOSS,-1,-6.624565039912991,655.8319389513861
GBPUSD,BUY,2026-03-17 17:00:00+00:00,2026-03-17 18:00:00+00:00,2026-03-18 12:00:00+00:00,1.336074948310852,1.3334682523643253,1.3412883402039055,LOSS,-1,-6.558319389513861,649.2736195618722
GBPUSD,SELL,2026-03-18 21:00:00+00:00,2026-03-18 22:00:00+00:00,2026-03-19 12:00:00+00:00,1.3267807960510254,1.329803048587362,1.3207362909783522,LOSS,-1,-6.492736195618723,642.7808833662535
GBPUSD,BUY,2026-03-20 01:00:00+00:00,2026-03-20 02:00:00+00:00,2026-03-20 09:00:00+00:00,1.3416119813919067,1.3383523099669343,1.3481313242418518,LOSS,-1,-6.427808833662535,636.353074532591
GBPUSD,BUY,2026-03-20 11:00:00+00:00,2026-03-20 12:00:00+00:00,2026-03-20 13:00:00+00:00,1.3397642374038696,1.3367937484525338,1.3457052153065412,LOSS,-1,-6.36353074532591,629.9895437872651
GBPUSD,SELL,2026-03-23 00:00:00+00:00,2026-03-23 01:00:00+00:00,2026-03-23 11:00:00+00:00,1.3319783210754395,1.3354371201840096,1.3250607228582991,LOSS,-1,-6.299895437872651,623.6896483493924
GBPUSD,BUY,2026-03-23 14:00:00+00:00,2026-03-23 15:00:00+00:00,2026-03-23 16:00:00+00:00,1.3443354368209839,1.338403753794626,1.3561988028736993,LOSS,-1,-6.236896483493925,617.4527518658984
GBPUSD,BUY,2026-03-24 09:00:00+00:00,2026-03-24 10:00:00+00:00,2026-03-24 17:00:00+00:00,1.3403891324996948,1.3363909840083952,1.3483854294822943,LOSS,-1,-6.1745275186589845,611.2782243472394
GBPUSD,BUY,2026-03-24 20:00:00+00:00,2026-03-24 21:00:00+00:00,2026-03-25 07:00:00+00:00,1.3412772417068481,1.337303773964119,1.3492241771923066,LOSS,-1,-6.112782243472394,605.1654421037671
GBPUSD,BUY,2026-03-25 08:00:00+00:00,2026-03-25 09:00:00+00:00,2026-03-25 13:00:00+00:00,1.3406568765640259,1.3374783697398693,1.3470138902123387,LOSS,-1,-6.051654421037671,599.1137876827294
GBPUSD,SELL,2026-03-25 18:00:00+00:00,2026-03-25 19:00:00+00:00,2026-03-27 11:00:00+00:00,1.3364124298095703,1.3397508022157978,1.3297356849971154,WIN,2,11.982275753654587,611.0960634363839
GBPUSD,SELL,2026-03-27 13:00:00+00:00,2026-03-27 14:00:00+00:00,2026-03-27 15:00:00+00:00,1.3300048112869263,1.3323487617663476,1.3253169103280837,LOSS,-1,-6.110960634363839,604.98510280202
GBPUSD,SELL,2026-03-30 01:00:00+01:00,2026-03-30 02:00:00+01:00,2026-03-30 07:00:00+01:00,1.3253511190414429,1.3278694061524936,1.3203145448193412,LOSS,-1,-6.049851028020201,598.9352517739999
GBPUSD,SELL,2026-03-31 01:00:00+01:00,2026-03-31 02:00:00+01:00,2026-03-31 12:00:00+01:00,1.3200657367706299,1.3225993368002738,1.314998536711342,LOSS,-1,-5.989352517739999,592.9458992562598
GBPUSD,SELL,2026-03-31 15:00:00+01:00,2026-03-31 16:00:00+01:00,2026-03-31 17:00:00+01:00,1.3186888694763184,1.3221731437402424,1.3117203209484702,LOSS,-1,-5.929458992562599,587.0164402636973
GBPUSD,BUY,2026-04-01 11:00:00+01:00,2026-04-01 12:00:00+01:00,2026-04-02 02:00:00+01:00,1.330300211906433,1.3270506613508244,1.3367993130176508,LOSS,-1,-5.870164402636973,581.1462758610603
GBPUSD,SELL,2026-04-02 09:00:00+01:00,2026-04-02 10:00:00+01:00,2026-04-02 15:00:00+01:00,1.3201510906219482,1.3232791901266867,1.313894891612471,LOSS,-1,-5.811462758610603,575.3348131024497
GBPUSD,SELL,2026-04-03 13:00:00+01:00,2026-04-03 14:00:00+01:00,2026-04-06 08:00:00+01:00,1.321208119392395,1.3229208279430922,1.3177827022910007,LOSS,-1,-5.753348131024498,569.5814649714252
GBPUSD,BUY,2026-04-07 09:00:00+01:00,2026-04-07 10:00:00+01:00,2026-04-07 11:00:00+01:00,1.3282805681228638,1.326011208538866,1.332819287290859,LOSS,-1,-5.6958146497142526,563.885650321711
GBPUSD,BUY,2026-04-07 18:00:00+01:00,2026-04-07 19:00:00+01:00,2026-04-07 23:00:00+01:00,1.3263742923736572,1.3239024228065428,1.3313180315078859,WIN,2,11.277713006434219,575.1633633281451
GBPUSD,BUY,2026-04-08 14:00:00+01:00,2026-04-08 15:00:00+01:00,2026-04-08 18:00:00+01:00,1.34504234790802,1.3414826864604057,1.352161670803249,LOSS,-1,-5.751633633281451,569.4117296948637
GBPUSD,BUY,2026-04-08 20:00:00+01:00,2026-04-08 21:00:00+01:00,2026-04-13 17:00:00+01:00,1.3407683372497559,1.337203846880354,1.3478973179885596,WIN,2,11.388234593897273,580.799964288761
GBPUSD,BUY,2026-04-14 02:00:00+01:00,2026-04-14 03:00:00+01:00,2026-04-14 10:00:00+01:00,1.3505738973617554,1.3486222729315311,1.354477146222204,WIN,2,11.615999285775219,592.4159635745362
GBPUSD,BUY,2026-04-14 16:00:00+01:00,2026-04-14 17:00:00+01:00,2026-04-16 10:00:00+01:00,1.3561583757400513,1.3539386997275127,1.3605977277651284,LOSS,-1,-5.9241596357453625,586.4918039387909
GBPUSD,BUY,2026-04-17 15:00:00+01:00,2026-04-17 16:00:00+01:00,2026-04-17 18:00:00+01:00,1.35694420337677,1.3544732233792394,1.3618861633718313,LOSS,-1,-5.864918039387909,580.626885899403
GBPUSD,SELL,2026-04-21 20:00:00+01:00,2026-04-21 21:00:00+01:00,2026-04-21 21:00:00+01:00,1.3481031656265259,1.3508255867917778,1.342658323296022,LOSS,-1,-5.80626885899403,574.8206170404089
GBPUSD,SELL,2026-04-23 03:00:00+01:00,2026-04-23 04:00:00+01:00,2026-04-23 09:00:00+01:00,1.348557710647583,1.3505053584408335,1.3446624150610822,LOSS,-1,-5.74820617040409,569.0724108700049
GBPUSD,SELL,2026-04-23 11:00:00+01:00,2026-04-23 12:00:00+01:00,2026-04-23 12:00:00+01:00,1.3485467433929443,1.3504947546820383,1.3446507208147567,LOSS,-1,-5.690724108700049,563.3816867613049
GBPUSD,SELL,2026-04-23 13:00:00+01:00,2026-04-23 14:00:00+01:00,2026-04-23 15:00:00+01:00,1.3487558364868164,1.3509488065760715,1.3443698963083062,LOSS,-1,-5.6338168676130485,557.7478698936918
GBPUSD,SELL,2026-04-23 16:00:00+01:00,2026-04-23 17:00:00+01:00,2026-04-24 16:00:00+01:00,1.3492581844329834,1.351680212190155,1.3444141289186402,LOSS,-1,-5.577478698936918,552.1703911947549
GBPUSD,BUY,2026-04-24 18:00:00+01:00,2026-04-24 19:00:00+01:00,2026-04-27 09:00:00+01:00,1.3518006801605225,1.3498549926964074,1.3556920550887523,WIN,2,11.043407823895098,563.21379901865
GBPUSD,BUY,2026-04-27 12:00:00+01:00,2026-04-27 13:00:00+01:00,2026-04-27 14:00:00+01:00,1.356042504310608,1.354390939803242,1.3593456333253393,LOSS,-1,-5.6321379901865,557.5816610284635
GBPUSD,BUY,2026-04-27 22:00:00+01:00,2026-04-27 23:00:00+01:00,2026-04-28 06:00:00+01:00,1.3535462617874146,1.3519015060300943,1.3568357733020548,LOSS,-1,-5.575816610284635,552.0058444181789
GBPUSD,SELL,2026-04-28 13:00:00+01:00,2026-04-28 14:00:00+01:00,2026-04-28 16:00:00+01:00,1.3490906953811646,1.3511162494755482,1.3450395871923972,LOSS,-1,-5.520058444181789,546.485785973997
GBPUSD,SELL,2026-04-29 06:00:00+01:00,2026-04-29 07:00:00+01:00,2026-04-29 14:00:00+01:00,1.3505666255950928,1.3520606919537772,1.347578492877724,WIN,2,10.929715719479942,557.415501693477
GBPUSD,BUY,2026-05-01 05:00:00+01:00,2026-05-01 06:00:00+01:00,2026-05-01 13:00:00+01:00,1.35963773727417,1.3576261156759533,1.3636609804706032,WIN,2,11.14831003386954,568.5638117273465
GBPUSD,BUY,2026-05-01 15:00:00+01:00,2026-05-01 16:00:00+01:00,2026-05-01 18:00:00+01:00,1.3623607158660889,1.3597685097342527,1.3675451281297613,LOSS,-1,-5.685638117273466,562.8781736100731
GBPUSD,BUY,2026-05-04 06:00:00+01:00,2026-05-04 07:00:00+01:00,2026-05-04 08:00:00+01:00,1.3593051433563232,1.3572026905504229,1.3635100489681238,LOSS,-1,-5.628781736100731,557.2493918739724
GBPUSD,SELL,2026-05-04 17:00:00+01:00,2026-05-04 18:00:00+01:00,2026-05-05 09:00:00+01:00,1.3519724607467651,1.3545715427676903,1.346774296704915,LOSS,-1,-5.572493918739724,551.6768979552327
GBPUSD,BUY,2026-05-06 01:00:00+01:00,2026-05-06 02:00:00+01:00,2026-05-06 09:00:00+01:00,1.3576626777648926,1.3555722586977106,1.3618435158992568,WIN,2,11.033537959104654,562.7104359143374
GBPUSD,BUY,2026-05-06 12:00:00+01:00,2026-05-06 13:00:00+01:00,2026-05-06 16:00:00+01:00,1.362342119216919,1.3598788384523106,1.3672686807461356,LOSS,-1,-5.627104359143374,557.083331555194
GBPUSD,BUY,2026-05-06 18:00:00+01:00,2026-05-06 19:00:00+01:00,2026-05-07 20:00:00+01:00,1.3593790531158447,1.3570169939800967,1.3641031713873406,LOSS,-1,-5.5708333155519405,551.5124982396421
GBPUSD,SELL,2026-05-07 23:00:00+01:00,2026-05-08 00:00:00+01:00,2026-05-08 05:00:00+01:00,1.3547749519348145,1.356847014882672,1.3506308260390996,LOSS,-1,-5.515124982396421,545.9973732572457
GBPUSD,BUY,2026-05-08 11:00:00+01:00,2026-05-08 12:00:00+01:00,2026-05-11 05:00:00+01:00,1.3604146242141724,1.3583318328534444,1.3645802069356283,LOSS,-1,-5.4599737325724575,540.5373995246732
GBPUSD,BUY,2026-05-11 09:00:00+01:00,2026-05-11 10:00:00+01:00,2026-05-11 11:00:00+01:00,1.3608219623565674,1.3590384651909173,1.3643889566878677,LOSS,-1,-5.405373995246732,535.1320255294265
GBPUSD,BUY,2026-05-11 12:00:00+01:00,2026-05-11 13:00:00+01:00,2026-05-11 16:00:00+01:00,1.360710859298706,1.3587240451745461,1.364684487547026,WIN,2,10.70264051058853,545.834666040015
GBPUSD,SELL,2026-05-12 06:00:00+01:00,2026-05-12 07:00:00+01:00,2026-05-12 08:00:00+01:00,1.3577731847763062,1.359531702272264,1.3542561497843904,WIN,2,10.9166933208003,556.7513593608153
GBPUSD,SELL,2026-05-12 10:00:00+01:00,2026-05-12 11:00:00+01:00,2026-05-13 13:00:00+01:00,1.3538944721221924,1.3563033218515792,1.3490767726634187,WIN,2,11.135027187216306,567.8863865480316
GBPUSD,SELL,2026-05-13 14:00:00+01:00,2026-05-13 15:00:00+01:00,2026-05-14 17:00:00+01:00,1.3514792919158936,1.353858705309241,1.3467204651291986,WIN,2,11.357727730960633,579.2441142789922
GBPUSD,SELL,2026-05-15 11:00:00+01:00,2026-05-15 12:00:00+01:00,2026-05-15 16:00:00+01:00,1.3383476734161377,1.3412064424468608,1.3326301353546917,WIN,2,11.584882285579845,590.8289965645721
GBPUSD,SELL,2026-05-15 21:00:00+01:00,2026-05-15 22:00:00+01:00,2026-05-18 07:00:00+01:00,1.3323917388916016,1.3350109987078287,1.3271532192591473,LOSS,-1,-5.908289965645721,584.9207065989264
GBPUSD,SELL,2026-05-18 11:00:00+01:00,2026-05-18 12:00:00+01:00,2026-05-18 12:00:00+01:00,1.334899663925171,1.3374183122234402,1.3298623673286325,LOSS,-1,-5.849207065989264,579.0714995329371
GBPUSD,SELL,2026-05-20 02:00:00+01:00,2026-05-20 03:00:00+01:00,2026-05-20 05:00:00+01:00,1.3386881351470947,1.340588876792201,1.3348866518568825,LOSS,-1,-5.790714995329371,573.2807845376077
GBPUSD,SELL,2026-05-20 14:00:00+01:00,2026-05-20 15:00:00+01:00,2026-05-20 15:00:00+01:00,1.33931565284729,1.3412880218124903,1.3353709149168895,LOSS,-1,-5.732807845376077,567.5479766922316
GBPUSD,BUY,2026-05-22 17:00:00+01:00,2026-05-22 18:00:00+01:00,2026-05-25 00:00:00+01:00,1.3445197343826294,1.3426256688156117,1.3483078655166647,WIN,2,11.350959533844632,578.8989362260762
GBPUSD,BUY,2026-05-25 03:00:00+01:00,2026-05-25 04:00:00+01:00,2026-05-26 14:00:00+01:00,1.3478542566299438,1.3458794559568994,1.3518038579760328,LOSS,-1,-5.788989362260763,573.1099468638155
GBPUSD,SELL,2026-05-26 19:00:00+01:00,2026-05-26 20:00:00+01:00,2026-05-27 00:00:00+01:00,1.3443931341171265,1.3459111951155511,1.341357012120277,LOSS,-1,-5.731099468638155,567.3788473951773
GBPUSD,SELL,2026-05-28 06:00:00+01:00,2026-05-28 07:00:00+01:00,2026-05-28 13:00:00+01:00,1.339261770248413,1.3412255310032253,1.335334248738789,LOSS,-1,-5.673788473951773,561.7050589212256
GBPUSD,SELL,2026-05-28 14:00:00+01:00,2026-05-28 15:00:00+01:00,2026-05-28 15:00:00+01:00,1.3411656618118286,1.3432300480340953,1.3370368893672953,LOSS,-1,-5.617050589212256,556.0880083320134
GBPUSD,SELL,2026-05-29 09:00:00+01:00,2026-05-29 10:00:00+01:00,2026-05-29 12:00:00+01:00,1.3410578966140747,1.3427146722784418,1.3377443452853408,LOSS,-1,-5.560880083320134,550.5271282486932
GBPUSD,BUY,2026-05-29 15:00:00+01:00,2026-05-29 16:00:00+01:00,2026-05-29 18:00:00+01:00,1.3480722904205322,1.3459928172168654,1.352231236827866,LOSS,-1,-5.505271282486932,545.0218569662063
GBPUSD,BUY,2026-06-01 17:00:00+01:00,2026-06-01 18:00:00+01:00,2026-06-03 13:00:00+01:00,1.346130609512329,1.3438040342168485,1.3507837601032906,LOSS,-1,-5.450218569662063,539.5716383965442
GBPUSD,SELL,2026-06-04 17:00:00+01:00,2026-06-04 18:00:00+01:00,2026-06-05 09:00:00+01:00,1.343562364578247,1.345176735256776,1.3403336232211893,LOSS,-1,-5.395716383965443,534.1759220125788
GBPUSD,BUY,2026-06-05 12:00:00+01:00,2026-06-05 13:00:00+01:00,2026-06-05 13:00:00+01:00,1.3468738794326782,1.3454672590432162,1.3496871202116023,LOSS,-1,-5.3417592201257875,528.834162792453
GBPUSD,SELL,2026-06-05 14:00:00+01:00,2026-06-05 15:00:00+01:00,2026-06-05 17:00:00+01:00,1.3399616479873657,1.3420789656662142,1.3357270126296685,WIN,2,10.57668325584906,539.410846048302
GBPUSD,SELL,2026-06-08 01:00:00+01:00,2026-06-08 02:00:00+01:00,2026-06-08 10:00:00+01:00,1.335006594657898,1.3370622127023988,1.3308953585688963,WIN,2,10.78821692096604,550.1990629692681
GBPUSD,SELL,2026-06-08 13:00:00+01:00,2026-06-08 14:00:00+01:00,2026-06-09 09:00:00+01:00,1.3351134061813354,1.337608467306735,1.3301232839305366,LOSS,-1,-5.501990629692681,544.6970723395754
GBPUSD,BUY,2026-06-10 14:00:00+01:00,2026-06-10 15:00:00+01:00,2026-06-10 16:00:00+01:00,1.3408780097961426,1.338725652943839,1.34518272350075,LOSS,-1,-5.446970723395753,539.2501016161796
GBPUSD,SELL,2026-06-11 01:00:00+01:00,2026-06-11 02:00:00+01:00,2026-06-11 15:00:00+01:00,1.3372559547424316,1.3392492626171997,1.3332693389928958,WIN,2,10.785002032323591,550.0351036485032
GBPUSD,SELL,2026-06-11 16:00:00+01:00,2026-06-11 17:00:00+01:00,2026-06-11 18:00:00+01:00,1.3336178064346313,1.3358445298262174,1.329164359651459,LOSS,-1,-5.500351036485032,544.5347526120181
GBPUSD,BUY,2026-06-11 21:00:00+01:00,2026-06-11 22:00:00+01:00,2026-06-12 08:00:00+01:00,1.3417775630950928,1.3389354517535943,1.34746178577809,LOSS,-1,-5.445347526120181,539.089405085898
GBPUSD,BUY,2026-06-12 09:00:00+01:00,2026-06-12 10:00:00+01:00,2026-06-12 13:00:00+01:00,1.3415075540542603,1.3391138744990299,1.346294913164721,LOSS,-1,-5.3908940508589795,533.698511035039
GBPUSD,BUY,2026-06-12 14:00:00+01:00,2026-06-12 15:00:00+01:00,2026-06-15 00:00:00+01:00,1.339943766593933,1.337550911883403,1.344729476014993,WIN,2,10.673970220700781,544.3724812557398
GBPUSD,BUY,2026-06-15 10:00:00+01:00,2026-06-15 11:00:00+01:00,2026-06-16 02:00:00+01:00,1.3426424264907837,1.3406415371984977,1.3466442050753555,LOSS,-1,-5.443724812557398,538.9287564431824
GBPUSD,SELL,2026-06-16 06:00:00+01:00,2026-06-16 07:00:00+01:00,2026-06-16 08:00:00+01:00,1.339261770248413,1.3408161334755497,1.3361530437941396,LOSS,-1,-5.389287564431823,533.5394688787505
GBPUSD,BUY,2026-06-16 09:00:00+01:00,2026-06-16 10:00:00+01:00,2026-06-16 13:00:00+01:00,1.3424980640411377,1.34086149294361,1.3457712062361928,LOSS,-1,-5.335394688787505,528.2040741899631
GBPUSD,BUY,2026-06-16 15:00:00+01:00,2026-06-16 16:00:00+01:00,2026-06-17 09:00:00+01:00,1.342822551727295,1.3409347734094932,1.3465981083628986,LOSS,-1,-5.282040741899631,522.9220334480634
GBPUSD,SELL,2026-06-17 14:00:00+01:00,2026-06-17 15:00:00+01:00,2026-06-17 19:00:00+01:00,1.3406982421875,1.3421698222517335,1.337755082059033,WIN,2,10.458440668961268,533.3804741170247
GBPUSD,SELL,2026-06-18 03:00:00+01:00,2026-06-18 04:00:00+01:00,2026-06-18 09:00:00+01:00,1.331238865852356,1.3336204763969732,1.3264756447631214,WIN,2,10.667609482340495,544.0480835993652
GBPUSD,SELL,2026-06-18 14:00:00+01:00,2026-06-18 15:00:00+01:00,2026-06-19 05:00:00+01:00,1.3238195180892944,1.326833001777381,1.3177925507131214,WIN,2,10.880961671987304,554.9290452713525
GBPUSD,SELL,2026-06-19 06:00:00+01:00,2026-06-19 07:00:00+01:00,2026-06-19 09:00:00+01:00,1.318913221359253,1.3215319289127991,1.3136758062521605,LOSS,-1,-5.549290452713525,549.379754818639
GBPUSD,SELL,2026-06-19 14:00:00+01:00,2026-06-19 15:00:00+01:00,2026-06-22 11:00:00+01:00,1.321999430656433,1.3245371256630203,1.3169240406432585,LOSS,-1,-5.493797548186389,543.8859572704525
GBPUSD,SELL,2026-06-23 05:00:00+01:00,2026-06-23 06:00:00+01:00,2026-06-23 15:00:00+01:00,1.323539137840271,1.3254191510625168,1.3197791113957793,WIN,2,10.877719145409051,554.7636764158616
GBPUSD,SELL,2026-06-24 14:00:00+01:00,2026-06-24 15:00:00+01:00,2026-06-25 05:00:00+01:00,1.3161704540252686,1.3184740283588445,1.3115633053581164,LOSS,-1,-5.547636764158616,549.216039651703
GBPUSD,SELL,2026-06-25 07:00:00+01:00,2026-06-25 08:00:00+01:00,2026-06-25 09:00:00+01:00,1.3174710273742676,1.3193142821727648,1.313784517777273,LOSS,-1,-5.49216039651703,543.7238792551859
GBPUSD,SELL,2026-06-25 11:00:00+01:00,2026-06-25 12:00:00+01:00,2026-06-25 14:00:00+01:00,1.3168463706970215,1.3188022743474477,1.3129345633961693,LOSS,-1,-5.4372387925518595,538.2866404626341
GBPUSD,SELL,2026-06-26 03:00:00+01:00,2026-06-26 04:00:00+01:00,2026-06-26 06:00:00+01:00,1.3183741569519043,1.3203248375332244,1.314472795789264,LOSS,-1,-5.38286640462634,532.9037740580077
GBPUSD,BUY,2026-06-29 14:00:00+01:00,2026-06-29 15:00:00+01:00,2026-06-30 12:00:00+01:00,1.323766827583313,1.321976153815617,1.3273481751187048,LOSS,-1,-5.329037740580077,527.5747363174276
GBPUSD,BUY,2026-06-30 15:00:00+01:00,2026-06-30 16:00:00+01:00,2026-06-30 17:00:00+01:00,1.3272457122802734,1.3250208692531966,1.331695398334427,LOSS,-1,-5.2757473631742755,522.2989889542532
GBPUSD,BUY,2026-07-01 07:00:00+01:00,2026-07-01 08:00:00+01:00,2026-07-01 14:00:00+01:00,1.3243980407714844,1.322837888694117,1.3275183449262191,LOSS,-1,-5.222989889542532,517.0759990647107
GBPUSD,BUY,2026-07-02 12:00:00+01:00,2026-07-02 13:00:00+01:00,2026-07-02 13:00:00+01:00,1.3309907913208008,1.3286658878580166,1.3356405982463688,WIN,2,10.341519981294214,527.4175190460049
GBPUSD,BUY,2026-07-02 16:00:00+01:00,2026-07-02 17:00:00+01:00,2026-07-06 08:00:00+01:00,1.3362374305725098,1.3331318424940468,1.342448606729436,LOSS,-1,-5.274175190460049,522.1433438555449
GBPUSD,BUY,2026-07-06 14:00:00+01:00,2026-07-06 15:00:00+01:00,2026-07-06 18:00:00+01:00,1.334614634513855,1.3330189926314302,1.3378059182787048,WIN,2,10.442866877110898,532.5862107326558
GBPUSD,BUY,2026-07-06 21:00:00+01:00,2026-07-06 22:00:00+01:00,2026-07-07 11:00:00+01:00,1.3387060165405273,1.3371331903146415,1.3418516689922988,LOSS,-1,-5.325862107326558,527.2603486253292
GBPUSD,BUY,2026-07-07 15:00:00+01:00,2026-07-07 16:00:00+01:00,2026-07-07 20:00:00+01:00,1.337846279144287,1.3361058652370907,1.34132710695868,LOSS,-1,-5.272603486253293,521.987745139076
GBPUSD,BUY,2026-07-08 18:00:00+01:00,2026-07-08 19:00:00+01:00,2026-07-10 03:00:00+01:00,1.3395309448242188,1.337113850712443,1.3443651330477704,WIN,2,10.43975490278152,532.4275000418575
GBPUSD,BUY,2026-07-10 04:00:00+01:00,2026-07-10 05:00:00+01:00,2026-07-10 09:00:00+01:00,1.3438873291015625,1.3420622856187516,1.3475374160671845,LOSS,-1,-5.324275000418575,527.1032250414389
GBPUSD,BUY,2026-07-10 11:00:00+01:00,2026-07-10 12:00:00+01:00,2026-07-10 13:00:00+01:00,1.3435803651809692,1.3416847001966588,1.34737169514959,LOSS,-1,-5.27103225041439,521.8321927910246
GBPUSD,BUY,2026-07-10 16:00:00+01:00,2026-07-10 17:00:00+01:00,2026-07-10 18:00:00+01:00,1.3421196937561035,1.3401128191987302,1.3461334428708505,LOSS,-1,-5.218321927910246,516.6138708631144
GBPUSD,SELL,2026-07-13 17:00:00+01:00,2026-07-13 18:00:00+01:00,2026-07-14 12:00:00+01:00,1.336290955543518,1.3383842999214086,1.332104266787737,LOSS,-1,-5.166138708631144,511.4477321544832
GBPUSD,BUY,2026-07-14 21:00:00+01:00,2026-07-14 22:00:00+01:00,2026-07-15 14:00:00+01:00,1.3387418985366821,1.3364536688908586,1.3433183578283294,WIN,2,10.228954643089665,521.6766867975729
GBPUSD,BUY,2026-07-16 06:00:00+01:00,2026-07-16 07:00:00+01:00,2026-07-16 10:00:00+01:00,1.3531616926193237,1.3511502504612702,1.3571845769354307,LOSS,-1,-5.216766867975728,516.4599199295972
GBPUSD,BUY,2026-07-16 14:00:00+01:00,2026-07-16 15:00:00+01:00,2026-07-16 15:00:00+01:00,1.3510043621063232,1.349020753385898,1.3549715795471737,LOSS,-1,-5.164599199295972,511.29532073030117
GBPUSD,SELL,2026-07-20 16:00:00+01:00,2026-07-20 17:00:00+01:00,2026-07-20 19:00:00+01:00,1.3418675661087036,1.3437356170749317,1.3381314641762472,LOSS,-1,-5.112953207303012,506.18236752299816
GBPUSD,SELL,2026-07-20 22:00:00+01:00,2026-07-20 23:00:00+01:00,2026-07-21 06:00:00+01:00,1.3427324295043945,1.3444220939350402,1.339353100643103,LOSS,-1,-5.061823675229982,501.1205438477682
GBPUSD,SELL,2026-07-21 11:00:00+01:00,2026-07-21 12:00:00+01:00,2026-07-21 13:00:00+01:00,1.341849684715271,1.3434676706758486,1.3386137127941158,WIN,2,10.022410876955364,511.14295472472355
GBPUSD,SELL,2026-07-21 17:00:00+01:00,2026-07-21 18:00:00+01:00,2026-07-23 13:00:00+01:00,1.338401436805725,1.3405880771146421,1.3340281561878908,WIN,2,10.22285909449447,521.365813819218
GBPUSD,SELL,2026-07-23 23:00:00+01:00,2026-07-24 00:00:00+01:00,2026-07-24 08:00:00+01:00,1.3316820859909058,1.3332809152800935,1.3284844274125303,LOSS,-1,-5.21365813819218,516.1521556810259
GBPUSD,SELL,2026-07-24 09:00:00+01:00,2026-07-24 10:00:00+01:00,2026-07-24 16:00:00+01:00,1.3320900201797485,1.3336979960262012,1.3288740684868432,LOSS,-1,-5.161521556810259,510.9906341242156
GBPUSD,SELL,2026-07-24 18:00:00+01:00,2026-07-24 19:00:00+01:00,2026-07-27 00:00:00+01:00,1.3325515985488892,1.3344806749124518,1.3286934458217639,LOSS,-1,-5.109906341242156,505.88072778297345
GBPUSD,SELL,2026-07-27 08:00:00+01:00,2026-07-27 09:00:00+01:00,2026-07-27 15:00:00+01:00,1.333742380142212,1.3354183117250915,1.3303905169764527,WIN,2,10.11761455565947,515.9983423386329
GBPUSD,SELL,2026-07-27 20:00:00+01:00,2026-07-27 21:00:00+01:00,2026-07-28 16:00:00+01:00,1.3292216062545776,1.330947466916527,1.325769884930679,LOSS,-1,-5.159983423386329,510.8383589152466
GBPUSD,SELL,2026-07-28 18:00:00+01:00,2026-07-28 19:00:00+01:00,2026-07-29 19:00:00+01:00,1.3292393684387207,1.3310084241908833,1.3257012569343956,LOSS,-1,-5.108383589152466,505.7299753260941
GBPUSD,BUY,2026-07-29 20:00:00+01:00,2026-07-29 21:00:00+01:00,2026-07-30 11:00:00+01:00,1.3345789909362793,1.3321621886034802,1.3394125956018772,WIN,2,10.114599506521882,515.844574832616
GBPUSD,BUY,2026-07-30 12:00:00+01:00,2026-07-30 13:00:00+01:00,2026-07-30 15:00:00+01:00,1.3389211893081665,1.3363968699818705,1.3439698279607586,WIN,2,10.31689149665232,526.1614663292684
GBPUSD,BUY,2026-07-31 01:00:00+01:00,2026-07-31 02:00:00+01:00,2026-07-31 09:00:00+01:00,1.3460400104522705,1.3437020728010143,1.3507158857547827,LOSS,-1,-5.261614663292684,520.8998516659757
GBPUSD,BUY,2026-07-31 15:00:00+01:00,2026-07-31 16:00:00+01:00,2026-08-03 16:00:00+01:00,1.3459675312042236,1.3431293659236536,1.3516438617653639,LOSS,-1,-5.208998516659757,515.6908531493159
GBPUSD,BUY,2026-08-04 12:00:00+01:00,2026-08-04 13:00:00+01:00,2026-08-05 12:00:00+01:00,1.3447909355163574,1.3433696547808465,1.347633496987379,WIN,2,10.313817062986319,526.0046702123022
GBPUSD,BUY,2026-08-06 06:00:00+01:00,2026-08-06 07:00:00+01:00,2026-08-06 16:00:00+01:00,1.3465293645858765,1.345271128059425,1.3490458376387795,LOSS,-1,-5.260046702123023,520.7446235101792
GBPUSD,BUY,2026-08-07 14:00:00+01:00,2026-08-07 15:00:00+01:00,2026-08-10 15:00:00+01:00,1.3489633798599243,1.3472106657419691,1.3524688080958347,WIN,2,10.414892470203583,531.1595159803827
GBPUSD,BUY,2026-08-10 17:00:00+01:00,2026-08-10 18:00:00+01:00,2026-08-11 08:00:00+01:00,1.3514243364334106,1.3499374429069462,1.3543981234863398,LOSS,-1,-5.311595159803828,525.8479208205789
GBPUSD,BUY,2026-08-11 09:00:00+01:00,2026-08-11 10:00:00+01:00,2026-08-12 13:00:00+01:00,1.3504570722579956,1.349174583178787,1.3530220504164128,WIN,2,10.516958416411578,536.3648792369905
GBPUSD,BUY,2026-08-12 14:00:00+01:00,2026-08-12 15:00:00+01:00,2026-08-12 15:00:00+01:00,1.352685809135437,1.3511662129729574,1.355725001460396,LOSS,-1,-5.363648792369905,531.0012304446207
GBPUSD,BUY,2026-08-14 09:00:00+01:00,2026-08-14 10:00:00+01:00,2026-08-14 13:00:00+01:00,1.352338194847107,1.3510842438854562,1.3548460967704086,WIN,2,10.620024608892413,541.6212550535131
GBPUSD,BUY,2026-08-14 17:00:00+01:00,2026-08-14 18:00:00+01:00,2026-08-18 08:00:00+01:00,1.3539679050445557,1.3522801024942916,1.3573435101450837,LOSS,-1,-5.416212550535131,536.205042502978
GBPUSD,BUY,2026-08-18 14:00:00+01:00,2026-08-18 15:00:00+01:00,2026-08-19 02:00:00+01:00,1.3542428016662598,1.3529075495585974,1.3569133058815845,LOSS,-1,-5.36205042502978,530.8429920779482
GBPUSD,BUY,2026-08-19 05:00:00+01:00,2026-08-19 06:00:00+01:00,2026-08-19 13:00:00+01:00,1.3542977571487427,1.3531274626585854,1.3566383461290572,WIN,2,10.616859841558965,541.4598519195072
GBPUSD,BUY,2026-08-19 18:00:00+01:00,2026-08-19 19:00:00+01:00,2026-08-20 09:00:00+01:00,1.359342098236084,1.3572753289336816,1.3634756368408885,WIN,2,10.829197038390143,552.2890489578973
GBPUSD,BUY,2026-08-20 12:00:00+01:00,2026-08-20 13:00:00+01:00,2026-08-21 10:00:00+01:00,1.3632521629333496,1.3613080082203879,1.367140472359273,WIN,2,11.045780979157946,563.3348299370552
GBPUSD,BUY,2026-08-21 16:00:00+01:00,2026-08-21 17:00:00+01:00,2026-08-26 11:00:00+01:00,1.3643122911453247,1.3620612195836175,1.368814434268739,LOSS,-1,-5.633348299370552,557.7014816376847
GBPUSD,SELL,2026-08-26 18:00:00+01:00,2026-08-26 19:00:00+01:00,2026-08-28 15:00:00+01:00,1.3594529628753662,1.3608896372611645,1.3565796141037696,WIN,2,11.154029632753693,568.8555112704383
GBPUSD,SELL,2026-08-31 00:00:00+01:00,2026-08-31 01:00:00+01:00,2026-08-31 15:00:00+01:00,1.354132890701294,1.3556815050000393,1.3510356621038033,LOSS,-1,-5.688555112704384,563.1669561577339
GBPUSD,SELL,2026-08-31 16:00:00+01:00,2026-08-31 17:00:00+01:00,2026-09-01 17:00:00+01:00,1.354921817779541,1.3565142902251237,1.3517368728883754,WIN,2,11.263339123154678,574.4302952808886
GBPUSD,SELL,2026-09-02 03:00:00+01:00,2026-09-02 04:00:00+01:00,2026-09-02 11:00:00+01:00,1.3507490158081055,1.352007849228292,1.348231348967732,WIN,2,11.488605905617773,585.9189011865063
GBPUSD,SELL,2026-09-02 15:00:00+01:00,2026-09-02 16:00:00+01:00,2026-09-03 16:00:00+01:00,1.3504570722579956,1.3523424024431638,1.3466864118876591,LOSS,-1,-5.859189011865063,580.0597121746413
GBPUSD,SELL,2026-09-07 03:00:00+01:00,2026-09-07 04:00:00+01:00,2026-09-07 07:00:00+01:00,1.3507490158081055,1.352148668571037,1.3479497102822422,LOSS,-1,-5.800597121746413,574.2591150528949
GBPUSD,BUY,2026-09-07 11:00:00+01:00,2026-09-07 12:00:00+01:00,2026-09-08 09:00:00+01:00,1.3539495468139648,1.3525304198100796,1.3567878008217353,LOSS,-1,-5.742591150528949,568.516523902366
GBPUSD,BUY,2026-09-08 12:00:00+01:00,2026-09-08 13:00:00+01:00,2026-09-10 12:00:00+01:00,1.3543345928192139,1.3528631712537535,1.3572774359501343,LOSS,-1,-5.68516523902366,562.8313586633424
GBPUSD,SELL,2026-09-10 14:00:00+01:00,2026-09-10 15:00:00+01:00,2026-09-14 09:00:00+01:00,1.3517714738845825,1.353610507045216,1.3480934075633155,WIN,2,11.256627173266848,574.0879858366092
GBPUSD,SELL,2026-09-14 10:00:00+01:00,2026-09-14 11:00:00+01:00,2026-09-14 17:00:00+01:00,1.3485448360443115,1.3500768053637746,1.3454808974053853,LOSS,-1,-5.740879858366092,568.3471059782431
GBPUSD,SELL,2026-09-14 20:00:00+01:00,2026-09-14 21:00:00+01:00,2026-09-16 12:00:00+01:00,1.3499102592468262,1.35167856793938,1.3463736418617185,WIN,2,11.366942119564863,579.714048097808
GBPUSD,SELL,2026-09-17 07:00:00+01:00,2026-09-17 08:00:00+01:00,2026-09-17 12:00:00+01:00,1.339818000793457,1.3415943445934106,1.3362653131935498,WIN,2,11.59428096195616,591.3083290597642
GBPUSD,SELL,2026-09-21 05:00:00+01:00,2026-09-21 06:00:00+01:00,2026-09-21 12:00:00+01:00,1.3378105163574219,1.3392056187992294,1.335020311473807,LOSS,-1,-5.913083290597642,585.3952457691665
GBPUSD,SELL,2026-09-21 14:00:00+01:00,2026-09-21 15:00:00+01:00,2026-09-22 09:00:00+01:00,1.3380253314971924,1.3394794671076258,1.3351170602763256,WIN,2,11.707904915383331,597.1031506845499
GBPUSD,SELL,2026-09-22 17:00:00+01:00,2026-09-22 18:00:00+01:00,2026-09-22 20:00:00+01:00,1.3329601287841797,1.3348802621590794,1.3291198620343805,LOSS,-1,-5.971031506845499,591.1321191777043
GBPUSD,SELL,2026-09-23 07:00:00+01:00,2026-09-23 08:00:00+01:00,2026-09-23 10:00:00+01:00,1.3318594694137573,1.3333198163907583,1.3289387754597557,WIN,2,11.822642383554086,602.9547615612585
