FOLD,TRAIN_START,TRAIN_END,EMBARGO_START,EMBARGO_END,TEST_START,TEST_END,TRAIN_BARS,EMBARGO_BARS,TEST_BARS,ACTIVO,CONFIG_ID,DIRECCION,MODELO,SISTEMA,THRESHOLD,SL_TP_MODE,COST_BPS,CAPITAL_INICIAL,BROKER_AWARE,BROKER_METADATA_SOURCE,TOTAL_ENTRADAS_BASE,TOTAL_TRADES,WINS,LOSSES,WIN_RATE,PROFIT_FACTOR,EXPECTANCY,AVERAGE_R,R_ACUMULADO,RETURN_PCT,MAX_DRAWDOWN,MAX_LOSING_STREAK,CAPITAL_FINAL,NO_EJECUTABLES_BROKER_MIN,SKIPPED_SLTP
1,2025-02-11 17:00:00,2025-09-04 16:00:00,2025-09-04 17:00:00,2025-09-05 17:00:00,2025-09-05 18:00:00,2025-11-19 03:00:00,3193,24,1181,GOLD,GOLD_LONG_LOGISTIC_BASE_PLUS_ML_T060,LONG,LOGISTIC,BASE_PLUS_ML,0.6,ATR_ONLY,0,100,False,CONFIG_LOCAL_FALLBACK_MT5_UNAVAILABLE,8,8,7,1,87.5,13.928550385295452,1.6249999999999774,1.6249999999999774,12.999999999999819,13.719881097278531,0.9999999999999943,1,113.71988109727853,0,0
1,2025-02-11 17:00:00,2025-09-04 16:00:00,2025-09-04 17:00:00,2025-09-05 17:00:00,2025-09-05 18:00:00,2025-11-19 03:00:00,3193,24,1181,GOLD,GOLD_LONG_LOGISTIC_BASE_PLUS_ML_T060,LONG,LOGISTIC,BASE_PLUS_ML,0.6,ATR_ONLY,0,100,True,CONFIG_LOCAL_FALLBACK_MT5_UNAVAILABLE,8,0,0,0,0.0,0.0,0.0,0.0,0.0,0.0,0.0,0,100.0,8,0
1,2025-02-11 17:00:00,2025-09-04 16:00:00,2025-09-04 17:00:00,2025-09-05 17:00:00,2025-09-05 18:00:00,2025-11-19 03:00:00,3193,24,1181,GOLD,GOLD_LONG_LOGISTIC_BASE_PLUS_ML_T060,LONG,LOGISTIC,BASE_PLUS_ML,0.6,ATR_ONLY,0,500,False,CONFIG_LOCAL_FALLBACK_MT5_UNAVAILABLE,8,8,7,1,87.5,13.928550385295187,1.6249999999999774,1.6249999999999774,12.999999999999819,13.719881097278472,1.0000000000000104,1,568.5994054863924,0,0
1,2025-02-11 17:00:00,2025-09-04 16:00:00,2025-09-04 17:00:00,2025-09-05 17:00:00,2025-09-05 18:00:00,2025-11-19 03:00:00,3193,24,1181,GOLD,GOLD_LONG_LOGISTIC_BASE_PLUS_ML_T060,LONG,LOGISTIC,BASE_PLUS_ML,0.6,ATR_ONLY,0,500,True,CONFIG_LOCAL_FALLBACK_MT5_UNAVAILABLE,8,0,0,0,0.0,0.0,0.0,0.0,0.0,0.0,0.0,0,500.0,8,0
1,2025-02-11 17:00:00,2025-09-04 16:00:00,2025-09-04 17:00:00,2025-09-05 17:00:00,2025-09-05 18:00:00,2025-11-19 03:00:00,3193,24,1181,GOLD,GOLD_LONG_LOGISTIC_BASE_PLUS_ML_T060,LONG,LOGISTIC,BASE_PLUS_ML,0.6,ATR_ONLY,0,1000,False,CONFIG_LOCAL_FALLBACK_MT5_UNAVAILABLE,8,8,7,1,87.5,13.928550385295187,1.6249999999999774,1.6249999999999774,12.999999999999819,13.719881097278472,1.0000000000000104,1,1137.1988109727847,0,0
1,2025-02-11 17:00:00,2025-09-04 16:00:00,2025-09-04 17:00:00,2025-09-05 17:00:00,2025-09-05 18:00:00,2025-11-19 03:00:00,3193,24,1181,GOLD,GOLD_LONG_LOGISTIC_BASE_PLUS_ML_T060,LONG,LOGISTIC,BASE_PLUS_ML,0.6,ATR_ONLY,0,1000,True,CONFIG_LOCAL_FALLBACK_MT5_UNAVAILABLE,8,2,2,0,100.0,inf,1.9999999999999982,1.9999999999999982,3.9999999999999964,3.8020995901828427,0.0,0,1038.0209959018284,6,0
1,2025-02-11 17:00:00,2025-09-04 16:00:00,2025-09-04 17:00:00,2025-09-05 17:00:00,2025-09-05 18:00:00,2025-11-19 03:00:00,3193,24,1181,GOLD,GOLD_LONG_LOGISTIC_BASE_PLUS_ML_T060,LONG,LOGISTIC,BASE_PLUS_ML,0.6,ATR_ONLY,0,5000,False,CONFIG_LOCAL_FALLBACK_MT5_UNAVAILABLE,8,8,7,1,87.5,13.92855038529529,1.6249999999999774,1.6249999999999774,12.999999999999819,13.719881097278522,1.000000000000006,1,5685.994054863926,0,0
1,2025-02-11 17:00:00,2025-09-04 16:00:00,2025-09-04 17:00:00,2025-09-05 17:00:00,2025-09-05 18:00:00,2025-11-19 03:00:00,3193,24,1181,GOLD,GOLD_LONG_LOGISTIC_BASE_PLUS_ML_T060,LONG,LOGISTIC,BASE_PLUS_ML,0.6,ATR_ONLY,0,5000,True,CONFIG_LOCAL_FALLBACK_MT5_UNAVAILABLE,8,8,7,1,87.5,12.578711869289478,1.6249999999999774,1.6249999999999774,12.999999999999819,10.697626446550313,0.8758385117047114,1,5534.881322327516,0,0
1,2025-02-11 17:00:00,2025-09-04 16:00:00,2025-09-04 17:00:00,2025-09-05 17:00:00,2025-09-05 18:00:00,2025-11-19 03:00:00,3193,24,1181,GOLD,GOLD_LONG_LOGISTIC_BASE_PLUS_ML_T060,LONG,LOGISTIC,BASE_PLUS_ML,0.6,ATR_ONLY,1,100,False,CONFIG_LOCAL_FALLBACK_MT5_UNAVAILABLE,8,8,7,1,87.5,12.682112142062454,1.5668685695422926,1.5668685695422926,12.53494855633834,13.200154957526095,1.067158885059038,1,113.2001549575261,0,0
1,2025-02-11 17:00:00,2025-09-04 16:00:00,2025-09-04 17:00:00,2025-09-05 17:00:00,2025-09-05 18:00:00,2025-11-19 03:00:00,3193,24,1181,GOLD,GOLD_LONG_LOGISTIC_BASE_PLUS_ML_T060,LONG,LOGISTIC,BASE_PLUS_ML,0.6,ATR_ONLY,1,100,True,CONFIG_LOCAL_FALLBACK_MT5_UNAVAILABLE,8,0,0,0,0.0,0.0,0.0,0.0,0.0,0.0,0.0,0,100.0,8,0
1,2025-02-11 17:00:00,2025-09-04 16:00:00,2025-09-04 17:00:00,2025-09-05 17:00:00,2025-09-05 18:00:00,2025-11-19 03:00:00,3193,24,1181,GOLD,GOLD_LONG_LOGISTIC_BASE_PLUS_ML_T060,LONG,LOGISTIC,BASE_PLUS_ML,0.6,ATR_ONLY,1,500,False,CONFIG_LOCAL_FALLBACK_MT5_UNAVAILABLE,8,8,7,1,87.5,12.682112142062639,1.5668685695422926,1.5668685695422926,12.53494855633834,13.20015495752614,1.0671588850590248,1,566.0007747876307,0,0
1,2025-02-11 17:00:00,2025-09-04 16:00:00,2025-09-04 17:00:00,2025-09-05 17:00:00,2025-09-05 18:00:00,2025-11-19 03:00:00,3193,24,1181,GOLD,GOLD_LONG_LOGISTIC_BASE_PLUS_ML_T060,LONG,LOGISTIC,BASE_PLUS_ML,0.6,ATR_ONLY,1,500,True,CONFIG_LOCAL_FALLBACK_MT5_UNAVAILABLE,8,0,0,0,0.0,0.0,0.0,0.0,0.0,0.0,0.0,0,500.0,8,0
1,2025-02-11 17:00:00,2025-09-04 16:00:00,2025-09-04 17:00:00,2025-09-05 17:00:00,2025-09-05 18:00:00,2025-11-19 03:00:00,3193,24,1181,GOLD,GOLD_LONG_LOGISTIC_BASE_PLUS_ML_T060,LONG,LOGISTIC,BASE_PLUS_ML,0.6,ATR_ONLY,1,1000,False,CONFIG_LOCAL_FALLBACK_MT5_UNAVAILABLE,8,8,7,1,87.5,12.682112142062639,1.5668685695422926,1.5668685695422926,12.53494855633834,13.20015495752614,1.0671588850590248,1,1132.0015495752614,0,0
1,2025-02-11 17:00:00,2025-09-04 16:00:00,2025-09-04 17:00:00,2025-09-05 17:00:00,2025-09-05 18:00:00,2025-11-19 03:00:00,3193,24,1181,GOLD,GOLD_LONG_LOGISTIC_BASE_PLUS_ML_T060,LONG,LOGISTIC,BASE_PLUS_ML,0.6,ATR_ONLY,1,1000,True,CONFIG_LOCAL_FALLBACK_MT5_UNAVAILABLE,8,2,2,0,100.0,inf,1.9208772396265674,1.9208772396265674,3.841754479253135,3.6518373831534974,0.0,0,1036.518373831535,6,0
1,2025-02-11 17:00:00,2025-09-04 16:00:00,2025-09-04 17:00:00,2025-09-05 17:00:00,2025-09-05 18:00:00,2025-11-19 03:00:00,3193,24,1181,GOLD,GOLD_LONG_LOGISTIC_BASE_PLUS_ML_T060,LONG,LOGISTIC,BASE_PLUS_ML,0.6,ATR_ONLY,1,5000,False,CONFIG_LOCAL_FALLBACK_MT5_UNAVAILABLE,8,8,7,1,87.5,12.682112142062435,1.5668685695422926,1.5668685695422926,12.53494855633834,13.20015495752612,1.0671588850590419,1,5660.007747876306,0,0
1,2025-02-11 17:00:00,2025-09-04 16:00:00,2025-09-04 17:00:00,2025-09-05 17:00:00,2025-09-05 18:00:00,2025-11-19 03:00:00,3193,24,1181,GOLD,GOLD_LONG_LOGISTIC_BASE_PLUS_ML_T060,LONG,LOGISTIC,BASE_PLUS_ML,0.6,ATR_ONLY,1,5000,True,CONFIG_LOCAL_FALLBACK_MT5_UNAVAILABLE,8,8,7,1,87.5,11.438539179058754,1.5668685695422926,1.5668685695422926,12.53494855633834,10.29191028839785,0.936516302848929,1,5514.595514419892,0,0
1,2025-02-11 17:00:00,2025-09-04 16:00:00,2025-09-04 17:00:00,2025-09-05 17:00:00,2025-09-05 18:00:00,2025-11-19 03:00:00,3193,24,1181,GOLD,GOLD_LONG_LOGISTIC_BASE_PLUS_ML_T060,LONG,LOGISTIC,BASE_PLUS_ML,0.6,ATR_ONLY,2,100,False,CONFIG_LOCAL_FALLBACK_MT5_UNAVAILABLE,8,8,7,1,87.5,11.58311767853932,1.5087371390846078,1.5087371390846078,12.069897112676863,12.68248230880748,1.1343177701180749,1,112.68248230880748,0,0
1,2025-02-11 17:00:00,2025-09-04 16:00:00,2025-09-04 17:00:00,2025-09-05 17:00:00,2025-09-05 18:00:00,2025-11-19 03:00:00,3193,24,1181,GOLD,GOLD_LONG_LOGISTIC_BASE_PLUS_ML_T060,LONG,LOGISTIC,BASE_PLUS_ML,0.6,ATR_ONLY,2,100,True,CONFIG_LOCAL_FALLBACK_MT5_UNAVAILABLE,8,0,0,0,0.0,0.0,0.0,0.0,0.0,0.0,0.0,0,100.0,8,0
1,2025-02-11 17:00:00,2025-09-04 16:00:00,2025-09-04 17:00:00,2025-09-05 17:00:00,2025-09-05 18:00:00,2025-11-19 03:00:00,3193,24,1181,GOLD,GOLD_LONG_LOGISTIC_BASE_PLUS_ML_T060,LONG,LOGISTIC,BASE_PLUS_ML,0.6,ATR_ONLY,2,500,False,CONFIG_LOCAL_FALLBACK_MT5_UNAVAILABLE,8,8,7,1,87.5,11.58311767853945,1.5087371390846078,1.5087371390846078,12.069897112676863,12.682482308807517,1.134317770118064,1,563.4124115440376,0,0
1,2025-02-11 17:00:00,2025-09-04 16:00:00,2025-09-04 17:00:00,2025-09-05 17:00:00,2025-09-05 18:00:00,2025-11-19 03:00:00,3193,24,1181,GOLD,GOLD_LONG_LOGISTIC_BASE_PLUS_ML_T060,LONG,LOGISTIC,BASE_PLUS_ML,0.6,ATR_ONLY,2,500,True,CONFIG_LOCAL_FALLBACK_MT5_UNAVAILABLE,8,0,0,0,0.0,0.0,0.0,0.0,0.0,0.0,0.0,0,500.0,8,0
1,2025-02-11 17:00:00,2025-09-04 16:00:00,2025-09-04 17:00:00,2025-09-05 17:00:00,2025-09-05 18:00:00,2025-11-19 03:00:00,3193,24,1181,GOLD,GOLD_LONG_LOGISTIC_BASE_PLUS_ML_T060,LONG,LOGISTIC,BASE_PLUS_ML,0.6,ATR_ONLY,2,1000,False,CONFIG_LOCAL_FALLBACK_MT5_UNAVAILABLE,8,8,7,1,87.5,11.58311767853945,1.5087371390846078,1.5087371390846078,12.069897112676863,12.682482308807517,1.134317770118064,1,1126.8248230880752,0,0
1,2025-02-11 17:00:00,2025-09-04 16:00:00,2025-09-04 17:00:00,2025-09-05 17:00:00,2025-09-05 18:00:00,2025-11-19 03:00:00,3193,24,1181,GOLD,GOLD_LONG_LOGISTIC_BASE_PLUS_ML_T060,LONG,LOGISTIC,BASE_PLUS_ML,0.6,ATR_ONLY,2,1000,True,CONFIG_LOCAL_FALLBACK_MT5_UNAVAILABLE,8,2,2,0,100.0,inf,1.841754479253137,1.841754479253137,3.683508958506274,3.5015751761241747,0.0,0,1035.0157517612417,6,0
1,2025-02-11 17:00:00,2025-09-04 16:00:00,2025-09-04 17:00:00,2025-09-05 17:00:00,2025-09-05 18:00:00,2025-11-19 03:00:00,3193,24,1181,GOLD,GOLD_LONG_LOGISTIC_BASE_PLUS_ML_T060,LONG,LOGISTIC,BASE_PLUS_ML,0.6,ATR_ONLY,2,5000,False,CONFIG_LOCAL_FALLBACK_MT5_UNAVAILABLE,8,8,7,1,87.5,11.583117678539343,1.5087371390846078,1.5087371390846078,12.069897112676863,12.682482308807487,1.1343177701180727,1,5634.124115440374,0,0
1,2025-02-11 17:00:00,2025-09-04 16:00:00,2025-09-04 17:00:00,2025-09-05 17:00:00,2025-09-05 18:00:00,2025-11-19 03:00:00,3193,24,1181,GOLD,GOLD_LONG_LOGISTIC_BASE_PLUS_ML_T060,LONG,LOGISTIC,BASE_PLUS_ML,0.6,ATR_ONLY,2,5000,True,CONFIG_LOCAL_FALLBACK_MT5_UNAVAILABLE,8,8,7,1,87.5,10.433377556569091,1.5087371390846078,1.5087371390846078,12.069897112676863,9.886194130245366,0.9974357449129383,1,5494.309706512268,0,0
1,2025-02-11 17:00:00,2025-09-04 16:00:00,2025-09-04 17:00:00,2025-09-05 17:00:00,2025-09-05 18:00:00,2025-11-19 03:00:00,3193,24,1181,GOLD,GOLD_LONG_LOGISTIC_BASE_PLUS_ML_T060,LONG,LOGISTIC,BASE_PLUS_ML,0.6,ATR_ONLY,5,100,False,CONFIG_LOCAL_FALLBACK_MT5_UNAVAILABLE,8,8,7,1,87.5,8.948386422070962,1.3343428477115538,1.3343428477115538,10.67474278169243,11.141716743200007,1.3357944252951712,1,111.1417167432,0,0
1,2025-02-11 17:00:00,2025-09-04 16:00:00,2025-09-04 17:00:00,2025-09-05 17:00:00,2025-09-05 18:00:00,2025-11-19 03:00:00,3193,24,1181,GOLD,GOLD_LONG_LOGISTIC_BASE_PLUS_ML_T060,LONG,LOGISTIC,BASE_PLUS_ML,0.6,ATR_ONLY,5,100,True,CONFIG_LOCAL_FALLBACK_MT5_UNAVAILABLE,8,0,0,0,0.0,0.0,0.0,0.0,0.0,0.0,0.0,0,100.0,8,0
1,2025-02-11 17:00:00,2025-09-04 16:00:00,2025-09-04 17:00:00,2025-09-05 17:00:00,2025-09-05 18:00:00,2025-11-19 03:00:00,3193,24,1181,GOLD,GOLD_LONG_LOGISTIC_BASE_PLUS_ML_T060,LONG,LOGISTIC,BASE_PLUS_ML,0.6,ATR_ONLY,5,500,False,CONFIG_LOCAL_FALLBACK_MT5_UNAVAILABLE,8,8,7,1,87.5,8.948386422070913,1.3343428477115538,1.3343428477115538,10.67474278169243,11.141716743200005,1.3357944252951792,1,555.708583716,0,0
1,2025-02-11 17:00:00,2025-09-04 16:00:00,2025-09-04 17:00:00,2025-09-05 17:00:00,2025-09-05 18:00:00,2025-11-19 03:00:00,3193,24,1181,GOLD,GOLD_LONG_LOGISTIC_BASE_PLUS_ML_T060,LONG,LOGISTIC,BASE_PLUS_ML,0.6,ATR_ONLY,5,500,True,CONFIG_LOCAL_FALLBACK_MT5_UNAVAILABLE,8,0,0,0,0.0,0.0,0.0,0.0,0.0,0.0,0.0,0,500.0,8,0
1,2025-02-11 17:00:00,2025-09-04 16:00:00,2025-09-04 17:00:00,2025-09-05 17:00:00,2025-09-05 18:00:00,2025-11-19 03:00:00,3193,24,1181,GOLD,GOLD_LONG_LOGISTIC_BASE_PLUS_ML_T060,LONG,LOGISTIC,BASE_PLUS_ML,0.6,ATR_ONLY,5,1000,False,CONFIG_LOCAL_FALLBACK_MT5_UNAVAILABLE,8,8,7,1,87.5,8.948386422070913,1.3343428477115538,1.3343428477115538,10.67474278169243,11.141716743200005,1.3357944252951792,1,1111.417167432,0,0
1,2025-02-11 17:00:00,2025-09-04 16:00:00,2025-09-04 17:00:00,2025-09-05 17:00:00,2025-09-05 18:00:00,2025-11-19 03:00:00,3193,24,1181,GOLD,GOLD_LONG_LOGISTIC_BASE_PLUS_ML_T060,LONG,LOGISTIC,BASE_PLUS_ML,0.6,ATR_ONLY,5,1000,True,CONFIG_LOCAL_FALLBACK_MT5_UNAVAILABLE,8,2,2,0,100.0,inf,1.604386198132845,1.604386198132845,3.20877239626569,3.0507885550361835,0.0,0,1030.5078855503618,6,0
1,2025-02-11 17:00:00,2025-09-04 16:00:00,2025-09-04 17:00:00,2025-09-05 17:00:00,2025-09-05 18:00:00,2025-11-19 03:00:00,3193,24,1181,GOLD,GOLD_LONG_LOGISTIC_BASE_PLUS_ML_T060,LONG,LOGISTIC,BASE_PLUS_ML,0.6,ATR_ONLY,5,5000,False,CONFIG_LOCAL_FALLBACK_MT5_UNAVAILABLE,8,8,7,1,87.5,8.948386422070893,1.3343428477115538,1.3343428477115538,10.67474278169243,11.141716743199977,1.3357944252951792,1,5557.085837159999,0,0
1,2025-02-11 17:00:00,2025-09-04 16:00:00,2025-09-04 17:00:00,2025-09-05 17:00:00,2025-09-05 18:00:00,2025-11-19 03:00:00,3193,24,1181,GOLD,GOLD_LONG_LOGISTIC_BASE_PLUS_ML_T060,LONG,LOGISTIC,BASE_PLUS_ML,0.6,ATR_ONLY,5,5000,True,CONFIG_LOCAL_FALLBACK_MT5_UNAVAILABLE,8,8,7,1,87.5,8.024323133116727,1.3343428477115538,1.3343428477115538,10.67474278169243,8.669045655787995,1.181658499096289,1,5433.4522827894,0,0
1,2025-02-11 17:00:00,2025-09-04 16:00:00,2025-09-04 17:00:00,2025-09-05 17:00:00,2025-09-05 18:00:00,2025-11-19 03:00:00,3193,24,1181,GOLD,GOLD_LONG_LOGISTIC_BASE_PLUS_ML_T060,LONG,LOGISTIC,BASE_PLUS_ML,0.6,SWING_ATR,0,100,False,CONFIG_LOCAL_FALLBACK_MT5_UNAVAILABLE,8,8,7,1,87.5,3.9002548840622975,0.3673604470896288,0.3673604470896288,2.9388835767170303,2.961145794942553,0.9999999999999988,1,102.96114579494255,0,0
1,2025-02-11 17:00:00,2025-09-04 16:00:00,2025-09-04 17:00:00,2025-09-05 17:00:00,2025-09-05 18:00:00,2025-11-19 03:00:00,3193,24,1181,GOLD,GOLD_LONG_LOGISTIC_BASE_PLUS_ML_T060,LONG,LOGISTIC,BASE_PLUS_ML,0.6,SWING_ATR,0,100,True,CONFIG_LOCAL_FALLBACK_MT5_UNAVAILABLE,8,0,0,0,0.0,0.0,0.0,0.0,0.0,0.0,0.0,0,100.0,8,0
1,2025-02-11 17:00:00,2025-09-04 16:00:00,2025-09-04 17:00:00,2025-09-05 17:00:00,2025-09-05 18:00:00,2025-11-19 03:00:00,3193,24,1181,GOLD,GOLD_LONG_LOGISTIC_BASE_PLUS_ML_T060,LONG,LOGISTIC,BASE_PLUS_ML,0.6,SWING_ATR,0,500,False,CONFIG_LOCAL_FALLBACK_MT5_UNAVAILABLE,8,8,7,1,87.5,3.9002548840622806,0.3673604470896288,0.3673604470896288,2.9388835767170303,2.961145794942536,0.9999999999999988,1,514.8057289747127,0,0
1,2025-02-11 17:00:00,2025-09-04 16:00:00,2025-09-04 17:00:00,2025-09-05 17:00:00,2025-09-05 18:00:00,2025-11-19 03:00:00,3193,24,1181,GOLD,GOLD_LONG_LOGISTIC_BASE_PLUS_ML_T060,LONG,LOGISTIC,BASE_PLUS_ML,0.6,SWING_ATR,0,500,True,CONFIG_LOCAL_FALLBACK_MT5_UNAVAILABLE,8,0,0,0,0.0,0.0,0.0,0.0,0.0,0.0,0.0,0,500.0,8,0
1,2025-02-11 17:00:00,2025-09-04 16:00:00,2025-09-04 17:00:00,2025-09-05 17:00:00,2025-09-05 18:00:00,2025-11-19 03:00:00,3193,24,1181,GOLD,GOLD_LONG_LOGISTIC_BASE_PLUS_ML_T060,LONG,LOGISTIC,BASE_PLUS_ML,0.6,SWING_ATR,0,1000,False,CONFIG_LOCAL_FALLBACK_MT5_UNAVAILABLE,8,8,7,1,87.5,3.9002548840622806,0.3673604470896288,0.3673604470896288,2.9388835767170303,2.961145794942536,0.9999999999999988,1,1029.6114579494254,0,0
1,2025-02-11 17:00:00,2025-09-04 16:00:00,2025-09-04 17:00:00,2025-09-05 17:00:00,2025-09-05 18:00:00,2025-11-19 03:00:00,3193,24,1181,GOLD,GOLD_LONG_LOGISTIC_BASE_PLUS_ML_T060,LONG,LOGISTIC,BASE_PLUS_ML,0.6,SWING_ATR,0,1000,True,CONFIG_LOCAL_FALLBACK_MT5_UNAVAILABLE,8,0,0,0,0.0,0.0,0.0,0.0,0.0,0.0,0.0,0,1000.0,8,0
1,2025-02-11 17:00:00,2025-09-04 16:00:00,2025-09-04 17:00:00,2025-09-05 17:00:00,2025-09-05 18:00:00,2025-11-19 03:00:00,3193,24,1181,GOLD,GOLD_LONG_LOGISTIC_BASE_PLUS_ML_T060,LONG,LOGISTIC,BASE_PLUS_ML,0.6,SWING_ATR,0,5000,False,CONFIG_LOCAL_FALLBACK_MT5_UNAVAILABLE,8,8,7,1,87.5,3.9002548840622584,0.3673604470896288,0.3673604470896288,2.9388835767170303,2.961145794942513,0.999999999999999,1,5148.057289747126,0,0
1,2025-02-11 17:00:00,2025-09-04 16:00:00,2025-09-04 17:00:00,2025-09-05 17:00:00,2025-09-05 18:00:00,2025-11-19 03:00:00,3193,24,1181,GOLD,GOLD_LONG_LOGISTIC_BASE_PLUS_ML_T060,LONG,LOGISTIC,BASE_PLUS_ML,0.6,SWING_ATR,0,5000,True,CONFIG_LOCAL_FALLBACK_MT5_UNAVAILABLE,8,2,1,1,50.0,1.3297738322933041,0.20109507698051665,0.20109507698051665,0.4021901539610333,0.2931620471111455,0.8785928992629024,1,5014.658102355557,6,0
1,2025-02-11 17:00:00,2025-09-04 16:00:00,2025-09-04 17:00:00,2025-09-05 17:00:00,2025-09-05 18:00:00,2025-11-19 03:00:00,3193,24,1181,GOLD,GOLD_LONG_LOGISTIC_BASE_PLUS_ML_T060,LONG,LOGISTIC,BASE_PLUS_ML,0.6,SWING_ATR,1,100,False,CONFIG_LOCAL_FALLBACK_MT5_UNAVAILABLE,8,8,7,1,87.5,3.720391291394778,0.3505391819267504,0.3505391819267504,2.804313455414003,2.823531331802343,1.0173753265449401,1,102.82353133180234,0,0
1,2025-02-11 17:00:00,2025-09-04 16:00:00,2025-09-04 17:00:00,2025-09-05 17:00:00,2025-09-05 18:00:00,2025-11-19 03:00:00,3193,24,1181,GOLD,GOLD_LONG_LOGISTIC_BASE_PLUS_ML_T060,LONG,LOGISTIC,BASE_PLUS_ML,0.6,SWING_ATR,1,100,True,CONFIG_LOCAL_FALLBACK_MT5_UNAVAILABLE,8,0,0,0,0.0,0.0,0.0,0.0,0.0,0.0,0.0,0,100.0,8,0
1,2025-02-11 17:00:00,2025-09-04 16:00:00,2025-09-04 17:00:00,2025-09-05 17:00:00,2025-09-05 18:00:00,2025-11-19 03:00:00,3193,24,1181,GOLD,GOLD_LONG_LOGISTIC_BASE_PLUS_ML_T060,LONG,LOGISTIC,BASE_PLUS_ML,0.6,SWING_ATR,1,500,False,CONFIG_LOCAL_FALLBACK_MT5_UNAVAILABLE,8,8,7,1,87.5,3.7203912913947725,0.3505391819267504,0.3505391819267504,2.804313455414003,2.823531331802337,1.0173753265449401,1,514.1176566590117,0,0
1,2025-02-11 17:00:00,2025-09-04 16:00:00,2025-09-04 17:00:00,2025-09-05 17:00:00,2025-09-05 18:00:00,2025-11-19 03:00:00,3193,24,1181,GOLD,GOLD_LONG_LOGISTIC_BASE_PLUS_ML_T060,LONG,LOGISTIC,BASE_PLUS_ML,0.6,SWING_ATR,1,500,True,CONFIG_LOCAL_FALLBACK_MT5_UNAVAILABLE,8,0,0,0,0.0,0.0,0.0,0.0,0.0,0.0,0.0,0,500.0,8,0
1,2025-02-11 17:00:00,2025-09-04 16:00:00,2025-09-04 17:00:00,2025-09-05 17:00:00,2025-09-05 18:00:00,2025-11-19 03:00:00,3193,24,1181,GOLD,GOLD_LONG_LOGISTIC_BASE_PLUS_ML_T060,LONG,LOGISTIC,BASE_PLUS_ML,0.6,SWING_ATR,1,1000,False,CONFIG_LOCAL_FALLBACK_MT5_UNAVAILABLE,8,8,7,1,87.5,3.7203912913947725,0.3505391819267504,0.3505391819267504,2.804313455414003,2.823531331802337,1.0173753265449401,1,1028.2353133180234,0,0
1,2025-02-11 17:00:00,2025-09-04 16:00:00,2025-09-04 17:00:00,2025-09-05 17:00:00,2025-09-05 18:00:00,2025-11-19 03:00:00,3193,24,1181,GOLD,GOLD_LONG_LOGISTIC_BASE_PLUS_ML_T060,LONG,LOGISTIC,BASE_PLUS_ML,0.6,SWING_ATR,1,1000,True,CONFIG_LOCAL_FALLBACK_MT5_UNAVAILABLE,8,0,0,0,0.0,0.0,0.0,0.0,0.0,0.0,0.0,0,1000.0,8,0
1,2025-02-11 17:00:00,2025-09-04 16:00:00,2025-09-04 17:00:00,2025-09-05 17:00:00,2025-09-05 18:00:00,2025-11-19 03:00:00,3193,24,1181,GOLD,GOLD_LONG_LOGISTIC_BASE_PLUS_ML_T060,LONG,LOGISTIC,BASE_PLUS_ML,0.6,SWING_ATR,1,5000,False,CONFIG_LOCAL_FALLBACK_MT5_UNAVAILABLE,8,8,7,1,87.5,3.7203912913947383,0.3505391819267504,0.3505391819267504,2.804313455414003,2.8235313318023145,1.0173753265449446,1,5141.176566590116,0,0
1,2025-02-11 17:00:00,2025-09-04 16:00:00,2025-09-04 17:00:00,2025-09-05 17:00:00,2025-09-05 18:00:00,2025-11-19 03:00:00,3193,24,1181,GOLD,GOLD_LONG_LOGISTIC_BASE_PLUS_ML_T060,LONG,LOGISTIC,BASE_PLUS_ML,0.6,SWING_ATR,1,5000,True,CONFIG_LOCAL_FALLBACK_MT5_UNAVAILABLE,8,2,1,1,50.0,1.2568096039569303,0.16545191751639332,0.16545191751639332,0.33090383503278664,0.23226513129706292,0.894260436002467,1,5011.613256564853,6,0
1,2025-02-11 17:00:00,2025-09-04 16:00:00,2025-09-04 17:00:00,2025-09-05 17:00:00,2025-09-05 18:00:00,2025-11-19 03:00:00,3193,24,1181,GOLD,GOLD_LONG_LOGISTIC_BASE_PLUS_ML_T060,LONG,LOGISTIC,BASE_PLUS_ML,0.6,SWING_ATR,2,100,False,CONFIG_LOCAL_FALLBACK_MT5_UNAVAILABLE,8,8,7,1,87.5,3.546501324200211,0.33371791676387197,0.33371791676387197,2.6697433341109758,2.6860613200377657,1.0347506530898958,1,102.68606132003777,0,0
1,2025-02-11 17:00:00,2025-09-04 16:00:00,2025-09-04 17:00:00,2025-09-05 17:00:00,2025-09-05 18:00:00,2025-11-19 03:00:00,3193,24,1181,GOLD,GOLD_LONG_LOGISTIC_BASE_PLUS_ML_T060,LONG,LOGISTIC,BASE_PLUS_ML,0.6,SWING_ATR,2,100,True,CONFIG_LOCAL_FALLBACK_MT5_UNAVAILABLE,8,0,0,0,0.0,0.0,0.0,0.0,0.0,0.0,0.0,0,100.0,8,0
1,2025-02-11 17:00:00,2025-09-04 16:00:00,2025-09-04 17:00:00,2025-09-05 17:00:00,2025-09-05 18:00:00,2025-11-19 03:00:00,3193,24,1181,GOLD,GOLD_LONG_LOGISTIC_BASE_PLUS_ML_T060,LONG,LOGISTIC,BASE_PLUS_ML,0.6,SWING_ATR,2,500,False,CONFIG_LOCAL_FALLBACK_MT5_UNAVAILABLE,8,8,7,1,87.5,3.5465013242002743,0.33371791676387197,0.33371791676387197,2.6697433341109758,2.6860613200378114,1.0347506530898871,1,513.430306600189,0,0
1,2025-02-11 17:00:00,2025-09-04 16:00:00,2025-09-04 17:00:00,2025-09-05 17:00:00,2025-09-05 18:00:00,2025-11-19 03:00:00,3193,24,1181,GOLD,GOLD_LONG_LOGISTIC_BASE_PLUS_ML_T060,LONG,LOGISTIC,BASE_PLUS_ML,0.6,SWING_ATR,2,500,True,CONFIG_LOCAL_FALLBACK_MT5_UNAVAILABLE,8,0,0,0,0.0,0.0,0.0,0.0,0.0,0.0,0.0,0,500.0,8,0
1,2025-02-11 17:00:00,2025-09-04 16:00:00,2025-09-04 17:00:00,2025-09-05 17:00:00,2025-09-05 18:00:00,2025-11-19 03:00:00,3193,24,1181,GOLD,GOLD_LONG_LOGISTIC_BASE_PLUS_ML_T060,LONG,LOGISTIC,BASE_PLUS_ML,0.6,SWING_ATR,2,1000,False,CONFIG_LOCAL_FALLBACK_MT5_UNAVAILABLE,8,8,7,1,87.5,3.5465013242002743,0.33371791676387197,0.33371791676387197,2.6697433341109758,2.6860613200378114,1.0347506530898871,1,1026.860613200378,0,0
1,2025-02-11 17:00:00,2025-09-04 16:00:00,2025-09-04 17:00:00,2025-09-05 17:00:00,2025-09-05 18:00:00,2025-11-19 03:00:00,3193,24,1181,GOLD,GOLD_LONG_LOGISTIC_BASE_PLUS_ML_T060,LONG,LOGISTIC,BASE_PLUS_ML,0.6,SWING_ATR,2,1000,True,CONFIG_LOCAL_FALLBACK_MT5_UNAVAILABLE,8,0,0,0,0.0,0.0,0.0,0.0,0.0,0.0,0.0,0,1000.0,8,0
1,2025-02-11 17:00:00,2025-09-04 16:00:00,2025-09-04 17:00:00,2025-09-05 17:00:00,2025-09-05 18:00:00,2025-11-19 03:00:00,3193,24,1181,GOLD,GOLD_LONG_LOGISTIC_BASE_PLUS_ML_T060,LONG,LOGISTIC,BASE_PLUS_ML,0.6,SWING_ATR,2,5000,False,CONFIG_LOCAL_FALLBACK_MT5_UNAVAILABLE,8,8,7,1,87.5,3.5465013242002255,0.33371791676387197,0.33371791676387197,2.6697433341109758,2.6860613200377883,1.0347506530898984,1,5134.303066001889,0,0
1,2025-02-11 17:00:00,2025-09-04 16:00:00,2025-09-04 17:00:00,2025-09-05 17:00:00,2025-09-05 18:00:00,2025-11-19 03:00:00,3193,24,1181,GOLD,GOLD_LONG_LOGISTIC_BASE_PLUS_ML_T060,LONG,LOGISTIC,BASE_PLUS_ML,0.6,SWING_ATR,2,5000,True,CONFIG_LOCAL_FALLBACK_MT5_UNAVAILABLE,8,2,1,1,50.0,1.1862957771538316,0.12980875805227,0.12980875805227,0.25961751610454,0.1713682154829803,0.9099420609886061,1,5008.568410774149,6,0
1,2025-02-11 17:00:00,2025-09-04 16:00:00,2025-09-04 17:00:00,2025-09-05 17:00:00,2025-09-05 18:00:00,2025-11-19 03:00:00,3193,24,1181,GOLD,GOLD_LONG_LOGISTIC_BASE_PLUS_ML_T060,LONG,LOGISTIC,BASE_PLUS_ML,0.6,SWING_ATR,5,100,False,CONFIG_LOCAL_FALLBACK_MT5_UNAVAILABLE,8,8,7,1,87.5,3.057806785065845,0.2832541212752367,0.2832541212752367,2.2660329702018935,2.2745167812939684,1.08687663272472,1,102.27451678129397,0,0
1,2025-02-11 17:00:00,2025-09-04 16:00:00,2025-09-04 17:00:00,2025-09-05 17:00:00,2025-09-05 18:00:00,2025-11-19 03:00:00,3193,24,1181,GOLD,GOLD_LONG_LOGISTIC_BASE_PLUS_ML_T060,LONG,LOGISTIC,BASE_PLUS_ML,0.6,SWING_ATR,5,100,True,CONFIG_LOCAL_FALLBACK_MT5_UNAVAILABLE,8,0,0,0,0.0,0.0,0.0,0.0,0.0,0.0,0.0,0,100.0,8,0
1,2025-02-11 17:00:00,2025-09-04 16:00:00,2025-09-04 17:00:00,2025-09-05 17:00:00,2025-09-05 18:00:00,2025-11-19 03:00:00,3193,24,1181,GOLD,GOLD_LONG_LOGISTIC_BASE_PLUS_ML_T060,LONG,LOGISTIC,BASE_PLUS_ML,0.6,SWING_ATR,5,500,False,CONFIG_LOCAL_FALLBACK_MT5_UNAVAILABLE,8,8,7,1,87.5,3.057806785065832,0.2832541212752367,0.2832541212752367,2.2660329702018935,2.27451678129396,1.0868766327247228,1,511.3725839064698,0,0
1,2025-02-11 17:00:00,2025-09-04 16:00:00,2025-09-04 17:00:00,2025-09-05 17:00:00,2025-09-05 18:00:00,2025-11-19 03:00:00,3193,24,1181,GOLD,GOLD_LONG_LOGISTIC_BASE_PLUS_ML_T060,LONG,LOGISTIC,BASE_PLUS_ML,0.6,SWING_ATR,5,500,True,CONFIG_LOCAL_FALLBACK_MT5_UNAVAILABLE,8,0,0,0,0.0,0.0,0.0,0.0,0.0,0.0,0.0,0,500.0,8,0
1,2025-02-11 17:00:00,2025-09-04 16:00:00,2025-09-04 17:00:00,2025-09-05 17:00:00,2025-09-05 18:00:00,2025-11-19 03:00:00,3193,24,1181,GOLD,GOLD_LONG_LOGISTIC_BASE_PLUS_ML_T060,LONG,LOGISTIC,BASE_PLUS_ML,0.6,SWING_ATR,5,1000,False,CONFIG_LOCAL_FALLBACK_MT5_UNAVAILABLE,8,8,7,1,87.5,3.057806785065832,0.2832541212752367,0.2832541212752367,2.2660329702018935,2.27451678129396,1.0868766327247228,1,1022.7451678129396,0,0
1,2025-02-11 17:00:00,2025-09-04 16:00:00,2025-09-04 17:00:00,2025-09-05 17:00:00,2025-09-05 18:00:00,2025-11-19 03:00:00,3193,24,1181,GOLD,GOLD_LONG_LOGISTIC_BASE_PLUS_ML_T060,LONG,LOGISTIC,BASE_PLUS_ML,0.6,SWING_ATR,5,1000,True,CONFIG_LOCAL_FALLBACK_MT5_UNAVAILABLE,8,0,0,0,0.0,0.0,0.0,0.0,0.0,0.0,0.0,0,1000.0,8,0
1,2025-02-11 17:00:00,2025-09-04 16:00:00,2025-09-04 17:00:00,2025-09-05 17:00:00,2025-09-05 18:00:00,2025-11-19 03:00:00,3193,24,1181,GOLD,GOLD_LONG_LOGISTIC_BASE_PLUS_ML_T060,LONG,LOGISTIC,BASE_PLUS_ML,0.6,SWING_ATR,5,5000,False,CONFIG_LOCAL_FALLBACK_MT5_UNAVAILABLE,8,8,7,1,87.5,3.0578067850658326,0.2832541212752367,0.2832541212752367,2.2660329702018935,2.2745167812939506,1.0868766327247184,1,5113.7258390646975,0,0
1,2025-02-11 17:00:00,2025-09-04 16:00:00,2025-09-04 17:00:00,2025-09-05 17:00:00,2025-09-05 18:00:00,2025-11-19 03:00:00,3193,24,1181,GOLD,GOLD_LONG_LOGISTIC_BASE_PLUS_ML_T060,LONG,LOGISTIC,BASE_PLUS_ML,0.6,SWING_ATR,5,5000,True,CONFIG_LOCAL_FALLBACK_MT5_UNAVAILABLE,8,2,1,1,50.0,0.9882815074296835,0.022879279659899776,0.022879279659899776,0.04575855931979955,-0.011322531959285698,0.9570716557053551,1,4999.433873402036,6,0
1,2025-02-11 17:00:00,2025-09-04 16:00:00,2025-09-04 17:00:00,2025-09-05 17:00:00,2025-09-05 18:00:00,2025-11-19 03:00:00,3193,24,1181,GOLD,GOLD_LONG_LOGISTIC_BASE_PLUS_ML_T060,LONG,LOGISTIC,BASE_PLUS_ML,0.6,SWING_ATR_RR,0,100,False,CONFIG_LOCAL_FALLBACK_MT5_UNAVAILABLE,8,8,5,3,62.5,1.7673396580982503,0.18651029674242445,0.18651029674242445,1.4920823739393956,1.4708031442670944,0.9999999999999948,2,101.4708031442671,0,0
1,2025-02-11 17:00:00,2025-09-04 16:00:00,2025-09-04 17:00:00,2025-09-05 17:00:00,2025-09-05 18:00:00,2025-11-19 03:00:00,3193,24,1181,GOLD,GOLD_LONG_LOGISTIC_BASE_PLUS_ML_T060,LONG,LOGISTIC,BASE_PLUS_ML,0.6,SWING_ATR_RR,0,100,True,CONFIG_LOCAL_FALLBACK_MT5_UNAVAILABLE,8,0,0,0,0.0,0.0,0.0,0.0,0.0,0.0,0.0,0,100.0,8,0
1,2025-02-11 17:00:00,2025-09-04 16:00:00,2025-09-04 17:00:00,2025-09-05 17:00:00,2025-09-05 18:00:00,2025-11-19 03:00:00,3193,24,1181,GOLD,GOLD_LONG_LOGISTIC_BASE_PLUS_ML_T060,LONG,LOGISTIC,BASE_PLUS_ML,0.6,SWING_ATR_RR,0,500,False,CONFIG_LOCAL_FALLBACK_MT5_UNAVAILABLE,8,8,5,3,62.5,1.7673396580982306,0.18651029674242445,0.18651029674242445,1.4920823739393956,1.470803144267063,1.0000000000000004,2,507.3540157213353,0,0
1,2025-02-11 17:00:00,2025-09-04 16:00:00,2025-09-04 17:00:00,2025-09-05 17:00:00,2025-09-05 18:00:00,2025-11-19 03:00:00,3193,24,1181,GOLD,GOLD_LONG_LOGISTIC_BASE_PLUS_ML_T060,LONG,LOGISTIC,BASE_PLUS_ML,0.6,SWING_ATR_RR,0,500,True,CONFIG_LOCAL_FALLBACK_MT5_UNAVAILABLE,8,0,0,0,0.0,0.0,0.0,0.0,0.0,0.0,0.0,0,500.0,8,0
1,2025-02-11 17:00:00,2025-09-04 16:00:00,2025-09-04 17:00:00,2025-09-05 17:00:00,2025-09-05 18:00:00,2025-11-19 03:00:00,3193,24,1181,GOLD,GOLD_LONG_LOGISTIC_BASE_PLUS_ML_T060,LONG,LOGISTIC,BASE_PLUS_ML,0.6,SWING_ATR_RR,0,1000,False,CONFIG_LOCAL_FALLBACK_MT5_UNAVAILABLE,8,8,5,3,62.5,1.7673396580982306,0.18651029674242445,0.18651029674242445,1.4920823739393956,1.470803144267063,1.0000000000000004,2,1014.7080314426706,0,0
1,2025-02-11 17:00:00,2025-09-04 16:00:00,2025-09-04 17:00:00,2025-09-05 17:00:00,2025-09-05 18:00:00,2025-11-19 03:00:00,3193,24,1181,GOLD,GOLD_LONG_LOGISTIC_BASE_PLUS_ML_T060,LONG,LOGISTIC,BASE_PLUS_ML,0.6,SWING_ATR_RR,0,1000,True,CONFIG_LOCAL_FALLBACK_MT5_UNAVAILABLE,8,0,0,0,0.0,0.0,0.0,0.0,0.0,0.0,0.0,0,1000.0,8,0
1,2025-02-11 17:00:00,2025-09-04 16:00:00,2025-09-04 17:00:00,2025-09-05 17:00:00,2025-09-05 18:00:00,2025-11-19 03:00:00,3193,24,1181,GOLD,GOLD_LONG_LOGISTIC_BASE_PLUS_ML_T060,LONG,LOGISTIC,BASE_PLUS_ML,0.6,SWING_ATR_RR,0,5000,False,CONFIG_LOCAL_FALLBACK_MT5_UNAVAILABLE,8,8,5,3,62.5,1.7673396580982448,0.18651029674242445,0.18651029674242445,1.4920823739393956,1.4708031442670835,1.000000000000007,2,5073.540157213354,0,0
1,2025-02-11 17:00:00,2025-09-04 16:00:00,2025-09-04 17:00:00,2025-09-05 17:00:00,2025-09-05 18:00:00,2025-11-19 03:00:00,3193,24,1181,GOLD,GOLD_LONG_LOGISTIC_BASE_PLUS_ML_T060,LONG,LOGISTIC,BASE_PLUS_ML,0.6,SWING_ATR_RR,0,5000,True,CONFIG_LOCAL_FALLBACK_MT5_UNAVAILABLE,8,2,1,1,50.0,1.8967096988049006,0.5,0.5,1.0,0.7971561877361273,0.8742382675135734,1,5039.857809386806,6,0
1,2025-02-11 17:00:00,2025-09-04 16:00:00,2025-09-04 17:00:00,2025-09-05 17:00:00,2025-09-05 18:00:00,2025-11-19 03:00:00,3193,24,1181,GOLD,GOLD_LONG_LOGISTIC_BASE_PLUS_ML_T060,LONG,LOGISTIC,BASE_PLUS_ML,0.6,SWING_ATR_RR,1,100,False,CONFIG_LOCAL_FALLBACK_MT5_UNAVAILABLE,8,8,5,3,62.5,1.6847372795507625,0.16970711659458076,0.16970711659458076,1.3576569327566461,1.3354505484740713,1.017375326544949,2,101.33545054847407,0,0
1,2025-02-11 17:00:00,2025-09-04 16:00:00,2025-09-04 17:00:00,2025-09-05 17:00:00,2025-09-05 18:00:00,2025-11-19 03:00:00,3193,24,1181,GOLD,GOLD_LONG_LOGISTIC_BASE_PLUS_ML_T060,LONG,LOGISTIC,BASE_PLUS_ML,0.6,SWING_ATR_RR,1,100,True,CONFIG_LOCAL_FALLBACK_MT5_UNAVAILABLE,8,0,0,0,0.0,0.0,0.0,0.0,0.0,0.0,0.0,0,100.0,8,0
1,2025-02-11 17:00:00,2025-09-04 16:00:00,2025-09-04 17:00:00,2025-09-05 17:00:00,2025-09-05 18:00:00,2025-11-19 03:00:00,3193,24,1181,GOLD,GOLD_LONG_LOGISTIC_BASE_PLUS_ML_T060,LONG,LOGISTIC,BASE_PLUS_ML,0.6,SWING_ATR_RR,1,500,False,CONFIG_LOCAL_FALLBACK_MT5_UNAVAILABLE,8,8,5,3,62.5,1.6847372795507503,0.16970711659458076,0.16970711659458076,1.3576569327566461,1.335450548474057,1.0173753265449461,2,506.6772527423703,0,0
1,2025-02-11 17:00:00,2025-09-04 16:00:00,2025-09-04 17:00:00,2025-09-05 17:00:00,2025-09-05 18:00:00,2025-11-19 03:00:00,3193,24,1181,GOLD,GOLD_LONG_LOGISTIC_BASE_PLUS_ML_T060,LONG,LOGISTIC,BASE_PLUS_ML,0.6,SWING_ATR_RR,1,500,True,CONFIG_LOCAL_FALLBACK_MT5_UNAVAILABLE,8,0,0,0,0.0,0.0,0.0,0.0,0.0,0.0,0.0,0,500.0,8,0
1,2025-02-11 17:00:00,2025-09-04 16:00:00,2025-09-04 17:00:00,2025-09-05 17:00:00,2025-09-05 18:00:00,2025-11-19 03:00:00,3193,24,1181,GOLD,GOLD_LONG_LOGISTIC_BASE_PLUS_ML_T060,LONG,LOGISTIC,BASE_PLUS_ML,0.6,SWING_ATR_RR,1,1000,False,CONFIG_LOCAL_FALLBACK_MT5_UNAVAILABLE,8,8,5,3,62.5,1.6847372795507503,0.16970711659458076,0.16970711659458076,1.3576569327566461,1.335450548474057,1.0173753265449461,2,1013.3545054847406,0,0
1,2025-02-11 17:00:00,2025-09-04 16:00:00,2025-09-04 17:00:00,2025-09-05 17:00:00,2025-09-05 18:00:00,2025-11-19 03:00:00,3193,24,1181,GOLD,GOLD_LONG_LOGISTIC_BASE_PLUS_ML_T060,LONG,LOGISTIC,BASE_PLUS_ML,0.6,SWING_ATR_RR,1,1000,True,CONFIG_LOCAL_FALLBACK_MT5_UNAVAILABLE,8,0,0,0,0.0,0.0,0.0,0.0,0.0,0.0,0.0,0,1000.0,8,0
1,2025-02-11 17:00:00,2025-09-04 16:00:00,2025-09-04 17:00:00,2025-09-05 17:00:00,2025-09-05 18:00:00,2025-11-19 03:00:00,3193,24,1181,GOLD,GOLD_LONG_LOGISTIC_BASE_PLUS_ML_T060,LONG,LOGISTIC,BASE_PLUS_ML,0.6,SWING_ATR_RR,1,5000,False,CONFIG_LOCAL_FALLBACK_MT5_UNAVAILABLE,8,8,5,3,62.5,1.6847372795507538,0.16970711659458076,0.16970711659458076,1.3576569327566461,1.3354505484740549,1.0173753265449397,2,5066.772527423703,0,0
1,2025-02-11 17:00:00,2025-09-04 16:00:00,2025-09-04 17:00:00,2025-09-05 17:00:00,2025-09-05 18:00:00,2025-11-19 03:00:00,3193,24,1181,GOLD,GOLD_LONG_LOGISTIC_BASE_PLUS_ML_T060,LONG,LOGISTIC,BASE_PLUS_ML,0.6,SWING_ATR_RR,1,5000,True,CONFIG_LOCAL_FALLBACK_MT5_UNAVAILABLE,8,2,1,1,50.0,1.8140072852198401,0.4643269500435747,0.4643269500435747,0.9286539000871494,0.7362088725079775,0.8898266093846172,1,5036.810443625399,6,0
1,2025-02-11 17:00:00,2025-09-04 16:00:00,2025-09-04 17:00:00,2025-09-05 17:00:00,2025-09-05 18:00:00,2025-11-19 03:00:00,3193,24,1181,GOLD,GOLD_LONG_LOGISTIC_BASE_PLUS_ML_T060,LONG,LOGISTIC,BASE_PLUS_ML,0.6,SWING_ATR_RR,2,100,False,CONFIG_LOCAL_FALLBACK_MT5_UNAVAILABLE,8,8,5,3,62.5,1.6050217881737943,0.15290393644673705,0.15290393644673705,1.2232314915738964,1.2002398660179665,1.034750653089889,2,101.20023986601797,0,0
1,2025-02-11 17:00:00,2025-09-04 16:00:00,2025-09-04 17:00:00,2025-09-05 17:00:00,2025-09-05 18:00:00,2025-11-19 03:00:00,3193,24,1181,GOLD,GOLD_LONG_LOGISTIC_BASE_PLUS_ML_T060,LONG,LOGISTIC,BASE_PLUS_ML,0.6,SWING_ATR_RR,2,100,True,CONFIG_LOCAL_FALLBACK_MT5_UNAVAILABLE,8,0,0,0,0.0,0.0,0.0,0.0,0.0,0.0,0.0,0,100.0,8,0
1,2025-02-11 17:00:00,2025-09-04 16:00:00,2025-09-04 17:00:00,2025-09-05 17:00:00,2025-09-05 18:00:00,2025-11-19 03:00:00,3193,24,1181,GOLD,GOLD_LONG_LOGISTIC_BASE_PLUS_ML_T060,LONG,LOGISTIC,BASE_PLUS_ML,0.6,SWING_ATR_RR,2,500,False,CONFIG_LOCAL_FALLBACK_MT5_UNAVAILABLE,8,8,5,3,62.5,1.6050217881737916,0.15290393644673705,0.15290393644673705,1.2232314915738964,1.2002398660179665,1.0347506530898944,2,506.00119933008983,0,0
1,2025-02-11 17:00:00,2025-09-04 16:00:00,2025-09-04 17:00:00,2025-09-05 17:00:00,2025-09-05 18:00:00,2025-11-19 03:00:00,3193,24,1181,GOLD,GOLD_LONG_LOGISTIC_BASE_PLUS_ML_T060,LONG,LOGISTIC,BASE_PLUS_ML,0.6,SWING_ATR_RR,2,500,True,CONFIG_LOCAL_FALLBACK_MT5_UNAVAILABLE,8,0,0,0,0.0,0.0,0.0,0.0,0.0,0.0,0.0,0,500.0,8,0
1,2025-02-11 17:00:00,2025-09-04 16:00:00,2025-09-04 17:00:00,2025-09-05 17:00:00,2025-09-05 18:00:00,2025-11-19 03:00:00,3193,24,1181,GOLD,GOLD_LONG_LOGISTIC_BASE_PLUS_ML_T060,LONG,LOGISTIC,BASE_PLUS_ML,0.6,SWING_ATR_RR,2,1000,False,CONFIG_LOCAL_FALLBACK_MT5_UNAVAILABLE,8,8,5,3,62.5,1.6050217881737916,0.15290393644673705,0.15290393644673705,1.2232314915738964,1.2002398660179665,1.0347506530898944,2,1012.0023986601797,0,0
1,2025-02-11 17:00:00,2025-09-04 16:00:00,2025-09-04 17:00:00,2025-09-05 17:00:00,2025-09-05 18:00:00,2025-11-19 03:00:00,3193,24,1181,GOLD,GOLD_LONG_LOGISTIC_BASE_PLUS_ML_T060,LONG,LOGISTIC,BASE_PLUS_ML,0.6,SWING_ATR_RR,2,1000,True,CONFIG_LOCAL_FALLBACK_MT5_UNAVAILABLE,8,0,0,0,0.0,0.0,0.0,0.0,0.0,0.0,0.0,0,1000.0,8,0
1,2025-02-11 17:00:00,2025-09-04 16:00:00,2025-09-04 17:00:00,2025-09-05 17:00:00,2025-09-05 18:00:00,2025-11-19 03:00:00,3193,24,1181,GOLD,GOLD_LONG_LOGISTIC_BASE_PLUS_ML_T060,LONG,LOGISTIC,BASE_PLUS_ML,0.6,SWING_ATR_RR,2,5000,False,CONFIG_LOCAL_FALLBACK_MT5_UNAVAILABLE,8,8,5,3,62.5,1.6050217881738005,0.15290393644673705,0.15290393644673705,1.2232314915738964,1.2002398660179825,1.0347506530898944,2,5060.011993300899,0,0
1,2025-02-11 17:00:00,2025-09-04 16:00:00,2025-09-04 17:00:00,2025-09-05 17:00:00,2025-09-05 18:00:00,2025-11-19 03:00:00,3193,24,1181,GOLD,GOLD_LONG_LOGISTIC_BASE_PLUS_ML_T060,LONG,LOGISTIC,BASE_PLUS_ML,0.6,SWING_ATR_RR,2,5000,True,CONFIG_LOCAL_FALLBACK_MT5_UNAVAILABLE,8,2,1,1,50.0,1.7340823164961183,0.42865390008714943,0.42865390008714943,0.8573078001742989,0.6752615572798276,0.9054289142344459,1,5033.763077863991,6,0
1,2025-02-11 17:00:00,2025-09-04 16:00:00,2025-09-04 17:00:00,2025-09-05 17:00:00,2025-09-05 18:00:00,2025-11-19 03:00:00,3193,24,1181,GOLD,GOLD_LONG_LOGISTIC_BASE_PLUS_ML_T060,LONG,LOGISTIC,BASE_PLUS_ML,0.6,SWING_ATR_RR,5,100,False,CONFIG_LOCAL_FALLBACK_MT5_UNAVAILABLE,8,8,5,3,62.5,1.381727621522387,0.10249439600320595,0.10249439600320595,0.8199551680256476,0.795458109207857,1.086876632724726,2,100.79545810920786,0,0
1,2025-02-11 17:00:00,2025-09-04 16:00:00,2025-09-04 17:00:00,2025-09-05 17:00:00,2025-09-05 18:00:00,2025-11-19 03:00:00,3193,24,1181,GOLD,GOLD_LONG_LOGISTIC_BASE_PLUS_ML_T060,LONG,LOGISTIC,BASE_PLUS_ML,0.6,SWING_ATR_RR,5,100,True,CONFIG_LOCAL_FALLBACK_MT5_UNAVAILABLE,8,0,0,0,0.0,0.0,0.0,0.0,0.0,0.0,0.0,0,100.0,8,0
1,2025-02-11 17:00:00,2025-09-04 16:00:00,2025-09-04 17:00:00,2025-09-05 17:00:00,2025-09-05 18:00:00,2025-11-19 03:00:00,3193,24,1181,GOLD,GOLD_LONG_LOGISTIC_BASE_PLUS_ML_T060,LONG,LOGISTIC,BASE_PLUS_ML,0.6,SWING_ATR_RR,5,500,False,CONFIG_LOCAL_FALLBACK_MT5_UNAVAILABLE,8,8,5,3,62.5,1.3817276215223941,0.10249439600320595,0.10249439600320595,0.8199551680256476,0.7954581092078684,1.086876632724726,2,503.97729054603934,0,0
1,2025-02-11 17:00:00,2025-09-04 16:00:00,2025-09-04 17:00:00,2025-09-05 17:00:00,2025-09-05 18:00:00,2025-11-19 03:00:00,3193,24,1181,GOLD,GOLD_LONG_LOGISTIC_BASE_PLUS_ML_T060,LONG,LOGISTIC,BASE_PLUS_ML,0.6,SWING_ATR_RR,5,500,True,CONFIG_LOCAL_FALLBACK_MT5_UNAVAILABLE,8,0,0,0,0.0,0.0,0.0,0.0,0.0,0.0,0.0,0,500.0,8,0
1,2025-02-11 17:00:00,2025-09-04 16:00:00,2025-09-04 17:00:00,2025-09-05 17:00:00,2025-09-05 18:00:00,2025-11-19 03:00:00,3193,24,1181,GOLD,GOLD_LONG_LOGISTIC_BASE_PLUS_ML_T060,LONG,LOGISTIC,BASE_PLUS_ML,0.6,SWING_ATR_RR,5,1000,False,CONFIG_LOCAL_FALLBACK_MT5_UNAVAILABLE,8,8,5,3,62.5,1.3817276215223941,0.10249439600320595,0.10249439600320595,0.8199551680256476,0.7954581092078684,1.086876632724726,2,1007.9545810920787,0,0
1,2025-02-11 17:00:00,2025-09-04 16:00:00,2025-09-04 17:00:00,2025-09-05 17:00:00,2025-09-05 18:00:00,2025-11-19 03:00:00,3193,24,1181,GOLD,GOLD_LONG_LOGISTIC_BASE_PLUS_ML_T060,LONG,LOGISTIC,BASE_PLUS_ML,0.6,SWING_ATR_RR,5,1000,True,CONFIG_LOCAL_FALLBACK_MT5_UNAVAILABLE,8,0,0,0,0.0,0.0,0.0,0.0,0.0,0.0,0.0,0,1000.0,8,0
1,2025-02-11 17:00:00,2025-09-04 16:00:00,2025-09-04 17:00:00,2025-09-05 17:00:00,2025-09-05 18:00:00,2025-11-19 03:00:00,3193,24,1181,GOLD,GOLD_LONG_LOGISTIC_BASE_PLUS_ML_T060,LONG,LOGISTIC,BASE_PLUS_ML,0.6,SWING_ATR_RR,5,5000,False,CONFIG_LOCAL_FALLBACK_MT5_UNAVAILABLE,8,8,5,3,62.5,1.3817276215223917,0.10249439600320595,0.10249439600320595,0.8199551680256476,0.7954581092078661,1.0868766327247281,2,5039.772905460393,0,0
1,2025-02-11 17:00:00,2025-09-04 16:00:00,2025-09-04 17:00:00,2025-09-05 17:00:00,2025-09-05 18:00:00,2025-11-19 03:00:00,3193,24,1181,GOLD,GOLD_LONG_LOGISTIC_BASE_PLUS_ML_T060,LONG,LOGISTIC,BASE_PLUS_ML,0.6,SWING_ATR_RR,5,5000,True,CONFIG_LOCAL_FALLBACK_MT5_UNAVAILABLE,8,2,1,1,50.0,1.5096400328749973,0.32163475021787336,0.32163475021787336,0.6432695004357467,0.4924196115953783,0.9523197945153803,1,5024.620980579769,6,0
1,2025-02-11 17:00:00,2025-09-04 16:00:00,2025-09-04 17:00:00,2025-09-05 17:00:00,2025-09-05 18:00:00,2025-11-19 03:00:00,3193,24,1181,GOLD,GOLD_LONG_LOGISTIC_BASE_PLUS_ML_T060,LONG,LOGISTIC,BASE_PLUS_ML,0.6,SWING_STRUCTURAL_TARGET,0,100,False,CONFIG_LOCAL_FALLBACK_MT5_UNAVAILABLE,8,3,3,0,100.0,inf,0.18579614279414627,0.18579614279414627,0.5573884283824388,0.5584178122750814,0.0,0,100.55841781227508,0,5
1,2025-02-11 17:00:00,2025-09-04 16:00:00,2025-09-04 17:00:00,2025-09-05 17:00:00,2025-09-05 18:00:00,2025-11-19 03:00:00,3193,24,1181,GOLD,GOLD_LONG_LOGISTIC_BASE_PLUS_ML_T060,LONG,LOGISTIC,BASE_PLUS_ML,0.6,SWING_STRUCTURAL_TARGET,0,100,True,CONFIG_LOCAL_FALLBACK_MT5_UNAVAILABLE,8,0,0,0,0.0,0.0,0.0,0.0,0.0,0.0,0.0,0,100.0,3,5
1,2025-02-11 17:00:00,2025-09-04 16:00:00,2025-09-04 17:00:00,2025-09-05 17:00:00,2025-09-05 18:00:00,2025-11-19 03:00:00,3193,24,1181,GOLD,GOLD_LONG_LOGISTIC_BASE_PLUS_ML_T060,LONG,LOGISTIC,BASE_PLUS_ML,0.6,SWING_STRUCTURAL_TARGET,0,500,False,CONFIG_LOCAL_FALLBACK_MT5_UNAVAILABLE,8,3,3,0,100.0,inf,0.18579614279414627,0.18579614279414627,0.5573884283824388,0.5584178122750927,0.0,0,502.79208906137546,0,5
1,2025-02-11 17:00:00,2025-09-04 16:00:00,2025-09-04 17:00:00,2025-09-05 17:00:00,2025-09-05 18:00:00,2025-11-19 03:00:00,3193,24,1181,GOLD,GOLD_LONG_LOGISTIC_BASE_PLUS_ML_T060,LONG,LOGISTIC,BASE_PLUS_ML,0.6,SWING_STRUCTURAL_TARGET,0,500,True,CONFIG_LOCAL_FALLBACK_MT5_UNAVAILABLE,8,0,0,0,0.0,0.0,0.0,0.0,0.0,0.0,0.0,0,500.0,3,5
1,2025-02-11 17:00:00,2025-09-04 16:00:00,2025-09-04 17:00:00,2025-09-05 17:00:00,2025-09-05 18:00:00,2025-11-19 03:00:00,3193,24,1181,GOLD,GOLD_LONG_LOGISTIC_BASE_PLUS_ML_T060,LONG,LOGISTIC,BASE_PLUS_ML,0.6,SWING_STRUCTURAL_TARGET,0,1000,False,CONFIG_LOCAL_FALLBACK_MT5_UNAVAILABLE,8,3,3,0,100.0,inf,0.18579614279414627,0.18579614279414627,0.5573884283824388,0.5584178122750927,0.0,0,1005.5841781227509,0,5
1,2025-02-11 17:00:00,2025-09-04 16:00:00,2025-09-04 17:00:00,2025-09-05 17:00:00,2025-09-05 18:00:00,2025-11-19 03:00:00,3193,24,1181,GOLD,GOLD_LONG_LOGISTIC_BASE_PLUS_ML_T060,LONG,LOGISTIC,BASE_PLUS_ML,0.6,SWING_STRUCTURAL_TARGET,0,1000,True,CONFIG_LOCAL_FALLBACK_MT5_UNAVAILABLE,8,0,0,0,0.0,0.0,0.0,0.0,0.0,0.0,0.0,0,1000.0,3,5
1,2025-02-11 17:00:00,2025-09-04 16:00:00,2025-09-04 17:00:00,2025-09-05 17:00:00,2025-09-05 18:00:00,2025-11-19 03:00:00,3193,24,1181,GOLD,GOLD_LONG_LOGISTIC_BASE_PLUS_ML_T060,LONG,LOGISTIC,BASE_PLUS_ML,0.6,SWING_STRUCTURAL_TARGET,0,5000,False,CONFIG_LOCAL_FALLBACK_MT5_UNAVAILABLE,8,3,3,0,100.0,inf,0.18579614279414627,0.18579614279414627,0.5573884283824388,0.5584178122751109,0.0,0,5027.920890613756,0,5
1,2025-02-11 17:00:00,2025-09-04 16:00:00,2025-09-04 17:00:00,2025-09-05 17:00:00,2025-09-05 18:00:00,2025-11-19 03:00:00,3193,24,1181,GOLD,GOLD_LONG_LOGISTIC_BASE_PLUS_ML_T060,LONG,LOGISTIC,BASE_PLUS_ML,0.6,SWING_STRUCTURAL_TARGET,0,5000,True,CONFIG_LOCAL_FALLBACK_MT5_UNAVAILABLE,8,0,0,0,0.0,0.0,0.0,0.0,0.0,0.0,0.0,0,5000.0,3,5
1,2025-02-11 17:00:00,2025-09-04 16:00:00,2025-09-04 17:00:00,2025-09-05 17:00:00,2025-09-05 18:00:00,2025-11-19 03:00:00,3193,24,1181,GOLD,GOLD_LONG_LOGISTIC_BASE_PLUS_ML_T060,LONG,LOGISTIC,BASE_PLUS_ML,0.6,SWING_STRUCTURAL_TARGET,1,100,False,CONFIG_LOCAL_FALLBACK_MT5_UNAVAILABLE,8,3,3,0,100.0,inf,0.17451430654445796,0.17451430654445796,0.5235429196333738,0.5244484466093979,0.0,0,100.5244484466094,0,5
1,2025-02-11 17:00:00,2025-09-04 16:00:00,2025-09-04 17:00:00,2025-09-05 17:00:00,2025-09-05 18:00:00,2025-11-19 03:00:00,3193,24,1181,GOLD,GOLD_LONG_LOGISTIC_BASE_PLUS_ML_T060,LONG,LOGISTIC,BASE_PLUS_ML,0.6,SWING_STRUCTURAL_TARGET,1,100,True,CONFIG_LOCAL_FALLBACK_MT5_UNAVAILABLE,8,0,0,0,0.0,0.0,0.0,0.0,0.0,0.0,0.0,0,100.0,3,5
1,2025-02-11 17:00:00,2025-09-04 16:00:00,2025-09-04 17:00:00,2025-09-05 17:00:00,2025-09-05 18:00:00,2025-11-19 03:00:00,3193,24,1181,GOLD,GOLD_LONG_LOGISTIC_BASE_PLUS_ML_T060,LONG,LOGISTIC,BASE_PLUS_ML,0.6,SWING_STRUCTURAL_TARGET,1,500,False,CONFIG_LOCAL_FALLBACK_MT5_UNAVAILABLE,8,3,3,0,100.0,inf,0.17451430654445796,0.17451430654445796,0.5235429196333738,0.5244484466094036,0.0,0,502.622242233047,0,5
1,2025-02-11 17:00:00,2025-09-04 16:00:00,2025-09-04 17:00:00,2025-09-05 17:00:00,2025-09-05 18:00:00,2025-11-19 03:00:00,3193,24,1181,GOLD,GOLD_LONG_LOGISTIC_BASE_PLUS_ML_T060,LONG,LOGISTIC,BASE_PLUS_ML,0.6,SWING_STRUCTURAL_TARGET,1,500,True,CONFIG_LOCAL_FALLBACK_MT5_UNAVAILABLE,8,0,0,0,0.0,0.0,0.0,0.0,0.0,0.0,0.0,0,500.0,3,5
1,2025-02-11 17:00:00,2025-09-04 16:00:00,2025-09-04 17:00:00,2025-09-05 17:00:00,2025-09-05 18:00:00,2025-11-19 03:00:00,3193,24,1181,GOLD,GOLD_LONG_LOGISTIC_BASE_PLUS_ML_T060,LONG,LOGISTIC,BASE_PLUS_ML,0.6,SWING_STRUCTURAL_TARGET,1,1000,False,CONFIG_LOCAL_FALLBACK_MT5_UNAVAILABLE,8,3,3,0,100.0,inf,0.17451430654445796,0.17451430654445796,0.5235429196333738,0.5244484466094036,0.0,0,1005.244484466094,0,5
1,2025-02-11 17:00:00,2025-09-04 16:00:00,2025-09-04 17:00:00,2025-09-05 17:00:00,2025-09-05 18:00:00,2025-11-19 03:00:00,3193,24,1181,GOLD,GOLD_LONG_LOGISTIC_BASE_PLUS_ML_T060,LONG,LOGISTIC,BASE_PLUS_ML,0.6,SWING_STRUCTURAL_TARGET,1,1000,True,CONFIG_LOCAL_FALLBACK_MT5_UNAVAILABLE,8,0,0,0,0.0,0.0,0.0,0.0,0.0,0.0,0.0,0,1000.0,3,5
1,2025-02-11 17:00:00,2025-09-04 16:00:00,2025-09-04 17:00:00,2025-09-05 17:00:00,2025-09-05 18:00:00,2025-11-19 03:00:00,3193,24,1181,GOLD,GOLD_LONG_LOGISTIC_BASE_PLUS_ML_T060,LONG,LOGISTIC,BASE_PLUS_ML,0.6,SWING_STRUCTURAL_TARGET,1,5000,False,CONFIG_LOCAL_FALLBACK_MT5_UNAVAILABLE,8,3,3,0,100.0,inf,0.17451430654445796,0.17451430654445796,0.5235429196333738,0.5244484466094036,0.0,0,5026.22242233047,0,5
1,2025-02-11 17:00:00,2025-09-04 16:00:00,2025-09-04 17:00:00,2025-09-05 17:00:00,2025-09-05 18:00:00,2025-11-19 03:00:00,3193,24,1181,GOLD,GOLD_LONG_LOGISTIC_BASE_PLUS_ML_T060,LONG,LOGISTIC,BASE_PLUS_ML,0.6,SWING_STRUCTURAL_TARGET,1,5000,True,CONFIG_LOCAL_FALLBACK_MT5_UNAVAILABLE,8,0,0,0,0.0,0.0,0.0,0.0,0.0,0.0,0.0,0,5000.0,3,5
1,2025-02-11 17:00:00,2025-09-04 16:00:00,2025-09-04 17:00:00,2025-09-05 17:00:00,2025-09-05 18:00:00,2025-11-19 03:00:00,3193,24,1181,GOLD,GOLD_LONG_LOGISTIC_BASE_PLUS_ML_T060,LONG,LOGISTIC,BASE_PLUS_ML,0.6,SWING_STRUCTURAL_TARGET,2,100,False,CONFIG_LOCAL_FALLBACK_MT5_UNAVAILABLE,8,3,3,0,100.0,inf,0.16323247029476962,0.16323247029476962,0.48969741088430885,0.4904865185397682,0.0,0,100.49048651853977,0,5
1,2025-02-11 17:00:00,2025-09-04 16:00:00,2025-09-04 17:00:00,2025-09-05 17:00:00,2025-09-05 18:00:00,2025-11-19 03:00:00,3193,24,1181,GOLD,GOLD_LONG_LOGISTIC_BASE_PLUS_ML_T060,LONG,LOGISTIC,BASE_PLUS_ML,0.6,SWING_STRUCTURAL_TARGET,2,100,True,CONFIG_LOCAL_FALLBACK_MT5_UNAVAILABLE,8,0,0,0,0.0,0.0,0.0,0.0,0.0,0.0,0.0,0,100.0,3,5
1,2025-02-11 17:00:00,2025-09-04 16:00:00,2025-09-04 17:00:00,2025-09-05 17:00:00,2025-09-05 18:00:00,2025-11-19 03:00:00,3193,24,1181,GOLD,GOLD_LONG_LOGISTIC_BASE_PLUS_ML_T060,LONG,LOGISTIC,BASE_PLUS_ML,0.6,SWING_STRUCTURAL_TARGET,2,500,False,CONFIG_LOCAL_FALLBACK_MT5_UNAVAILABLE,8,3,3,0,100.0,inf,0.16323247029476962,0.16323247029476962,0.48969741088430885,0.4904865185397853,0.0,0,502.4524325926989,0,5
1,2025-02-11 17:00:00,2025-09-04 16:00:00,2025-09-04 17:00:00,2025-09-05 17:00:00,2025-09-05 18:00:00,2025-11-19 03:00:00,3193,24,1181,GOLD,GOLD_LONG_LOGISTIC_BASE_PLUS_ML_T060,LONG,LOGISTIC,BASE_PLUS_ML,0.6,SWING_STRUCTURAL_TARGET,2,500,True,CONFIG_LOCAL_FALLBACK_MT5_UNAVAILABLE,8,0,0,0,0.0,0.0,0.0,0.0,0.0,0.0,0.0,0,500.0,3,5
1,2025-02-11 17:00:00,2025-09-04 16:00:00,2025-09-04 17:00:00,2025-09-05 17:00:00,2025-09-05 18:00:00,2025-11-19 03:00:00,3193,24,1181,GOLD,GOLD_LONG_LOGISTIC_BASE_PLUS_ML_T060,LONG,LOGISTIC,BASE_PLUS_ML,0.6,SWING_STRUCTURAL_TARGET,2,1000,False,CONFIG_LOCAL_FALLBACK_MT5_UNAVAILABLE,8,3,3,0,100.0,inf,0.16323247029476962,0.16323247029476962,0.48969741088430885,0.4904865185397853,0.0,0,1004.9048651853979,0,5
1,2025-02-11 17:00:00,2025-09-04 16:00:00,2025-09-04 17:00:00,2025-09-05 17:00:00,2025-09-05 18:00:00,2025-11-19 03:00:00,3193,24,1181,GOLD,GOLD_LONG_LOGISTIC_BASE_PLUS_ML_T060,LONG,LOGISTIC,BASE_PLUS_ML,0.6,SWING_STRUCTURAL_TARGET,2,1000,True,CONFIG_LOCAL_FALLBACK_MT5_UNAVAILABLE,8,0,0,0,0.0,0.0,0.0,0.0,0.0,0.0,0.0,0,1000.0,3,5
1,2025-02-11 17:00:00,2025-09-04 16:00:00,2025-09-04 17:00:00,2025-09-05 17:00:00,2025-09-05 18:00:00,2025-11-19 03:00:00,3193,24,1181,GOLD,GOLD_LONG_LOGISTIC_BASE_PLUS_ML_T060,LONG,LOGISTIC,BASE_PLUS_ML,0.6,SWING_STRUCTURAL_TARGET,2,5000,False,CONFIG_LOCAL_FALLBACK_MT5_UNAVAILABLE,8,3,3,0,100.0,inf,0.16323247029476962,0.16323247029476962,0.48969741088430885,0.49048651853978303,0.0,0,5024.524325926989,0,5
1,2025-02-11 17:00:00,2025-09-04 16:00:00,2025-09-04 17:00:00,2025-09-05 17:00:00,2025-09-05 18:00:00,2025-11-19 03:00:00,3193,24,1181,GOLD,GOLD_LONG_LOGISTIC_BASE_PLUS_ML_T060,LONG,LOGISTIC,BASE_PLUS_ML,0.6,SWING_STRUCTURAL_TARGET,2,5000,True,CONFIG_LOCAL_FALLBACK_MT5_UNAVAILABLE,8,0,0,0,0.0,0.0,0.0,0.0,0.0,0.0,0.0,0,5000.0,3,5
1,2025-02-11 17:00:00,2025-09-04 16:00:00,2025-09-04 17:00:00,2025-09-05 17:00:00,2025-09-05 18:00:00,2025-11-19 03:00:00,3193,24,1181,GOLD,GOLD_LONG_LOGISTIC_BASE_PLUS_ML_T060,LONG,LOGISTIC,BASE_PLUS_ML,0.6,SWING_STRUCTURAL_TARGET,5,100,False,CONFIG_LOCAL_FALLBACK_MT5_UNAVAILABLE,8,3,3,0,100.0,inf,0.12938696154570462,0.12938696154570462,0.38816088463711385,0.38864535203373407,0.0,0,100.38864535203373,0,5
1,2025-02-11 17:00:00,2025-09-04 16:00:00,2025-09-04 17:00:00,2025-09-05 17:00:00,2025-09-05 18:00:00,2025-11-19 03:00:00,3193,24,1181,GOLD,GOLD_LONG_LOGISTIC_BASE_PLUS_ML_T060,LONG,LOGISTIC,BASE_PLUS_ML,0.6,SWING_STRUCTURAL_TARGET,5,100,True,CONFIG_LOCAL_FALLBACK_MT5_UNAVAILABLE,8,0,0,0,0.0,0.0,0.0,0.0,0.0,0.0,0.0,0,100.0,3,5
1,2025-02-11 17:00:00,2025-09-04 16:00:00,2025-09-04 17:00:00,2025-09-05 17:00:00,2025-09-05 18:00:00,2025-11-19 03:00:00,3193,24,1181,GOLD,GOLD_LONG_LOGISTIC_BASE_PLUS_ML_T060,LONG,LOGISTIC,BASE_PLUS_ML,0.6,SWING_STRUCTURAL_TARGET,5,500,False,CONFIG_LOCAL_FALLBACK_MT5_UNAVAILABLE,8,3,3,0,100.0,inf,0.12938696154570462,0.12938696154570462,0.38816088463711385,0.38864535203373407,0.0,0,501.94322676016867,0,5
1,2025-02-11 17:00:00,2025-09-04 16:00:00,2025-09-04 17:00:00,2025-09-05 17:00:00,2025-09-05 18:00:00,2025-11-19 03:00:00,3193,24,1181,GOLD,GOLD_LONG_LOGISTIC_BASE_PLUS_ML_T060,LONG,LOGISTIC,BASE_PLUS_ML,0.6,SWING_STRUCTURAL_TARGET,5,500,True,CONFIG_LOCAL_FALLBACK_MT5_UNAVAILABLE,8,0,0,0,0.0,0.0,0.0,0.0,0.0,0.0,0.0,0,500.0,3,5
1,2025-02-11 17:00:00,2025-09-04 16:00:00,2025-09-04 17:00:00,2025-09-05 17:00:00,2025-09-05 18:00:00,2025-11-19 03:00:00,3193,24,1181,GOLD,GOLD_LONG_LOGISTIC_BASE_PLUS_ML_T060,LONG,LOGISTIC,BASE_PLUS_ML,0.6,SWING_STRUCTURAL_TARGET,5,1000,False,CONFIG_LOCAL_FALLBACK_MT5_UNAVAILABLE,8,3,3,0,100.0,inf,0.12938696154570462,0.12938696154570462,0.38816088463711385,0.38864535203373407,0.0,0,1003.8864535203373,0,5
1,2025-02-11 17:00:00,2025-09-04 16:00:00,2025-09-04 17:00:00,2025-09-05 17:00:00,2025-09-05 18:00:00,2025-11-19 03:00:00,3193,24,1181,GOLD,GOLD_LONG_LOGISTIC_BASE_PLUS_ML_T060,LONG,LOGISTIC,BASE_PLUS_ML,0.6,SWING_STRUCTURAL_TARGET,5,1000,True,CONFIG_LOCAL_FALLBACK_MT5_UNAVAILABLE,8,0,0,0,0.0,0.0,0.0,0.0,0.0,0.0,0.0,0,1000.0,3,5
1,2025-02-11 17:00:00,2025-09-04 16:00:00,2025-09-04 17:00:00,2025-09-05 17:00:00,2025-09-05 18:00:00,2025-11-19 03:00:00,3193,24,1181,GOLD,GOLD_LONG_LOGISTIC_BASE_PLUS_ML_T060,LONG,LOGISTIC,BASE_PLUS_ML,0.6,SWING_STRUCTURAL_TARGET,5,5000,False,CONFIG_LOCAL_FALLBACK_MT5_UNAVAILABLE,8,3,3,0,100.0,inf,0.12938696154570462,0.12938696154570462,0.38816088463711385,0.38864535203374545,0.0,0,5019.432267601687,0,5
1,2025-02-11 17:00:00,2025-09-04 16:00:00,2025-09-04 17:00:00,2025-09-05 17:00:00,2025-09-05 18:00:00,2025-11-19 03:00:00,3193,24,1181,GOLD,GOLD_LONG_LOGISTIC_BASE_PLUS_ML_T060,LONG,LOGISTIC,BASE_PLUS_ML,0.6,SWING_STRUCTURAL_TARGET,5,5000,True,CONFIG_LOCAL_FALLBACK_MT5_UNAVAILABLE,8,0,0,0,0.0,0.0,0.0,0.0,0.0,0.0,0.0,0,5000.0,3,5
2,2025-02-11 17:00:00,2025-11-18 02:00:00,2025-11-18 03:00:00,2025-11-19 03:00:00,2025-11-19 04:00:00,2026-02-10 18:00:00,4374,24,1181,GOLD,GOLD_LONG_LOGISTIC_BASE_PLUS_ML_T060,LONG,LOGISTIC,BASE_PLUS_ML,0.6,ATR_ONLY,0,100,False,CONFIG_LOCAL_FALLBACK_MT5_UNAVAILABLE,5,5,2,3,40.0,1.3156159118314457,0.20000000000001616,0.20000000000001616,1.0000000000000808,0.9499079600000897,1.9899999999999949,2,100.94990796000009,0,0
2,2025-02-11 17:00:00,2025-11-18 02:00:00,2025-11-18 03:00:00,2025-11-19 03:00:00,2025-11-19 04:00:00,2026-02-10 18:00:00,4374,24,1181,GOLD,GOLD_LONG_LOGISTIC_BASE_PLUS_ML_T060,LONG,LOGISTIC,BASE_PLUS_ML,0.6,ATR_ONLY,0,100,True,CONFIG_LOCAL_FALLBACK_MT5_UNAVAILABLE,5,0,0,0,0.0,0.0,0.0,0.0,0.0,0.0,0.0,0,100.0,5,0
2,2025-02-11 17:00:00,2025-11-18 02:00:00,2025-11-18 03:00:00,2025-11-19 03:00:00,2025-11-19 04:00:00,2026-02-10 18:00:00,4374,24,1181,GOLD,GOLD_LONG_LOGISTIC_BASE_PLUS_ML_T060,LONG,LOGISTIC,BASE_PLUS_ML,0.6,ATR_ONLY,0,500,False,CONFIG_LOCAL_FALLBACK_MT5_UNAVAILABLE,5,5,2,3,40.0,1.3156159118314448,0.20000000000001616,0.20000000000001616,1.0000000000000808,0.9499079600000869,1.9899999999999978,2,504.74953980000043,0,0
2,2025-02-11 17:00:00,2025-11-18 02:00:00,2025-11-18 03:00:00,2025-11-19 03:00:00,2025-11-19 04:00:00,2026-02-10 18:00:00,4374,24,1181,GOLD,GOLD_LONG_LOGISTIC_BASE_PLUS_ML_T060,LONG,LOGISTIC,BASE_PLUS_ML,0.6,ATR_ONLY,0,500,True,CONFIG_LOCAL_FALLBACK_MT5_UNAVAILABLE,5,0,0,0,0.0,0.0,0.0,0.0,0.0,0.0,0.0,0,500.0,5,0
2,2025-02-11 17:00:00,2025-11-18 02:00:00,2025-11-18 03:00:00,2025-11-19 03:00:00,2025-11-19 04:00:00,2026-02-10 18:00:00,4374,24,1181,GOLD,GOLD_LONG_LOGISTIC_BASE_PLUS_ML_T060,LONG,LOGISTIC,BASE_PLUS_ML,0.6,ATR_ONLY,0,1000,False,CONFIG_LOCAL_FALLBACK_MT5_UNAVAILABLE,5,5,2,3,40.0,1.3156159118314448,0.20000000000001616,0.20000000000001616,1.0000000000000808,0.9499079600000869,1.9899999999999978,2,1009.4990796000009,0,0
2,2025-02-11 17:00:00,2025-11-18 02:00:00,2025-11-18 03:00:00,2025-11-19 03:00:00,2025-11-19 04:00:00,2026-02-10 18:00:00,4374,24,1181,GOLD,GOLD_LONG_LOGISTIC_BASE_PLUS_ML_T060,LONG,LOGISTIC,BASE_PLUS_ML,0.6,ATR_ONLY,0,1000,True,CONFIG_LOCAL_FALLBACK_MT5_UNAVAILABLE,5,0,0,0,0.0,0.0,0.0,0.0,0.0,0.0,0.0,0,1000.0,5,0
2,2025-02-11 17:00:00,2025-11-18 02:00:00,2025-11-18 03:00:00,2025-11-19 03:00:00,2025-11-19 04:00:00,2026-02-10 18:00:00,4374,24,1181,GOLD,GOLD_LONG_LOGISTIC_BASE_PLUS_ML_T060,LONG,LOGISTIC,BASE_PLUS_ML,0.6,ATR_ONLY,0,5000,False,CONFIG_LOCAL_FALLBACK_MT5_UNAVAILABLE,5,5,2,3,40.0,1.3156159118314459,0.20000000000001616,0.20000000000001616,1.0000000000000808,0.9499079600000914,1.9900000000000002,2,5047.495398000005,0,0
2,2025-02-11 17:00:00,2025-11-18 02:00:00,2025-11-18 03:00:00,2025-11-19 03:00:00,2025-11-19 04:00:00,2026-02-10 18:00:00,4374,24,1181,GOLD,GOLD_LONG_LOGISTIC_BASE_PLUS_ML_T060,LONG,LOGISTIC,BASE_PLUS_ML,0.6,ATR_ONLY,0,5000,True,CONFIG_LOCAL_FALLBACK_MT5_UNAVAILABLE,5,4,2,2,50.0,2.460096137403474,0.5000000000000202,0.5000000000000202,2.000000000000081,2.1324021632120638,1.4604532596080753,2,5106.620108160603,1,0
2,2025-02-11 17:00:00,2025-11-18 02:00:00,2025-11-18 03:00:00,2025-11-19 03:00:00,2025-11-19 04:00:00,2026-02-10 18:00:00,4374,24,1181,GOLD,GOLD_LONG_LOGISTIC_BASE_PLUS_ML_T060,LONG,LOGISTIC,BASE_PLUS_ML,0.6,ATR_ONLY,1,100,False,CONFIG_LOCAL_FALLBACK_MT5_UNAVAILABLE,5,5,2,3,40.0,1.2446808880751352,0.1626167500912031,0.1626167500912031,0.8130837504560156,0.7618599038012093,2.081752640911162,2,100.76185990380121,0,0
2,2025-02-11 17:00:00,2025-11-18 02:00:00,2025-11-18 03:00:00,2025-11-19 03:00:00,2025-11-19 04:00:00,2026-02-10 18:00:00,4374,24,1181,GOLD,GOLD_LONG_LOGISTIC_BASE_PLUS_ML_T060,LONG,LOGISTIC,BASE_PLUS_ML,0.6,ATR_ONLY,1,100,True,CONFIG_LOCAL_FALLBACK_MT5_UNAVAILABLE,5,0,0,0,0.0,0.0,0.0,0.0,0.0,0.0,0.0,0,100.0,5,0
2,2025-02-11 17:00:00,2025-11-18 02:00:00,2025-11-18 03:00:00,2025-11-19 03:00:00,2025-11-19 04:00:00,2026-02-10 18:00:00,4374,24,1181,GOLD,GOLD_LONG_LOGISTIC_BASE_PLUS_ML_T060,LONG,LOGISTIC,BASE_PLUS_ML,0.6,ATR_ONLY,1,500,False,CONFIG_LOCAL_FALLBACK_MT5_UNAVAILABLE,5,5,2,3,40.0,1.2446808880751403,0.1626167500912031,0.1626167500912031,0.8130837504560156,0.7618599038012235,2.0817526409111564,2,503.8092995190061,0,0
2,2025-02-11 17:00:00,2025-11-18 02:00:00,2025-11-18 03:00:00,2025-11-19 03:00:00,2025-11-19 04:00:00,2026-02-10 18:00:00,4374,24,1181,GOLD,GOLD_LONG_LOGISTIC_BASE_PLUS_ML_T060,LONG,LOGISTIC,BASE_PLUS_ML,0.6,ATR_ONLY,1,500,True,CONFIG_LOCAL_FALLBACK_MT5_UNAVAILABLE,5,0,0,0,0.0,0.0,0.0,0.0,0.0,0.0,0.0,0,500.0,5,0
2,2025-02-11 17:00:00,2025-11-18 02:00:00,2025-11-18 03:00:00,2025-11-19 03:00:00,2025-11-19 04:00:00,2026-02-10 18:00:00,4374,24,1181,GOLD,GOLD_LONG_LOGISTIC_BASE_PLUS_ML_T060,LONG,LOGISTIC,BASE_PLUS_ML,0.6,ATR_ONLY,1,1000,False,CONFIG_LOCAL_FALLBACK_MT5_UNAVAILABLE,5,5,2,3,40.0,1.2446808880751403,0.1626167500912031,0.1626167500912031,0.8130837504560156,0.7618599038012235,2.0817526409111564,2,1007.6185990380122,0,0
2,2025-02-11 17:00:00,2025-11-18 02:00:00,2025-11-18 03:00:00,2025-11-19 03:00:00,2025-11-19 04:00:00,2026-02-10 18:00:00,4374,24,1181,GOLD,GOLD_LONG_LOGISTIC_BASE_PLUS_ML_T060,LONG,LOGISTIC,BASE_PLUS_ML,0.6,ATR_ONLY,1,1000,True,CONFIG_LOCAL_FALLBACK_MT5_UNAVAILABLE,5,0,0,0,0.0,0.0,0.0,0.0,0.0,0.0,0.0,0,1000.0,5,0
2,2025-02-11 17:00:00,2025-11-18 02:00:00,2025-11-18 03:00:00,2025-11-19 03:00:00,2025-11-19 04:00:00,2026-02-10 18:00:00,4374,24,1181,GOLD,GOLD_LONG_LOGISTIC_BASE_PLUS_ML_T060,LONG,LOGISTIC,BASE_PLUS_ML,0.6,ATR_ONLY,1,5000,False,CONFIG_LOCAL_FALLBACK_MT5_UNAVAILABLE,5,5,2,3,40.0,1.2446808880751306,0.1626167500912031,0.1626167500912031,0.8130837504560156,0.7618599038011962,2.081752640911163,2,5038.09299519006,0,0
2,2025-02-11 17:00:00,2025-11-18 02:00:00,2025-11-18 03:00:00,2025-11-19 03:00:00,2025-11-19 04:00:00,2026-02-10 18:00:00,4374,24,1181,GOLD,GOLD_LONG_LOGISTIC_BASE_PLUS_ML_T060,LONG,LOGISTIC,BASE_PLUS_ML,0.6,ATR_ONLY,1,5000,True,CONFIG_LOCAL_FALLBACK_MT5_UNAVAILABLE,5,4,2,2,50.0,2.3042170388458287,0.45670858320826474,0.45670858320826474,1.826834332833059,1.9926913214332491,1.527883214282101,2,5099.634566071662,1,0
2,2025-02-11 17:00:00,2025-11-18 02:00:00,2025-11-18 03:00:00,2025-11-19 03:00:00,2025-11-19 04:00:00,2026-02-10 18:00:00,4374,24,1181,GOLD,GOLD_LONG_LOGISTIC_BASE_PLUS_ML_T060,LONG,LOGISTIC,BASE_PLUS_ML,0.6,ATR_ONLY,2,100,False,CONFIG_LOCAL_FALLBACK_MT5_UNAVAILABLE,5,5,2,3,40.0,1.1784206479059474,0.12523350018238996,0.12523350018238996,0.6261675009119498,0.5740846266885455,2.1734624304685894,2,100.57408462668855,0,0
2,2025-02-11 17:00:00,2025-11-18 02:00:00,2025-11-18 03:00:00,2025-11-19 03:00:00,2025-11-19 04:00:00,2026-02-10 18:00:00,4374,24,1181,GOLD,GOLD_LONG_LOGISTIC_BASE_PLUS_ML_T060,LONG,LOGISTIC,BASE_PLUS_ML,0.6,ATR_ONLY,2,100,True,CONFIG_LOCAL_FALLBACK_MT5_UNAVAILABLE,5,0,0,0,0.0,0.0,0.0,0.0,0.0,0.0,0.0,0,100.0,5,0
2,2025-02-11 17:00:00,2025-11-18 02:00:00,2025-11-18 03:00:00,2025-11-19 03:00:00,2025-11-19 04:00:00,2026-02-10 18:00:00,4374,24,1181,GOLD,GOLD_LONG_LOGISTIC_BASE_PLUS_ML_T060,LONG,LOGISTIC,BASE_PLUS_ML,0.6,ATR_ONLY,2,500,False,CONFIG_LOCAL_FALLBACK_MT5_UNAVAILABLE,5,5,2,3,40.0,1.1784206479059471,0.12523350018238996,0.12523350018238996,0.6261675009119498,0.5740846266885455,2.1734624304685894,2,502.8704231334427,0,0
2,2025-02-11 17:00:00,2025-11-18 02:00:00,2025-11-18 03:00:00,2025-11-19 03:00:00,2025-11-19 04:00:00,2026-02-10 18:00:00,4374,24,1181,GOLD,GOLD_LONG_LOGISTIC_BASE_PLUS_ML_T060,LONG,LOGISTIC,BASE_PLUS_ML,0.6,ATR_ONLY,2,500,True,CONFIG_LOCAL_FALLBACK_MT5_UNAVAILABLE,5,0,0,0,0.0,0.0,0.0,0.0,0.0,0.0,0.0,0,500.0,5,0
2,2025-02-11 17:00:00,2025-11-18 02:00:00,2025-11-18 03:00:00,2025-11-19 03:00:00,2025-11-19 04:00:00,2026-02-10 18:00:00,4374,24,1181,GOLD,GOLD_LONG_LOGISTIC_BASE_PLUS_ML_T060,LONG,LOGISTIC,BASE_PLUS_ML,0.6,ATR_ONLY,2,1000,False,CONFIG_LOCAL_FALLBACK_MT5_UNAVAILABLE,5,5,2,3,40.0,1.1784206479059471,0.12523350018238996,0.12523350018238996,0.6261675009119498,0.5740846266885455,2.1734624304685894,2,1005.7408462668855,0,0
2,2025-02-11 17:00:00,2025-11-18 02:00:00,2025-11-18 03:00:00,2025-11-19 03:00:00,2025-11-19 04:00:00,2026-02-10 18:00:00,4374,24,1181,GOLD,GOLD_LONG_LOGISTIC_BASE_PLUS_ML_T060,LONG,LOGISTIC,BASE_PLUS_ML,0.6,ATR_ONLY,2,1000,True,CONFIG_LOCAL_FALLBACK_MT5_UNAVAILABLE,5,0,0,0,0.0,0.0,0.0,0.0,0.0,0.0,0.0,0,1000.0,5,0
2,2025-02-11 17:00:00,2025-11-18 02:00:00,2025-11-18 03:00:00,2025-11-19 03:00:00,2025-11-19 04:00:00,2026-02-10 18:00:00,4374,24,1181,GOLD,GOLD_LONG_LOGISTIC_BASE_PLUS_ML_T060,LONG,LOGISTIC,BASE_PLUS_ML,0.6,ATR_ONLY,2,5000,False,CONFIG_LOCAL_FALLBACK_MT5_UNAVAILABLE,5,5,2,3,40.0,1.1784206479059534,0.12523350018238996,0.12523350018238996,0.6261675009119498,0.5740846266885637,2.1734624304685894,2,5028.704231334428,0,0
2,2025-02-11 17:00:00,2025-11-18 02:00:00,2025-11-18 03:00:00,2025-11-19 03:00:00,2025-11-19 04:00:00,2026-02-10 18:00:00,4374,24,1181,GOLD,GOLD_LONG_LOGISTIC_BASE_PLUS_ML_T060,LONG,LOGISTIC,BASE_PLUS_ML,0.6,ATR_ONLY,2,5000,True,CONFIG_LOCAL_FALLBACK_MT5_UNAVAILABLE,5,4,2,2,50.0,2.161515190692526,0.4134171664165092,0.4134171664165092,1.6536686656660369,1.8529804796544158,1.5953131689561633,2,5092.649023982721,1,0
2,2025-02-11 17:00:00,2025-11-18 02:00:00,2025-11-18 03:00:00,2025-11-19 03:00:00,2025-11-19 04:00:00,2026-02-10 18:00:00,4374,24,1181,GOLD,GOLD_LONG_LOGISTIC_BASE_PLUS_ML_T060,LONG,LOGISTIC,BASE_PLUS_ML,0.6,ATR_ONLY,5,100,False,CONFIG_LOCAL_FALLBACK_MT5_UNAVAILABLE,5,5,2,3,40.0,1.003511881019548,0.013083750455950805,0.013083750455950805,0.06541875227975402,0.012392610563409788,2.4483346910184736,2,100.01239261056341,0,0
2,2025-02-11 17:00:00,2025-11-18 02:00:00,2025-11-18 03:00:00,2025-11-19 03:00:00,2025-11-19 04:00:00,2026-02-10 18:00:00,4374,24,1181,GOLD,GOLD_LONG_LOGISTIC_BASE_PLUS_ML_T060,LONG,LOGISTIC,BASE_PLUS_ML,0.6,ATR_ONLY,5,100,True,CONFIG_LOCAL_FALLBACK_MT5_UNAVAILABLE,5,0,0,0,0.0,0.0,0.0,0.0,0.0,0.0,0.0,0,100.0,5,0
2,2025-02-11 17:00:00,2025-11-18 02:00:00,2025-11-18 03:00:00,2025-11-19 03:00:00,2025-11-19 04:00:00,2026-02-10 18:00:00,4374,24,1181,GOLD,GOLD_LONG_LOGISTIC_BASE_PLUS_ML_T060,LONG,LOGISTIC,BASE_PLUS_ML,0.6,ATR_ONLY,5,500,False,CONFIG_LOCAL_FALLBACK_MT5_UNAVAILABLE,5,5,2,3,40.0,1.0035118810195465,0.013083750455950805,0.013083750455950805,0.06541875227975402,0.012392610563404105,2.4483346910184762,2,500.061963052817,0,0
2,2025-02-11 17:00:00,2025-11-18 02:00:00,2025-11-18 03:00:00,2025-11-19 03:00:00,2025-11-19 04:00:00,2026-02-10 18:00:00,4374,24,1181,GOLD,GOLD_LONG_LOGISTIC_BASE_PLUS_ML_T060,LONG,LOGISTIC,BASE_PLUS_ML,0.6,ATR_ONLY,5,500,True,CONFIG_LOCAL_FALLBACK_MT5_UNAVAILABLE,5,0,0,0,0.0,0.0,0.0,0.0,0.0,0.0,0.0,0,500.0,5,0
2,2025-02-11 17:00:00,2025-11-18 02:00:00,2025-11-18 03:00:00,2025-11-19 03:00:00,2025-11-19 04:00:00,2026-02-10 18:00:00,4374,24,1181,GOLD,GOLD_LONG_LOGISTIC_BASE_PLUS_ML_T060,LONG,LOGISTIC,BASE_PLUS_ML,0.6,ATR_ONLY,5,1000,False,CONFIG_LOCAL_FALLBACK_MT5_UNAVAILABLE,5,5,2,3,40.0,1.0035118810195465,0.013083750455950805,0.013083750455950805,0.06541875227975402,0.012392610563404105,2.4483346910184762,2,1000.123926105634,0,0
2,2025-02-11 17:00:00,2025-11-18 02:00:00,2025-11-18 03:00:00,2025-11-19 03:00:00,2025-11-19 04:00:00,2026-02-10 18:00:00,4374,24,1181,GOLD,GOLD_LONG_LOGISTIC_BASE_PLUS_ML_T060,LONG,LOGISTIC,BASE_PLUS_ML,0.6,ATR_ONLY,5,1000,True,CONFIG_LOCAL_FALLBACK_MT5_UNAVAILABLE,5,0,0,0,0.0,0.0,0.0,0.0,0.0,0.0,0.0,0,1000.0,5,0
2,2025-02-11 17:00:00,2025-11-18 02:00:00,2025-11-18 03:00:00,2025-11-19 03:00:00,2025-11-19 04:00:00,2026-02-10 18:00:00,4374,24,1181,GOLD,GOLD_LONG_LOGISTIC_BASE_PLUS_ML_T060,LONG,LOGISTIC,BASE_PLUS_ML,0.6,ATR_ONLY,5,5000,False,CONFIG_LOCAL_FALLBACK_MT5_UNAVAILABLE,5,5,2,3,40.0,1.0035118810195407,0.013083750455950805,0.013083750455950805,0.06541875227975402,0.012392610563383644,2.448334691018481,2,5000.619630528169,0,0
2,2025-02-11 17:00:00,2025-11-18 02:00:00,2025-11-18 03:00:00,2025-11-19 03:00:00,2025-11-19 04:00:00,2026-02-10 18:00:00,4374,24,1181,GOLD,GOLD_LONG_LOGISTIC_BASE_PLUS_ML_T060,LONG,LOGISTIC,BASE_PLUS_ML,0.6,ATR_ONLY,5,5000,True,CONFIG_LOCAL_FALLBACK_MT5_UNAVAILABLE,5,4,2,2,50.0,1.7976443786603873,0.2835429160412429,0.2835429160412429,1.1341716641649715,1.433847954317971,1.7976030329782586,2,5071.692397715899,1,0
2,2025-02-11 17:00:00,2025-11-18 02:00:00,2025-11-18 03:00:00,2025-11-19 03:00:00,2025-11-19 04:00:00,2026-02-10 18:00:00,4374,24,1181,GOLD,GOLD_LONG_LOGISTIC_BASE_PLUS_ML_T060,LONG,LOGISTIC,BASE_PLUS_ML,0.6,SWING_ATR,0,100,False,CONFIG_LOCAL_FALLBACK_MT5_UNAVAILABLE,5,5,4,1,80.0,2.310103749164208,0.26897218376164833,0.26897218376164833,1.3448609188082417,1.3410841852060997,0.9999999999999981,1,101.3410841852061,0,0
2,2025-02-11 17:00:00,2025-11-18 02:00:00,2025-11-18 03:00:00,2025-11-19 03:00:00,2025-11-19 04:00:00,2026-02-10 18:00:00,4374,24,1181,GOLD,GOLD_LONG_LOGISTIC_BASE_PLUS_ML_T060,LONG,LOGISTIC,BASE_PLUS_ML,0.6,SWING_ATR,0,100,True,CONFIG_LOCAL_FALLBACK_MT5_UNAVAILABLE,5,0,0,0,0.0,0.0,0.0,0.0,0.0,0.0,0.0,0,100.0,5,0
2,2025-02-11 17:00:00,2025-11-18 02:00:00,2025-11-18 03:00:00,2025-11-19 03:00:00,2025-11-19 04:00:00,2026-02-10 18:00:00,4374,24,1181,GOLD,GOLD_LONG_LOGISTIC_BASE_PLUS_ML_T060,LONG,LOGISTIC,BASE_PLUS_ML,0.6,SWING_ATR,0,500,False,CONFIG_LOCAL_FALLBACK_MT5_UNAVAILABLE,5,5,4,1,80.0,2.3101037491641923,0.26897218376164833,0.26897218376164833,1.3448609188082417,1.3410841852060913,1.0000000000000038,1,506.70542092603046,0,0
2,2025-02-11 17:00:00,2025-11-18 02:00:00,2025-11-18 03:00:00,2025-11-19 03:00:00,2025-11-19 04:00:00,2026-02-10 18:00:00,4374,24,1181,GOLD,GOLD_LONG_LOGISTIC_BASE_PLUS_ML_T060,LONG,LOGISTIC,BASE_PLUS_ML,0.6,SWING_ATR,0,500,True,CONFIG_LOCAL_FALLBACK_MT5_UNAVAILABLE,5,0,0,0,0.0,0.0,0.0,0.0,0.0,0.0,0.0,0,500.0,5,0
2,2025-02-11 17:00:00,2025-11-18 02:00:00,2025-11-18 03:00:00,2025-11-19 03:00:00,2025-11-19 04:00:00,2026-02-10 18:00:00,4374,24,1181,GOLD,GOLD_LONG_LOGISTIC_BASE_PLUS_ML_T060,LONG,LOGISTIC,BASE_PLUS_ML,0.6,SWING_ATR,0,1000,False,CONFIG_LOCAL_FALLBACK_MT5_UNAVAILABLE,5,5,4,1,80.0,2.3101037491641923,0.26897218376164833,0.26897218376164833,1.3448609188082417,1.3410841852060913,1.0000000000000038,1,1013.4108418520609,0,0
2,2025-02-11 17:00:00,2025-11-18 02:00:00,2025-11-18 03:00:00,2025-11-19 03:00:00,2025-11-19 04:00:00,2026-02-10 18:00:00,4374,24,1181,GOLD,GOLD_LONG_LOGISTIC_BASE_PLUS_ML_T060,LONG,LOGISTIC,BASE_PLUS_ML,0.6,SWING_ATR,0,1000,True,CONFIG_LOCAL_FALLBACK_MT5_UNAVAILABLE,5,0,0,0,0.0,0.0,0.0,0.0,0.0,0.0,0.0,0,1000.0,5,0
2,2025-02-11 17:00:00,2025-11-18 02:00:00,2025-11-18 03:00:00,2025-11-19 03:00:00,2025-11-19 04:00:00,2026-02-10 18:00:00,4374,24,1181,GOLD,GOLD_LONG_LOGISTIC_BASE_PLUS_ML_T060,LONG,LOGISTIC,BASE_PLUS_ML,0.6,SWING_ATR,0,5000,False,CONFIG_LOCAL_FALLBACK_MT5_UNAVAILABLE,5,5,4,1,80.0,2.3101037491641865,0.26897218376164833,0.26897218376164833,1.3448609188082417,1.3410841852060913,1.0000000000000082,1,5067.054209260305,0,0
2,2025-02-11 17:00:00,2025-11-18 02:00:00,2025-11-18 03:00:00,2025-11-19 03:00:00,2025-11-19 04:00:00,2026-02-10 18:00:00,4374,24,1181,GOLD,GOLD_LONG_LOGISTIC_BASE_PLUS_ML_T060,LONG,LOGISTIC,BASE_PLUS_ML,0.6,SWING_ATR,0,5000,True,CONFIG_LOCAL_FALLBACK_MT5_UNAVAILABLE,5,1,1,0,100.0,inf,0.914246561386279,0.914246561386279,0.914246561386279,0.7847736165115748,0.0,0,5039.238680825579,4,0
2,2025-02-11 17:00:00,2025-11-18 02:00:00,2025-11-18 03:00:00,2025-11-19 03:00:00,2025-11-19 04:00:00,2026-02-10 18:00:00,4374,24,1181,GOLD,GOLD_LONG_LOGISTIC_BASE_PLUS_ML_T060,LONG,LOGISTIC,BASE_PLUS_ML,0.6,SWING_ATR,1,100,False,CONFIG_LOCAL_FALLBACK_MT5_UNAVAILABLE,5,5,4,1,80.0,2.249767224545108,0.2577392582672422,0.2577392582672422,1.288696291336211,1.2844755761002062,1.0045443031065995,1,101.2844755761002,0,0
2,2025-02-11 17:00:00,2025-11-18 02:00:00,2025-11-18 03:00:00,2025-11-19 03:00:00,2025-11-19 04:00:00,2026-02-10 18:00:00,4374,24,1181,GOLD,GOLD_LONG_LOGISTIC_BASE_PLUS_ML_T060,LONG,LOGISTIC,BASE_PLUS_ML,0.6,SWING_ATR,1,100,True,CONFIG_LOCAL_FALLBACK_MT5_UNAVAILABLE,5,0,0,0,0.0,0.0,0.0,0.0,0.0,0.0,0.0,0,100.0,5,0
2,2025-02-11 17:00:00,2025-11-18 02:00:00,2025-11-18 03:00:00,2025-11-19 03:00:00,2025-11-19 04:00:00,2026-02-10 18:00:00,4374,24,1181,GOLD,GOLD_LONG_LOGISTIC_BASE_PLUS_ML_T060,LONG,LOGISTIC,BASE_PLUS_ML,0.6,SWING_ATR,1,500,False,CONFIG_LOCAL_FALLBACK_MT5_UNAVAILABLE,5,5,4,1,80.0,2.249767224545102,0.2577392582672422,0.2577392582672422,1.288696291336211,1.2844755761002034,1.0045443031066021,1,506.422377880501,0,0
2,2025-02-11 17:00:00,2025-11-18 02:00:00,2025-11-18 03:00:00,2025-11-19 03:00:00,2025-11-19 04:00:00,2026-02-10 18:00:00,4374,24,1181,GOLD,GOLD_LONG_LOGISTIC_BASE_PLUS_ML_T060,LONG,LOGISTIC,BASE_PLUS_ML,0.6,SWING_ATR,1,500,True,CONFIG_LOCAL_FALLBACK_MT5_UNAVAILABLE,5,0,0,0,0.0,0.0,0.0,0.0,0.0,0.0,0.0,0,500.0,5,0
2,2025-02-11 17:00:00,2025-11-18 02:00:00,2025-11-18 03:00:00,2025-11-19 03:00:00,2025-11-19 04:00:00,2026-02-10 18:00:00,4374,24,1181,GOLD,GOLD_LONG_LOGISTIC_BASE_PLUS_ML_T060,LONG,LOGISTIC,BASE_PLUS_ML,0.6,SWING_ATR,1,1000,False,CONFIG_LOCAL_FALLBACK_MT5_UNAVAILABLE,5,5,4,1,80.0,2.249767224545102,0.2577392582672422,0.2577392582672422,1.288696291336211,1.2844755761002034,1.0045443031066021,1,1012.844755761002,0,0
2,2025-02-11 17:00:00,2025-11-18 02:00:00,2025-11-18 03:00:00,2025-11-19 03:00:00,2025-11-19 04:00:00,2026-02-10 18:00:00,4374,24,1181,GOLD,GOLD_LONG_LOGISTIC_BASE_PLUS_ML_T060,LONG,LOGISTIC,BASE_PLUS_ML,0.6,SWING_ATR,1,1000,True,CONFIG_LOCAL_FALLBACK_MT5_UNAVAILABLE,5,0,0,0,0.0,0.0,0.0,0.0,0.0,0.0,0.0,0,1000.0,5,0
2,2025-02-11 17:00:00,2025-11-18 02:00:00,2025-11-18 03:00:00,2025-11-19 03:00:00,2025-11-19 04:00:00,2026-02-10 18:00:00,4374,24,1181,GOLD,GOLD_LONG_LOGISTIC_BASE_PLUS_ML_T060,LONG,LOGISTIC,BASE_PLUS_ML,0.6,SWING_ATR,1,5000,False,CONFIG_LOCAL_FALLBACK_MT5_UNAVAILABLE,5,5,4,1,80.0,2.249767224545116,0.2577392582672422,0.2577392582672422,1.288696291336211,1.2844755761002125,1.0045443031065977,1,5064.223778805011,0,0
2,2025-02-11 17:00:00,2025-11-18 02:00:00,2025-11-18 03:00:00,2025-11-19 03:00:00,2025-11-19 04:00:00,2026-02-10 18:00:00,4374,24,1181,GOLD,GOLD_LONG_LOGISTIC_BASE_PLUS_ML_T060,LONG,LOGISTIC,BASE_PLUS_ML,0.6,SWING_ATR,1,5000,True,CONFIG_LOCAL_FALLBACK_MT5_UNAVAILABLE,5,1,1,0,100.0,inf,0.8940228633840978,0.8940228633840978,0.8940228633840978,0.7674139399311752,0.0,0,5038.370696996559,4,0
2,2025-02-11 17:00:00,2025-11-18 02:00:00,2025-11-18 03:00:00,2025-11-19 03:00:00,2025-11-19 04:00:00,2026-02-10 18:00:00,4374,24,1181,GOLD,GOLD_LONG_LOGISTIC_BASE_PLUS_ML_T060,LONG,LOGISTIC,BASE_PLUS_ML,0.6,SWING_ATR,2,100,False,CONFIG_LOCAL_FALLBACK_MT5_UNAVAILABLE,5,5,4,1,80.0,2.1899413746356324,0.246506332772836,0.246506332772836,1.2325316638641801,1.2278907645137451,1.0090886062131936,1,101.22789076451375,0,0
2,2025-02-11 17:00:00,2025-11-18 02:00:00,2025-11-18 03:00:00,2025-11-19 03:00:00,2025-11-19 04:00:00,2026-02-10 18:00:00,4374,24,1181,GOLD,GOLD_LONG_LOGISTIC_BASE_PLUS_ML_T060,LONG,LOGISTIC,BASE_PLUS_ML,0.6,SWING_ATR,2,100,True,CONFIG_LOCAL_FALLBACK_MT5_UNAVAILABLE,5,0,0,0,0.0,0.0,0.0,0.0,0.0,0.0,0.0,0,100.0,5,0
2,2025-02-11 17:00:00,2025-11-18 02:00:00,2025-11-18 03:00:00,2025-11-19 03:00:00,2025-11-19 04:00:00,2026-02-10 18:00:00,4374,24,1181,GOLD,GOLD_LONG_LOGISTIC_BASE_PLUS_ML_T060,LONG,LOGISTIC,BASE_PLUS_ML,0.6,SWING_ATR,2,500,False,CONFIG_LOCAL_FALLBACK_MT5_UNAVAILABLE,5,5,4,1,80.0,2.1899413746356466,0.246506332772836,0.246506332772836,1.2325316638641801,1.2278907645137564,1.0090886062131907,1,506.1394538225688,0,0
2,2025-02-11 17:00:00,2025-11-18 02:00:00,2025-11-18 03:00:00,2025-11-19 03:00:00,2025-11-19 04:00:00,2026-02-10 18:00:00,4374,24,1181,GOLD,GOLD_LONG_LOGISTIC_BASE_PLUS_ML_T060,LONG,LOGISTIC,BASE_PLUS_ML,0.6,SWING_ATR,2,500,True,CONFIG_LOCAL_FALLBACK_MT5_UNAVAILABLE,5,0,0,0,0.0,0.0,0.0,0.0,0.0,0.0,0.0,0,500.0,5,0
2,2025-02-11 17:00:00,2025-11-18 02:00:00,2025-11-18 03:00:00,2025-11-19 03:00:00,2025-11-19 04:00:00,2026-02-10 18:00:00,4374,24,1181,GOLD,GOLD_LONG_LOGISTIC_BASE_PLUS_ML_T060,LONG,LOGISTIC,BASE_PLUS_ML,0.6,SWING_ATR,2,1000,False,CONFIG_LOCAL_FALLBACK_MT5_UNAVAILABLE,5,5,4,1,80.0,2.1899413746356466,0.246506332772836,0.246506332772836,1.2325316638641801,1.2278907645137564,1.0090886062131907,1,1012.2789076451376,0,0
2,2025-02-11 17:00:00,2025-11-18 02:00:00,2025-11-18 03:00:00,2025-11-19 03:00:00,2025-11-19 04:00:00,2026-02-10 18:00:00,4374,24,1181,GOLD,GOLD_LONG_LOGISTIC_BASE_PLUS_ML_T060,LONG,LOGISTIC,BASE_PLUS_ML,0.6,SWING_ATR,2,1000,True,CONFIG_LOCAL_FALLBACK_MT5_UNAVAILABLE,5,0,0,0,0.0,0.0,0.0,0.0,0.0,0.0,0.0,0,1000.0,5,0
2,2025-02-11 17:00:00,2025-11-18 02:00:00,2025-11-18 03:00:00,2025-11-19 03:00:00,2025-11-19 04:00:00,2026-02-10 18:00:00,4374,24,1181,GOLD,GOLD_LONG_LOGISTIC_BASE_PLUS_ML_T060,LONG,LOGISTIC,BASE_PLUS_ML,0.6,SWING_ATR,2,5000,False,CONFIG_LOCAL_FALLBACK_MT5_UNAVAILABLE,5,5,4,1,80.0,2.1899413746356515,0.246506332772836,0.246506332772836,1.2325316638641801,1.227890764513759,1.0090886062131885,1,5061.394538225688,0,0
2,2025-02-11 17:00:00,2025-11-18 02:00:00,2025-11-18 03:00:00,2025-11-19 03:00:00,2025-11-19 04:00:00,2026-02-10 18:00:00,4374,24,1181,GOLD,GOLD_LONG_LOGISTIC_BASE_PLUS_ML_T060,LONG,LOGISTIC,BASE_PLUS_ML,0.6,SWING_ATR,2,5000,True,CONFIG_LOCAL_FALLBACK_MT5_UNAVAILABLE,5,1,1,0,100.0,inf,0.8737991653819166,0.8737991653819166,0.8737991653819166,0.7500542633507757,0.0,0,5037.502713167539,4,0
2,2025-02-11 17:00:00,2025-11-18 02:00:00,2025-11-18 03:00:00,2025-11-19 03:00:00,2025-11-19 04:00:00,2026-02-10 18:00:00,4374,24,1181,GOLD,GOLD_LONG_LOGISTIC_BASE_PLUS_ML_T060,LONG,LOGISTIC,BASE_PLUS_ML,0.6,SWING_ATR,5,100,False,CONFIG_LOCAL_FALLBACK_MT5_UNAVAILABLE,5,5,4,1,80.0,2.0134595368938717,0.2128075562896176,0.2128075562896176,1.064037781448088,1.0582790443644257,1.022721515532986,1,101.05827904436443,0,0
2,2025-02-11 17:00:00,2025-11-18 02:00:00,2025-11-18 03:00:00,2025-11-19 03:00:00,2025-11-19 04:00:00,2026-02-10 18:00:00,4374,24,1181,GOLD,GOLD_LONG_LOGISTIC_BASE_PLUS_ML_T060,LONG,LOGISTIC,BASE_PLUS_ML,0.6,SWING_ATR,5,100,True,CONFIG_LOCAL_FALLBACK_MT5_UNAVAILABLE,5,0,0,0,0.0,0.0,0.0,0.0,0.0,0.0,0.0,0,100.0,5,0
2,2025-02-11 17:00:00,2025-11-18 02:00:00,2025-11-18 03:00:00,2025-11-19 03:00:00,2025-11-19 04:00:00,2026-02-10 18:00:00,4374,24,1181,GOLD,GOLD_LONG_LOGISTIC_BASE_PLUS_ML_T060,LONG,LOGISTIC,BASE_PLUS_ML,0.6,SWING_ATR,5,500,False,CONFIG_LOCAL_FALLBACK_MT5_UNAVAILABLE,5,5,4,1,80.0,2.013459536893899,0.2128075562896176,0.2128075562896176,1.064037781448088,1.0582790443644512,1.0227215155329832,1,505.29139522182226,0,0
2,2025-02-11 17:00:00,2025-11-18 02:00:00,2025-11-18 03:00:00,2025-11-19 03:00:00,2025-11-19 04:00:00,2026-02-10 18:00:00,4374,24,1181,GOLD,GOLD_LONG_LOGISTIC_BASE_PLUS_ML_T060,LONG,LOGISTIC,BASE_PLUS_ML,0.6,SWING_ATR,5,500,True,CONFIG_LOCAL_FALLBACK_MT5_UNAVAILABLE,5,0,0,0,0.0,0.0,0.0,0.0,0.0,0.0,0.0,0,500.0,5,0
2,2025-02-11 17:00:00,2025-11-18 02:00:00,2025-11-18 03:00:00,2025-11-19 03:00:00,2025-11-19 04:00:00,2026-02-10 18:00:00,4374,24,1181,GOLD,GOLD_LONG_LOGISTIC_BASE_PLUS_ML_T060,LONG,LOGISTIC,BASE_PLUS_ML,0.6,SWING_ATR,5,1000,False,CONFIG_LOCAL_FALLBACK_MT5_UNAVAILABLE,5,5,4,1,80.0,2.013459536893899,0.2128075562896176,0.2128075562896176,1.064037781448088,1.0582790443644512,1.0227215155329832,1,1010.5827904436445,0,0
2,2025-02-11 17:00:00,2025-11-18 02:00:00,2025-11-18 03:00:00,2025-11-19 03:00:00,2025-11-19 04:00:00,2026-02-10 18:00:00,4374,24,1181,GOLD,GOLD_LONG_LOGISTIC_BASE_PLUS_ML_T060,LONG,LOGISTIC,BASE_PLUS_ML,0.6,SWING_ATR,5,1000,True,CONFIG_LOCAL_FALLBACK_MT5_UNAVAILABLE,5,0,0,0,0.0,0.0,0.0,0.0,0.0,0.0,0.0,0,1000.0,5,0
2,2025-02-11 17:00:00,2025-11-18 02:00:00,2025-11-18 03:00:00,2025-11-19 03:00:00,2025-11-19 04:00:00,2026-02-10 18:00:00,4374,24,1181,GOLD,GOLD_LONG_LOGISTIC_BASE_PLUS_ML_T060,LONG,LOGISTIC,BASE_PLUS_ML,0.6,SWING_ATR,5,5000,False,CONFIG_LOCAL_FALLBACK_MT5_UNAVAILABLE,5,5,4,1,80.0,2.0134595368939165,0.2128075562896176,0.2128075562896176,1.064037781448088,1.0582790443644625,1.0227215155329765,1,5052.913952218223,0,0
2,2025-02-11 17:00:00,2025-11-18 02:00:00,2025-11-18 03:00:00,2025-11-19 03:00:00,2025-11-19 04:00:00,2026-02-10 18:00:00,4374,24,1181,GOLD,GOLD_LONG_LOGISTIC_BASE_PLUS_ML_T060,LONG,LOGISTIC,BASE_PLUS_ML,0.6,SWING_ATR,5,5000,True,CONFIG_LOCAL_FALLBACK_MT5_UNAVAILABLE,5,1,1,0,100.0,inf,0.8131280713753728,0.8131280713753728,0.8131280713753728,0.6979752336095771,0.0,0,5034.898761680479,4,0
2,2025-02-11 17:00:00,2025-11-18 02:00:00,2025-11-18 03:00:00,2025-11-19 03:00:00,2025-11-19 04:00:00,2026-02-10 18:00:00,4374,24,1181,GOLD,GOLD_LONG_LOGISTIC_BASE_PLUS_ML_T060,LONG,LOGISTIC,BASE_PLUS_ML,0.6,SWING_ATR_RR,0,100,False,CONFIG_LOCAL_FALLBACK_MT5_UNAVAILABLE,5,5,4,1,80.0,2.218336992650255,0.2506446620378305,0.2506446620378305,1.2532233101891523,1.2459769604845832,0.9999999999999996,1,101.24597696048458,0,0
2,2025-02-11 17:00:00,2025-11-18 02:00:00,2025-11-18 03:00:00,2025-11-19 03:00:00,2025-11-19 04:00:00,2026-02-10 18:00:00,4374,24,1181,GOLD,GOLD_LONG_LOGISTIC_BASE_PLUS_ML_T060,LONG,LOGISTIC,BASE_PLUS_ML,0.6,SWING_ATR_RR,0,100,True,CONFIG_LOCAL_FALLBACK_MT5_UNAVAILABLE,5,0,0,0,0.0,0.0,0.0,0.0,0.0,0.0,0.0,0,100.0,5,0
2,2025-02-11 17:00:00,2025-11-18 02:00:00,2025-11-18 03:00:00,2025-11-19 03:00:00,2025-11-19 04:00:00,2026-02-10 18:00:00,4374,24,1181,GOLD,GOLD_LONG_LOGISTIC_BASE_PLUS_ML_T060,LONG,LOGISTIC,BASE_PLUS_ML,0.6,SWING_ATR_RR,0,500,False,CONFIG_LOCAL_FALLBACK_MT5_UNAVAILABLE,5,5,4,1,80.0,2.2183369926502614,0.2506446620378305,0.2506446620378305,1.2532233101891523,1.245976960484586,0.9999999999999967,1,506.22988480242293,0,0
2,2025-02-11 17:00:00,2025-11-18 02:00:00,2025-11-18 03:00:00,2025-11-19 03:00:00,2025-11-19 04:00:00,2026-02-10 18:00:00,4374,24,1181,GOLD,GOLD_LONG_LOGISTIC_BASE_PLUS_ML_T060,LONG,LOGISTIC,BASE_PLUS_ML,0.6,SWING_ATR_RR,0,500,True,CONFIG_LOCAL_FALLBACK_MT5_UNAVAILABLE,5,0,0,0,0.0,0.0,0.0,0.0,0.0,0.0,0.0,0,500.0,5,0
2,2025-02-11 17:00:00,2025-11-18 02:00:00,2025-11-18 03:00:00,2025-11-19 03:00:00,2025-11-19 04:00:00,2026-02-10 18:00:00,4374,24,1181,GOLD,GOLD_LONG_LOGISTIC_BASE_PLUS_ML_T060,LONG,LOGISTIC,BASE_PLUS_ML,0.6,SWING_ATR_RR,0,1000,False,CONFIG_LOCAL_FALLBACK_MT5_UNAVAILABLE,5,5,4,1,80.0,2.2183369926502614,0.2506446620378305,0.2506446620378305,1.2532233101891523,1.245976960484586,0.9999999999999967,1,1012.4597696048459,0,0
2,2025-02-11 17:00:00,2025-11-18 02:00:00,2025-11-18 03:00:00,2025-11-19 03:00:00,2025-11-19 04:00:00,2026-02-10 18:00:00,4374,24,1181,GOLD,GOLD_LONG_LOGISTIC_BASE_PLUS_ML_T060,LONG,LOGISTIC,BASE_PLUS_ML,0.6,SWING_ATR_RR,0,1000,True,CONFIG_LOCAL_FALLBACK_MT5_UNAVAILABLE,5,0,0,0,0.0,0.0,0.0,0.0,0.0,0.0,0.0,0,1000.0,5,0
2,2025-02-11 17:00:00,2025-11-18 02:00:00,2025-11-18 03:00:00,2025-11-19 03:00:00,2025-11-19 04:00:00,2026-02-10 18:00:00,4374,24,1181,GOLD,GOLD_LONG_LOGISTIC_BASE_PLUS_ML_T060,LONG,LOGISTIC,BASE_PLUS_ML,0.6,SWING_ATR_RR,0,5000,False,CONFIG_LOCAL_FALLBACK_MT5_UNAVAILABLE,5,5,4,1,80.0,2.218336992650274,0.2506446620378305,0.2506446620378305,1.2532233101891523,1.2459769604846043,1.0000000000000009,1,5062.29884802423,0,0
2,2025-02-11 17:00:00,2025-11-18 02:00:00,2025-11-18 03:00:00,2025-11-19 03:00:00,2025-11-19 04:00:00,2026-02-10 18:00:00,4374,24,1181,GOLD,GOLD_LONG_LOGISTIC_BASE_PLUS_ML_T060,LONG,LOGISTIC,BASE_PLUS_ML,0.6,SWING_ATR_RR,0,5000,True,CONFIG_LOCAL_FALLBACK_MT5_UNAVAILABLE,5,1,1,0,100.0,inf,0.18407614146411902,0.18407614146411902,0.18407614146411902,0.1580078125,0.0,0,5007.900390625,4,0
2,2025-02-11 17:00:00,2025-11-18 02:00:00,2025-11-18 03:00:00,2025-11-19 03:00:00,2025-11-19 04:00:00,2026-02-10 18:00:00,4374,24,1181,GOLD,GOLD_LONG_LOGISTIC_BASE_PLUS_ML_T060,LONG,LOGISTIC,BASE_PLUS_ML,0.6,SWING_ATR_RR,1,100,False,CONFIG_LOCAL_FALLBACK_MT5_UNAVAILABLE,5,5,4,1,80.0,2.1583230119100705,0.23941356929559668,0.23941356929559668,1.1970678464779834,1.189373969532312,1.0045443031065995,1,101.18937396953231,0,0
2,2025-02-11 17:00:00,2025-11-18 02:00:00,2025-11-18 03:00:00,2025-11-19 03:00:00,2025-11-19 04:00:00,2026-02-10 18:00:00,4374,24,1181,GOLD,GOLD_LONG_LOGISTIC_BASE_PLUS_ML_T060,LONG,LOGISTIC,BASE_PLUS_ML,0.6,SWING_ATR_RR,1,100,True,CONFIG_LOCAL_FALLBACK_MT5_UNAVAILABLE,5,0,0,0,0.0,0.0,0.0,0.0,0.0,0.0,0.0,0,100.0,5,0
2,2025-02-11 17:00:00,2025-11-18 02:00:00,2025-11-18 03:00:00,2025-11-19 03:00:00,2025-11-19 04:00:00,2026-02-10 18:00:00,4374,24,1181,GOLD,GOLD_LONG_LOGISTIC_BASE_PLUS_ML_T060,LONG,LOGISTIC,BASE_PLUS_ML,0.6,SWING_ATR_RR,1,500,False,CONFIG_LOCAL_FALLBACK_MT5_UNAVAILABLE,5,5,4,1,80.0,2.1583230119101025,0.23941356929559668,0.23941356929559668,1.1970678464779834,1.1893739695323349,1.004544303106591,1,505.9468698476617,0,0
2,2025-02-11 17:00:00,2025-11-18 02:00:00,2025-11-18 03:00:00,2025-11-19 03:00:00,2025-11-19 04:00:00,2026-02-10 18:00:00,4374,24,1181,GOLD,GOLD_LONG_LOGISTIC_BASE_PLUS_ML_T060,LONG,LOGISTIC,BASE_PLUS_ML,0.6,SWING_ATR_RR,1,500,True,CONFIG_LOCAL_FALLBACK_MT5_UNAVAILABLE,5,0,0,0,0.0,0.0,0.0,0.0,0.0,0.0,0.0,0,500.0,5,0
2,2025-02-11 17:00:00,2025-11-18 02:00:00,2025-11-18 03:00:00,2025-11-19 03:00:00,2025-11-19 04:00:00,2026-02-10 18:00:00,4374,24,1181,GOLD,GOLD_LONG_LOGISTIC_BASE_PLUS_ML_T060,LONG,LOGISTIC,BASE_PLUS_ML,0.6,SWING_ATR_RR,1,1000,False,CONFIG_LOCAL_FALLBACK_MT5_UNAVAILABLE,5,5,4,1,80.0,2.1583230119101025,0.23941356929559668,0.23941356929559668,1.1970678464779834,1.1893739695323349,1.004544303106591,1,1011.8937396953233,0,0
2,2025-02-11 17:00:00,2025-11-18 02:00:00,2025-11-18 03:00:00,2025-11-19 03:00:00,2025-11-19 04:00:00,2026-02-10 18:00:00,4374,24,1181,GOLD,GOLD_LONG_LOGISTIC_BASE_PLUS_ML_T060,LONG,LOGISTIC,BASE_PLUS_ML,0.6,SWING_ATR_RR,1,1000,True,CONFIG_LOCAL_FALLBACK_MT5_UNAVAILABLE,5,0,0,0,0.0,0.0,0.0,0.0,0.0,0.0,0.0,0,1000.0,5,0
2,2025-02-11 17:00:00,2025-11-18 02:00:00,2025-11-18 03:00:00,2025-11-19 03:00:00,2025-11-19 04:00:00,2026-02-10 18:00:00,4374,24,1181,GOLD,GOLD_LONG_LOGISTIC_BASE_PLUS_ML_T060,LONG,LOGISTIC,BASE_PLUS_ML,0.6,SWING_ATR_RR,1,5000,False,CONFIG_LOCAL_FALLBACK_MT5_UNAVAILABLE,5,5,4,1,80.0,2.1583230119100945,0.23941356929559668,0.23941356929559668,1.1970678464779834,1.1893739695323349,1.0045443031065975,1,5059.468698476617,0,0
2,2025-02-11 17:00:00,2025-11-18 02:00:00,2025-11-18 03:00:00,2025-11-19 03:00:00,2025-11-19 04:00:00,2026-02-10 18:00:00,4374,24,1181,GOLD,GOLD_LONG_LOGISTIC_BASE_PLUS_ML_T060,LONG,LOGISTIC,BASE_PLUS_ML,0.6,SWING_ATR_RR,1,5000,True,CONFIG_LOCAL_FALLBACK_MT5_UNAVAILABLE,5,1,1,0,100.0,inf,0.16392546050393,0.16392546050393,0.16392546050393,0.14071081250000134,0.0,0,5007.035540625,4,0
2,2025-02-11 17:00:00,2025-11-18 02:00:00,2025-11-18 03:00:00,2025-11-19 03:00:00,2025-11-19 04:00:00,2026-02-10 18:00:00,4374,24,1181,GOLD,GOLD_LONG_LOGISTIC_BASE_PLUS_ML_T060,LONG,LOGISTIC,BASE_PLUS_ML,0.6,SWING_ATR_RR,2,100,False,CONFIG_LOCAL_FALLBACK_MT5_UNAVAILABLE,5,5,4,1,80.0,2.0988167024223507,0.22818247655336293,0.22818247655336293,1.1409123827668146,1.132794785098426,1.0090886062131985,1,101.13279478509843,0,0
2,2025-02-11 17:00:00,2025-11-18 02:00:00,2025-11-18 03:00:00,2025-11-19 03:00:00,2025-11-19 04:00:00,2026-02-10 18:00:00,4374,24,1181,GOLD,GOLD_LONG_LOGISTIC_BASE_PLUS_ML_T060,LONG,LOGISTIC,BASE_PLUS_ML,0.6,SWING_ATR_RR,2,100,True,CONFIG_LOCAL_FALLBACK_MT5_UNAVAILABLE,5,0,0,0,0.0,0.0,0.0,0.0,0.0,0.0,0.0,0,100.0,5,0
2,2025-02-11 17:00:00,2025-11-18 02:00:00,2025-11-18 03:00:00,2025-11-19 03:00:00,2025-11-19 04:00:00,2026-02-10 18:00:00,4374,24,1181,GOLD,GOLD_LONG_LOGISTIC_BASE_PLUS_ML_T060,LONG,LOGISTIC,BASE_PLUS_ML,0.6,SWING_ATR_RR,2,500,False,CONFIG_LOCAL_FALLBACK_MT5_UNAVAILABLE,5,5,4,1,80.0,2.0988167024223645,0.22818247655336293,0.22818247655336293,1.1409123827668146,1.1327947850984401,1.0090886062131983,1,505.6639739254922,0,0
2,2025-02-11 17:00:00,2025-11-18 02:00:00,2025-11-18 03:00:00,2025-11-19 03:00:00,2025-11-19 04:00:00,2026-02-10 18:00:00,4374,24,1181,GOLD,GOLD_LONG_LOGISTIC_BASE_PLUS_ML_T060,LONG,LOGISTIC,BASE_PLUS_ML,0.6,SWING_ATR_RR,2,500,True,CONFIG_LOCAL_FALLBACK_MT5_UNAVAILABLE,5,0,0,0,0.0,0.0,0.0,0.0,0.0,0.0,0.0,0,500.0,5,0
2,2025-02-11 17:00:00,2025-11-18 02:00:00,2025-11-18 03:00:00,2025-11-19 03:00:00,2025-11-19 04:00:00,2026-02-10 18:00:00,4374,24,1181,GOLD,GOLD_LONG_LOGISTIC_BASE_PLUS_ML_T060,LONG,LOGISTIC,BASE_PLUS_ML,0.6,SWING_ATR_RR,2,1000,False,CONFIG_LOCAL_FALLBACK_MT5_UNAVAILABLE,5,5,4,1,80.0,2.0988167024223645,0.22818247655336293,0.22818247655336293,1.1409123827668146,1.1327947850984401,1.0090886062131983,1,1011.3279478509844,0,0
2,2025-02-11 17:00:00,2025-11-18 02:00:00,2025-11-18 03:00:00,2025-11-19 03:00:00,2025-11-19 04:00:00,2026-02-10 18:00:00,4374,24,1181,GOLD,GOLD_LONG_LOGISTIC_BASE_PLUS_ML_T060,LONG,LOGISTIC,BASE_PLUS_ML,0.6,SWING_ATR_RR,2,1000,True,CONFIG_LOCAL_FALLBACK_MT5_UNAVAILABLE,5,0,0,0,0.0,0.0,0.0,0.0,0.0,0.0,0.0,0,1000.0,5,0
2,2025-02-11 17:00:00,2025-11-18 02:00:00,2025-11-18 03:00:00,2025-11-19 03:00:00,2025-11-19 04:00:00,2026-02-10 18:00:00,4374,24,1181,GOLD,GOLD_LONG_LOGISTIC_BASE_PLUS_ML_T060,LONG,LOGISTIC,BASE_PLUS_ML,0.6,SWING_ATR_RR,2,5000,False,CONFIG_LOCAL_FALLBACK_MT5_UNAVAILABLE,5,5,4,1,80.0,2.0988167024223654,0.22818247655336293,0.22818247655336293,1.1409123827668146,1.132794785098431,1.0090886062131896,1,5056.639739254922,0,0
2,2025-02-11 17:00:00,2025-11-18 02:00:00,2025-11-18 03:00:00,2025-11-19 03:00:00,2025-11-19 04:00:00,2026-02-10 18:00:00,4374,24,1181,GOLD,GOLD_LONG_LOGISTIC_BASE_PLUS_ML_T060,LONG,LOGISTIC,BASE_PLUS_ML,0.6,SWING_ATR_RR,2,5000,True,CONFIG_LOCAL_FALLBACK_MT5_UNAVAILABLE,5,1,1,0,100.0,inf,0.143774779543741,0.143774779543741,0.143774779543741,0.12341381250000266,0.0,0,5006.170690625,4,0
2,2025-02-11 17:00:00,2025-11-18 02:00:00,2025-11-18 03:00:00,2025-11-19 03:00:00,2025-11-19 04:00:00,2026-02-10 18:00:00,4374,24,1181,GOLD,GOLD_LONG_LOGISTIC_BASE_PLUS_ML_T060,LONG,LOGISTIC,BASE_PLUS_ML,0.6,SWING_ATR_RR,5,100,False,CONFIG_LOCAL_FALLBACK_MT5_UNAVAILABLE,5,5,4,1,80.0,1.923275864406501,0.19448919832666162,0.19448919832666162,0.972445991633308,0.9632000003527992,1.0227215155329776,1,100.9632000003528,0,0
2,2025-02-11 17:00:00,2025-11-18 02:00:00,2025-11-18 03:00:00,2025-11-19 03:00:00,2025-11-19 04:00:00,2026-02-10 18:00:00,4374,24,1181,GOLD,GOLD_LONG_LOGISTIC_BASE_PLUS_ML_T060,LONG,LOGISTIC,BASE_PLUS_ML,0.6,SWING_ATR_RR,5,100,True,CONFIG_LOCAL_FALLBACK_MT5_UNAVAILABLE,5,0,0,0,0.0,0.0,0.0,0.0,0.0,0.0,0.0,0,100.0,5,0
2,2025-02-11 17:00:00,2025-11-18 02:00:00,2025-11-18 03:00:00,2025-11-19 03:00:00,2025-11-19 04:00:00,2026-02-10 18:00:00,4374,24,1181,GOLD,GOLD_LONG_LOGISTIC_BASE_PLUS_ML_T060,LONG,LOGISTIC,BASE_PLUS_ML,0.6,SWING_ATR_RR,5,500,False,CONFIG_LOCAL_FALLBACK_MT5_UNAVAILABLE,5,5,4,1,80.0,1.9232758644064958,0.19448919832666162,0.19448919832666162,0.972445991633308,0.9632000003527992,1.022721515532983,1,504.816000001764,0,0
2,2025-02-11 17:00:00,2025-11-18 02:00:00,2025-11-18 03:00:00,2025-11-19 03:00:00,2025-11-19 04:00:00,2026-02-10 18:00:00,4374,24,1181,GOLD,GOLD_LONG_LOGISTIC_BASE_PLUS_ML_T060,LONG,LOGISTIC,BASE_PLUS_ML,0.6,SWING_ATR_RR,5,500,True,CONFIG_LOCAL_FALLBACK_MT5_UNAVAILABLE,5,0,0,0,0.0,0.0,0.0,0.0,0.0,0.0,0.0,0,500.0,5,0
2,2025-02-11 17:00:00,2025-11-18 02:00:00,2025-11-18 03:00:00,2025-11-19 03:00:00,2025-11-19 04:00:00,2026-02-10 18:00:00,4374,24,1181,GOLD,GOLD_LONG_LOGISTIC_BASE_PLUS_ML_T060,LONG,LOGISTIC,BASE_PLUS_ML,0.6,SWING_ATR_RR,5,1000,False,CONFIG_LOCAL_FALLBACK_MT5_UNAVAILABLE,5,5,4,1,80.0,1.9232758644064958,0.19448919832666162,0.19448919832666162,0.972445991633308,0.9632000003527992,1.022721515532983,1,1009.632000003528,0,0
2,2025-02-11 17:00:00,2025-11-18 02:00:00,2025-11-18 03:00:00,2025-11-19 03:00:00,2025-11-19 04:00:00,2026-02-10 18:00:00,4374,24,1181,GOLD,GOLD_LONG_LOGISTIC_BASE_PLUS_ML_T060,LONG,LOGISTIC,BASE_PLUS_ML,0.6,SWING_ATR_RR,5,1000,True,CONFIG_LOCAL_FALLBACK_MT5_UNAVAILABLE,5,0,0,0,0.0,0.0,0.0,0.0,0.0,0.0,0.0,0,1000.0,5,0
2,2025-02-11 17:00:00,2025-11-18 02:00:00,2025-11-18 03:00:00,2025-11-19 03:00:00,2025-11-19 04:00:00,2026-02-10 18:00:00,4374,24,1181,GOLD,GOLD_LONG_LOGISTIC_BASE_PLUS_ML_T060,LONG,LOGISTIC,BASE_PLUS_ML,0.6,SWING_ATR_RR,5,5000,False,CONFIG_LOCAL_FALLBACK_MT5_UNAVAILABLE,5,5,4,1,80.0,1.9232758644065084,0.19448919832666162,0.19448919832666162,0.972445991633308,0.9632000003528083,1.0227215155329785,1,5048.16000001764,0,0
2,2025-02-11 17:00:00,2025-11-18 02:00:00,2025-11-18 03:00:00,2025-11-19 03:00:00,2025-11-19 04:00:00,2026-02-10 18:00:00,4374,24,1181,GOLD,GOLD_LONG_LOGISTIC_BASE_PLUS_ML_T060,LONG,LOGISTIC,BASE_PLUS_ML,0.6,SWING_ATR_RR,5,5000,True,CONFIG_LOCAL_FALLBACK_MT5_UNAVAILABLE,5,1,1,0,100.0,inf,0.08332273666317393,0.08332273666317393,0.08332273666317393,0.0715228125000067,0.0,0,5003.576140625,4,0
2,2025-02-11 17:00:00,2025-11-18 02:00:00,2025-11-18 03:00:00,2025-11-19 03:00:00,2025-11-19 04:00:00,2026-02-10 18:00:00,4374,24,1181,GOLD,GOLD_LONG_LOGISTIC_BASE_PLUS_ML_T060,LONG,LOGISTIC,BASE_PLUS_ML,0.6,SWING_STRUCTURAL_TARGET,0,100,False,CONFIG_LOCAL_FALLBACK_MT5_UNAVAILABLE,5,2,1,1,50.0,0.19851954930092128,-0.40054278333126125,-0.40054278333126125,-0.8010855666625225,-0.8030747109959009,1.0000000000000042,1,99.1969252890041,0,3
2,2025-02-11 17:00:00,2025-11-18 02:00:00,2025-11-18 03:00:00,2025-11-19 03:00:00,2025-11-19 04:00:00,2026-02-10 18:00:00,4374,24,1181,GOLD,GOLD_LONG_LOGISTIC_BASE_PLUS_ML_T060,LONG,LOGISTIC,BASE_PLUS_ML,0.6,SWING_STRUCTURAL_TARGET,0,100,True,CONFIG_LOCAL_FALLBACK_MT5_UNAVAILABLE,5,0,0,0,0.0,0.0,0.0,0.0,0.0,0.0,0.0,0,100.0,2,3
2,2025-02-11 17:00:00,2025-11-18 02:00:00,2025-11-18 03:00:00,2025-11-19 03:00:00,2025-11-19 04:00:00,2026-02-10 18:00:00,4374,24,1181,GOLD,GOLD_LONG_LOGISTIC_BASE_PLUS_ML_T060,LONG,LOGISTIC,BASE_PLUS_ML,0.6,SWING_STRUCTURAL_TARGET,0,500,False,CONFIG_LOCAL_FALLBACK_MT5_UNAVAILABLE,5,2,1,1,50.0,0.1985195493009156,-0.40054278333126125,-0.40054278333126125,-0.8010855666625225,-0.8030747109959065,1.0000000000000044,1,495.98462644502047,0,3
2,2025-02-11 17:00:00,2025-11-18 02:00:00,2025-11-18 03:00:00,2025-11-19 03:00:00,2025-11-19 04:00:00,2026-02-10 18:00:00,4374,24,1181,GOLD,GOLD_LONG_LOGISTIC_BASE_PLUS_ML_T060,LONG,LOGISTIC,BASE_PLUS_ML,0.6,SWING_STRUCTURAL_TARGET,0,500,True,CONFIG_LOCAL_FALLBACK_MT5_UNAVAILABLE,5,0,0,0,0.0,0.0,0.0,0.0,0.0,0.0,0.0,0,500.0,2,3
2,2025-02-11 17:00:00,2025-11-18 02:00:00,2025-11-18 03:00:00,2025-11-19 03:00:00,2025-11-19 04:00:00,2026-02-10 18:00:00,4374,24,1181,GOLD,GOLD_LONG_LOGISTIC_BASE_PLUS_ML_T060,LONG,LOGISTIC,BASE_PLUS_ML,0.6,SWING_STRUCTURAL_TARGET,0,1000,False,CONFIG_LOCAL_FALLBACK_MT5_UNAVAILABLE,5,2,1,1,50.0,0.1985195493009156,-0.40054278333126125,-0.40054278333126125,-0.8010855666625225,-0.8030747109959065,1.0000000000000044,1,991.9692528900409,0,3
2,2025-02-11 17:00:00,2025-11-18 02:00:00,2025-11-18 03:00:00,2025-11-19 03:00:00,2025-11-19 04:00:00,2026-02-10 18:00:00,4374,24,1181,GOLD,GOLD_LONG_LOGISTIC_BASE_PLUS_ML_T060,LONG,LOGISTIC,BASE_PLUS_ML,0.6,SWING_STRUCTURAL_TARGET,0,1000,True,CONFIG_LOCAL_FALLBACK_MT5_UNAVAILABLE,5,0,0,0,0.0,0.0,0.0,0.0,0.0,0.0,0.0,0,1000.0,2,3
2,2025-02-11 17:00:00,2025-11-18 02:00:00,2025-11-18 03:00:00,2025-11-19 03:00:00,2025-11-19 04:00:00,2026-02-10 18:00:00,4374,24,1181,GOLD,GOLD_LONG_LOGISTIC_BASE_PLUS_ML_T060,LONG,LOGISTIC,BASE_PLUS_ML,0.6,SWING_STRUCTURAL_TARGET,0,5000,False,CONFIG_LOCAL_FALLBACK_MT5_UNAVAILABLE,5,2,1,1,50.0,0.1985195493009283,-0.40054278333126125,-0.40054278333126125,-0.8010855666625225,-0.8030747109958976,1.0000000000000087,1,4959.846264450205,0,3
2,2025-02-11 17:00:00,2025-11-18 02:00:00,2025-11-18 03:00:00,2025-11-19 03:00:00,2025-11-19 04:00:00,2026-02-10 18:00:00,4374,24,1181,GOLD,GOLD_LONG_LOGISTIC_BASE_PLUS_ML_T060,LONG,LOGISTIC,BASE_PLUS_ML,0.6,SWING_STRUCTURAL_TARGET,0,5000,True,CONFIG_LOCAL_FALLBACK_MT5_UNAVAILABLE,5,0,0,0,0.0,0.0,0.0,0.0,0.0,0.0,0.0,0,5000.0,2,3
2,2025-02-11 17:00:00,2025-11-18 02:00:00,2025-11-18 03:00:00,2025-11-19 03:00:00,2025-11-19 04:00:00,2026-02-10 18:00:00,4374,24,1181,GOLD,GOLD_LONG_LOGISTIC_BASE_PLUS_ML_T060,LONG,LOGISTIC,BASE_PLUS_ML,0.6,SWING_STRUCTURAL_TARGET,1,100,False,CONFIG_LOCAL_FALLBACK_MT5_UNAVAILABLE,5,2,1,1,50.0,0.18973236301405785,-0.40679289108236494,-0.40679289108236494,-0.8135857821647299,-0.8155040451081561,1.0045443031066004,1,99.18449595489184,0,3
2,2025-02-11 17:00:00,2025-11-18 02:00:00,2025-11-18 03:00:00,2025-11-19 03:00:00,2025-11-19 04:00:00,2026-02-10 18:00:00,4374,24,1181,GOLD,GOLD_LONG_LOGISTIC_BASE_PLUS_ML_T060,LONG,LOGISTIC,BASE_PLUS_ML,0.6,SWING_STRUCTURAL_TARGET,1,100,True,CONFIG_LOCAL_FALLBACK_MT5_UNAVAILABLE,5,0,0,0,0.0,0.0,0.0,0.0,0.0,0.0,0.0,0,100.0,2,3
2,2025-02-11 17:00:00,2025-11-18 02:00:00,2025-11-18 03:00:00,2025-11-19 03:00:00,2025-11-19 04:00:00,2026-02-10 18:00:00,4374,24,1181,GOLD,GOLD_LONG_LOGISTIC_BASE_PLUS_ML_T060,LONG,LOGISTIC,BASE_PLUS_ML,0.6,SWING_STRUCTURAL_TARGET,1,500,False,CONFIG_LOCAL_FALLBACK_MT5_UNAVAILABLE,5,2,1,1,50.0,0.1897323630140612,-0.40679289108236494,-0.40679289108236494,-0.8135857821647299,-0.8155040451081504,1.0045443031065975,1,495.92247977445925,0,3
2,2025-02-11 17:00:00,2025-11-18 02:00:00,2025-11-18 03:00:00,2025-11-19 03:00:00,2025-11-19 04:00:00,2026-02-10 18:00:00,4374,24,1181,GOLD,GOLD_LONG_LOGISTIC_BASE_PLUS_ML_T060,LONG,LOGISTIC,BASE_PLUS_ML,0.6,SWING_STRUCTURAL_TARGET,1,500,True,CONFIG_LOCAL_FALLBACK_MT5_UNAVAILABLE,5,0,0,0,0.0,0.0,0.0,0.0,0.0,0.0,0.0,0,500.0,2,3
2,2025-02-11 17:00:00,2025-11-18 02:00:00,2025-11-18 03:00:00,2025-11-19 03:00:00,2025-11-19 04:00:00,2026-02-10 18:00:00,4374,24,1181,GOLD,GOLD_LONG_LOGISTIC_BASE_PLUS_ML_T060,LONG,LOGISTIC,BASE_PLUS_ML,0.6,SWING_STRUCTURAL_TARGET,1,1000,False,CONFIG_LOCAL_FALLBACK_MT5_UNAVAILABLE,5,2,1,1,50.0,0.1897323630140612,-0.40679289108236494,-0.40679289108236494,-0.8135857821647299,-0.8155040451081504,1.0045443031065975,1,991.8449595489185,0,3
2,2025-02-11 17:00:00,2025-11-18 02:00:00,2025-11-18 03:00:00,2025-11-19 03:00:00,2025-11-19 04:00:00,2026-02-10 18:00:00,4374,24,1181,GOLD,GOLD_LONG_LOGISTIC_BASE_PLUS_ML_T060,LONG,LOGISTIC,BASE_PLUS_ML,0.6,SWING_STRUCTURAL_TARGET,1,1000,True,CONFIG_LOCAL_FALLBACK_MT5_UNAVAILABLE,5,0,0,0,0.0,0.0,0.0,0.0,0.0,0.0,0.0,0,1000.0,2,3
2,2025-02-11 17:00:00,2025-11-18 02:00:00,2025-11-18 03:00:00,2025-11-19 03:00:00,2025-11-19 04:00:00,2026-02-10 18:00:00,4374,24,1181,GOLD,GOLD_LONG_LOGISTIC_BASE_PLUS_ML_T060,LONG,LOGISTIC,BASE_PLUS_ML,0.6,SWING_STRUCTURAL_TARGET,1,5000,False,CONFIG_LOCAL_FALLBACK_MT5_UNAVAILABLE,5,2,1,1,50.0,0.18973236301405488,-0.40679289108236494,-0.40679289108236494,-0.8135857821647299,-0.815504045108155,1.004544303106595,1,4959.224797744592,0,3
2,2025-02-11 17:00:00,2025-11-18 02:00:00,2025-11-18 03:00:00,2025-11-19 03:00:00,2025-11-19 04:00:00,2026-02-10 18:00:00,4374,24,1181,GOLD,GOLD_LONG_LOGISTIC_BASE_PLUS_ML_T060,LONG,LOGISTIC,BASE_PLUS_ML,0.6,SWING_STRUCTURAL_TARGET,1,5000,True,CONFIG_LOCAL_FALLBACK_MT5_UNAVAILABLE,5,0,0,0,0.0,0.0,0.0,0.0,0.0,0.0,0.0,0,5000.0,2,3
2,2025-02-11 17:00:00,2025-11-18 02:00:00,2025-11-18 03:00:00,2025-11-19 03:00:00,2025-11-19 04:00:00,2026-02-10 18:00:00,4374,24,1181,GOLD,GOLD_LONG_LOGISTIC_BASE_PLUS_ML_T060,LONG,LOGISTIC,BASE_PLUS_ML,0.6,SWING_STRUCTURAL_TARGET,2,100,False,CONFIG_LOCAL_FALLBACK_MT5_UNAVAILABLE,5,2,1,1,50.0,0.18102307332533737,-0.41304299883346873,-0.41304299883346873,-0.8260859976669375,-0.8279326561388417,1.009088606213189,1,99.17206734386116,0,3
2,2025-02-11 17:00:00,2025-11-18 02:00:00,2025-11-18 03:00:00,2025-11-19 03:00:00,2025-11-19 04:00:00,2026-02-10 18:00:00,4374,24,1181,GOLD,GOLD_LONG_LOGISTIC_BASE_PLUS_ML_T060,LONG,LOGISTIC,BASE_PLUS_ML,0.6,SWING_STRUCTURAL_TARGET,2,100,True,CONFIG_LOCAL_FALLBACK_MT5_UNAVAILABLE,5,0,0,0,0.0,0.0,0.0,0.0,0.0,0.0,0.0,0,100.0,2,3
2,2025-02-11 17:00:00,2025-11-18 02:00:00,2025-11-18 03:00:00,2025-11-19 03:00:00,2025-11-19 04:00:00,2026-02-10 18:00:00,4374,24,1181,GOLD,GOLD_LONG_LOGISTIC_BASE_PLUS_ML_T060,LONG,LOGISTIC,BASE_PLUS_ML,0.6,SWING_STRUCTURAL_TARGET,2,500,False,CONFIG_LOCAL_FALLBACK_MT5_UNAVAILABLE,5,2,1,1,50.0,0.18102307332533304,-0.41304299883346873,-0.41304299883346873,-0.8260859976669375,-0.8279326561388529,1.0090886062131976,1,495.86033671930574,0,3
2,2025-02-11 17:00:00,2025-11-18 02:00:00,2025-11-18 03:00:00,2025-11-19 03:00:00,2025-11-19 04:00:00,2026-02-10 18:00:00,4374,24,1181,GOLD,GOLD_LONG_LOGISTIC_BASE_PLUS_ML_T060,LONG,LOGISTIC,BASE_PLUS_ML,0.6,SWING_STRUCTURAL_TARGET,2,500,True,CONFIG_LOCAL_FALLBACK_MT5_UNAVAILABLE,5,0,0,0,0.0,0.0,0.0,0.0,0.0,0.0,0.0,0,500.0,2,3
2,2025-02-11 17:00:00,2025-11-18 02:00:00,2025-11-18 03:00:00,2025-11-19 03:00:00,2025-11-19 04:00:00,2026-02-10 18:00:00,4374,24,1181,GOLD,GOLD_LONG_LOGISTIC_BASE_PLUS_ML_T060,LONG,LOGISTIC,BASE_PLUS_ML,0.6,SWING_STRUCTURAL_TARGET,2,1000,False,CONFIG_LOCAL_FALLBACK_MT5_UNAVAILABLE,5,2,1,1,50.0,0.18102307332533304,-0.41304299883346873,-0.41304299883346873,-0.8260859976669375,-0.8279326561388529,1.0090886062131976,1,991.7206734386115,0,3
2,2025-02-11 17:00:00,2025-11-18 02:00:00,2025-11-18 03:00:00,2025-11-19 03:00:00,2025-11-19 04:00:00,2026-02-10 18:00:00,4374,24,1181,GOLD,GOLD_LONG_LOGISTIC_BASE_PLUS_ML_T060,LONG,LOGISTIC,BASE_PLUS_ML,0.6,SWING_STRUCTURAL_TARGET,2,1000,True,CONFIG_LOCAL_FALLBACK_MT5_UNAVAILABLE,5,0,0,0,0.0,0.0,0.0,0.0,0.0,0.0,0.0,0,1000.0,2,3
2,2025-02-11 17:00:00,2025-11-18 02:00:00,2025-11-18 03:00:00,2025-11-19 03:00:00,2025-11-19 04:00:00,2026-02-10 18:00:00,4374,24,1181,GOLD,GOLD_LONG_LOGISTIC_BASE_PLUS_ML_T060,LONG,LOGISTIC,BASE_PLUS_ML,0.6,SWING_STRUCTURAL_TARGET,2,5000,False,CONFIG_LOCAL_FALLBACK_MT5_UNAVAILABLE,5,2,1,1,50.0,0.18102307332532527,-0.41304299883346873,-0.41304299883346873,-0.8260859976669375,-0.8279326561388552,1.0090886062131907,1,4958.603367193057,0,3
2,2025-02-11 17:00:00,2025-11-18 02:00:00,2025-11-18 03:00:00,2025-11-19 03:00:00,2025-11-19 04:00:00,2026-02-10 18:00:00,4374,24,1181,GOLD,GOLD_LONG_LOGISTIC_BASE_PLUS_ML_T060,LONG,LOGISTIC,BASE_PLUS_ML,0.6,SWING_STRUCTURAL_TARGET,2,5000,True,CONFIG_LOCAL_FALLBACK_MT5_UNAVAILABLE,5,0,0,0,0.0,0.0,0.0,0.0,0.0,0.0,0.0,0,5000.0,2,3
2,2025-02-11 17:00:00,2025-11-18 02:00:00,2025-11-18 03:00:00,2025-11-19 03:00:00,2025-11-19 04:00:00,2026-02-10 18:00:00,4374,24,1181,GOLD,GOLD_LONG_LOGISTIC_BASE_PLUS_ML_T060,LONG,LOGISTIC,BASE_PLUS_ML,0.6,SWING_STRUCTURAL_TARGET,5,100,False,CONFIG_LOCAL_FALLBACK_MT5_UNAVAILABLE,5,2,1,1,50.0,0.15535219727453634,-0.4317933220867799,-0.4317933220867799,-0.8635866441735598,-0.8652141507416644,1.022721515532983,1,99.13478584925834,0,3
2,2025-02-11 17:00:00,2025-11-18 02:00:00,2025-11-18 03:00:00,2025-11-19 03:00:00,2025-11-19 04:00:00,2026-02-10 18:00:00,4374,24,1181,GOLD,GOLD_LONG_LOGISTIC_BASE_PLUS_ML_T060,LONG,LOGISTIC,BASE_PLUS_ML,0.6,SWING_STRUCTURAL_TARGET,5,100,True,CONFIG_LOCAL_FALLBACK_MT5_UNAVAILABLE,5,0,0,0,0.0,0.0,0.0,0.0,0.0,0.0,0.0,0,100.0,2,3
2,2025-02-11 17:00:00,2025-11-18 02:00:00,2025-11-18 03:00:00,2025-11-19 03:00:00,2025-11-19 04:00:00,2026-02-10 18:00:00,4374,24,1181,GOLD,GOLD_LONG_LOGISTIC_BASE_PLUS_ML_T060,LONG,LOGISTIC,BASE_PLUS_ML,0.6,SWING_STRUCTURAL_TARGET,5,500,False,CONFIG_LOCAL_FALLBACK_MT5_UNAVAILABLE,5,2,1,1,50.0,0.15535219727453356,-0.4317933220867799,-0.4317933220867799,-0.8635866441735598,-0.8652141507416673,1.022721515532983,1,495.67392924629166,0,3
2,2025-02-11 17:00:00,2025-11-18 02:00:00,2025-11-18 03:00:00,2025-11-19 03:00:00,2025-11-19 04:00:00,2026-02-10 18:00:00,4374,24,1181,GOLD,GOLD_LONG_LOGISTIC_BASE_PLUS_ML_T060,LONG,LOGISTIC,BASE_PLUS_ML,0.6,SWING_STRUCTURAL_TARGET,5,500,True,CONFIG_LOCAL_FALLBACK_MT5_UNAVAILABLE,5,0,0,0,0.0,0.0,0.0,0.0,0.0,0.0,0.0,0,500.0,2,3
2,2025-02-11 17:00:00,2025-11-18 02:00:00,2025-11-18 03:00:00,2025-11-19 03:00:00,2025-11-19 04:00:00,2026-02-10 18:00:00,4374,24,1181,GOLD,GOLD_LONG_LOGISTIC_BASE_PLUS_ML_T060,LONG,LOGISTIC,BASE_PLUS_ML,0.6,SWING_STRUCTURAL_TARGET,5,1000,False,CONFIG_LOCAL_FALLBACK_MT5_UNAVAILABLE,5,2,1,1,50.0,0.15535219727453356,-0.4317933220867799,-0.4317933220867799,-0.8635866441735598,-0.8652141507416673,1.022721515532983,1,991.3478584925833,0,3
2,2025-02-11 17:00:00,2025-11-18 02:00:00,2025-11-18 03:00:00,2025-11-19 03:00:00,2025-11-19 04:00:00,2026-02-10 18:00:00,4374,24,1181,GOLD,GOLD_LONG_LOGISTIC_BASE_PLUS_ML_T060,LONG,LOGISTIC,BASE_PLUS_ML,0.6,SWING_STRUCTURAL_TARGET,5,1000,True,CONFIG_LOCAL_FALLBACK_MT5_UNAVAILABLE,5,0,0,0,0.0,0.0,0.0,0.0,0.0,0.0,0.0,0,1000.0,2,3
2,2025-02-11 17:00:00,2025-11-18 02:00:00,2025-11-18 03:00:00,2025-11-19 03:00:00,2025-11-19 04:00:00,2026-02-10 18:00:00,4374,24,1181,GOLD,GOLD_LONG_LOGISTIC_BASE_PLUS_ML_T060,LONG,LOGISTIC,BASE_PLUS_ML,0.6,SWING_STRUCTURAL_TARGET,5,5000,False,CONFIG_LOCAL_FALLBACK_MT5_UNAVAILABLE,5,2,1,1,50.0,0.1553521972745298,-0.4317933220867799,-0.4317933220867799,-0.8635866441735598,-0.8652141507416673,1.0227215155329785,1,4956.739292462917,0,3
2,2025-02-11 17:00:00,2025-11-18 02:00:00,2025-11-18 03:00:00,2025-11-19 03:00:00,2025-11-19 04:00:00,2026-02-10 18:00:00,4374,24,1181,GOLD,GOLD_LONG_LOGISTIC_BASE_PLUS_ML_T060,LONG,LOGISTIC,BASE_PLUS_ML,0.6,SWING_STRUCTURAL_TARGET,5,5000,True,CONFIG_LOCAL_FALLBACK_MT5_UNAVAILABLE,5,0,0,0,0.0,0.0,0.0,0.0,0.0,0.0,0.0,0,5000.0,2,3
3,2025-02-11 17:00:00,2026-02-09 11:00:00,2026-02-09 12:00:00,2026-02-10 18:00:00,2026-02-10 19:00:00,2026-04-28 13:00:00,5555,24,1181,GOLD,GOLD_LONG_LOGISTIC_BASE_PLUS_ML_T060,LONG,LOGISTIC,BASE_PLUS_ML,0.6,ATR_ONLY,0,100,False,CONFIG_LOCAL_FALLBACK_MT5_UNAVAILABLE,3,3,1,2,33.33333333333333,0.9853187506158269,0.0,0.0,0.0,-0.029799999999994494,1.9899999999999944,2,99.9702,0,0
3,2025-02-11 17:00:00,2026-02-09 11:00:00,2026-02-09 12:00:00,2026-02-10 18:00:00,2026-02-10 19:00:00,2026-04-28 13:00:00,5555,24,1181,GOLD,GOLD_LONG_LOGISTIC_BASE_PLUS_ML_T060,LONG,LOGISTIC,BASE_PLUS_ML,0.6,ATR_ONLY,0,100,True,CONFIG_LOCAL_FALLBACK_MT5_UNAVAILABLE,3,0,0,0,0.0,0.0,0.0,0.0,0.0,0.0,0.0,0,100.0,3,0
3,2025-02-11 17:00:00,2026-02-09 11:00:00,2026-02-09 12:00:00,2026-02-10 18:00:00,2026-02-10 19:00:00,2026-04-28 13:00:00,5555,24,1181,GOLD,GOLD_LONG_LOGISTIC_BASE_PLUS_ML_T060,LONG,LOGISTIC,BASE_PLUS_ML,0.6,ATR_ONLY,0,500,False,CONFIG_LOCAL_FALLBACK_MT5_UNAVAILABLE,3,3,1,2,33.33333333333333,0.9853187506158241,0.0,0.0,0.0,-0.02980000000000018,1.9900000000000002,2,499.851,0,0
3,2025-02-11 17:00:00,2026-02-09 11:00:00,2026-02-09 12:00:00,2026-02-10 18:00:00,2026-02-10 19:00:00,2026-04-28 13:00:00,5555,24,1181,GOLD,GOLD_LONG_LOGISTIC_BASE_PLUS_ML_T060,LONG,LOGISTIC,BASE_PLUS_ML,0.6,ATR_ONLY,0,500,True,CONFIG_LOCAL_FALLBACK_MT5_UNAVAILABLE,3,0,0,0,0.0,0.0,0.0,0.0,0.0,0.0,0.0,0,500.0,3,0
3,2025-02-11 17:00:00,2026-02-09 11:00:00,2026-02-09 12:00:00,2026-02-10 18:00:00,2026-02-10 19:00:00,2026-04-28 13:00:00,5555,24,1181,GOLD,GOLD_LONG_LOGISTIC_BASE_PLUS_ML_T060,LONG,LOGISTIC,BASE_PLUS_ML,0.6,ATR_ONLY,0,1000,False,CONFIG_LOCAL_FALLBACK_MT5_UNAVAILABLE,3,3,1,2,33.33333333333333,0.9853187506158241,0.0,0.0,0.0,-0.02980000000000018,1.9900000000000002,2,999.702,0,0
3,2025-02-11 17:00:00,2026-02-09 11:00:00,2026-02-09 12:00:00,2026-02-10 18:00:00,2026-02-10 19:00:00,2026-04-28 13:00:00,5555,24,1181,GOLD,GOLD_LONG_LOGISTIC_BASE_PLUS_ML_T060,LONG,LOGISTIC,BASE_PLUS_ML,0.6,ATR_ONLY,0,1000,True,CONFIG_LOCAL_FALLBACK_MT5_UNAVAILABLE,3,0,0,0,0.0,0.0,0.0,0.0,0.0,0.0,0.0,0,1000.0,3,0
3,2025-02-11 17:00:00,2026-02-09 11:00:00,2026-02-09 12:00:00,2026-02-10 18:00:00,2026-02-10 19:00:00,2026-04-28 13:00:00,5555,24,1181,GOLD,GOLD_LONG_LOGISTIC_BASE_PLUS_ML_T060,LONG,LOGISTIC,BASE_PLUS_ML,0.6,ATR_ONLY,0,5000,False,CONFIG_LOCAL_FALLBACK_MT5_UNAVAILABLE,3,3,1,2,33.33333333333333,0.9853187506158263,0.0,0.0,0.0,-0.029799999999995636,1.9899999999999956,2,4998.51,0,0
3,2025-02-11 17:00:00,2026-02-09 11:00:00,2026-02-09 12:00:00,2026-02-10 18:00:00,2026-02-10 19:00:00,2026-04-28 13:00:00,5555,24,1181,GOLD,GOLD_LONG_LOGISTIC_BASE_PLUS_ML_T060,LONG,LOGISTIC,BASE_PLUS_ML,0.6,ATR_ONLY,0,5000,True,CONFIG_LOCAL_FALLBACK_MT5_UNAVAILABLE,3,3,1,2,33.33333333333333,0.9362896169961177,0.0,0.0,0.0,-0.08827442266168874,1.367813453865016,2,4995.586278866916,0,0
3,2025-02-11 17:00:00,2026-02-09 11:00:00,2026-02-09 12:00:00,2026-02-10 18:00:00,2026-02-10 19:00:00,2026-04-28 13:00:00,5555,24,1181,GOLD,GOLD_LONG_LOGISTIC_BASE_PLUS_ML_T060,LONG,LOGISTIC,BASE_PLUS_ML,0.6,ATR_ONLY,1,100,False,CONFIG_LOCAL_FALLBACK_MT5_UNAVAILABLE,3,3,1,2,33.33333333333333,0.9423317888826777,-0.030241064986851418,-0.030241064986851418,-0.09072319496055425,-0.12043276847961693,2.048068797876673,2,99.87956723152038,0,0
3,2025-02-11 17:00:00,2026-02-09 11:00:00,2026-02-09 12:00:00,2026-02-10 18:00:00,2026-02-10 19:00:00,2026-04-28 13:00:00,5555,24,1181,GOLD,GOLD_LONG_LOGISTIC_BASE_PLUS_ML_T060,LONG,LOGISTIC,BASE_PLUS_ML,0.6,ATR_ONLY,1,100,True,CONFIG_LOCAL_FALLBACK_MT5_UNAVAILABLE,3,0,0,0,0.0,0.0,0.0,0.0,0.0,0.0,0.0,0,100.0,3,0
3,2025-02-11 17:00:00,2026-02-09 11:00:00,2026-02-09 12:00:00,2026-02-10 18:00:00,2026-02-10 19:00:00,2026-04-28 13:00:00,5555,24,1181,GOLD,GOLD_LONG_LOGISTIC_BASE_PLUS_ML_T060,LONG,LOGISTIC,BASE_PLUS_ML,0.6,ATR_ONLY,1,500,False,CONFIG_LOCAL_FALLBACK_MT5_UNAVAILABLE,3,3,1,2,33.33333333333333,0.942331788882675,-0.030241064986851418,-0.030241064986851418,-0.09072319496055425,-0.1204327684796226,2.048068797876673,2,499.3978361576019,0,0
3,2025-02-11 17:00:00,2026-02-09 11:00:00,2026-02-09 12:00:00,2026-02-10 18:00:00,2026-02-10 19:00:00,2026-04-28 13:00:00,5555,24,1181,GOLD,GOLD_LONG_LOGISTIC_BASE_PLUS_ML_T060,LONG,LOGISTIC,BASE_PLUS_ML,0.6,ATR_ONLY,1,500,True,CONFIG_LOCAL_FALLBACK_MT5_UNAVAILABLE,3,0,0,0,0.0,0.0,0.0,0.0,0.0,0.0,0.0,0,500.0,3,0
3,2025-02-11 17:00:00,2026-02-09 11:00:00,2026-02-09 12:00:00,2026-02-10 18:00:00,2026-02-10 19:00:00,2026-04-28 13:00:00,5555,24,1181,GOLD,GOLD_LONG_LOGISTIC_BASE_PLUS_ML_T060,LONG,LOGISTIC,BASE_PLUS_ML,0.6,ATR_ONLY,1,1000,False,CONFIG_LOCAL_FALLBACK_MT5_UNAVAILABLE,3,3,1,2,33.33333333333333,0.942331788882675,-0.030241064986851418,-0.030241064986851418,-0.09072319496055425,-0.1204327684796226,2.048068797876673,2,998.7956723152038,0,0
3,2025-02-11 17:00:00,2026-02-09 11:00:00,2026-02-09 12:00:00,2026-02-10 18:00:00,2026-02-10 19:00:00,2026-04-28 13:00:00,5555,24,1181,GOLD,GOLD_LONG_LOGISTIC_BASE_PLUS_ML_T060,LONG,LOGISTIC,BASE_PLUS_ML,0.6,ATR_ONLY,1,1000,True,CONFIG_LOCAL_FALLBACK_MT5_UNAVAILABLE,3,0,0,0,0.0,0.0,0.0,0.0,0.0,0.0,0.0,0,1000.0,3,0
3,2025-02-11 17:00:00,2026-02-09 11:00:00,2026-02-09 12:00:00,2026-02-10 18:00:00,2026-02-10 19:00:00,2026-04-28 13:00:00,5555,24,1181,GOLD,GOLD_LONG_LOGISTIC_BASE_PLUS_ML_T060,LONG,LOGISTIC,BASE_PLUS_ML,0.6,ATR_ONLY,1,5000,False,CONFIG_LOCAL_FALLBACK_MT5_UNAVAILABLE,3,3,1,2,33.33333333333333,0.9423317888826749,-0.030241064986851418,-0.030241064986851418,-0.09072319496055425,-0.1204327684796226,2.0480687978766707,2,4993.978361576019,0,0
3,2025-02-11 17:00:00,2026-02-09 11:00:00,2026-02-09 12:00:00,2026-02-10 18:00:00,2026-02-10 19:00:00,2026-04-28 13:00:00,5555,24,1181,GOLD,GOLD_LONG_LOGISTIC_BASE_PLUS_ML_T060,LONG,LOGISTIC,BASE_PLUS_ML,0.6,ATR_ONLY,1,5000,True,CONFIG_LOCAL_FALLBACK_MT5_UNAVAILABLE,3,3,1,2,33.33333333333333,0.8950474701277815,-0.030241064986851418,-0.030241064986851418,-0.09072319496055425,-0.14967999365691867,1.4081930916720589,2,4992.516000317154,0,0
3,2025-02-11 17:00:00,2026-02-09 11:00:00,2026-02-09 12:00:00,2026-02-10 18:00:00,2026-02-10 19:00:00,2026-04-28 13:00:00,5555,24,1181,GOLD,GOLD_LONG_LOGISTIC_BASE_PLUS_ML_T060,LONG,LOGISTIC,BASE_PLUS_ML,0.6,ATR_ONLY,2,100,False,CONFIG_LOCAL_FALLBACK_MT5_UNAVAILABLE,3,3,1,2,33.33333333333333,0.901713364655153,-0.06048212997370276,-0.06048212997370276,-0.1814463899211083,-0.21101083618374616,2.1061204594868723,2,99.78898916381625,0,0
3,2025-02-11 17:00:00,2026-02-09 11:00:00,2026-02-09 12:00:00,2026-02-10 18:00:00,2026-02-10 19:00:00,2026-04-28 13:00:00,5555,24,1181,GOLD,GOLD_LONG_LOGISTIC_BASE_PLUS_ML_T060,LONG,LOGISTIC,BASE_PLUS_ML,0.6,ATR_ONLY,2,100,True,CONFIG_LOCAL_FALLBACK_MT5_UNAVAILABLE,3,0,0,0,0.0,0.0,0.0,0.0,0.0,0.0,0.0,0,100.0,3,0
3,2025-02-11 17:00:00,2026-02-09 11:00:00,2026-02-09 12:00:00,2026-02-10 18:00:00,2026-02-10 19:00:00,2026-04-28 13:00:00,5555,24,1181,GOLD,GOLD_LONG_LOGISTIC_BASE_PLUS_ML_T060,LONG,LOGISTIC,BASE_PLUS_ML,0.6,ATR_ONLY,2,500,False,CONFIG_LOCAL_FALLBACK_MT5_UNAVAILABLE,3,3,1,2,33.33333333333333,0.9017133646551495,-0.06048212997370276,-0.06048212997370276,-0.1814463899211083,-0.21101083618375469,2.1061204594868834,2,498.9449458190812,0,0
3,2025-02-11 17:00:00,2026-02-09 11:00:00,2026-02-09 12:00:00,2026-02-10 18:00:00,2026-02-10 19:00:00,2026-04-28 13:00:00,5555,24,1181,GOLD,GOLD_LONG_LOGISTIC_BASE_PLUS_ML_T060,LONG,LOGISTIC,BASE_PLUS_ML,0.6,ATR_ONLY,2,500,True,CONFIG_LOCAL_FALLBACK_MT5_UNAVAILABLE,3,0,0,0,0.0,0.0,0.0,0.0,0.0,0.0,0.0,0,500.0,3,0
3,2025-02-11 17:00:00,2026-02-09 11:00:00,2026-02-09 12:00:00,2026-02-10 18:00:00,2026-02-10 19:00:00,2026-04-28 13:00:00,5555,24,1181,GOLD,GOLD_LONG_LOGISTIC_BASE_PLUS_ML_T060,LONG,LOGISTIC,BASE_PLUS_ML,0.6,ATR_ONLY,2,1000,False,CONFIG_LOCAL_FALLBACK_MT5_UNAVAILABLE,3,3,1,2,33.33333333333333,0.9017133646551495,-0.06048212997370276,-0.06048212997370276,-0.1814463899211083,-0.21101083618375469,2.1061204594868834,2,997.8898916381625,0,0
3,2025-02-11 17:00:00,2026-02-09 11:00:00,2026-02-09 12:00:00,2026-02-10 18:00:00,2026-02-10 19:00:00,2026-04-28 13:00:00,5555,24,1181,GOLD,GOLD_LONG_LOGISTIC_BASE_PLUS_ML_T060,LONG,LOGISTIC,BASE_PLUS_ML,0.6,ATR_ONLY,2,1000,True,CONFIG_LOCAL_FALLBACK_MT5_UNAVAILABLE,3,0,0,0,0.0,0.0,0.0,0.0,0.0,0.0,0.0,0,1000.0,3,0
3,2025-02-11 17:00:00,2026-02-09 11:00:00,2026-02-09 12:00:00,2026-02-10 18:00:00,2026-02-10 19:00:00,2026-04-28 13:00:00,5555,24,1181,GOLD,GOLD_LONG_LOGISTIC_BASE_PLUS_ML_T060,LONG,LOGISTIC,BASE_PLUS_ML,0.6,ATR_ONLY,2,5000,False,CONFIG_LOCAL_FALLBACK_MT5_UNAVAILABLE,3,3,1,2,33.33333333333333,0.9017133646551473,-0.06048212997370276,-0.06048212997370276,-0.1814463899211083,-0.21101083618375924,2.1061204594868834,2,4989.449458190812,0,0
3,2025-02-11 17:00:00,2026-02-09 11:00:00,2026-02-09 12:00:00,2026-02-10 18:00:00,2026-02-10 19:00:00,2026-04-28 13:00:00,5555,24,1181,GOLD,GOLD_LONG_LOGISTIC_BASE_PLUS_ML_T060,LONG,LOGISTIC,BASE_PLUS_ML,0.6,ATR_ONLY,2,5000,True,CONFIG_LOCAL_FALLBACK_MT5_UNAVAILABLE,3,3,1,2,33.33333333333333,0.8560890619004996,-0.06048212997370276,-0.06048212997370276,-0.1814463899211083,-0.21108556465214862,1.4485893150480222,2,4989.445721767393,0,0
3,2025-02-11 17:00:00,2026-02-09 11:00:00,2026-02-09 12:00:00,2026-02-10 18:00:00,2026-02-10 19:00:00,2026-04-28 13:00:00,5555,24,1181,GOLD,GOLD_LONG_LOGISTIC_BASE_PLUS_ML_T060,LONG,LOGISTIC,BASE_PLUS_ML,0.6,ATR_ONLY,5,100,False,CONFIG_LOCAL_FALLBACK_MT5_UNAVAILABLE,3,3,1,2,33.33333333333333,0.792251571719103,-0.15120532493425687,-0.15120532493425687,-0.4536159748027706,-0.48241699945543814,2.2801726267185325,2,99.51758300054456,0,0
3,2025-02-11 17:00:00,2026-02-09 11:00:00,2026-02-09 12:00:00,2026-02-10 18:00:00,2026-02-10 19:00:00,2026-04-28 13:00:00,5555,24,1181,GOLD,GOLD_LONG_LOGISTIC_BASE_PLUS_ML_T060,LONG,LOGISTIC,BASE_PLUS_ML,0.6,ATR_ONLY,5,100,True,CONFIG_LOCAL_FALLBACK_MT5_UNAVAILABLE,3,0,0,0,0.0,0.0,0.0,0.0,0.0,0.0,0.0,0,100.0,3,0
3,2025-02-11 17:00:00,2026-02-09 11:00:00,2026-02-09 12:00:00,2026-02-10 18:00:00,2026-02-10 19:00:00,2026-04-28 13:00:00,5555,24,1181,GOLD,GOLD_LONG_LOGISTIC_BASE_PLUS_ML_T060,LONG,LOGISTIC,BASE_PLUS_ML,0.6,ATR_ONLY,5,500,False,CONFIG_LOCAL_FALLBACK_MT5_UNAVAILABLE,3,3,1,2,33.33333333333333,0.792251571719103,-0.15120532493425687,-0.15120532493425687,-0.4536159748027706,-0.48241699945543814,2.2801726267185325,2,497.5879150027228,0,0
3,2025-02-11 17:00:00,2026-02-09 11:00:00,2026-02-09 12:00:00,2026-02-10 18:00:00,2026-02-10 19:00:00,2026-04-28 13:00:00,5555,24,1181,GOLD,GOLD_LONG_LOGISTIC_BASE_PLUS_ML_T060,LONG,LOGISTIC,BASE_PLUS_ML,0.6,ATR_ONLY,5,500,True,CONFIG_LOCAL_FALLBACK_MT5_UNAVAILABLE,3,0,0,0,0.0,0.0,0.0,0.0,0.0,0.0,0.0,0,500.0,3,0
3,2025-02-11 17:00:00,2026-02-09 11:00:00,2026-02-09 12:00:00,2026-02-10 18:00:00,2026-02-10 19:00:00,2026-04-28 13:00:00,5555,24,1181,GOLD,GOLD_LONG_LOGISTIC_BASE_PLUS_ML_T060,LONG,LOGISTIC,BASE_PLUS_ML,0.6,ATR_ONLY,5,1000,False,CONFIG_LOCAL_FALLBACK_MT5_UNAVAILABLE,3,3,1,2,33.33333333333333,0.792251571719103,-0.15120532493425687,-0.15120532493425687,-0.4536159748027706,-0.48241699945543814,2.2801726267185325,2,995.1758300054456,0,0
3,2025-02-11 17:00:00,2026-02-09 11:00:00,2026-02-09 12:00:00,2026-02-10 18:00:00,2026-02-10 19:00:00,2026-04-28 13:00:00,5555,24,1181,GOLD,GOLD_LONG_LOGISTIC_BASE_PLUS_ML_T060,LONG,LOGISTIC,BASE_PLUS_ML,0.6,ATR_ONLY,5,1000,True,CONFIG_LOCAL_FALLBACK_MT5_UNAVAILABLE,3,0,0,0,0.0,0.0,0.0,0.0,0.0,0.0,0.0,0,1000.0,3,0
3,2025-02-11 17:00:00,2026-02-09 11:00:00,2026-02-09 12:00:00,2026-02-10 18:00:00,2026-02-10 19:00:00,2026-04-28 13:00:00,5555,24,1181,GOLD,GOLD_LONG_LOGISTIC_BASE_PLUS_ML_T060,LONG,LOGISTIC,BASE_PLUS_ML,0.6,ATR_ONLY,5,5000,False,CONFIG_LOCAL_FALLBACK_MT5_UNAVAILABLE,3,3,1,2,33.33333333333333,0.7922515717191044,-0.15120532493425687,-0.15120532493425687,-0.4536159748027706,-0.48241699945543587,2.280172626718537,2,4975.879150027228,0,0
3,2025-02-11 17:00:00,2026-02-09 11:00:00,2026-02-09 12:00:00,2026-02-10 18:00:00,2026-02-10 19:00:00,2026-04-28 13:00:00,5555,24,1181,GOLD,GOLD_LONG_LOGISTIC_BASE_PLUS_ML_T060,LONG,LOGISTIC,BASE_PLUS_ML,0.6,ATR_ONLY,5,5000,True,CONFIG_LOCAL_FALLBACK_MT5_UNAVAILABLE,3,3,1,2,33.33333333333333,0.7511648505527351,-0.15120532493425687,-0.15120532493425687,-0.4536159748027706,-0.39530227763785664,1.5698776008381832,2,4980.234886118107,0,0
3,2025-02-11 17:00:00,2026-02-09 11:00:00,2026-02-09 12:00:00,2026-02-10 18:00:00,2026-02-10 19:00:00,2026-04-28 13:00:00,5555,24,1181,GOLD,GOLD_LONG_LOGISTIC_BASE_PLUS_ML_T060,LONG,LOGISTIC,BASE_PLUS_ML,0.6,SWING_ATR,0,100,False,CONFIG_LOCAL_FALLBACK_MT5_UNAVAILABLE,3,3,2,1,66.66666666666666,1.0090546288839886,0.005591159156064969,0.005591159156064969,0.01677347746819491,0.009146926367904484,0.9999999999999943,1,100.0091469263679,0,0
3,2025-02-11 17:00:00,2026-02-09 11:00:00,2026-02-09 12:00:00,2026-02-10 18:00:00,2026-02-10 19:00:00,2026-04-28 13:00:00,5555,24,1181,GOLD,GOLD_LONG_LOGISTIC_BASE_PLUS_ML_T060,LONG,LOGISTIC,BASE_PLUS_ML,0.6,SWING_ATR,0,100,True,CONFIG_LOCAL_FALLBACK_MT5_UNAVAILABLE,3,0,0,0,0.0,0.0,0.0,0.0,0.0,0.0,0.0,0,100.0,3,0
3,2025-02-11 17:00:00,2026-02-09 11:00:00,2026-02-09 12:00:00,2026-02-10 18:00:00,2026-02-10 19:00:00,2026-04-28 13:00:00,5555,24,1181,GOLD,GOLD_LONG_LOGISTIC_BASE_PLUS_ML_T060,LONG,LOGISTIC,BASE_PLUS_ML,0.6,SWING_ATR,0,500,False,CONFIG_LOCAL_FALLBACK_MT5_UNAVAILABLE,3,3,2,1,66.66666666666666,1.0090546288839801,0.005591159156064969,0.005591159156064969,0.01677347746819491,0.009146926367895958,1.0000000000000029,1,500.0457346318395,0,0
3,2025-02-11 17:00:00,2026-02-09 11:00:00,2026-02-09 12:00:00,2026-02-10 18:00:00,2026-02-10 19:00:00,2026-04-28 13:00:00,5555,24,1181,GOLD,GOLD_LONG_LOGISTIC_BASE_PLUS_ML_T060,LONG,LOGISTIC,BASE_PLUS_ML,0.6,SWING_ATR,0,500,True,CONFIG_LOCAL_FALLBACK_MT5_UNAVAILABLE,3,0,0,0,0.0,0.0,0.0,0.0,0.0,0.0,0.0,0,500.0,3,0
3,2025-02-11 17:00:00,2026-02-09 11:00:00,2026-02-09 12:00:00,2026-02-10 18:00:00,2026-02-10 19:00:00,2026-04-28 13:00:00,5555,24,1181,GOLD,GOLD_LONG_LOGISTIC_BASE_PLUS_ML_T060,LONG,LOGISTIC,BASE_PLUS_ML,0.6,SWING_ATR,0,1000,False,CONFIG_LOCAL_FALLBACK_MT5_UNAVAILABLE,3,3,2,1,66.66666666666666,1.0090546288839801,0.005591159156064969,0.005591159156064969,0.01677347746819491,0.009146926367895958,1.0000000000000029,1,1000.091469263679,0,0
3,2025-02-11 17:00:00,2026-02-09 11:00:00,2026-02-09 12:00:00,2026-02-10 18:00:00,2026-02-10 19:00:00,2026-04-28 13:00:00,5555,24,1181,GOLD,GOLD_LONG_LOGISTIC_BASE_PLUS_ML_T060,LONG,LOGISTIC,BASE_PLUS_ML,0.6,SWING_ATR,0,1000,True,CONFIG_LOCAL_FALLBACK_MT5_UNAVAILABLE,3,0,0,0,0.0,0.0,0.0,0.0,0.0,0.0,0.0,0,1000.0,3,0
3,2025-02-11 17:00:00,2026-02-09 11:00:00,2026-02-09 12:00:00,2026-02-10 18:00:00,2026-02-10 19:00:00,2026-04-28 13:00:00,5555,24,1181,GOLD,GOLD_LONG_LOGISTIC_BASE_PLUS_ML_T060,LONG,LOGISTIC,BASE_PLUS_ML,0.6,SWING_ATR,0,5000,False,CONFIG_LOCAL_FALLBACK_MT5_UNAVAILABLE,3,3,2,1,66.66666666666666,1.0090546288839868,0.005591159156064969,0.005591159156064969,0.01677347746819491,0.009146926367902779,1.000000000000007,1,5000.457346318395,0,0
3,2025-02-11 17:00:00,2026-02-09 11:00:00,2026-02-09 12:00:00,2026-02-10 18:00:00,2026-02-10 19:00:00,2026-04-28 13:00:00,5555,24,1181,GOLD,GOLD_LONG_LOGISTIC_BASE_PLUS_ML_T060,LONG,LOGISTIC,BASE_PLUS_ML,0.6,SWING_ATR,0,5000,True,CONFIG_LOCAL_FALLBACK_MT5_UNAVAILABLE,3,1,0,1,0.0,0.0,-1.0,-1.0,-1.0,-0.8928732164259419,0.8928732164259419,1,4955.356339178703,2,0
3,2025-02-11 17:00:00,2026-02-09 11:00:00,2026-02-09 12:00:00,2026-02-10 18:00:00,2026-02-10 19:00:00,2026-04-28 13:00:00,5555,24,1181,GOLD,GOLD_LONG_LOGISTIC_BASE_PLUS_ML_T060,LONG,LOGISTIC,BASE_PLUS_ML,0.6,SWING_ATR,1,100,False,CONFIG_LOCAL_FALLBACK_MT5_UNAVAILABLE,3,3,2,1,66.66666666666666,0.9722001010278473,-0.006974081645142331,-0.006974081645142331,-0.020922244935426992,-0.02868311422895431,1.021523673847031,1,99.97131688577105,0,0
3,2025-02-11 17:00:00,2026-02-09 11:00:00,2026-02-09 12:00:00,2026-02-10 18:00:00,2026-02-10 19:00:00,2026-04-28 13:00:00,5555,24,1181,GOLD,GOLD_LONG_LOGISTIC_BASE_PLUS_ML_T060,LONG,LOGISTIC,BASE_PLUS_ML,0.6,SWING_ATR,1,100,True,CONFIG_LOCAL_FALLBACK_MT5_UNAVAILABLE,3,0,0,0,0.0,0.0,0.0,0.0,0.0,0.0,0.0,0,100.0,3,0
3,2025-02-11 17:00:00,2026-02-09 11:00:00,2026-02-09 12:00:00,2026-02-10 18:00:00,2026-02-10 19:00:00,2026-04-28 13:00:00,5555,24,1181,GOLD,GOLD_LONG_LOGISTIC_BASE_PLUS_ML_T060,LONG,LOGISTIC,BASE_PLUS_ML,0.6,SWING_ATR,1,500,False,CONFIG_LOCAL_FALLBACK_MT5_UNAVAILABLE,3,3,2,1,66.66666666666666,0.9722001010278475,-0.006974081645142331,-0.006974081645142331,-0.020922244935426992,-0.02868311422895431,1.0215236738470366,1,499.85658442885523,0,0
3,2025-02-11 17:00:00,2026-02-09 11:00:00,2026-02-09 12:00:00,2026-02-10 18:00:00,2026-02-10 19:00:00,2026-04-28 13:00:00,5555,24,1181,GOLD,GOLD_LONG_LOGISTIC_BASE_PLUS_ML_T060,LONG,LOGISTIC,BASE_PLUS_ML,0.6,SWING_ATR,1,500,True,CONFIG_LOCAL_FALLBACK_MT5_UNAVAILABLE,3,0,0,0,0.0,0.0,0.0,0.0,0.0,0.0,0.0,0,500.0,3,0
3,2025-02-11 17:00:00,2026-02-09 11:00:00,2026-02-09 12:00:00,2026-02-10 18:00:00,2026-02-10 19:00:00,2026-04-28 13:00:00,5555,24,1181,GOLD,GOLD_LONG_LOGISTIC_BASE_PLUS_ML_T060,LONG,LOGISTIC,BASE_PLUS_ML,0.6,SWING_ATR,1,1000,False,CONFIG_LOCAL_FALLBACK_MT5_UNAVAILABLE,3,3,2,1,66.66666666666666,0.9722001010278475,-0.006974081645142331,-0.006974081645142331,-0.020922244935426992,-0.02868311422895431,1.0215236738470366,1,999.7131688577105,0,0
3,2025-02-11 17:00:00,2026-02-09 11:00:00,2026-02-09 12:00:00,2026-02-10 18:00:00,2026-02-10 19:00:00,2026-04-28 13:00:00,5555,24,1181,GOLD,GOLD_LONG_LOGISTIC_BASE_PLUS_ML_T060,LONG,LOGISTIC,BASE_PLUS_ML,0.6,SWING_ATR,1,1000,True,CONFIG_LOCAL_FALLBACK_MT5_UNAVAILABLE,3,0,0,0,0.0,0.0,0.0,0.0,0.0,0.0,0.0,0,1000.0,3,0
3,2025-02-11 17:00:00,2026-02-09 11:00:00,2026-02-09 12:00:00,2026-02-10 18:00:00,2026-02-10 19:00:00,2026-04-28 13:00:00,5555,24,1181,GOLD,GOLD_LONG_LOGISTIC_BASE_PLUS_ML_T060,LONG,LOGISTIC,BASE_PLUS_ML,0.6,SWING_ATR,1,5000,False,CONFIG_LOCAL_FALLBACK_MT5_UNAVAILABLE,3,3,2,1,66.66666666666666,0.9722001010278671,-0.006974081645142331,-0.006974081645142331,-0.020922244935426992,-0.028683114228933843,1.0215236738470297,1,4998.565844288553,0,0
3,2025-02-11 17:00:00,2026-02-09 11:00:00,2026-02-09 12:00:00,2026-02-10 18:00:00,2026-02-10 19:00:00,2026-04-28 13:00:00,5555,24,1181,GOLD,GOLD_LONG_LOGISTIC_BASE_PLUS_ML_T060,LONG,LOGISTIC,BASE_PLUS_ML,0.6,SWING_ATR,1,5000,True,CONFIG_LOCAL_FALLBACK_MT5_UNAVAILABLE,3,1,0,1,0.0,0.0,-1.0215236738470377,-1.0215236738470377,-1.0215236738470377,-0.9120911283230452,0.9120911283230452,1,4954.395443583848,2,0
3,2025-02-11 17:00:00,2026-02-09 11:00:00,2026-02-09 12:00:00,2026-02-10 18:00:00,2026-02-10 19:00:00,2026-04-28 13:00:00,5555,24,1181,GOLD,GOLD_LONG_LOGISTIC_BASE_PLUS_ML_T060,LONG,LOGISTIC,BASE_PLUS_ML,0.6,SWING_ATR,2,100,False,CONFIG_LOCAL_FALLBACK_MT5_UNAVAILABLE,3,3,2,1,66.66666666666666,0.9368628905717379,-0.019539322446349556,-0.019539322446349556,-0.05861796733904867,-0.06650487508402136,1.0430473476940705,1,99.93349512491598,0,0
3,2025-02-11 17:00:00,2026-02-09 11:00:00,2026-02-09 12:00:00,2026-02-10 18:00:00,2026-02-10 19:00:00,2026-04-28 13:00:00,5555,24,1181,GOLD,GOLD_LONG_LOGISTIC_BASE_PLUS_ML_T060,LONG,LOGISTIC,BASE_PLUS_ML,0.6,SWING_ATR,2,100,True,CONFIG_LOCAL_FALLBACK_MT5_UNAVAILABLE,3,0,0,0,0.0,0.0,0.0,0.0,0.0,0.0,0.0,0,100.0,3,0
3,2025-02-11 17:00:00,2026-02-09 11:00:00,2026-02-09 12:00:00,2026-02-10 18:00:00,2026-02-10 19:00:00,2026-04-28 13:00:00,5555,24,1181,GOLD,GOLD_LONG_LOGISTIC_BASE_PLUS_ML_T060,LONG,LOGISTIC,BASE_PLUS_ML,0.6,SWING_ATR,2,500,False,CONFIG_LOCAL_FALLBACK_MT5_UNAVAILABLE,3,3,2,1,66.66666666666666,0.9368628905717249,-0.019539322446349556,-0.019539322446349556,-0.05861796733904867,-0.06650487508403558,1.043047347694079,1,499.6674756245798,0,0
3,2025-02-11 17:00:00,2026-02-09 11:00:00,2026-02-09 12:00:00,2026-02-10 18:00:00,2026-02-10 19:00:00,2026-04-28 13:00:00,5555,24,1181,GOLD,GOLD_LONG_LOGISTIC_BASE_PLUS_ML_T060,LONG,LOGISTIC,BASE_PLUS_ML,0.6,SWING_ATR,2,500,True,CONFIG_LOCAL_FALLBACK_MT5_UNAVAILABLE,3,0,0,0,0.0,0.0,0.0,0.0,0.0,0.0,0.0,0,500.0,3,0
3,2025-02-11 17:00:00,2026-02-09 11:00:00,2026-02-09 12:00:00,2026-02-10 18:00:00,2026-02-10 19:00:00,2026-04-28 13:00:00,5555,24,1181,GOLD,GOLD_LONG_LOGISTIC_BASE_PLUS_ML_T060,LONG,LOGISTIC,BASE_PLUS_ML,0.6,SWING_ATR,2,1000,False,CONFIG_LOCAL_FALLBACK_MT5_UNAVAILABLE,3,3,2,1,66.66666666666666,0.9368628905717249,-0.019539322446349556,-0.019539322446349556,-0.05861796733904867,-0.06650487508403558,1.043047347694079,1,999.3349512491596,0,0
3,2025-02-11 17:00:00,2026-02-09 11:00:00,2026-02-09 12:00:00,2026-02-10 18:00:00,2026-02-10 19:00:00,2026-04-28 13:00:00,5555,24,1181,GOLD,GOLD_LONG_LOGISTIC_BASE_PLUS_ML_T060,LONG,LOGISTIC,BASE_PLUS_ML,0.6,SWING_ATR,2,1000,True,CONFIG_LOCAL_FALLBACK_MT5_UNAVAILABLE,3,0,0,0,0.0,0.0,0.0,0.0,0.0,0.0,0.0,0,1000.0,3,0
3,2025-02-11 17:00:00,2026-02-09 11:00:00,2026-02-09 12:00:00,2026-02-10 18:00:00,2026-02-10 19:00:00,2026-04-28 13:00:00,5555,24,1181,GOLD,GOLD_LONG_LOGISTIC_BASE_PLUS_ML_T060,LONG,LOGISTIC,BASE_PLUS_ML,0.6,SWING_ATR,2,5000,False,CONFIG_LOCAL_FALLBACK_MT5_UNAVAILABLE,3,3,2,1,66.66666666666666,0.9368628905717139,-0.019539322446349556,-0.019539322446349556,-0.05861796733904867,-0.06650487508404694,1.043047347694077,1,4996.674756245798,0,0
3,2025-02-11 17:00:00,2026-02-09 11:00:00,2026-02-09 12:00:00,2026-02-10 18:00:00,2026-02-10 19:00:00,2026-04-28 13:00:00,5555,24,1181,GOLD,GOLD_LONG_LOGISTIC_BASE_PLUS_ML_T060,LONG,LOGISTIC,BASE_PLUS_ML,0.6,SWING_ATR,2,5000,True,CONFIG_LOCAL_FALLBACK_MT5_UNAVAILABLE,3,1,0,1,0.0,0.0,-1.0430473476940751,-1.0430473476940751,-1.0430473476940751,-0.9313090402201487,0.9313090402201487,1,4953.434547988993,2,0
3,2025-02-11 17:00:00,2026-02-09 11:00:00,2026-02-09 12:00:00,2026-02-10 18:00:00,2026-02-10 19:00:00,2026-04-28 13:00:00,5555,24,1181,GOLD,GOLD_LONG_LOGISTIC_BASE_PLUS_ML_T060,LONG,LOGISTIC,BASE_PLUS_ML,0.6,SWING_ATR,5,100,False,CONFIG_LOCAL_FALLBACK_MT5_UNAVAILABLE,3,3,2,1,66.66666666666666,0.8390705991593981,-0.057235044849971474,-0.057235044849971474,-0.17170513454991443,-0.17992048757209034,1.1076183692351862,1,99.82007951242791,0,0
3,2025-02-11 17:00:00,2026-02-09 11:00:00,2026-02-09 12:00:00,2026-02-10 18:00:00,2026-02-10 19:00:00,2026-04-28 13:00:00,5555,24,1181,GOLD,GOLD_LONG_LOGISTIC_BASE_PLUS_ML_T060,LONG,LOGISTIC,BASE_PLUS_ML,0.6,SWING_ATR,5,100,True,CONFIG_LOCAL_FALLBACK_MT5_UNAVAILABLE,3,0,0,0,0.0,0.0,0.0,0.0,0.0,0.0,0.0,0,100.0,3,0
3,2025-02-11 17:00:00,2026-02-09 11:00:00,2026-02-09 12:00:00,2026-02-10 18:00:00,2026-02-10 19:00:00,2026-04-28 13:00:00,5555,24,1181,GOLD,GOLD_LONG_LOGISTIC_BASE_PLUS_ML_T060,LONG,LOGISTIC,BASE_PLUS_ML,0.6,SWING_ATR,5,500,False,CONFIG_LOCAL_FALLBACK_MT5_UNAVAILABLE,3,3,2,1,66.66666666666666,0.8390705991593909,-0.057235044849971474,-0.057235044849971474,-0.17170513454991443,-0.17992048757209886,1.107618369235189,1,499.1003975621395,0,0
3,2025-02-11 17:00:00,2026-02-09 11:00:00,2026-02-09 12:00:00,2026-02-10 18:00:00,2026-02-10 19:00:00,2026-04-28 13:00:00,5555,24,1181,GOLD,GOLD_LONG_LOGISTIC_BASE_PLUS_ML_T060,LONG,LOGISTIC,BASE_PLUS_ML,0.6,SWING_ATR,5,500,True,CONFIG_LOCAL_FALLBACK_MT5_UNAVAILABLE,3,0,0,0,0.0,0.0,0.0,0.0,0.0,0.0,0.0,0,500.0,3,0
3,2025-02-11 17:00:00,2026-02-09 11:00:00,2026-02-09 12:00:00,2026-02-10 18:00:00,2026-02-10 19:00:00,2026-04-28 13:00:00,5555,24,1181,GOLD,GOLD_LONG_LOGISTIC_BASE_PLUS_ML_T060,LONG,LOGISTIC,BASE_PLUS_ML,0.6,SWING_ATR,5,1000,False,CONFIG_LOCAL_FALLBACK_MT5_UNAVAILABLE,3,3,2,1,66.66666666666666,0.8390705991593909,-0.057235044849971474,-0.057235044849971474,-0.17170513454991443,-0.17992048757209886,1.107618369235189,1,998.200795124279,0,0
3,2025-02-11 17:00:00,2026-02-09 11:00:00,2026-02-09 12:00:00,2026-02-10 18:00:00,2026-02-10 19:00:00,2026-04-28 13:00:00,5555,24,1181,GOLD,GOLD_LONG_LOGISTIC_BASE_PLUS_ML_T060,LONG,LOGISTIC,BASE_PLUS_ML,0.6,SWING_ATR,5,1000,True,CONFIG_LOCAL_FALLBACK_MT5_UNAVAILABLE,3,0,0,0,0.0,0.0,0.0,0.0,0.0,0.0,0.0,0,1000.0,3,0
3,2025-02-11 17:00:00,2026-02-09 11:00:00,2026-02-09 12:00:00,2026-02-10 18:00:00,2026-02-10 19:00:00,2026-04-28 13:00:00,5555,24,1181,GOLD,GOLD_LONG_LOGISTIC_BASE_PLUS_ML_T060,LONG,LOGISTIC,BASE_PLUS_ML,0.6,SWING_ATR,5,5000,False,CONFIG_LOCAL_FALLBACK_MT5_UNAVAILABLE,3,3,2,1,66.66666666666666,0.8390705991593836,-0.057235044849971474,-0.057235044849971474,-0.17170513454991443,-0.17992048757210796,1.107618369235196,1,4991.003975621395,0,0
3,2025-02-11 17:00:00,2026-02-09 11:00:00,2026-02-09 12:00:00,2026-02-10 18:00:00,2026-02-10 19:00:00,2026-04-28 13:00:00,5555,24,1181,GOLD,GOLD_LONG_LOGISTIC_BASE_PLUS_ML_T060,LONG,LOGISTIC,BASE_PLUS_ML,0.6,SWING_ATR,5,5000,True,CONFIG_LOCAL_FALLBACK_MT5_UNAVAILABLE,3,1,0,1,0.0,0.0,-1.1076183692351882,-1.1076183692351882,-1.1076183692351882,-0.9889627759114774,0.9889627759114774,1,4950.551861204426,2,0
3,2025-02-11 17:00:00,2026-02-09 11:00:00,2026-02-09 12:00:00,2026-02-10 18:00:00,2026-02-10 19:00:00,2026-04-28 13:00:00,5555,24,1181,GOLD,GOLD_LONG_LOGISTIC_BASE_PLUS_ML_T060,LONG,LOGISTIC,BASE_PLUS_ML,0.6,SWING_ATR_RR,0,100,False,CONFIG_LOCAL_FALLBACK_MT5_UNAVAILABLE,3,3,1,2,33.33333333333333,0.2439863216463948,-0.26487051250772237,-0.26487051250772237,-0.794611537523167,-0.7967971906279416,1.051242217507294,2,99.20320280937206,0,0
3,2025-02-11 17:00:00,2026-02-09 11:00:00,2026-02-09 12:00:00,2026-02-10 18:00:00,2026-02-10 19:00:00,2026-04-28 13:00:00,5555,24,1181,GOLD,GOLD_LONG_LOGISTIC_BASE_PLUS_ML_T060,LONG,LOGISTIC,BASE_PLUS_ML,0.6,SWING_ATR_RR,0,100,True,CONFIG_LOCAL_FALLBACK_MT5_UNAVAILABLE,3,0,0,0,0.0,0.0,0.0,0.0,0.0,0.0,0.0,0,100.0,3,0
3,2025-02-11 17:00:00,2026-02-09 11:00:00,2026-02-09 12:00:00,2026-02-10 18:00:00,2026-02-10 19:00:00,2026-04-28 13:00:00,5555,24,1181,GOLD,GOLD_LONG_LOGISTIC_BASE_PLUS_ML_T060,LONG,LOGISTIC,BASE_PLUS_ML,0.6,SWING_ATR_RR,0,500,False,CONFIG_LOCAL_FALLBACK_MT5_UNAVAILABLE,3,3,1,2,33.33333333333333,0.24398632164640086,-0.26487051250772237,-0.26487051250772237,-0.794611537523167,-0.7967971906279332,1.051242217507291,2,496.01601404686033,0,0
3,2025-02-11 17:00:00,2026-02-09 11:00:00,2026-02-09 12:00:00,2026-02-10 18:00:00,2026-02-10 19:00:00,2026-04-28 13:00:00,5555,24,1181,GOLD,GOLD_LONG_LOGISTIC_BASE_PLUS_ML_T060,LONG,LOGISTIC,BASE_PLUS_ML,0.6,SWING_ATR_RR,0,500,True,CONFIG_LOCAL_FALLBACK_MT5_UNAVAILABLE,3,0,0,0,0.0,0.0,0.0,0.0,0.0,0.0,0.0,0,500.0,3,0
3,2025-02-11 17:00:00,2026-02-09 11:00:00,2026-02-09 12:00:00,2026-02-10 18:00:00,2026-02-10 19:00:00,2026-04-28 13:00:00,5555,24,1181,GOLD,GOLD_LONG_LOGISTIC_BASE_PLUS_ML_T060,LONG,LOGISTIC,BASE_PLUS_ML,0.6,SWING_ATR_RR,0,1000,False,CONFIG_LOCAL_FALLBACK_MT5_UNAVAILABLE,3,3,1,2,33.33333333333333,0.24398632164640086,-0.26487051250772237,-0.26487051250772237,-0.794611537523167,-0.7967971906279332,1.051242217507291,2,992.0320280937207,0,0
3,2025-02-11 17:00:00,2026-02-09 11:00:00,2026-02-09 12:00:00,2026-02-10 18:00:00,2026-02-10 19:00:00,2026-04-28 13:00:00,5555,24,1181,GOLD,GOLD_LONG_LOGISTIC_BASE_PLUS_ML_T060,LONG,LOGISTIC,BASE_PLUS_ML,0.6,SWING_ATR_RR,0,1000,True,CONFIG_LOCAL_FALLBACK_MT5_UNAVAILABLE,3,0,0,0,0.0,0.0,0.0,0.0,0.0,0.0,0.0,0,1000.0,3,0
3,2025-02-11 17:00:00,2026-02-09 11:00:00,2026-02-09 12:00:00,2026-02-10 18:00:00,2026-02-10 19:00:00,2026-04-28 13:00:00,5555,24,1181,GOLD,GOLD_LONG_LOGISTIC_BASE_PLUS_ML_T060,LONG,LOGISTIC,BASE_PLUS_ML,0.6,SWING_ATR_RR,0,5000,False,CONFIG_LOCAL_FALLBACK_MT5_UNAVAILABLE,3,3,1,2,33.33333333333333,0.24398632164639064,-0.26487051250772237,-0.26487051250772237,-0.794611537523167,-0.796797190627949,1.051242217507298,2,4960.160140468603,0,0
3,2025-02-11 17:00:00,2026-02-09 11:00:00,2026-02-09 12:00:00,2026-02-10 18:00:00,2026-02-10 19:00:00,2026-04-28 13:00:00,5555,24,1181,GOLD,GOLD_LONG_LOGISTIC_BASE_PLUS_ML_T060,LONG,LOGISTIC,BASE_PLUS_ML,0.6,SWING_ATR_RR,0,5000,True,CONFIG_LOCAL_FALLBACK_MT5_UNAVAILABLE,3,1,0,1,0.0,0.0,-1.0,-1.0,-1.0,-0.8928732164259419,0.8928732164259419,1,4955.356339178703,2,0
3,2025-02-11 17:00:00,2026-02-09 11:00:00,2026-02-09 12:00:00,2026-02-10 18:00:00,2026-02-10 19:00:00,2026-04-28 13:00:00,5555,24,1181,GOLD,GOLD_LONG_LOGISTIC_BASE_PLUS_ML_T060,LONG,LOGISTIC,BASE_PLUS_ML,0.6,SWING_ATR_RR,1,100,False,CONFIG_LOCAL_FALLBACK_MT5_UNAVAILABLE,3,3,1,2,33.33333333333333,0.22939237405038618,-0.27740870714176324,-0.27740870714176324,-0.8322261214252897,-0.8343050104251972,1.0799764870787063,2,99.1656949895748,0,0
3,2025-02-11 17:00:00,2026-02-09 11:00:00,2026-02-09 12:00:00,2026-02-10 18:00:00,2026-02-10 19:00:00,2026-04-28 13:00:00,5555,24,1181,GOLD,GOLD_LONG_LOGISTIC_BASE_PLUS_ML_T060,LONG,LOGISTIC,BASE_PLUS_ML,0.6,SWING_ATR_RR,1,100,True,CONFIG_LOCAL_FALLBACK_MT5_UNAVAILABLE,3,0,0,0,0.0,0.0,0.0,0.0,0.0,0.0,0.0,0,100.0,3,0
3,2025-02-11 17:00:00,2026-02-09 11:00:00,2026-02-09 12:00:00,2026-02-10 18:00:00,2026-02-10 19:00:00,2026-04-28 13:00:00,5555,24,1181,GOLD,GOLD_LONG_LOGISTIC_BASE_PLUS_ML_T060,LONG,LOGISTIC,BASE_PLUS_ML,0.6,SWING_ATR_RR,1,500,False,CONFIG_LOCAL_FALLBACK_MT5_UNAVAILABLE,3,3,1,2,33.33333333333333,0.2293923740503894,-0.27740870714176324,-0.27740870714176324,-0.8322261214252897,-0.8343050104251916,1.0799764870787032,2,495.82847494787404,0,0
3,2025-02-11 17:00:00,2026-02-09 11:00:00,2026-02-09 12:00:00,2026-02-10 18:00:00,2026-02-10 19:00:00,2026-04-28 13:00:00,5555,24,1181,GOLD,GOLD_LONG_LOGISTIC_BASE_PLUS_ML_T060,LONG,LOGISTIC,BASE_PLUS_ML,0.6,SWING_ATR_RR,1,500,True,CONFIG_LOCAL_FALLBACK_MT5_UNAVAILABLE,3,0,0,0,0.0,0.0,0.0,0.0,0.0,0.0,0.0,0,500.0,3,0
3,2025-02-11 17:00:00,2026-02-09 11:00:00,2026-02-09 12:00:00,2026-02-10 18:00:00,2026-02-10 19:00:00,2026-04-28 13:00:00,5555,24,1181,GOLD,GOLD_LONG_LOGISTIC_BASE_PLUS_ML_T060,LONG,LOGISTIC,BASE_PLUS_ML,0.6,SWING_ATR_RR,1,1000,False,CONFIG_LOCAL_FALLBACK_MT5_UNAVAILABLE,3,3,1,2,33.33333333333333,0.2293923740503894,-0.27740870714176324,-0.27740870714176324,-0.8322261214252897,-0.8343050104251916,1.0799764870787032,2,991.6569498957481,0,0
3,2025-02-11 17:00:00,2026-02-09 11:00:00,2026-02-09 12:00:00,2026-02-10 18:00:00,2026-02-10 19:00:00,2026-04-28 13:00:00,5555,24,1181,GOLD,GOLD_LONG_LOGISTIC_BASE_PLUS_ML_T060,LONG,LOGISTIC,BASE_PLUS_ML,0.6,SWING_ATR_RR,1,1000,True,CONFIG_LOCAL_FALLBACK_MT5_UNAVAILABLE,3,0,0,0,0.0,0.0,0.0,0.0,0.0,0.0,0.0,0,1000.0,3,0
3,2025-02-11 17:00:00,2026-02-09 11:00:00,2026-02-09 12:00:00,2026-02-10 18:00:00,2026-02-10 19:00:00,2026-04-28 13:00:00,5555,24,1181,GOLD,GOLD_LONG_LOGISTIC_BASE_PLUS_ML_T060,LONG,LOGISTIC,BASE_PLUS_ML,0.6,SWING_ATR_RR,1,5000,False,CONFIG_LOCAL_FALLBACK_MT5_UNAVAILABLE,3,3,1,2,33.33333333333333,0.22939237405038682,-0.27740870714176324,-0.27740870714176324,-0.8322261214252897,-0.8343050104251961,1.0799764870787054,2,4958.28474947874,0,0
3,2025-02-11 17:00:00,2026-02-09 11:00:00,2026-02-09 12:00:00,2026-02-10 18:00:00,2026-02-10 19:00:00,2026-04-28 13:00:00,5555,24,1181,GOLD,GOLD_LONG_LOGISTIC_BASE_PLUS_ML_T060,LONG,LOGISTIC,BASE_PLUS_ML,0.6,SWING_ATR_RR,1,5000,True,CONFIG_LOCAL_FALLBACK_MT5_UNAVAILABLE,3,1,0,1,0.0,0.0,-1.0215236738470377,-1.0215236738470377,-1.0215236738470377,-0.9120911283230452,0.9120911283230452,1,4954.395443583848,2,0
3,2025-02-11 17:00:00,2026-02-09 11:00:00,2026-02-09 12:00:00,2026-02-10 18:00:00,2026-02-10 19:00:00,2026-04-28 13:00:00,5555,24,1181,GOLD,GOLD_LONG_LOGISTIC_BASE_PLUS_ML_T060,LONG,LOGISTIC,BASE_PLUS_ML,0.6,SWING_ATR_RR,2,100,False,CONFIG_LOCAL_FALLBACK_MT5_UNAVAILABLE,3,3,1,2,33.33333333333333,0.21555410995545154,-0.2899469017758041,-0.2899469017758041,-0.8698407053274123,-0.8718046276963065,1.1087076157996358,2,99.1281953723037,0,0
3,2025-02-11 17:00:00,2026-02-09 11:00:00,2026-02-09 12:00:00,2026-02-10 18:00:00,2026-02-10 19:00:00,2026-04-28 13:00:00,5555,24,1181,GOLD,GOLD_LONG_LOGISTIC_BASE_PLUS_ML_T060,LONG,LOGISTIC,BASE_PLUS_ML,0.6,SWING_ATR_RR,2,100,True,CONFIG_LOCAL_FALLBACK_MT5_UNAVAILABLE,3,0,0,0,0.0,0.0,0.0,0.0,0.0,0.0,0.0,0,100.0,3,0
3,2025-02-11 17:00:00,2026-02-09 11:00:00,2026-02-09 12:00:00,2026-02-10 18:00:00,2026-02-10 19:00:00,2026-04-28 13:00:00,5555,24,1181,GOLD,GOLD_LONG_LOGISTIC_BASE_PLUS_ML_T060,LONG,LOGISTIC,BASE_PLUS_ML,0.6,SWING_ATR_RR,2,500,False,CONFIG_LOCAL_FALLBACK_MT5_UNAVAILABLE,3,3,1,2,33.33333333333333,0.21555410995544988,-0.2899469017758041,-0.2899469017758041,-0.8698407053274123,-0.8718046276963151,1.1087076157996443,2,495.6409768615184,0,0
3,2025-02-11 17:00:00,2026-02-09 11:00:00,2026-02-09 12:00:00,2026-02-10 18:00:00,2026-02-10 19:00:00,2026-04-28 13:00:00,5555,24,1181,GOLD,GOLD_LONG_LOGISTIC_BASE_PLUS_ML_T060,LONG,LOGISTIC,BASE_PLUS_ML,0.6,SWING_ATR_RR,2,500,True,CONFIG_LOCAL_FALLBACK_MT5_UNAVAILABLE,3,0,0,0,0.0,0.0,0.0,0.0,0.0,0.0,0.0,0,500.0,3,0
3,2025-02-11 17:00:00,2026-02-09 11:00:00,2026-02-09 12:00:00,2026-02-10 18:00:00,2026-02-10 19:00:00,2026-04-28 13:00:00,5555,24,1181,GOLD,GOLD_LONG_LOGISTIC_BASE_PLUS_ML_T060,LONG,LOGISTIC,BASE_PLUS_ML,0.6,SWING_ATR_RR,2,1000,False,CONFIG_LOCAL_FALLBACK_MT5_UNAVAILABLE,3,3,1,2,33.33333333333333,0.21555410995544988,-0.2899469017758041,-0.2899469017758041,-0.8698407053274123,-0.8718046276963151,1.1087076157996443,2,991.2819537230368,0,0
3,2025-02-11 17:00:00,2026-02-09 11:00:00,2026-02-09 12:00:00,2026-02-10 18:00:00,2026-02-10 19:00:00,2026-04-28 13:00:00,5555,24,1181,GOLD,GOLD_LONG_LOGISTIC_BASE_PLUS_ML_T060,LONG,LOGISTIC,BASE_PLUS_ML,0.6,SWING_ATR_RR,2,1000,True,CONFIG_LOCAL_FALLBACK_MT5_UNAVAILABLE,3,0,0,0,0.0,0.0,0.0,0.0,0.0,0.0,0.0,0,1000.0,3,0
3,2025-02-11 17:00:00,2026-02-09 11:00:00,2026-02-09 12:00:00,2026-02-10 18:00:00,2026-02-10 19:00:00,2026-04-28 13:00:00,5555,24,1181,GOLD,GOLD_LONG_LOGISTIC_BASE_PLUS_ML_T060,LONG,LOGISTIC,BASE_PLUS_ML,0.6,SWING_ATR_RR,2,5000,False,CONFIG_LOCAL_FALLBACK_MT5_UNAVAILABLE,3,3,1,2,33.33333333333333,0.215554109955454,-0.2899469017758041,-0.2899469017758041,-0.8698407053274123,-0.8718046276963105,1.1087076157996443,2,4956.4097686151845,0,0
3,2025-02-11 17:00:00,2026-02-09 11:00:00,2026-02-09 12:00:00,2026-02-10 18:00:00,2026-02-10 19:00:00,2026-04-28 13:00:00,5555,24,1181,GOLD,GOLD_LONG_LOGISTIC_BASE_PLUS_ML_T060,LONG,LOGISTIC,BASE_PLUS_ML,0.6,SWING_ATR_RR,2,5000,True,CONFIG_LOCAL_FALLBACK_MT5_UNAVAILABLE,3,1,0,1,0.0,0.0,-1.0430473476940751,-1.0430473476940751,-1.0430473476940751,-0.9313090402201487,0.9313090402201487,1,4953.434547988993,2,0
3,2025-02-11 17:00:00,2026-02-09 11:00:00,2026-02-09 12:00:00,2026-02-10 18:00:00,2026-02-10 19:00:00,2026-04-28 13:00:00,5555,24,1181,GOLD,GOLD_LONG_LOGISTIC_BASE_PLUS_ML_T060,LONG,LOGISTIC,BASE_PLUS_ML,0.6,SWING_ATR_RR,5,100,False,CONFIG_LOCAL_FALLBACK_MT5_UNAVAILABLE,3,3,1,2,33.33333333333333,0.17802726778689845,-0.3275614856779269,-0.3275614856779269,-0.9826844570337807,-0.9842542726395891,1.1948821568595538,2,99.01574572736041,0,0
3,2025-02-11 17:00:00,2026-02-09 11:00:00,2026-02-09 12:00:00,2026-02-10 18:00:00,2026-02-10 19:00:00,2026-04-28 13:00:00,5555,24,1181,GOLD,GOLD_LONG_LOGISTIC_BASE_PLUS_ML_T060,LONG,LOGISTIC,BASE_PLUS_ML,0.6,SWING_ATR_RR,5,100,True,CONFIG_LOCAL_FALLBACK_MT5_UNAVAILABLE,3,0,0,0,0.0,0.0,0.0,0.0,0.0,0.0,0.0,0,100.0,3,0
3,2025-02-11 17:00:00,2026-02-09 11:00:00,2026-02-09 12:00:00,2026-02-10 18:00:00,2026-02-10 19:00:00,2026-04-28 13:00:00,5555,24,1181,GOLD,GOLD_LONG_LOGISTIC_BASE_PLUS_ML_T060,LONG,LOGISTIC,BASE_PLUS_ML,0.6,SWING_ATR_RR,5,500,False,CONFIG_LOCAL_FALLBACK_MT5_UNAVAILABLE,3,3,1,2,33.33333333333333,0.17802726778690237,-0.3275614856779269,-0.3275614856779269,-0.9826844570337807,-0.9842542726395891,1.1948821568595593,2,495.07872863680205,0,0
3,2025-02-11 17:00:00,2026-02-09 11:00:00,2026-02-09 12:00:00,2026-02-10 18:00:00,2026-02-10 19:00:00,2026-04-28 13:00:00,5555,24,1181,GOLD,GOLD_LONG_LOGISTIC_BASE_PLUS_ML_T060,LONG,LOGISTIC,BASE_PLUS_ML,0.6,SWING_ATR_RR,5,500,True,CONFIG_LOCAL_FALLBACK_MT5_UNAVAILABLE,3,0,0,0,0.0,0.0,0.0,0.0,0.0,0.0,0.0,0,500.0,3,0
3,2025-02-11 17:00:00,2026-02-09 11:00:00,2026-02-09 12:00:00,2026-02-10 18:00:00,2026-02-10 19:00:00,2026-04-28 13:00:00,5555,24,1181,GOLD,GOLD_LONG_LOGISTIC_BASE_PLUS_ML_T060,LONG,LOGISTIC,BASE_PLUS_ML,0.6,SWING_ATR_RR,5,1000,False,CONFIG_LOCAL_FALLBACK_MT5_UNAVAILABLE,3,3,1,2,33.33333333333333,0.17802726778690237,-0.3275614856779269,-0.3275614856779269,-0.9826844570337807,-0.9842542726395891,1.1948821568595593,2,990.1574572736041,0,0
3,2025-02-11 17:00:00,2026-02-09 11:00:00,2026-02-09 12:00:00,2026-02-10 18:00:00,2026-02-10 19:00:00,2026-04-28 13:00:00,5555,24,1181,GOLD,GOLD_LONG_LOGISTIC_BASE_PLUS_ML_T060,LONG,LOGISTIC,BASE_PLUS_ML,0.6,SWING_ATR_RR,5,1000,True,CONFIG_LOCAL_FALLBACK_MT5_UNAVAILABLE,3,0,0,0,0.0,0.0,0.0,0.0,0.0,0.0,0.0,0,1000.0,3,0
3,2025-02-11 17:00:00,2026-02-09 11:00:00,2026-02-09 12:00:00,2026-02-10 18:00:00,2026-02-10 19:00:00,2026-04-28 13:00:00,5555,24,1181,GOLD,GOLD_LONG_LOGISTIC_BASE_PLUS_ML_T060,LONG,LOGISTIC,BASE_PLUS_ML,0.6,SWING_ATR_RR,5,5000,False,CONFIG_LOCAL_FALLBACK_MT5_UNAVAILABLE,3,3,1,2,33.33333333333333,0.17802726778690942,-0.3275614856779269,-0.3275614856779269,-0.9826844570337807,-0.9842542726395731,1.19488215685955,2,4950.787286368021,0,0
3,2025-02-11 17:00:00,2026-02-09 11:00:00,2026-02-09 12:00:00,2026-02-10 18:00:00,2026-02-10 19:00:00,2026-04-28 13:00:00,5555,24,1181,GOLD,GOLD_LONG_LOGISTIC_BASE_PLUS_ML_T060,LONG,LOGISTIC,BASE_PLUS_ML,0.6,SWING_ATR_RR,5,5000,True,CONFIG_LOCAL_FALLBACK_MT5_UNAVAILABLE,3,1,0,1,0.0,0.0,-1.1076183692351882,-1.1076183692351882,-1.1076183692351882,-0.9889627759114774,0.9889627759114774,1,4950.551861204426,2,0
3,2025-02-11 17:00:00,2026-02-09 11:00:00,2026-02-09 12:00:00,2026-02-10 18:00:00,2026-02-10 19:00:00,2026-04-28 13:00:00,5555,24,1181,GOLD,GOLD_LONG_LOGISTIC_BASE_PLUS_ML_T060,LONG,LOGISTIC,BASE_PLUS_ML,0.6,SWING_STRUCTURAL_TARGET,0,100,False,CONFIG_LOCAL_FALLBACK_MT5_UNAVAILABLE,3,1,0,1,0.0,0.0,-1.0,-1.0,-1.0,-1.0,1.0,1,99.0,0,2
3,2025-02-11 17:00:00,2026-02-09 11:00:00,2026-02-09 12:00:00,2026-02-10 18:00:00,2026-02-10 19:00:00,2026-04-28 13:00:00,5555,24,1181,GOLD,GOLD_LONG_LOGISTIC_BASE_PLUS_ML_T060,LONG,LOGISTIC,BASE_PLUS_ML,0.6,SWING_STRUCTURAL_TARGET,0,100,True,CONFIG_LOCAL_FALLBACK_MT5_UNAVAILABLE,3,0,0,0,0.0,0.0,0.0,0.0,0.0,0.0,0.0,0,100.0,1,2
3,2025-02-11 17:00:00,2026-02-09 11:00:00,2026-02-09 12:00:00,2026-02-10 18:00:00,2026-02-10 19:00:00,2026-04-28 13:00:00,5555,24,1181,GOLD,GOLD_LONG_LOGISTIC_BASE_PLUS_ML_T060,LONG,LOGISTIC,BASE_PLUS_ML,0.6,SWING_STRUCTURAL_TARGET,0,500,False,CONFIG_LOCAL_FALLBACK_MT5_UNAVAILABLE,3,1,0,1,0.0,0.0,-1.0,-1.0,-1.0,-1.0,1.0,1,495.0,0,2
3,2025-02-11 17:00:00,2026-02-09 11:00:00,2026-02-09 12:00:00,2026-02-10 18:00:00,2026-02-10 19:00:00,2026-04-28 13:00:00,5555,24,1181,GOLD,GOLD_LONG_LOGISTIC_BASE_PLUS_ML_T060,LONG,LOGISTIC,BASE_PLUS_ML,0.6,SWING_STRUCTURAL_TARGET,0,500,True,CONFIG_LOCAL_FALLBACK_MT5_UNAVAILABLE,3,0,0,0,0.0,0.0,0.0,0.0,0.0,0.0,0.0,0,500.0,1,2
3,2025-02-11 17:00:00,2026-02-09 11:00:00,2026-02-09 12:00:00,2026-02-10 18:00:00,2026-02-10 19:00:00,2026-04-28 13:00:00,5555,24,1181,GOLD,GOLD_LONG_LOGISTIC_BASE_PLUS_ML_T060,LONG,LOGISTIC,BASE_PLUS_ML,0.6,SWING_STRUCTURAL_TARGET,0,1000,False,CONFIG_LOCAL_FALLBACK_MT5_UNAVAILABLE,3,1,0,1,0.0,0.0,-1.0,-1.0,-1.0,-1.0,1.0,1,990.0,0,2
3,2025-02-11 17:00:00,2026-02-09 11:00:00,2026-02-09 12:00:00,2026-02-10 18:00:00,2026-02-10 19:00:00,2026-04-28 13:00:00,5555,24,1181,GOLD,GOLD_LONG_LOGISTIC_BASE_PLUS_ML_T060,LONG,LOGISTIC,BASE_PLUS_ML,0.6,SWING_STRUCTURAL_TARGET,0,1000,True,CONFIG_LOCAL_FALLBACK_MT5_UNAVAILABLE,3,0,0,0,0.0,0.0,0.0,0.0,0.0,0.0,0.0,0,1000.0,1,2
3,2025-02-11 17:00:00,2026-02-09 11:00:00,2026-02-09 12:00:00,2026-02-10 18:00:00,2026-02-10 19:00:00,2026-04-28 13:00:00,5555,24,1181,GOLD,GOLD_LONG_LOGISTIC_BASE_PLUS_ML_T060,LONG,LOGISTIC,BASE_PLUS_ML,0.6,SWING_STRUCTURAL_TARGET,0,5000,False,CONFIG_LOCAL_FALLBACK_MT5_UNAVAILABLE,3,1,0,1,0.0,0.0,-1.0,-1.0,-1.0,-1.0,1.0,1,4950.0,0,2
3,2025-02-11 17:00:00,2026-02-09 11:00:00,2026-02-09 12:00:00,2026-02-10 18:00:00,2026-02-10 19:00:00,2026-04-28 13:00:00,5555,24,1181,GOLD,GOLD_LONG_LOGISTIC_BASE_PLUS_ML_T060,LONG,LOGISTIC,BASE_PLUS_ML,0.6,SWING_STRUCTURAL_TARGET,0,5000,True,CONFIG_LOCAL_FALLBACK_MT5_UNAVAILABLE,3,1,0,1,0.0,0.0,-1.0,-1.0,-1.0,-0.8928732164259419,0.8928732164259419,1,4955.356339178703,0,2
3,2025-02-11 17:00:00,2026-02-09 11:00:00,2026-02-09 12:00:00,2026-02-10 18:00:00,2026-02-10 19:00:00,2026-04-28 13:00:00,5555,24,1181,GOLD,GOLD_LONG_LOGISTIC_BASE_PLUS_ML_T060,LONG,LOGISTIC,BASE_PLUS_ML,0.6,SWING_STRUCTURAL_TARGET,1,100,False,CONFIG_LOCAL_FALLBACK_MT5_UNAVAILABLE,3,1,0,1,0.0,0.0,-1.0215236738470377,-1.0215236738470377,-1.0215236738470377,-1.0215236738470423,1.0215236738470423,1,98.97847632615296,0,2
3,2025-02-11 17:00:00,2026-02-09 11:00:00,2026-02-09 12:00:00,2026-02-10 18:00:00,2026-02-10 19:00:00,2026-04-28 13:00:00,5555,24,1181,GOLD,GOLD_LONG_LOGISTIC_BASE_PLUS_ML_T060,LONG,LOGISTIC,BASE_PLUS_ML,0.6,SWING_STRUCTURAL_TARGET,1,100,True,CONFIG_LOCAL_FALLBACK_MT5_UNAVAILABLE,3,0,0,0,0.0,0.0,0.0,0.0,0.0,0.0,0.0,0,100.0,1,2
3,2025-02-11 17:00:00,2026-02-09 11:00:00,2026-02-09 12:00:00,2026-02-10 18:00:00,2026-02-10 19:00:00,2026-04-28 13:00:00,5555,24,1181,GOLD,GOLD_LONG_LOGISTIC_BASE_PLUS_ML_T060,LONG,LOGISTIC,BASE_PLUS_ML,0.6,SWING_STRUCTURAL_TARGET,1,500,False,CONFIG_LOCAL_FALLBACK_MT5_UNAVAILABLE,3,1,0,1,0.0,0.0,-1.0215236738470377,-1.0215236738470377,-1.0215236738470377,-1.0215236738470368,1.0215236738470368,1,494.8923816307648,0,2
3,2025-02-11 17:00:00,2026-02-09 11:00:00,2026-02-09 12:00:00,2026-02-10 18:00:00,2026-02-10 19:00:00,2026-04-28 13:00:00,5555,24,1181,GOLD,GOLD_LONG_LOGISTIC_BASE_PLUS_ML_T060,LONG,LOGISTIC,BASE_PLUS_ML,0.6,SWING_STRUCTURAL_TARGET,1,500,True,CONFIG_LOCAL_FALLBACK_MT5_UNAVAILABLE,3,0,0,0,0.0,0.0,0.0,0.0,0.0,0.0,0.0,0,500.0,1,2
3,2025-02-11 17:00:00,2026-02-09 11:00:00,2026-02-09 12:00:00,2026-02-10 18:00:00,2026-02-10 19:00:00,2026-04-28 13:00:00,5555,24,1181,GOLD,GOLD_LONG_LOGISTIC_BASE_PLUS_ML_T060,LONG,LOGISTIC,BASE_PLUS_ML,0.6,SWING_STRUCTURAL_TARGET,1,1000,False,CONFIG_LOCAL_FALLBACK_MT5_UNAVAILABLE,3,1,0,1,0.0,0.0,-1.0215236738470377,-1.0215236738470377,-1.0215236738470377,-1.0215236738470368,1.0215236738470368,1,989.7847632615296,0,2
3,2025-02-11 17:00:00,2026-02-09 11:00:00,2026-02-09 12:00:00,2026-02-10 18:00:00,2026-02-10 19:00:00,2026-04-28 13:00:00,5555,24,1181,GOLD,GOLD_LONG_LOGISTIC_BASE_PLUS_ML_T060,LONG,LOGISTIC,BASE_PLUS_ML,0.6,SWING_STRUCTURAL_TARGET,1,1000,True,CONFIG_LOCAL_FALLBACK_MT5_UNAVAILABLE,3,0,0,0,0.0,0.0,0.0,0.0,0.0,0.0,0.0,0,1000.0,1,2
3,2025-02-11 17:00:00,2026-02-09 11:00:00,2026-02-09 12:00:00,2026-02-10 18:00:00,2026-02-10 19:00:00,2026-04-28 13:00:00,5555,24,1181,GOLD,GOLD_LONG_LOGISTIC_BASE_PLUS_ML_T060,LONG,LOGISTIC,BASE_PLUS_ML,0.6,SWING_STRUCTURAL_TARGET,1,5000,False,CONFIG_LOCAL_FALLBACK_MT5_UNAVAILABLE,3,1,0,1,0.0,0.0,-1.0215236738470377,-1.0215236738470377,-1.0215236738470377,-1.0215236738470412,1.0215236738470412,1,4948.923816307648,0,2
3,2025-02-11 17:00:00,2026-02-09 11:00:00,2026-02-09 12:00:00,2026-02-10 18:00:00,2026-02-10 19:00:00,2026-04-28 13:00:00,5555,24,1181,GOLD,GOLD_LONG_LOGISTIC_BASE_PLUS_ML_T060,LONG,LOGISTIC,BASE_PLUS_ML,0.6,SWING_STRUCTURAL_TARGET,1,5000,True,CONFIG_LOCAL_FALLBACK_MT5_UNAVAILABLE,3,1,0,1,0.0,0.0,-1.0215236738470377,-1.0215236738470377,-1.0215236738470377,-0.9120911283230452,0.9120911283230452,1,4954.395443583848,0,2
3,2025-02-11 17:00:00,2026-02-09 11:00:00,2026-02-09 12:00:00,2026-02-10 18:00:00,2026-02-10 19:00:00,2026-04-28 13:00:00,5555,24,1181,GOLD,GOLD_LONG_LOGISTIC_BASE_PLUS_ML_T060,LONG,LOGISTIC,BASE_PLUS_ML,0.6,SWING_STRUCTURAL_TARGET,2,100,False,CONFIG_LOCAL_FALLBACK_MT5_UNAVAILABLE,3,1,0,1,0.0,0.0,-1.0430473476940751,-1.0430473476940751,-1.0430473476940751,-1.0430473476940705,1.0430473476940705,1,98.95695265230593,0,2
3,2025-02-11 17:00:00,2026-02-09 11:00:00,2026-02-09 12:00:00,2026-02-10 18:00:00,2026-02-10 19:00:00,2026-04-28 13:00:00,5555,24,1181,GOLD,GOLD_LONG_LOGISTIC_BASE_PLUS_ML_T060,LONG,LOGISTIC,BASE_PLUS_ML,0.6,SWING_STRUCTURAL_TARGET,2,100,True,CONFIG_LOCAL_FALLBACK_MT5_UNAVAILABLE,3,0,0,0,0.0,0.0,0.0,0.0,0.0,0.0,0.0,0,100.0,1,2
3,2025-02-11 17:00:00,2026-02-09 11:00:00,2026-02-09 12:00:00,2026-02-10 18:00:00,2026-02-10 19:00:00,2026-04-28 13:00:00,5555,24,1181,GOLD,GOLD_LONG_LOGISTIC_BASE_PLUS_ML_T060,LONG,LOGISTIC,BASE_PLUS_ML,0.6,SWING_STRUCTURAL_TARGET,2,500,False,CONFIG_LOCAL_FALLBACK_MT5_UNAVAILABLE,3,1,0,1,0.0,0.0,-1.0430473476940751,-1.0430473476940751,-1.0430473476940751,-1.0430473476940731,1.0430473476940731,1,494.78476326152963,0,2
3,2025-02-11 17:00:00,2026-02-09 11:00:00,2026-02-09 12:00:00,2026-02-10 18:00:00,2026-02-10 19:00:00,2026-04-28 13:00:00,5555,24,1181,GOLD,GOLD_LONG_LOGISTIC_BASE_PLUS_ML_T060,LONG,LOGISTIC,BASE_PLUS_ML,0.6,SWING_STRUCTURAL_TARGET,2,500,True,CONFIG_LOCAL_FALLBACK_MT5_UNAVAILABLE,3,0,0,0,0.0,0.0,0.0,0.0,0.0,0.0,0.0,0,500.0,1,2
3,2025-02-11 17:00:00,2026-02-09 11:00:00,2026-02-09 12:00:00,2026-02-10 18:00:00,2026-02-10 19:00:00,2026-04-28 13:00:00,5555,24,1181,GOLD,GOLD_LONG_LOGISTIC_BASE_PLUS_ML_T060,LONG,LOGISTIC,BASE_PLUS_ML,0.6,SWING_STRUCTURAL_TARGET,2,1000,False,CONFIG_LOCAL_FALLBACK_MT5_UNAVAILABLE,3,1,0,1,0.0,0.0,-1.0430473476940751,-1.0430473476940751,-1.0430473476940751,-1.0430473476940731,1.0430473476940731,1,989.5695265230593,0,2
3,2025-02-11 17:00:00,2026-02-09 11:00:00,2026-02-09 12:00:00,2026-02-10 18:00:00,2026-02-10 19:00:00,2026-04-28 13:00:00,5555,24,1181,GOLD,GOLD_LONG_LOGISTIC_BASE_PLUS_ML_T060,LONG,LOGISTIC,BASE_PLUS_ML,0.6,SWING_STRUCTURAL_TARGET,2,1000,True,CONFIG_LOCAL_FALLBACK_MT5_UNAVAILABLE,3,0,0,0,0.0,0.0,0.0,0.0,0.0,0.0,0.0,0,1000.0,1,2
3,2025-02-11 17:00:00,2026-02-09 11:00:00,2026-02-09 12:00:00,2026-02-10 18:00:00,2026-02-10 19:00:00,2026-04-28 13:00:00,5555,24,1181,GOLD,GOLD_LONG_LOGISTIC_BASE_PLUS_ML_T060,LONG,LOGISTIC,BASE_PLUS_ML,0.6,SWING_STRUCTURAL_TARGET,2,5000,False,CONFIG_LOCAL_FALLBACK_MT5_UNAVAILABLE,3,1,0,1,0.0,0.0,-1.0430473476940751,-1.0430473476940751,-1.0430473476940751,-1.0430473476940825,1.0430473476940825,1,4947.847632615296,0,2
3,2025-02-11 17:00:00,2026-02-09 11:00:00,2026-02-09 12:00:00,2026-02-10 18:00:00,2026-02-10 19:00:00,2026-04-28 13:00:00,5555,24,1181,GOLD,GOLD_LONG_LOGISTIC_BASE_PLUS_ML_T060,LONG,LOGISTIC,BASE_PLUS_ML,0.6,SWING_STRUCTURAL_TARGET,2,5000,True,CONFIG_LOCAL_FALLBACK_MT5_UNAVAILABLE,3,1,0,1,0.0,0.0,-1.0430473476940751,-1.0430473476940751,-1.0430473476940751,-0.9313090402201487,0.9313090402201487,1,4953.434547988993,0,2
3,2025-02-11 17:00:00,2026-02-09 11:00:00,2026-02-09 12:00:00,2026-02-10 18:00:00,2026-02-10 19:00:00,2026-04-28 13:00:00,5555,24,1181,GOLD,GOLD_LONG_LOGISTIC_BASE_PLUS_ML_T060,LONG,LOGISTIC,BASE_PLUS_ML,0.6,SWING_STRUCTURAL_TARGET,5,100,False,CONFIG_LOCAL_FALLBACK_MT5_UNAVAILABLE,3,1,0,1,0.0,0.0,-1.1076183692351882,-1.1076183692351882,-1.1076183692351882,-1.1076183692351833,1.1076183692351833,1,98.89238163076482,0,2
3,2025-02-11 17:00:00,2026-02-09 11:00:00,2026-02-09 12:00:00,2026-02-10 18:00:00,2026-02-10 19:00:00,2026-04-28 13:00:00,5555,24,1181,GOLD,GOLD_LONG_LOGISTIC_BASE_PLUS_ML_T060,LONG,LOGISTIC,BASE_PLUS_ML,0.6,SWING_STRUCTURAL_TARGET,5,100,True,CONFIG_LOCAL_FALLBACK_MT5_UNAVAILABLE,3,0,0,0,0.0,0.0,0.0,0.0,0.0,0.0,0.0,0,100.0,1,2
3,2025-02-11 17:00:00,2026-02-09 11:00:00,2026-02-09 12:00:00,2026-02-10 18:00:00,2026-02-10 19:00:00,2026-04-28 13:00:00,5555,24,1181,GOLD,GOLD_LONG_LOGISTIC_BASE_PLUS_ML_T060,LONG,LOGISTIC,BASE_PLUS_ML,0.6,SWING_STRUCTURAL_TARGET,5,500,False,CONFIG_LOCAL_FALLBACK_MT5_UNAVAILABLE,3,1,0,1,0.0,0.0,-1.1076183692351882,-1.1076183692351882,-1.1076183692351882,-1.1076183692351833,1.1076183692351833,1,494.4619081538241,0,2
3,2025-02-11 17:00:00,2026-02-09 11:00:00,2026-02-09 12:00:00,2026-02-10 18:00:00,2026-02-10 19:00:00,2026-04-28 13:00:00,5555,24,1181,GOLD,GOLD_LONG_LOGISTIC_BASE_PLUS_ML_T060,LONG,LOGISTIC,BASE_PLUS_ML,0.6,SWING_STRUCTURAL_TARGET,5,500,True,CONFIG_LOCAL_FALLBACK_MT5_UNAVAILABLE,3,0,0,0,0.0,0.0,0.0,0.0,0.0,0.0,0.0,0,500.0,1,2
3,2025-02-11 17:00:00,2026-02-09 11:00:00,2026-02-09 12:00:00,2026-02-10 18:00:00,2026-02-10 19:00:00,2026-04-28 13:00:00,5555,24,1181,GOLD,GOLD_LONG_LOGISTIC_BASE_PLUS_ML_T060,LONG,LOGISTIC,BASE_PLUS_ML,0.6,SWING_STRUCTURAL_TARGET,5,1000,False,CONFIG_LOCAL_FALLBACK_MT5_UNAVAILABLE,3,1,0,1,0.0,0.0,-1.1076183692351882,-1.1076183692351882,-1.1076183692351882,-1.1076183692351833,1.1076183692351833,1,988.9238163076482,0,2
3,2025-02-11 17:00:00,2026-02-09 11:00:00,2026-02-09 12:00:00,2026-02-10 18:00:00,2026-02-10 19:00:00,2026-04-28 13:00:00,5555,24,1181,GOLD,GOLD_LONG_LOGISTIC_BASE_PLUS_ML_T060,LONG,LOGISTIC,BASE_PLUS_ML,0.6,SWING_STRUCTURAL_TARGET,5,1000,True,CONFIG_LOCAL_FALLBACK_MT5_UNAVAILABLE,3,0,0,0,0.0,0.0,0.0,0.0,0.0,0.0,0.0,0,1000.0,1,2
3,2025-02-11 17:00:00,2026-02-09 11:00:00,2026-02-09 12:00:00,2026-02-10 18:00:00,2026-02-10 19:00:00,2026-04-28 13:00:00,5555,24,1181,GOLD,GOLD_LONG_LOGISTIC_BASE_PLUS_ML_T060,LONG,LOGISTIC,BASE_PLUS_ML,0.6,SWING_STRUCTURAL_TARGET,5,5000,False,CONFIG_LOCAL_FALLBACK_MT5_UNAVAILABLE,3,1,0,1,0.0,0.0,-1.1076183692351882,-1.1076183692351882,-1.1076183692351882,-1.107618369235188,1.107618369235188,1,4944.619081538241,0,2
3,2025-02-11 17:00:00,2026-02-09 11:00:00,2026-02-09 12:00:00,2026-02-10 18:00:00,2026-02-10 19:00:00,2026-04-28 13:00:00,5555,24,1181,GOLD,GOLD_LONG_LOGISTIC_BASE_PLUS_ML_T060,LONG,LOGISTIC,BASE_PLUS_ML,0.6,SWING_STRUCTURAL_TARGET,5,5000,True,CONFIG_LOCAL_FALLBACK_MT5_UNAVAILABLE,3,1,0,1,0.0,0.0,-1.1076183692351882,-1.1076183692351882,-1.1076183692351882,-0.9889627759114774,0.9889627759114774,1,4950.551861204426,0,2
4,2025-02-11 17:00:00,2026-04-27 12:00:00,2026-04-27 13:00:00,2026-04-28 13:00:00,2026-04-28 14:00:00,2026-07-14 15:00:00,6736,24,1181,GOLD,GOLD_LONG_LOGISTIC_BASE_PLUS_ML_T060,LONG,LOGISTIC,BASE_PLUS_ML,0.6,ATR_ONLY,0,100,False,CONFIG_LOCAL_FALLBACK_MT5_UNAVAILABLE,1,1,1,0,100.0,inf,2.0000000000000466,2.0000000000000466,2.0000000000000466,2.0000000000000426,0.0,0,102.00000000000004,0,0
4,2025-02-11 17:00:00,2026-04-27 12:00:00,2026-04-27 13:00:00,2026-04-28 13:00:00,2026-04-28 14:00:00,2026-07-14 15:00:00,6736,24,1181,GOLD,GOLD_LONG_LOGISTIC_BASE_PLUS_ML_T060,LONG,LOGISTIC,BASE_PLUS_ML,0.6,ATR_ONLY,0,100,True,CONFIG_LOCAL_FALLBACK_MT5_UNAVAILABLE,1,0,0,0,0.0,0.0,0.0,0.0,0.0,0.0,0.0,0,100.0,1,0
4,2025-02-11 17:00:00,2026-04-27 12:00:00,2026-04-27 13:00:00,2026-04-28 13:00:00,2026-04-28 14:00:00,2026-07-14 15:00:00,6736,24,1181,GOLD,GOLD_LONG_LOGISTIC_BASE_PLUS_ML_T060,LONG,LOGISTIC,BASE_PLUS_ML,0.6,ATR_ONLY,0,500,False,CONFIG_LOCAL_FALLBACK_MT5_UNAVAILABLE,1,1,1,0,100.0,inf,2.0000000000000466,2.0000000000000466,2.0000000000000466,2.0000000000000453,0.0,0,510.0000000000002,0,0
4,2025-02-11 17:00:00,2026-04-27 12:00:00,2026-04-27 13:00:00,2026-04-28 13:00:00,2026-04-28 14:00:00,2026-07-14 15:00:00,6736,24,1181,GOLD,GOLD_LONG_LOGISTIC_BASE_PLUS_ML_T060,LONG,LOGISTIC,BASE_PLUS_ML,0.6,ATR_ONLY,0,500,True,CONFIG_LOCAL_FALLBACK_MT5_UNAVAILABLE,1,0,0,0,0.0,0.0,0.0,0.0,0.0,0.0,0.0,0,500.0,1,0
4,2025-02-11 17:00:00,2026-04-27 12:00:00,2026-04-27 13:00:00,2026-04-28 13:00:00,2026-04-28 14:00:00,2026-07-14 15:00:00,6736,24,1181,GOLD,GOLD_LONG_LOGISTIC_BASE_PLUS_ML_T060,LONG,LOGISTIC,BASE_PLUS_ML,0.6,ATR_ONLY,0,1000,False,CONFIG_LOCAL_FALLBACK_MT5_UNAVAILABLE,1,1,1,0,100.0,inf,2.0000000000000466,2.0000000000000466,2.0000000000000466,2.0000000000000453,0.0,0,1020.0000000000005,0,0
4,2025-02-11 17:00:00,2026-04-27 12:00:00,2026-04-27 13:00:00,2026-04-28 13:00:00,2026-04-28 14:00:00,2026-07-14 15:00:00,6736,24,1181,GOLD,GOLD_LONG_LOGISTIC_BASE_PLUS_ML_T060,LONG,LOGISTIC,BASE_PLUS_ML,0.6,ATR_ONLY,0,1000,True,CONFIG_LOCAL_FALLBACK_MT5_UNAVAILABLE,1,0,0,0,0.0,0.0,0.0,0.0,0.0,0.0,0.0,0,1000.0,1,0
4,2025-02-11 17:00:00,2026-04-27 12:00:00,2026-04-27 13:00:00,2026-04-28 13:00:00,2026-04-28 14:00:00,2026-07-14 15:00:00,6736,24,1181,GOLD,GOLD_LONG_LOGISTIC_BASE_PLUS_ML_T060,LONG,LOGISTIC,BASE_PLUS_ML,0.6,ATR_ONLY,0,5000,False,CONFIG_LOCAL_FALLBACK_MT5_UNAVAILABLE,1,1,1,0,100.0,inf,2.0000000000000466,2.0000000000000466,2.0000000000000466,2.0000000000000546,0.0,0,5100.000000000003,0,0
4,2025-02-11 17:00:00,2026-04-27 12:00:00,2026-04-27 13:00:00,2026-04-28 13:00:00,2026-04-28 14:00:00,2026-07-14 15:00:00,6736,24,1181,GOLD,GOLD_LONG_LOGISTIC_BASE_PLUS_ML_T060,LONG,LOGISTIC,BASE_PLUS_ML,0.6,ATR_ONLY,0,5000,True,CONFIG_LOCAL_FALLBACK_MT5_UNAVAILABLE,1,1,1,0,100.0,inf,2.0000000000000466,2.0000000000000466,2.0000000000000466,1.5563658969242897,0.0,0,5077.8182948462145,0,0
4,2025-02-11 17:00:00,2026-04-27 12:00:00,2026-04-27 13:00:00,2026-04-28 13:00:00,2026-04-28 14:00:00,2026-07-14 15:00:00,6736,24,1181,GOLD,GOLD_LONG_LOGISTIC_BASE_PLUS_ML_T060,LONG,LOGISTIC,BASE_PLUS_ML,0.6,ATR_ONLY,1,100,False,CONFIG_LOCAL_FALLBACK_MT5_UNAVAILABLE,1,1,1,0,100.0,inf,1.953162122810662,1.953162122810662,1.953162122810662,1.9531621228106673,0.0,0,101.95316212281067,0,0
4,2025-02-11 17:00:00,2026-04-27 12:00:00,2026-04-27 13:00:00,2026-04-28 13:00:00,2026-04-28 14:00:00,2026-07-14 15:00:00,6736,24,1181,GOLD,GOLD_LONG_LOGISTIC_BASE_PLUS_ML_T060,LONG,LOGISTIC,BASE_PLUS_ML,0.6,ATR_ONLY,1,100,True,CONFIG_LOCAL_FALLBACK_MT5_UNAVAILABLE,1,0,0,0,0.0,0.0,0.0,0.0,0.0,0.0,0.0,0,100.0,1,0
4,2025-02-11 17:00:00,2026-04-27 12:00:00,2026-04-27 13:00:00,2026-04-28 13:00:00,2026-04-28 14:00:00,2026-07-14 15:00:00,6736,24,1181,GOLD,GOLD_LONG_LOGISTIC_BASE_PLUS_ML_T060,LONG,LOGISTIC,BASE_PLUS_ML,0.6,ATR_ONLY,1,500,False,CONFIG_LOCAL_FALLBACK_MT5_UNAVAILABLE,1,1,1,0,100.0,inf,1.953162122810662,1.953162122810662,1.953162122810662,1.9531621228106588,0.0,0,509.7658106140533,0,0
4,2025-02-11 17:00:00,2026-04-27 12:00:00,2026-04-27 13:00:00,2026-04-28 13:00:00,2026-04-28 14:00:00,2026-07-14 15:00:00,6736,24,1181,GOLD,GOLD_LONG_LOGISTIC_BASE_PLUS_ML_T060,LONG,LOGISTIC,BASE_PLUS_ML,0.6,ATR_ONLY,1,500,True,CONFIG_LOCAL_FALLBACK_MT5_UNAVAILABLE,1,0,0,0,0.0,0.0,0.0,0.0,0.0,0.0,0.0,0,500.0,1,0
4,2025-02-11 17:00:00,2026-04-27 12:00:00,2026-04-27 13:00:00,2026-04-28 13:00:00,2026-04-28 14:00:00,2026-07-14 15:00:00,6736,24,1181,GOLD,GOLD_LONG_LOGISTIC_BASE_PLUS_ML_T060,LONG,LOGISTIC,BASE_PLUS_ML,0.6,ATR_ONLY,1,1000,False,CONFIG_LOCAL_FALLBACK_MT5_UNAVAILABLE,1,1,1,0,100.0,inf,1.953162122810662,1.953162122810662,1.953162122810662,1.9531621228106588,0.0,0,1019.5316212281066,0,0
4,2025-02-11 17:00:00,2026-04-27 12:00:00,2026-04-27 13:00:00,2026-04-28 13:00:00,2026-04-28 14:00:00,2026-07-14 15:00:00,6736,24,1181,GOLD,GOLD_LONG_LOGISTIC_BASE_PLUS_ML_T060,LONG,LOGISTIC,BASE_PLUS_ML,0.6,ATR_ONLY,1,1000,True,CONFIG_LOCAL_FALLBACK_MT5_UNAVAILABLE,1,0,0,0,0.0,0.0,0.0,0.0,0.0,0.0,0.0,0,1000.0,1,0
4,2025-02-11 17:00:00,2026-04-27 12:00:00,2026-04-27 13:00:00,2026-04-28 13:00:00,2026-04-28 14:00:00,2026-07-14 15:00:00,6736,24,1181,GOLD,GOLD_LONG_LOGISTIC_BASE_PLUS_ML_T060,LONG,LOGISTIC,BASE_PLUS_ML,0.6,ATR_ONLY,1,5000,False,CONFIG_LOCAL_FALLBACK_MT5_UNAVAILABLE,1,1,1,0,100.0,inf,1.953162122810662,1.953162122810662,1.953162122810662,1.9531621228106633,0.0,0,5097.658106140533,0,0
4,2025-02-11 17:00:00,2026-04-27 12:00:00,2026-04-27 13:00:00,2026-04-28 13:00:00,2026-04-28 14:00:00,2026-07-14 15:00:00,6736,24,1181,GOLD,GOLD_LONG_LOGISTIC_BASE_PLUS_ML_T060,LONG,LOGISTIC,BASE_PLUS_ML,0.6,ATR_ONLY,1,5000,True,CONFIG_LOCAL_FALLBACK_MT5_UNAVAILABLE,1,1,1,0,100.0,inf,1.953162122810662,1.953162122810662,1.953162122810662,1.5199174595533442,0.0,0,5075.995872977667,0,0
4,2025-02-11 17:00:00,2026-04-27 12:00:00,2026-04-27 13:00:00,2026-04-28 13:00:00,2026-04-28 14:00:00,2026-07-14 15:00:00,6736,24,1181,GOLD,GOLD_LONG_LOGISTIC_BASE_PLUS_ML_T060,LONG,LOGISTIC,BASE_PLUS_ML,0.6,ATR_ONLY,2,100,False,CONFIG_LOCAL_FALLBACK_MT5_UNAVAILABLE,1,1,1,0,100.0,inf,1.906324245621277,1.906324245621277,1.906324245621277,1.9063242456212777,0.0,0,101.90632424562128,0,0
4,2025-02-11 17:00:00,2026-04-27 12:00:00,2026-04-27 13:00:00,2026-04-28 13:00:00,2026-04-28 14:00:00,2026-07-14 15:00:00,6736,24,1181,GOLD,GOLD_LONG_LOGISTIC_BASE_PLUS_ML_T060,LONG,LOGISTIC,BASE_PLUS_ML,0.6,ATR_ONLY,2,100,True,CONFIG_LOCAL_FALLBACK_MT5_UNAVAILABLE,1,0,0,0,0.0,0.0,0.0,0.0,0.0,0.0,0.0,0,100.0,1,0
4,2025-02-11 17:00:00,2026-04-27 12:00:00,2026-04-27 13:00:00,2026-04-28 13:00:00,2026-04-28 14:00:00,2026-07-14 15:00:00,6736,24,1181,GOLD,GOLD_LONG_LOGISTIC_BASE_PLUS_ML_T060,LONG,LOGISTIC,BASE_PLUS_ML,0.6,ATR_ONLY,2,500,False,CONFIG_LOCAL_FALLBACK_MT5_UNAVAILABLE,1,1,1,0,100.0,inf,1.906324245621277,1.906324245621277,1.906324245621277,1.9063242456212721,0.0,0,509.53162122810636,0,0
4,2025-02-11 17:00:00,2026-04-27 12:00:00,2026-04-27 13:00:00,2026-04-28 13:00:00,2026-04-28 14:00:00,2026-07-14 15:00:00,6736,24,1181,GOLD,GOLD_LONG_LOGISTIC_BASE_PLUS_ML_T060,LONG,LOGISTIC,BASE_PLUS_ML,0.6,ATR_ONLY,2,500,True,CONFIG_LOCAL_FALLBACK_MT5_UNAVAILABLE,1,0,0,0,0.0,0.0,0.0,0.0,0.0,0.0,0.0,0,500.0,1,0
4,2025-02-11 17:00:00,2026-04-27 12:00:00,2026-04-27 13:00:00,2026-04-28 13:00:00,2026-04-28 14:00:00,2026-07-14 15:00:00,6736,24,1181,GOLD,GOLD_LONG_LOGISTIC_BASE_PLUS_ML_T060,LONG,LOGISTIC,BASE_PLUS_ML,0.6,ATR_ONLY,2,1000,False,CONFIG_LOCAL_FALLBACK_MT5_UNAVAILABLE,1,1,1,0,100.0,inf,1.906324245621277,1.906324245621277,1.906324245621277,1.9063242456212721,0.0,0,1019.0632424562127,0,0
4,2025-02-11 17:00:00,2026-04-27 12:00:00,2026-04-27 13:00:00,2026-04-28 13:00:00,2026-04-28 14:00:00,2026-07-14 15:00:00,6736,24,1181,GOLD,GOLD_LONG_LOGISTIC_BASE_PLUS_ML_T060,LONG,LOGISTIC,BASE_PLUS_ML,0.6,ATR_ONLY,2,1000,True,CONFIG_LOCAL_FALLBACK_MT5_UNAVAILABLE,1,0,0,0,0.0,0.0,0.0,0.0,0.0,0.0,0.0,0,1000.0,1,0
4,2025-02-11 17:00:00,2026-04-27 12:00:00,2026-04-27 13:00:00,2026-04-28 13:00:00,2026-04-28 14:00:00,2026-07-14 15:00:00,6736,24,1181,GOLD,GOLD_LONG_LOGISTIC_BASE_PLUS_ML_T060,LONG,LOGISTIC,BASE_PLUS_ML,0.6,ATR_ONLY,2,5000,False,CONFIG_LOCAL_FALLBACK_MT5_UNAVAILABLE,1,1,1,0,100.0,inf,1.906324245621277,1.906324245621277,1.906324245621277,1.9063242456212721,0.0,0,5095.316212281064,0,0
4,2025-02-11 17:00:00,2026-04-27 12:00:00,2026-04-27 13:00:00,2026-04-28 13:00:00,2026-04-28 14:00:00,2026-07-14 15:00:00,6736,24,1181,GOLD,GOLD_LONG_LOGISTIC_BASE_PLUS_ML_T060,LONG,LOGISTIC,BASE_PLUS_ML,0.6,ATR_ONLY,2,5000,True,CONFIG_LOCAL_FALLBACK_MT5_UNAVAILABLE,1,1,1,0,100.0,inf,1.906324245621277,1.906324245621277,1.906324245621277,1.4834690221823985,0.0,0,5074.17345110912,0,0
4,2025-02-11 17:00:00,2026-04-27 12:00:00,2026-04-27 13:00:00,2026-04-28 13:00:00,2026-04-28 14:00:00,2026-07-14 15:00:00,6736,24,1181,GOLD,GOLD_LONG_LOGISTIC_BASE_PLUS_ML_T060,LONG,LOGISTIC,BASE_PLUS_ML,0.6,ATR_ONLY,5,100,False,CONFIG_LOCAL_FALLBACK_MT5_UNAVAILABLE,1,1,1,0,100.0,inf,1.7658106140531227,1.7658106140531227,1.7658106140531227,1.7658106140531231,0.0,0,101.76581061405312,0,0
4,2025-02-11 17:00:00,2026-04-27 12:00:00,2026-04-27 13:00:00,2026-04-28 13:00:00,2026-04-28 14:00:00,2026-07-14 15:00:00,6736,24,1181,GOLD,GOLD_LONG_LOGISTIC_BASE_PLUS_ML_T060,LONG,LOGISTIC,BASE_PLUS_ML,0.6,ATR_ONLY,5,100,True,CONFIG_LOCAL_FALLBACK_MT5_UNAVAILABLE,1,0,0,0,0.0,0.0,0.0,0.0,0.0,0.0,0.0,0,100.0,1,0
4,2025-02-11 17:00:00,2026-04-27 12:00:00,2026-04-27 13:00:00,2026-04-28 13:00:00,2026-04-28 14:00:00,2026-07-14 15:00:00,6736,24,1181,GOLD,GOLD_LONG_LOGISTIC_BASE_PLUS_ML_T060,LONG,LOGISTIC,BASE_PLUS_ML,0.6,ATR_ONLY,5,500,False,CONFIG_LOCAL_FALLBACK_MT5_UNAVAILABLE,1,1,1,0,100.0,inf,1.7658106140531227,1.7658106140531227,1.7658106140531227,1.7658106140531231,0.0,0,508.8290530702656,0,0
4,2025-02-11 17:00:00,2026-04-27 12:00:00,2026-04-27 13:00:00,2026-04-28 13:00:00,2026-04-28 14:00:00,2026-07-14 15:00:00,6736,24,1181,GOLD,GOLD_LONG_LOGISTIC_BASE_PLUS_ML_T060,LONG,LOGISTIC,BASE_PLUS_ML,0.6,ATR_ONLY,5,500,True,CONFIG_LOCAL_FALLBACK_MT5_UNAVAILABLE,1,0,0,0,0.0,0.0,0.0,0.0,0.0,0.0,0.0,0,500.0,1,0
4,2025-02-11 17:00:00,2026-04-27 12:00:00,2026-04-27 13:00:00,2026-04-28 13:00:00,2026-04-28 14:00:00,2026-07-14 15:00:00,6736,24,1181,GOLD,GOLD_LONG_LOGISTIC_BASE_PLUS_ML_T060,LONG,LOGISTIC,BASE_PLUS_ML,0.6,ATR_ONLY,5,1000,False,CONFIG_LOCAL_FALLBACK_MT5_UNAVAILABLE,1,1,1,0,100.0,inf,1.7658106140531227,1.7658106140531227,1.7658106140531227,1.7658106140531231,0.0,0,1017.6581061405312,0,0
4,2025-02-11 17:00:00,2026-04-27 12:00:00,2026-04-27 13:00:00,2026-04-28 13:00:00,2026-04-28 14:00:00,2026-07-14 15:00:00,6736,24,1181,GOLD,GOLD_LONG_LOGISTIC_BASE_PLUS_ML_T060,LONG,LOGISTIC,BASE_PLUS_ML,0.6,ATR_ONLY,5,1000,True,CONFIG_LOCAL_FALLBACK_MT5_UNAVAILABLE,1,0,0,0,0.0,0.0,0.0,0.0,0.0,0.0,0.0,0,1000.0,1,0
4,2025-02-11 17:00:00,2026-04-27 12:00:00,2026-04-27 13:00:00,2026-04-28 13:00:00,2026-04-28 14:00:00,2026-07-14 15:00:00,6736,24,1181,GOLD,GOLD_LONG_LOGISTIC_BASE_PLUS_ML_T060,LONG,LOGISTIC,BASE_PLUS_ML,0.6,ATR_ONLY,5,5000,False,CONFIG_LOCAL_FALLBACK_MT5_UNAVAILABLE,1,1,1,0,100.0,inf,1.7658106140531227,1.7658106140531227,1.7658106140531227,1.7658106140531162,0.0,0,5088.290530702656,0,0
4,2025-02-11 17:00:00,2026-04-27 12:00:00,2026-04-27 13:00:00,2026-04-28 13:00:00,2026-04-28 14:00:00,2026-07-14 15:00:00,6736,24,1181,GOLD,GOLD_LONG_LOGISTIC_BASE_PLUS_ML_T060,LONG,LOGISTIC,BASE_PLUS_ML,0.6,ATR_ONLY,5,5000,True,CONFIG_LOCAL_FALLBACK_MT5_UNAVAILABLE,1,1,1,0,100.0,inf,1.7658106140531227,1.7658106140531227,1.7658106140531227,1.3741237100695798,0.0,0,5068.706185503479,0,0
4,2025-02-11 17:00:00,2026-04-27 12:00:00,2026-04-27 13:00:00,2026-04-28 13:00:00,2026-04-28 14:00:00,2026-07-14 15:00:00,6736,24,1181,GOLD,GOLD_LONG_LOGISTIC_BASE_PLUS_ML_T060,LONG,LOGISTIC,BASE_PLUS_ML,0.6,SWING_ATR,0,100,False,CONFIG_LOCAL_FALLBACK_MT5_UNAVAILABLE,1,1,1,0,100.0,inf,1.064409717478075,1.064409717478075,1.064409717478075,1.0644097174780711,0.0,0,101.06440971747807,0,0
4,2025-02-11 17:00:00,2026-04-27 12:00:00,2026-04-27 13:00:00,2026-04-28 13:00:00,2026-04-28 14:00:00,2026-07-14 15:00:00,6736,24,1181,GOLD,GOLD_LONG_LOGISTIC_BASE_PLUS_ML_T060,LONG,LOGISTIC,BASE_PLUS_ML,0.6,SWING_ATR,0,100,True,CONFIG_LOCAL_FALLBACK_MT5_UNAVAILABLE,1,0,0,0,0.0,0.0,0.0,0.0,0.0,0.0,0.0,0,100.0,1,0
4,2025-02-11 17:00:00,2026-04-27 12:00:00,2026-04-27 13:00:00,2026-04-28 13:00:00,2026-04-28 14:00:00,2026-07-14 15:00:00,6736,24,1181,GOLD,GOLD_LONG_LOGISTIC_BASE_PLUS_ML_T060,LONG,LOGISTIC,BASE_PLUS_ML,0.6,SWING_ATR,0,500,False,CONFIG_LOCAL_FALLBACK_MT5_UNAVAILABLE,1,1,1,0,100.0,inf,1.064409717478075,1.064409717478075,1.064409717478075,1.0644097174780769,0.0,0,505.3220485873904,0,0
4,2025-02-11 17:00:00,2026-04-27 12:00:00,2026-04-27 13:00:00,2026-04-28 13:00:00,2026-04-28 14:00:00,2026-07-14 15:00:00,6736,24,1181,GOLD,GOLD_LONG_LOGISTIC_BASE_PLUS_ML_T060,LONG,LOGISTIC,BASE_PLUS_ML,0.6,SWING_ATR,0,500,True,CONFIG_LOCAL_FALLBACK_MT5_UNAVAILABLE,1,0,0,0,0.0,0.0,0.0,0.0,0.0,0.0,0.0,0,500.0,1,0
4,2025-02-11 17:00:00,2026-04-27 12:00:00,2026-04-27 13:00:00,2026-04-28 13:00:00,2026-04-28 14:00:00,2026-07-14 15:00:00,6736,24,1181,GOLD,GOLD_LONG_LOGISTIC_BASE_PLUS_ML_T060,LONG,LOGISTIC,BASE_PLUS_ML,0.6,SWING_ATR,0,1000,False,CONFIG_LOCAL_FALLBACK_MT5_UNAVAILABLE,1,1,1,0,100.0,inf,1.064409717478075,1.064409717478075,1.064409717478075,1.0644097174780769,0.0,0,1010.6440971747808,0,0
4,2025-02-11 17:00:00,2026-04-27 12:00:00,2026-04-27 13:00:00,2026-04-28 13:00:00,2026-04-28 14:00:00,2026-07-14 15:00:00,6736,24,1181,GOLD,GOLD_LONG_LOGISTIC_BASE_PLUS_ML_T060,LONG,LOGISTIC,BASE_PLUS_ML,0.6,SWING_ATR,0,1000,True,CONFIG_LOCAL_FALLBACK_MT5_UNAVAILABLE,1,0,0,0,0.0,0.0,0.0,0.0,0.0,0.0,0.0,0,1000.0,1,0
4,2025-02-11 17:00:00,2026-04-27 12:00:00,2026-04-27 13:00:00,2026-04-28 13:00:00,2026-04-28 14:00:00,2026-07-14 15:00:00,6736,24,1181,GOLD,GOLD_LONG_LOGISTIC_BASE_PLUS_ML_T060,LONG,LOGISTIC,BASE_PLUS_ML,0.6,SWING_ATR,0,5000,False,CONFIG_LOCAL_FALLBACK_MT5_UNAVAILABLE,1,1,1,0,100.0,inf,1.064409717478075,1.064409717478075,1.064409717478075,1.0644097174780836,0.0,0,5053.220485873904,0,0
4,2025-02-11 17:00:00,2026-04-27 12:00:00,2026-04-27 13:00:00,2026-04-28 13:00:00,2026-04-28 14:00:00,2026-07-14 15:00:00,6736,24,1181,GOLD,GOLD_LONG_LOGISTIC_BASE_PLUS_ML_T060,LONG,LOGISTIC,BASE_PLUS_ML,0.6,SWING_ATR,0,5000,True,CONFIG_LOCAL_FALLBACK_MT5_UNAVAILABLE,1,1,1,0,100.0,inf,1.064409717478075,1.064409717478075,1.064409717478075,0.7781829484621449,0.0,0,5038.909147423107,0,0
4,2025-02-11 17:00:00,2026-04-27 12:00:00,2026-04-27 13:00:00,2026-04-28 13:00:00,2026-04-28 14:00:00,2026-07-14 15:00:00,6736,24,1181,GOLD,GOLD_LONG_LOGISTIC_BASE_PLUS_ML_T060,LONG,LOGISTIC,BASE_PLUS_ML,0.6,SWING_ATR,1,100,False,CONFIG_LOCAL_FALLBACK_MT5_UNAVAILABLE,1,1,1,0,100.0,inf,1.0394823716648625,1.0394823716648625,1.0394823716648625,1.0394823716648602,0.0,0,101.03948237166486,0,0
4,2025-02-11 17:00:00,2026-04-27 12:00:00,2026-04-27 13:00:00,2026-04-28 13:00:00,2026-04-28 14:00:00,2026-07-14 15:00:00,6736,24,1181,GOLD,GOLD_LONG_LOGISTIC_BASE_PLUS_ML_T060,LONG,LOGISTIC,BASE_PLUS_ML,0.6,SWING_ATR,1,100,True,CONFIG_LOCAL_FALLBACK_MT5_UNAVAILABLE,1,0,0,0,0.0,0.0,0.0,0.0,0.0,0.0,0.0,0,100.0,1,0
4,2025-02-11 17:00:00,2026-04-27 12:00:00,2026-04-27 13:00:00,2026-04-28 13:00:00,2026-04-28 14:00:00,2026-07-14 15:00:00,6736,24,1181,GOLD,GOLD_LONG_LOGISTIC_BASE_PLUS_ML_T060,LONG,LOGISTIC,BASE_PLUS_ML,0.6,SWING_ATR,1,500,False,CONFIG_LOCAL_FALLBACK_MT5_UNAVAILABLE,1,1,1,0,100.0,inf,1.0394823716648625,1.0394823716648625,1.0394823716648625,1.0394823716648602,0.0,0,505.1974118583243,0,0
4,2025-02-11 17:00:00,2026-04-27 12:00:00,2026-04-27 13:00:00,2026-04-28 13:00:00,2026-04-28 14:00:00,2026-07-14 15:00:00,6736,24,1181,GOLD,GOLD_LONG_LOGISTIC_BASE_PLUS_ML_T060,LONG,LOGISTIC,BASE_PLUS_ML,0.6,SWING_ATR,1,500,True,CONFIG_LOCAL_FALLBACK_MT5_UNAVAILABLE,1,0,0,0,0.0,0.0,0.0,0.0,0.0,0.0,0.0,0,500.0,1,0
4,2025-02-11 17:00:00,2026-04-27 12:00:00,2026-04-27 13:00:00,2026-04-28 13:00:00,2026-04-28 14:00:00,2026-07-14 15:00:00,6736,24,1181,GOLD,GOLD_LONG_LOGISTIC_BASE_PLUS_ML_T060,LONG,LOGISTIC,BASE_PLUS_ML,0.6,SWING_ATR,1,1000,False,CONFIG_LOCAL_FALLBACK_MT5_UNAVAILABLE,1,1,1,0,100.0,inf,1.0394823716648625,1.0394823716648625,1.0394823716648625,1.0394823716648602,0.0,0,1010.3948237166486,0,0
4,2025-02-11 17:00:00,2026-04-27 12:00:00,2026-04-27 13:00:00,2026-04-28 13:00:00,2026-04-28 14:00:00,2026-07-14 15:00:00,6736,24,1181,GOLD,GOLD_LONG_LOGISTIC_BASE_PLUS_ML_T060,LONG,LOGISTIC,BASE_PLUS_ML,0.6,SWING_ATR,1,1000,True,CONFIG_LOCAL_FALLBACK_MT5_UNAVAILABLE,1,0,0,0,0.0,0.0,0.0,0.0,0.0,0.0,0.0,0,1000.0,1,0
4,2025-02-11 17:00:00,2026-04-27 12:00:00,2026-04-27 13:00:00,2026-04-28 13:00:00,2026-04-28 14:00:00,2026-07-14 15:00:00,6736,24,1181,GOLD,GOLD_LONG_LOGISTIC_BASE_PLUS_ML_T060,LONG,LOGISTIC,BASE_PLUS_ML,0.6,SWING_ATR,1,5000,False,CONFIG_LOCAL_FALLBACK_MT5_UNAVAILABLE,1,1,1,0,100.0,inf,1.0394823716648625,1.0394823716648625,1.0394823716648625,1.0394823716648536,0.0,0,5051.974118583243,0,0
4,2025-02-11 17:00:00,2026-04-27 12:00:00,2026-04-27 13:00:00,2026-04-28 13:00:00,2026-04-28 14:00:00,2026-07-14 15:00:00,6736,24,1181,GOLD,GOLD_LONG_LOGISTIC_BASE_PLUS_ML_T060,LONG,LOGISTIC,BASE_PLUS_ML,0.6,SWING_ATR,1,5000,True,CONFIG_LOCAL_FALLBACK_MT5_UNAVAILABLE,1,1,1,0,100.0,inf,1.0394823716648625,1.0394823716648625,1.0394823716648625,0.7599587297766812,0.0,0,5037.997936488834,0,0
4,2025-02-11 17:00:00,2026-04-27 12:00:00,2026-04-27 13:00:00,2026-04-28 13:00:00,2026-04-28 14:00:00,2026-07-14 15:00:00,6736,24,1181,GOLD,GOLD_LONG_LOGISTIC_BASE_PLUS_ML_T060,LONG,LOGISTIC,BASE_PLUS_ML,0.6,SWING_ATR,2,100,False,CONFIG_LOCAL_FALLBACK_MT5_UNAVAILABLE,1,1,1,0,100.0,inf,1.0145550258516502,1.0145550258516502,1.0145550258516502,1.0145550258516494,0.0,0,101.01455502585165,0,0
4,2025-02-11 17:00:00,2026-04-27 12:00:00,2026-04-27 13:00:00,2026-04-28 13:00:00,2026-04-28 14:00:00,2026-07-14 15:00:00,6736,24,1181,GOLD,GOLD_LONG_LOGISTIC_BASE_PLUS_ML_T060,LONG,LOGISTIC,BASE_PLUS_ML,0.6,SWING_ATR,2,100,True,CONFIG_LOCAL_FALLBACK_MT5_UNAVAILABLE,1,0,0,0,0.0,0.0,0.0,0.0,0.0,0.0,0.0,0,100.0,1,0
4,2025-02-11 17:00:00,2026-04-27 12:00:00,2026-04-27 13:00:00,2026-04-28 13:00:00,2026-04-28 14:00:00,2026-07-14 15:00:00,6736,24,1181,GOLD,GOLD_LONG_LOGISTIC_BASE_PLUS_ML_T060,LONG,LOGISTIC,BASE_PLUS_ML,0.6,SWING_ATR,2,500,False,CONFIG_LOCAL_FALLBACK_MT5_UNAVAILABLE,1,1,1,0,100.0,inf,1.0145550258516502,1.0145550258516502,1.0145550258516502,1.014555025851655,0.0,0,505.0727751292583,0,0
4,2025-02-11 17:00:00,2026-04-27 12:00:00,2026-04-27 13:00:00,2026-04-28 13:00:00,2026-04-28 14:00:00,2026-07-14 15:00:00,6736,24,1181,GOLD,GOLD_LONG_LOGISTIC_BASE_PLUS_ML_T060,LONG,LOGISTIC,BASE_PLUS_ML,0.6,SWING_ATR,2,500,True,CONFIG_LOCAL_FALLBACK_MT5_UNAVAILABLE,1,0,0,0,0.0,0.0,0.0,0.0,0.0,0.0,0.0,0,500.0,1,0
4,2025-02-11 17:00:00,2026-04-27 12:00:00,2026-04-27 13:00:00,2026-04-28 13:00:00,2026-04-28 14:00:00,2026-07-14 15:00:00,6736,24,1181,GOLD,GOLD_LONG_LOGISTIC_BASE_PLUS_ML_T060,LONG,LOGISTIC,BASE_PLUS_ML,0.6,SWING_ATR,2,1000,False,CONFIG_LOCAL_FALLBACK_MT5_UNAVAILABLE,1,1,1,0,100.0,inf,1.0145550258516502,1.0145550258516502,1.0145550258516502,1.014555025851655,0.0,0,1010.1455502585166,0,0
4,2025-02-11 17:00:00,2026-04-27 12:00:00,2026-04-27 13:00:00,2026-04-28 13:00:00,2026-04-28 14:00:00,2026-07-14 15:00:00,6736,24,1181,GOLD,GOLD_LONG_LOGISTIC_BASE_PLUS_ML_T060,LONG,LOGISTIC,BASE_PLUS_ML,0.6,SWING_ATR,2,1000,True,CONFIG_LOCAL_FALLBACK_MT5_UNAVAILABLE,1,0,0,0,0.0,0.0,0.0,0.0,0.0,0.0,0.0,0,1000.0,1,0
4,2025-02-11 17:00:00,2026-04-27 12:00:00,2026-04-27 13:00:00,2026-04-28 13:00:00,2026-04-28 14:00:00,2026-07-14 15:00:00,6736,24,1181,GOLD,GOLD_LONG_LOGISTIC_BASE_PLUS_ML_T060,LONG,LOGISTIC,BASE_PLUS_ML,0.6,SWING_ATR,2,5000,False,CONFIG_LOCAL_FALLBACK_MT5_UNAVAILABLE,1,1,1,0,100.0,inf,1.0145550258516502,1.0145550258516502,1.0145550258516502,1.0145550258516414,0.0,0,5050.727751292582,0,0
4,2025-02-11 17:00:00,2026-04-27 12:00:00,2026-04-27 13:00:00,2026-04-28 13:00:00,2026-04-28 14:00:00,2026-07-14 15:00:00,6736,24,1181,GOLD,GOLD_LONG_LOGISTIC_BASE_PLUS_ML_T060,LONG,LOGISTIC,BASE_PLUS_ML,0.6,SWING_ATR,2,5000,True,CONFIG_LOCAL_FALLBACK_MT5_UNAVAILABLE,1,1,1,0,100.0,inf,1.0145550258516502,1.0145550258516502,1.0145550258516502,0.7417345110911993,0.0,0,5037.08672555456,0,0
4,2025-02-11 17:00:00,2026-04-27 12:00:00,2026-04-27 13:00:00,2026-04-28 13:00:00,2026-04-28 14:00:00,2026-07-14 15:00:00,6736,24,1181,GOLD,GOLD_LONG_LOGISTIC_BASE_PLUS_ML_T060,LONG,LOGISTIC,BASE_PLUS_ML,0.6,SWING_ATR,5,100,False,CONFIG_LOCAL_FALLBACK_MT5_UNAVAILABLE,1,1,1,0,100.0,inf,0.9397729884120133,0.9397729884120133,0.9397729884120133,0.9397729884120166,0.0,0,100.93977298841202,0,0
4,2025-02-11 17:00:00,2026-04-27 12:00:00,2026-04-27 13:00:00,2026-04-28 13:00:00,2026-04-28 14:00:00,2026-07-14 15:00:00,6736,24,1181,GOLD,GOLD_LONG_LOGISTIC_BASE_PLUS_ML_T060,LONG,LOGISTIC,BASE_PLUS_ML,0.6,SWING_ATR,5,100,True,CONFIG_LOCAL_FALLBACK_MT5_UNAVAILABLE,1,0,0,0,0.0,0.0,0.0,0.0,0.0,0.0,0.0,0,100.0,1,0
4,2025-02-11 17:00:00,2026-04-27 12:00:00,2026-04-27 13:00:00,2026-04-28 13:00:00,2026-04-28 14:00:00,2026-07-14 15:00:00,6736,24,1181,GOLD,GOLD_LONG_LOGISTIC_BASE_PLUS_ML_T060,LONG,LOGISTIC,BASE_PLUS_ML,0.6,SWING_ATR,5,500,False,CONFIG_LOCAL_FALLBACK_MT5_UNAVAILABLE,1,1,1,0,100.0,inf,0.9397729884120133,0.9397729884120133,0.9397729884120133,0.9397729884120166,0.0,0,504.6988649420601,0,0
4,2025-02-11 17:00:00,2026-04-27 12:00:00,2026-04-27 13:00:00,2026-04-28 13:00:00,2026-04-28 14:00:00,2026-07-14 15:00:00,6736,24,1181,GOLD,GOLD_LONG_LOGISTIC_BASE_PLUS_ML_T060,LONG,LOGISTIC,BASE_PLUS_ML,0.6,SWING_ATR,5,500,True,CONFIG_LOCAL_FALLBACK_MT5_UNAVAILABLE,1,0,0,0,0.0,0.0,0.0,0.0,0.0,0.0,0.0,0,500.0,1,0
4,2025-02-11 17:00:00,2026-04-27 12:00:00,2026-04-27 13:00:00,2026-04-28 13:00:00,2026-04-28 14:00:00,2026-07-14 15:00:00,6736,24,1181,GOLD,GOLD_LONG_LOGISTIC_BASE_PLUS_ML_T060,LONG,LOGISTIC,BASE_PLUS_ML,0.6,SWING_ATR,5,1000,False,CONFIG_LOCAL_FALLBACK_MT5_UNAVAILABLE,1,1,1,0,100.0,inf,0.9397729884120133,0.9397729884120133,0.9397729884120133,0.9397729884120166,0.0,0,1009.3977298841202,0,0
4,2025-02-11 17:00:00,2026-04-27 12:00:00,2026-04-27 13:00:00,2026-04-28 13:00:00,2026-04-28 14:00:00,2026-07-14 15:00:00,6736,24,1181,GOLD,GOLD_LONG_LOGISTIC_BASE_PLUS_ML_T060,LONG,LOGISTIC,BASE_PLUS_ML,0.6,SWING_ATR,5,1000,True,CONFIG_LOCAL_FALLBACK_MT5_UNAVAILABLE,1,0,0,0,0.0,0.0,0.0,0.0,0.0,0.0,0.0,0,1000.0,1,0
4,2025-02-11 17:00:00,2026-04-27 12:00:00,2026-04-27 13:00:00,2026-04-28 13:00:00,2026-04-28 14:00:00,2026-07-14 15:00:00,6736,24,1181,GOLD,GOLD_LONG_LOGISTIC_BASE_PLUS_ML_T060,LONG,LOGISTIC,BASE_PLUS_ML,0.6,SWING_ATR,5,5000,False,CONFIG_LOCAL_FALLBACK_MT5_UNAVAILABLE,1,1,1,0,100.0,inf,0.9397729884120133,0.9397729884120133,0.9397729884120133,0.9397729884120054,0.0,0,5046.9886494206,0,0
4,2025-02-11 17:00:00,2026-04-27 12:00:00,2026-04-27 13:00:00,2026-04-28 13:00:00,2026-04-28 14:00:00,2026-07-14 15:00:00,6736,24,1181,GOLD,GOLD_LONG_LOGISTIC_BASE_PLUS_ML_T060,LONG,LOGISTIC,BASE_PLUS_ML,0.6,SWING_ATR,5,5000,True,CONFIG_LOCAL_FALLBACK_MT5_UNAVAILABLE,1,1,1,0,100.0,inf,0.9397729884120133,0.9397729884120133,0.9397729884120133,0.6870618550347899,0.0,0,5034.3530927517395,0,0
4,2025-02-11 17:00:00,2026-04-27 12:00:00,2026-04-27 13:00:00,2026-04-28 13:00:00,2026-04-28 14:00:00,2026-07-14 15:00:00,6736,24,1181,GOLD,GOLD_LONG_LOGISTIC_BASE_PLUS_ML_T060,LONG,LOGISTIC,BASE_PLUS_ML,0.6,SWING_ATR_RR,0,100,False,CONFIG_LOCAL_FALLBACK_MT5_UNAVAILABLE,1,1,1,0,100.0,inf,2.0,2.0,2.0,2.0,0.0,0,102.0,0,0
4,2025-02-11 17:00:00,2026-04-27 12:00:00,2026-04-27 13:00:00,2026-04-28 13:00:00,2026-04-28 14:00:00,2026-07-14 15:00:00,6736,24,1181,GOLD,GOLD_LONG_LOGISTIC_BASE_PLUS_ML_T060,LONG,LOGISTIC,BASE_PLUS_ML,0.6,SWING_ATR_RR,0,100,True,CONFIG_LOCAL_FALLBACK_MT5_UNAVAILABLE,1,0,0,0,0.0,0.0,0.0,0.0,0.0,0.0,0.0,0,100.0,1,0
4,2025-02-11 17:00:00,2026-04-27 12:00:00,2026-04-27 13:00:00,2026-04-28 13:00:00,2026-04-28 14:00:00,2026-07-14 15:00:00,6736,24,1181,GOLD,GOLD_LONG_LOGISTIC_BASE_PLUS_ML_T060,LONG,LOGISTIC,BASE_PLUS_ML,0.6,SWING_ATR_RR,0,500,False,CONFIG_LOCAL_FALLBACK_MT5_UNAVAILABLE,1,1,1,0,100.0,inf,2.0,2.0,2.0,2.0,0.0,0,510.0,0,0
4,2025-02-11 17:00:00,2026-04-27 12:00:00,2026-04-27 13:00:00,2026-04-28 13:00:00,2026-04-28 14:00:00,2026-07-14 15:00:00,6736,24,1181,GOLD,GOLD_LONG_LOGISTIC_BASE_PLUS_ML_T060,LONG,LOGISTIC,BASE_PLUS_ML,0.6,SWING_ATR_RR,0,500,True,CONFIG_LOCAL_FALLBACK_MT5_UNAVAILABLE,1,0,0,0,0.0,0.0,0.0,0.0,0.0,0.0,0.0,0,500.0,1,0
4,2025-02-11 17:00:00,2026-04-27 12:00:00,2026-04-27 13:00:00,2026-04-28 13:00:00,2026-04-28 14:00:00,2026-07-14 15:00:00,6736,24,1181,GOLD,GOLD_LONG_LOGISTIC_BASE_PLUS_ML_T060,LONG,LOGISTIC,BASE_PLUS_ML,0.6,SWING_ATR_RR,0,1000,False,CONFIG_LOCAL_FALLBACK_MT5_UNAVAILABLE,1,1,1,0,100.0,inf,2.0,2.0,2.0,2.0,0.0,0,1020.0,0,0
4,2025-02-11 17:00:00,2026-04-27 12:00:00,2026-04-27 13:00:00,2026-04-28 13:00:00,2026-04-28 14:00:00,2026-07-14 15:00:00,6736,24,1181,GOLD,GOLD_LONG_LOGISTIC_BASE_PLUS_ML_T060,LONG,LOGISTIC,BASE_PLUS_ML,0.6,SWING_ATR_RR,0,1000,True,CONFIG_LOCAL_FALLBACK_MT5_UNAVAILABLE,1,0,0,0,0.0,0.0,0.0,0.0,0.0,0.0,0.0,0,1000.0,1,0
4,2025-02-11 17:00:00,2026-04-27 12:00:00,2026-04-27 13:00:00,2026-04-28 13:00:00,2026-04-28 14:00:00,2026-07-14 15:00:00,6736,24,1181,GOLD,GOLD_LONG_LOGISTIC_BASE_PLUS_ML_T060,LONG,LOGISTIC,BASE_PLUS_ML,0.6,SWING_ATR_RR,0,5000,False,CONFIG_LOCAL_FALLBACK_MT5_UNAVAILABLE,1,1,1,0,100.0,inf,2.0,2.0,2.0,2.0,0.0,0,5100.0,0,0
4,2025-02-11 17:00:00,2026-04-27 12:00:00,2026-04-27 13:00:00,2026-04-28 13:00:00,2026-04-28 14:00:00,2026-07-14 15:00:00,6736,24,1181,GOLD,GOLD_LONG_LOGISTIC_BASE_PLUS_ML_T060,LONG,LOGISTIC,BASE_PLUS_ML,0.6,SWING_ATR_RR,0,5000,True,CONFIG_LOCAL_FALLBACK_MT5_UNAVAILABLE,1,1,1,0,100.0,inf,2.0,2.0,2.0,1.4621868547121266,0.0,0,5073.109342735606,0,0
4,2025-02-11 17:00:00,2026-04-27 12:00:00,2026-04-27 13:00:00,2026-04-28 13:00:00,2026-04-28 14:00:00,2026-07-14 15:00:00,6736,24,1181,GOLD,GOLD_LONG_LOGISTIC_BASE_PLUS_ML_T060,LONG,LOGISTIC,BASE_PLUS_ML,0.6,SWING_ATR_RR,1,100,False,CONFIG_LOCAL_FALLBACK_MT5_UNAVAILABLE,1,1,1,0,100.0,inf,1.9749790951585355,1.9749790951585355,1.9749790951585355,1.974979095158531,0.0,0,101.97497909515853,0,0
4,2025-02-11 17:00:00,2026-04-27 12:00:00,2026-04-27 13:00:00,2026-04-28 13:00:00,2026-04-28 14:00:00,2026-07-14 15:00:00,6736,24,1181,GOLD,GOLD_LONG_LOGISTIC_BASE_PLUS_ML_T060,LONG,LOGISTIC,BASE_PLUS_ML,0.6,SWING_ATR_RR,1,100,True,CONFIG_LOCAL_FALLBACK_MT5_UNAVAILABLE,1,0,0,0,0.0,0.0,0.0,0.0,0.0,0.0,0.0,0,100.0,1,0
4,2025-02-11 17:00:00,2026-04-27 12:00:00,2026-04-27 13:00:00,2026-04-28 13:00:00,2026-04-28 14:00:00,2026-07-14 15:00:00,6736,24,1181,GOLD,GOLD_LONG_LOGISTIC_BASE_PLUS_ML_T060,LONG,LOGISTIC,BASE_PLUS_ML,0.6,SWING_ATR_RR,1,500,False,CONFIG_LOCAL_FALLBACK_MT5_UNAVAILABLE,1,1,1,0,100.0,inf,1.9749790951585355,1.9749790951585355,1.9749790951585355,1.9749790951585398,0.0,0,509.8748954757927,0,0
4,2025-02-11 17:00:00,2026-04-27 12:00:00,2026-04-27 13:00:00,2026-04-28 13:00:00,2026-04-28 14:00:00,2026-07-14 15:00:00,6736,24,1181,GOLD,GOLD_LONG_LOGISTIC_BASE_PLUS_ML_T060,LONG,LOGISTIC,BASE_PLUS_ML,0.6,SWING_ATR_RR,1,500,True,CONFIG_LOCAL_FALLBACK_MT5_UNAVAILABLE,1,0,0,0,0.0,0.0,0.0,0.0,0.0,0.0,0.0,0,500.0,1,0
4,2025-02-11 17:00:00,2026-04-27 12:00:00,2026-04-27 13:00:00,2026-04-28 13:00:00,2026-04-28 14:00:00,2026-07-14 15:00:00,6736,24,1181,GOLD,GOLD_LONG_LOGISTIC_BASE_PLUS_ML_T060,LONG,LOGISTIC,BASE_PLUS_ML,0.6,SWING_ATR_RR,1,1000,False,CONFIG_LOCAL_FALLBACK_MT5_UNAVAILABLE,1,1,1,0,100.0,inf,1.9749790951585355,1.9749790951585355,1.9749790951585355,1.9749790951585398,0.0,0,1019.7497909515854,0,0
4,2025-02-11 17:00:00,2026-04-27 12:00:00,2026-04-27 13:00:00,2026-04-28 13:00:00,2026-04-28 14:00:00,2026-07-14 15:00:00,6736,24,1181,GOLD,GOLD_LONG_LOGISTIC_BASE_PLUS_ML_T060,LONG,LOGISTIC,BASE_PLUS_ML,0.6,SWING_ATR_RR,1,1000,True,CONFIG_LOCAL_FALLBACK_MT5_UNAVAILABLE,1,0,0,0,0.0,0.0,0.0,0.0,0.0,0.0,0.0,0,1000.0,1,0
4,2025-02-11 17:00:00,2026-04-27 12:00:00,2026-04-27 13:00:00,2026-04-28 13:00:00,2026-04-28 14:00:00,2026-07-14 15:00:00,6736,24,1181,GOLD,GOLD_LONG_LOGISTIC_BASE_PLUS_ML_T060,LONG,LOGISTIC,BASE_PLUS_ML,0.6,SWING_ATR_RR,1,5000,False,CONFIG_LOCAL_FALLBACK_MT5_UNAVAILABLE,1,1,1,0,100.0,inf,1.9749790951585355,1.9749790951585355,1.9749790951585355,1.9749790951585418,0.0,0,5098.748954757927,0,0
4,2025-02-11 17:00:00,2026-04-27 12:00:00,2026-04-27 13:00:00,2026-04-28 13:00:00,2026-04-28 14:00:00,2026-07-14 15:00:00,6736,24,1181,GOLD,GOLD_LONG_LOGISTIC_BASE_PLUS_ML_T060,LONG,LOGISTIC,BASE_PLUS_ML,0.6,SWING_ATR_RR,1,5000,True,CONFIG_LOCAL_FALLBACK_MT5_UNAVAILABLE,1,1,1,0,100.0,inf,1.9749790951585355,1.9749790951585355,1.9749790951585355,1.443894235636035,0.0,0,5072.194711781802,0,0
4,2025-02-11 17:00:00,2026-04-27 12:00:00,2026-04-27 13:00:00,2026-04-28 13:00:00,2026-04-28 14:00:00,2026-07-14 15:00:00,6736,24,1181,GOLD,GOLD_LONG_LOGISTIC_BASE_PLUS_ML_T060,LONG,LOGISTIC,BASE_PLUS_ML,0.6,SWING_ATR_RR,2,100,False,CONFIG_LOCAL_FALLBACK_MT5_UNAVAILABLE,1,1,1,0,100.0,inf,1.949958190317071,1.949958190317071,1.949958190317071,1.9499581903170762,0.0,0,101.94995819031708,0,0
4,2025-02-11 17:00:00,2026-04-27 12:00:00,2026-04-27 13:00:00,2026-04-28 13:00:00,2026-04-28 14:00:00,2026-07-14 15:00:00,6736,24,1181,GOLD,GOLD_LONG_LOGISTIC_BASE_PLUS_ML_T060,LONG,LOGISTIC,BASE_PLUS_ML,0.6,SWING_ATR_RR,2,100,True,CONFIG_LOCAL_FALLBACK_MT5_UNAVAILABLE,1,0,0,0,0.0,0.0,0.0,0.0,0.0,0.0,0.0,0,100.0,1,0
4,2025-02-11 17:00:00,2026-04-27 12:00:00,2026-04-27 13:00:00,2026-04-28 13:00:00,2026-04-28 14:00:00,2026-07-14 15:00:00,6736,24,1181,GOLD,GOLD_LONG_LOGISTIC_BASE_PLUS_ML_T060,LONG,LOGISTIC,BASE_PLUS_ML,0.6,SWING_ATR_RR,2,500,False,CONFIG_LOCAL_FALLBACK_MT5_UNAVAILABLE,1,1,1,0,100.0,inf,1.949958190317071,1.949958190317071,1.949958190317071,1.949958190317068,0.0,0,509.74979095158534,0,0
4,2025-02-11 17:00:00,2026-04-27 12:00:00,2026-04-27 13:00:00,2026-04-28 13:00:00,2026-04-28 14:00:00,2026-07-14 15:00:00,6736,24,1181,GOLD,GOLD_LONG_LOGISTIC_BASE_PLUS_ML_T060,LONG,LOGISTIC,BASE_PLUS_ML,0.6,SWING_ATR_RR,2,500,True,CONFIG_LOCAL_FALLBACK_MT5_UNAVAILABLE,1,0,0,0,0.0,0.0,0.0,0.0,0.0,0.0,0.0,0,500.0,1,0
4,2025-02-11 17:00:00,2026-04-27 12:00:00,2026-04-27 13:00:00,2026-04-28 13:00:00,2026-04-28 14:00:00,2026-07-14 15:00:00,6736,24,1181,GOLD,GOLD_LONG_LOGISTIC_BASE_PLUS_ML_T060,LONG,LOGISTIC,BASE_PLUS_ML,0.6,SWING_ATR_RR,2,1000,False,CONFIG_LOCAL_FALLBACK_MT5_UNAVAILABLE,1,1,1,0,100.0,inf,1.949958190317071,1.949958190317071,1.949958190317071,1.949958190317068,0.0,0,1019.4995819031707,0,0
4,2025-02-11 17:00:00,2026-04-27 12:00:00,2026-04-27 13:00:00,2026-04-28 13:00:00,2026-04-28 14:00:00,2026-07-14 15:00:00,6736,24,1181,GOLD,GOLD_LONG_LOGISTIC_BASE_PLUS_ML_T060,LONG,LOGISTIC,BASE_PLUS_ML,0.6,SWING_ATR_RR,2,1000,True,CONFIG_LOCAL_FALLBACK_MT5_UNAVAILABLE,1,0,0,0,0.0,0.0,0.0,0.0,0.0,0.0,0.0,0,1000.0,1,0
4,2025-02-11 17:00:00,2026-04-27 12:00:00,2026-04-27 13:00:00,2026-04-28 13:00:00,2026-04-28 14:00:00,2026-07-14 15:00:00,6736,24,1181,GOLD,GOLD_LONG_LOGISTIC_BASE_PLUS_ML_T060,LONG,LOGISTIC,BASE_PLUS_ML,0.6,SWING_ATR_RR,2,5000,False,CONFIG_LOCAL_FALLBACK_MT5_UNAVAILABLE,1,1,1,0,100.0,inf,1.949958190317071,1.949958190317071,1.949958190317071,1.9499581903170655,0.0,0,5097.497909515853,0,0
4,2025-02-11 17:00:00,2026-04-27 12:00:00,2026-04-27 13:00:00,2026-04-28 13:00:00,2026-04-28 14:00:00,2026-07-14 15:00:00,6736,24,1181,GOLD,GOLD_LONG_LOGISTIC_BASE_PLUS_ML_T060,LONG,LOGISTIC,BASE_PLUS_ML,0.6,SWING_ATR_RR,2,5000,True,CONFIG_LOCAL_FALLBACK_MT5_UNAVAILABLE,1,1,1,0,100.0,inf,1.949958190317071,1.949958190317071,1.949958190317071,1.425601616559943,0.0,0,5071.280080827997,0,0
4,2025-02-11 17:00:00,2026-04-27 12:00:00,2026-04-27 13:00:00,2026-04-28 13:00:00,2026-04-28 14:00:00,2026-07-14 15:00:00,6736,24,1181,GOLD,GOLD_LONG_LOGISTIC_BASE_PLUS_ML_T060,LONG,LOGISTIC,BASE_PLUS_ML,0.6,SWING_ATR_RR,5,100,False,CONFIG_LOCAL_FALLBACK_MT5_UNAVAILABLE,1,1,1,0,100.0,inf,1.8748954757926775,1.8748954757926775,1.8748954757926775,1.8748954757926837,0.0,0,101.87489547579268,0,0
4,2025-02-11 17:00:00,2026-04-27 12:00:00,2026-04-27 13:00:00,2026-04-28 13:00:00,2026-04-28 14:00:00,2026-07-14 15:00:00,6736,24,1181,GOLD,GOLD_LONG_LOGISTIC_BASE_PLUS_ML_T060,LONG,LOGISTIC,BASE_PLUS_ML,0.6,SWING_ATR_RR,5,100,True,CONFIG_LOCAL_FALLBACK_MT5_UNAVAILABLE,1,0,0,0,0.0,0.0,0.0,0.0,0.0,0.0,0.0,0,100.0,1,0
4,2025-02-11 17:00:00,2026-04-27 12:00:00,2026-04-27 13:00:00,2026-04-28 13:00:00,2026-04-28 14:00:00,2026-07-14 15:00:00,6736,24,1181,GOLD,GOLD_LONG_LOGISTIC_BASE_PLUS_ML_T060,LONG,LOGISTIC,BASE_PLUS_ML,0.6,SWING_ATR_RR,5,500,False,CONFIG_LOCAL_FALLBACK_MT5_UNAVAILABLE,1,1,1,0,100.0,inf,1.8748954757926775,1.8748954757926775,1.8748954757926775,1.8748954757926755,0.0,0,509.3744773789634,0,0
4,2025-02-11 17:00:00,2026-04-27 12:00:00,2026-04-27 13:00:00,2026-04-28 13:00:00,2026-04-28 14:00:00,2026-07-14 15:00:00,6736,24,1181,GOLD,GOLD_LONG_LOGISTIC_BASE_PLUS_ML_T060,LONG,LOGISTIC,BASE_PLUS_ML,0.6,SWING_ATR_RR,5,500,True,CONFIG_LOCAL_FALLBACK_MT5_UNAVAILABLE,1,0,0,0,0.0,0.0,0.0,0.0,0.0,0.0,0.0,0,500.0,1,0
4,2025-02-11 17:00:00,2026-04-27 12:00:00,2026-04-27 13:00:00,2026-04-28 13:00:00,2026-04-28 14:00:00,2026-07-14 15:00:00,6736,24,1181,GOLD,GOLD_LONG_LOGISTIC_BASE_PLUS_ML_T060,LONG,LOGISTIC,BASE_PLUS_ML,0.6,SWING_ATR_RR,5,1000,False,CONFIG_LOCAL_FALLBACK_MT5_UNAVAILABLE,1,1,1,0,100.0,inf,1.8748954757926775,1.8748954757926775,1.8748954757926775,1.8748954757926755,0.0,0,1018.7489547579268,0,0
4,2025-02-11 17:00:00,2026-04-27 12:00:00,2026-04-27 13:00:00,2026-04-28 13:00:00,2026-04-28 14:00:00,2026-07-14 15:00:00,6736,24,1181,GOLD,GOLD_LONG_LOGISTIC_BASE_PLUS_ML_T060,LONG,LOGISTIC,BASE_PLUS_ML,0.6,SWING_ATR_RR,5,1000,True,CONFIG_LOCAL_FALLBACK_MT5_UNAVAILABLE,1,0,0,0,0.0,0.0,0.0,0.0,0.0,0.0,0.0,0,1000.0,1,0
4,2025-02-11 17:00:00,2026-04-27 12:00:00,2026-04-27 13:00:00,2026-04-28 13:00:00,2026-04-28 14:00:00,2026-07-14 15:00:00,6736,24,1181,GOLD,GOLD_LONG_LOGISTIC_BASE_PLUS_ML_T060,LONG,LOGISTIC,BASE_PLUS_ML,0.6,SWING_ATR_RR,5,5000,False,CONFIG_LOCAL_FALLBACK_MT5_UNAVAILABLE,1,1,1,0,100.0,inf,1.8748954757926775,1.8748954757926775,1.8748954757926775,1.874895475792673,0.0,0,5093.744773789634,0,0
4,2025-02-11 17:00:00,2026-04-27 12:00:00,2026-04-27 13:00:00,2026-04-28 13:00:00,2026-04-28 14:00:00,2026-07-14 15:00:00,6736,24,1181,GOLD,GOLD_LONG_LOGISTIC_BASE_PLUS_ML_T060,LONG,LOGISTIC,BASE_PLUS_ML,0.6,SWING_ATR_RR,5,5000,True,CONFIG_LOCAL_FALLBACK_MT5_UNAVAILABLE,1,1,1,0,100.0,inf,1.8748954757926775,1.8748954757926775,1.8748954757926775,1.3707237593316495,0.0,0,5068.5361879665825,0,0
4,2025-02-11 17:00:00,2026-04-27 12:00:00,2026-04-27 13:00:00,2026-04-28 13:00:00,2026-04-28 14:00:00,2026-07-14 15:00:00,6736,24,1181,GOLD,GOLD_LONG_LOGISTIC_BASE_PLUS_ML_T060,LONG,LOGISTIC,BASE_PLUS_ML,0.6,SWING_STRUCTURAL_TARGET,0,100,False,CONFIG_LOCAL_FALLBACK_MT5_UNAVAILABLE,1,1,1,0,100.0,inf,0.2872409901966251,0.2872409901966251,0.2872409901966251,0.2872409901966222,0.0,0,100.28724099019662,0,0
4,2025-02-11 17:00:00,2026-04-27 12:00:00,2026-04-27 13:00:00,2026-04-28 13:00:00,2026-04-28 14:00:00,2026-07-14 15:00:00,6736,24,1181,GOLD,GOLD_LONG_LOGISTIC_BASE_PLUS_ML_T060,LONG,LOGISTIC,BASE_PLUS_ML,0.6,SWING_STRUCTURAL_TARGET,0,100,True,CONFIG_LOCAL_FALLBACK_MT5_UNAVAILABLE,1,0,0,0,0.0,0.0,0.0,0.0,0.0,0.0,0.0,0,100.0,1,0
4,2025-02-11 17:00:00,2026-04-27 12:00:00,2026-04-27 13:00:00,2026-04-28 13:00:00,2026-04-28 14:00:00,2026-07-14 15:00:00,6736,24,1181,GOLD,GOLD_LONG_LOGISTIC_BASE_PLUS_ML_T060,LONG,LOGISTIC,BASE_PLUS_ML,0.6,SWING_STRUCTURAL_TARGET,0,500,False,CONFIG_LOCAL_FALLBACK_MT5_UNAVAILABLE,1,1,1,0,100.0,inf,0.2872409901966251,0.2872409901966251,0.2872409901966251,0.2872409901966307,0.0,0,501.43620495098315,0,0
4,2025-02-11 17:00:00,2026-04-27 12:00:00,2026-04-27 13:00:00,2026-04-28 13:00:00,2026-04-28 14:00:00,2026-07-14 15:00:00,6736,24,1181,GOLD,GOLD_LONG_LOGISTIC_BASE_PLUS_ML_T060,LONG,LOGISTIC,BASE_PLUS_ML,0.6,SWING_STRUCTURAL_TARGET,0,500,True,CONFIG_LOCAL_FALLBACK_MT5_UNAVAILABLE,1,0,0,0,0.0,0.0,0.0,0.0,0.0,0.0,0.0,0,500.0,1,0
4,2025-02-11 17:00:00,2026-04-27 12:00:00,2026-04-27 13:00:00,2026-04-28 13:00:00,2026-04-28 14:00:00,2026-07-14 15:00:00,6736,24,1181,GOLD,GOLD_LONG_LOGISTIC_BASE_PLUS_ML_T060,LONG,LOGISTIC,BASE_PLUS_ML,0.6,SWING_STRUCTURAL_TARGET,0,1000,False,CONFIG_LOCAL_FALLBACK_MT5_UNAVAILABLE,1,1,1,0,100.0,inf,0.2872409901966251,0.2872409901966251,0.2872409901966251,0.2872409901966307,0.0,0,1002.8724099019663,0,0
4,2025-02-11 17:00:00,2026-04-27 12:00:00,2026-04-27 13:00:00,2026-04-28 13:00:00,2026-04-28 14:00:00,2026-07-14 15:00:00,6736,24,1181,GOLD,GOLD_LONG_LOGISTIC_BASE_PLUS_ML_T060,LONG,LOGISTIC,BASE_PLUS_ML,0.6,SWING_STRUCTURAL_TARGET,0,1000,True,CONFIG_LOCAL_FALLBACK_MT5_UNAVAILABLE,1,0,0,0,0.0,0.0,0.0,0.0,0.0,0.0,0.0,0,1000.0,1,0
4,2025-02-11 17:00:00,2026-04-27 12:00:00,2026-04-27 13:00:00,2026-04-28 13:00:00,2026-04-28 14:00:00,2026-07-14 15:00:00,6736,24,1181,GOLD,GOLD_LONG_LOGISTIC_BASE_PLUS_ML_T060,LONG,LOGISTIC,BASE_PLUS_ML,0.6,SWING_STRUCTURAL_TARGET,0,5000,False,CONFIG_LOCAL_FALLBACK_MT5_UNAVAILABLE,1,1,1,0,100.0,inf,0.2872409901966251,0.2872409901966251,0.2872409901966251,0.2872409901966239,0.0,0,5014.362049509831,0,0
4,2025-02-11 17:00:00,2026-04-27 12:00:00,2026-04-27 13:00:00,2026-04-28 13:00:00,2026-04-28 14:00:00,2026-07-14 15:00:00,6736,24,1181,GOLD,GOLD_LONG_LOGISTIC_BASE_PLUS_ML_T060,LONG,LOGISTIC,BASE_PLUS_ML,0.6,SWING_STRUCTURAL_TARGET,0,5000,True,CONFIG_LOCAL_FALLBACK_MT5_UNAVAILABLE,1,1,1,0,100.0,inf,0.2872409901966251,0.2872409901966251,0.2872409901966251,0.21,0.0,0,5010.5,0,0
4,2025-02-11 17:00:00,2026-04-27 12:00:00,2026-04-27 13:00:00,2026-04-28 13:00:00,2026-04-28 14:00:00,2026-07-14 15:00:00,6736,24,1181,GOLD,GOLD_LONG_LOGISTIC_BASE_PLUS_ML_T060,LONG,LOGISTIC,BASE_PLUS_ML,0.6,SWING_STRUCTURAL_TARGET,1,100,False,CONFIG_LOCAL_FALLBACK_MT5_UNAVAILABLE,1,1,1,0,100.0,inf,0.2623913612561409,0.2623913612561409,0.2623913612561409,0.26239136125613527,0.0,0,100.26239136125614,0,0
4,2025-02-11 17:00:00,2026-04-27 12:00:00,2026-04-27 13:00:00,2026-04-28 13:00:00,2026-04-28 14:00:00,2026-07-14 15:00:00,6736,24,1181,GOLD,GOLD_LONG_LOGISTIC_BASE_PLUS_ML_T060,LONG,LOGISTIC,BASE_PLUS_ML,0.6,SWING_STRUCTURAL_TARGET,1,100,True,CONFIG_LOCAL_FALLBACK_MT5_UNAVAILABLE,1,0,0,0,0.0,0.0,0.0,0.0,0.0,0.0,0.0,0,100.0,1,0
4,2025-02-11 17:00:00,2026-04-27 12:00:00,2026-04-27 13:00:00,2026-04-28 13:00:00,2026-04-28 14:00:00,2026-07-14 15:00:00,6736,24,1181,GOLD,GOLD_LONG_LOGISTIC_BASE_PLUS_ML_T060,LONG,LOGISTIC,BASE_PLUS_ML,0.6,SWING_STRUCTURAL_TARGET,1,500,False,CONFIG_LOCAL_FALLBACK_MT5_UNAVAILABLE,1,1,1,0,100.0,inf,0.2623913612561409,0.2623913612561409,0.2623913612561409,0.26239136125614093,0.0,0,501.3119568062807,0,0
4,2025-02-11 17:00:00,2026-04-27 12:00:00,2026-04-27 13:00:00,2026-04-28 13:00:00,2026-04-28 14:00:00,2026-07-14 15:00:00,6736,24,1181,GOLD,GOLD_LONG_LOGISTIC_BASE_PLUS_ML_T060,LONG,LOGISTIC,BASE_PLUS_ML,0.6,SWING_STRUCTURAL_TARGET,1,500,True,CONFIG_LOCAL_FALLBACK_MT5_UNAVAILABLE,1,0,0,0,0.0,0.0,0.0,0.0,0.0,0.0,0.0,0,500.0,1,0
4,2025-02-11 17:00:00,2026-04-27 12:00:00,2026-04-27 13:00:00,2026-04-28 13:00:00,2026-04-28 14:00:00,2026-07-14 15:00:00,6736,24,1181,GOLD,GOLD_LONG_LOGISTIC_BASE_PLUS_ML_T060,LONG,LOGISTIC,BASE_PLUS_ML,0.6,SWING_STRUCTURAL_TARGET,1,1000,False,CONFIG_LOCAL_FALLBACK_MT5_UNAVAILABLE,1,1,1,0,100.0,inf,0.2623913612561409,0.2623913612561409,0.2623913612561409,0.26239136125614093,0.0,0,1002.6239136125614,0,0
4,2025-02-11 17:00:00,2026-04-27 12:00:00,2026-04-27 13:00:00,2026-04-28 13:00:00,2026-04-28 14:00:00,2026-07-14 15:00:00,6736,24,1181,GOLD,GOLD_LONG_LOGISTIC_BASE_PLUS_ML_T060,LONG,LOGISTIC,BASE_PLUS_ML,0.6,SWING_STRUCTURAL_TARGET,1,1000,True,CONFIG_LOCAL_FALLBACK_MT5_UNAVAILABLE,1,0,0,0,0.0,0.0,0.0,0.0,0.0,0.0,0.0,0,1000.0,1,0
4,2025-02-11 17:00:00,2026-04-27 12:00:00,2026-04-27 13:00:00,2026-04-28 13:00:00,2026-04-28 14:00:00,2026-07-14 15:00:00,6736,24,1181,GOLD,GOLD_LONG_LOGISTIC_BASE_PLUS_ML_T060,LONG,LOGISTIC,BASE_PLUS_ML,0.6,SWING_STRUCTURAL_TARGET,1,5000,False,CONFIG_LOCAL_FALLBACK_MT5_UNAVAILABLE,1,1,1,0,100.0,inf,0.2623913612561409,0.2623913612561409,0.2623913612561409,0.26239136125614093,0.0,0,5013.119568062807,0,0
4,2025-02-11 17:00:00,2026-04-27 12:00:00,2026-04-27 13:00:00,2026-04-28 13:00:00,2026-04-28 14:00:00,2026-07-14 15:00:00,6736,24,1181,GOLD,GOLD_LONG_LOGISTIC_BASE_PLUS_ML_T060,LONG,LOGISTIC,BASE_PLUS_ML,0.6,SWING_STRUCTURAL_TARGET,1,5000,True,CONFIG_LOCAL_FALLBACK_MT5_UNAVAILABLE,1,1,1,0,100.0,inf,0.2623913612561409,0.2623913612561409,0.2623913612561409,0.19183259960936994,0.0,0,5009.5916299804685,0,0
4,2025-02-11 17:00:00,2026-04-27 12:00:00,2026-04-27 13:00:00,2026-04-28 13:00:00,2026-04-28 14:00:00,2026-07-14 15:00:00,6736,24,1181,GOLD,GOLD_LONG_LOGISTIC_BASE_PLUS_ML_T060,LONG,LOGISTIC,BASE_PLUS_ML,0.6,SWING_STRUCTURAL_TARGET,2,100,False,CONFIG_LOCAL_FALLBACK_MT5_UNAVAILABLE,1,1,1,0,100.0,inf,0.23754173231565673,0.23754173231565673,0.23754173231565673,0.23754173231566256,0.0,0,100.23754173231566,0,0
4,2025-02-11 17:00:00,2026-04-27 12:00:00,2026-04-27 13:00:00,2026-04-28 13:00:00,2026-04-28 14:00:00,2026-07-14 15:00:00,6736,24,1181,GOLD,GOLD_LONG_LOGISTIC_BASE_PLUS_ML_T060,LONG,LOGISTIC,BASE_PLUS_ML,0.6,SWING_STRUCTURAL_TARGET,2,100,True,CONFIG_LOCAL_FALLBACK_MT5_UNAVAILABLE,1,0,0,0,0.0,0.0,0.0,0.0,0.0,0.0,0.0,0,100.0,1,0
4,2025-02-11 17:00:00,2026-04-27 12:00:00,2026-04-27 13:00:00,2026-04-28 13:00:00,2026-04-28 14:00:00,2026-07-14 15:00:00,6736,24,1181,GOLD,GOLD_LONG_LOGISTIC_BASE_PLUS_ML_T060,LONG,LOGISTIC,BASE_PLUS_ML,0.6,SWING_STRUCTURAL_TARGET,2,500,False,CONFIG_LOCAL_FALLBACK_MT5_UNAVAILABLE,1,1,1,0,100.0,inf,0.23754173231565673,0.23754173231565673,0.23754173231565673,0.23754173231565118,0.0,0,501.18770866157826,0,0
4,2025-02-11 17:00:00,2026-04-27 12:00:00,2026-04-27 13:00:00,2026-04-28 13:00:00,2026-04-28 14:00:00,2026-07-14 15:00:00,6736,24,1181,GOLD,GOLD_LONG_LOGISTIC_BASE_PLUS_ML_T060,LONG,LOGISTIC,BASE_PLUS_ML,0.6,SWING_STRUCTURAL_TARGET,2,500,True,CONFIG_LOCAL_FALLBACK_MT5_UNAVAILABLE,1,0,0,0,0.0,0.0,0.0,0.0,0.0,0.0,0.0,0,500.0,1,0
4,2025-02-11 17:00:00,2026-04-27 12:00:00,2026-04-27 13:00:00,2026-04-28 13:00:00,2026-04-28 14:00:00,2026-07-14 15:00:00,6736,24,1181,GOLD,GOLD_LONG_LOGISTIC_BASE_PLUS_ML_T060,LONG,LOGISTIC,BASE_PLUS_ML,0.6,SWING_STRUCTURAL_TARGET,2,1000,False,CONFIG_LOCAL_FALLBACK_MT5_UNAVAILABLE,1,1,1,0,100.0,inf,0.23754173231565673,0.23754173231565673,0.23754173231565673,0.23754173231565118,0.0,0,1002.3754173231565,0,0
4,2025-02-11 17:00:00,2026-04-27 12:00:00,2026-04-27 13:00:00,2026-04-28 13:00:00,2026-04-28 14:00:00,2026-07-14 15:00:00,6736,24,1181,GOLD,GOLD_LONG_LOGISTIC_BASE_PLUS_ML_T060,LONG,LOGISTIC,BASE_PLUS_ML,0.6,SWING_STRUCTURAL_TARGET,2,1000,True,CONFIG_LOCAL_FALLBACK_MT5_UNAVAILABLE,1,0,0,0,0.0,0.0,0.0,0.0,0.0,0.0,0.0,0,1000.0,1,0
4,2025-02-11 17:00:00,2026-04-27 12:00:00,2026-04-27 13:00:00,2026-04-28 13:00:00,2026-04-28 14:00:00,2026-07-14 15:00:00,6736,24,1181,GOLD,GOLD_LONG_LOGISTIC_BASE_PLUS_ML_T060,LONG,LOGISTIC,BASE_PLUS_ML,0.6,SWING_STRUCTURAL_TARGET,2,5000,False,CONFIG_LOCAL_FALLBACK_MT5_UNAVAILABLE,1,1,1,0,100.0,inf,0.23754173231565673,0.23754173231565673,0.23754173231565673,0.237541732315658,0.0,0,5011.877086615783,0,0
4,2025-02-11 17:00:00,2026-04-27 12:00:00,2026-04-27 13:00:00,2026-04-28 13:00:00,2026-04-28 14:00:00,2026-07-14 15:00:00,6736,24,1181,GOLD,GOLD_LONG_LOGISTIC_BASE_PLUS_ML_T060,LONG,LOGISTIC,BASE_PLUS_ML,0.6,SWING_STRUCTURAL_TARGET,2,5000,True,CONFIG_LOCAL_FALLBACK_MT5_UNAVAILABLE,1,1,1,0,100.0,inf,0.23754173231565673,0.23754173231565673,0.23754173231565673,0.17366519921875806,0.0,0,5008.683259960938,0,0
4,2025-02-11 17:00:00,2026-04-27 12:00:00,2026-04-27 13:00:00,2026-04-28 13:00:00,2026-04-28 14:00:00,2026-07-14 15:00:00,6736,24,1181,GOLD,GOLD_LONG_LOGISTIC_BASE_PLUS_ML_T060,LONG,LOGISTIC,BASE_PLUS_ML,0.6,SWING_STRUCTURAL_TARGET,5,100,False,CONFIG_LOCAL_FALLBACK_MT5_UNAVAILABLE,1,1,1,0,100.0,inf,0.16299284549420417,0.16299284549420417,0.16299284549420417,0.1629928454942018,0.0,0,100.1629928454942,0,0
4,2025-02-11 17:00:00,2026-04-27 12:00:00,2026-04-27 13:00:00,2026-04-28 13:00:00,2026-04-28 14:00:00,2026-07-14 15:00:00,6736,24,1181,GOLD,GOLD_LONG_LOGISTIC_BASE_PLUS_ML_T060,LONG,LOGISTIC,BASE_PLUS_ML,0.6,SWING_STRUCTURAL_TARGET,5,100,True,CONFIG_LOCAL_FALLBACK_MT5_UNAVAILABLE,1,0,0,0,0.0,0.0,0.0,0.0,0.0,0.0,0.0,0,100.0,1,0
4,2025-02-11 17:00:00,2026-04-27 12:00:00,2026-04-27 13:00:00,2026-04-28 13:00:00,2026-04-28 14:00:00,2026-07-14 15:00:00,6736,24,1181,GOLD,GOLD_LONG_LOGISTIC_BASE_PLUS_ML_T060,LONG,LOGISTIC,BASE_PLUS_ML,0.6,SWING_STRUCTURAL_TARGET,5,500,False,CONFIG_LOCAL_FALLBACK_MT5_UNAVAILABLE,1,1,1,0,100.0,inf,0.16299284549420417,0.16299284549420417,0.16299284549420417,0.16299284549420465,0.0,0,500.814964227471,0,0
4,2025-02-11 17:00:00,2026-04-27 12:00:00,2026-04-27 13:00:00,2026-04-28 13:00:00,2026-04-28 14:00:00,2026-07-14 15:00:00,6736,24,1181,GOLD,GOLD_LONG_LOGISTIC_BASE_PLUS_ML_T060,LONG,LOGISTIC,BASE_PLUS_ML,0.6,SWING_STRUCTURAL_TARGET,5,500,True,CONFIG_LOCAL_FALLBACK_MT5_UNAVAILABLE,1,0,0,0,0.0,0.0,0.0,0.0,0.0,0.0,0.0,0,500.0,1,0
4,2025-02-11 17:00:00,2026-04-27 12:00:00,2026-04-27 13:00:00,2026-04-28 13:00:00,2026-04-28 14:00:00,2026-07-14 15:00:00,6736,24,1181,GOLD,GOLD_LONG_LOGISTIC_BASE_PLUS_ML_T060,LONG,LOGISTIC,BASE_PLUS_ML,0.6,SWING_STRUCTURAL_TARGET,5,1000,False,CONFIG_LOCAL_FALLBACK_MT5_UNAVAILABLE,1,1,1,0,100.0,inf,0.16299284549420417,0.16299284549420417,0.16299284549420417,0.16299284549420465,0.0,0,1001.629928454942,0,0
4,2025-02-11 17:00:00,2026-04-27 12:00:00,2026-04-27 13:00:00,2026-04-28 13:00:00,2026-04-28 14:00:00,2026-07-14 15:00:00,6736,24,1181,GOLD,GOLD_LONG_LOGISTIC_BASE_PLUS_ML_T060,LONG,LOGISTIC,BASE_PLUS_ML,0.6,SWING_STRUCTURAL_TARGET,5,1000,True,CONFIG_LOCAL_FALLBACK_MT5_UNAVAILABLE,1,0,0,0,0.0,0.0,0.0,0.0,0.0,0.0,0.0,0,1000.0,1,0
4,2025-02-11 17:00:00,2026-04-27 12:00:00,2026-04-27 13:00:00,2026-04-28 13:00:00,2026-04-28 14:00:00,2026-07-14 15:00:00,6736,24,1181,GOLD,GOLD_LONG_LOGISTIC_BASE_PLUS_ML_T060,LONG,LOGISTIC,BASE_PLUS_ML,0.6,SWING_STRUCTURAL_TARGET,5,5000,False,CONFIG_LOCAL_FALLBACK_MT5_UNAVAILABLE,1,1,1,0,100.0,inf,0.16299284549420417,0.16299284549420417,0.16299284549420417,0.16299284549420917,0.0,0,5008.1496422747105,0,0
4,2025-02-11 17:00:00,2026-04-27 12:00:00,2026-04-27 13:00:00,2026-04-28 13:00:00,2026-04-28 14:00:00,2026-07-14 15:00:00,6736,24,1181,GOLD,GOLD_LONG_LOGISTIC_BASE_PLUS_ML_T060,LONG,LOGISTIC,BASE_PLUS_ML,0.6,SWING_STRUCTURAL_TARGET,5,5000,True,CONFIG_LOCAL_FALLBACK_MT5_UNAVAILABLE,1,1,1,0,100.0,inf,0.16299284549420417,0.16299284549420417,0.16299284549420417,0.11916299804686788,0.0,0,5005.958149902343,0,0
5,2025-02-11 17:00:00,2026-07-13 14:00:00,2026-07-13 15:00:00,2026-07-14 15:00:00,2026-07-14 16:00:00,2026-09-25 13:00:00,7917,24,1183,GOLD,GOLD_LONG_LOGISTIC_BASE_PLUS_ML_T060,LONG,LOGISTIC,BASE_PLUS_ML,0.6,ATR_ONLY,0,100,False,CONFIG_LOCAL_FALLBACK_MT5_UNAVAILABLE,3,3,0,3,0.0,0.0,-1.0,-1.0,-3.0,-2.970099999999988,2.970099999999988,3,97.02990000000001,0,0
5,2025-02-11 17:00:00,2026-07-13 14:00:00,2026-07-13 15:00:00,2026-07-14 15:00:00,2026-07-14 16:00:00,2026-09-25 13:00:00,7917,24,1183,GOLD,GOLD_LONG_LOGISTIC_BASE_PLUS_ML_T060,LONG,LOGISTIC,BASE_PLUS_ML,0.6,ATR_ONLY,0,100,True,CONFIG_LOCAL_FALLBACK_MT5_UNAVAILABLE,3,0,0,0,0.0,0.0,0.0,0.0,0.0,0.0,0.0,0,100.0,3,0
5,2025-02-11 17:00:00,2026-07-13 14:00:00,2026-07-13 15:00:00,2026-07-14 15:00:00,2026-07-14 16:00:00,2026-09-25 13:00:00,7917,24,1183,GOLD,GOLD_LONG_LOGISTIC_BASE_PLUS_ML_T060,LONG,LOGISTIC,BASE_PLUS_ML,0.6,ATR_ONLY,0,500,False,CONFIG_LOCAL_FALLBACK_MT5_UNAVAILABLE,3,3,0,3,0.0,0.0,-1.0,-1.0,-3.0,-2.970100000000002,2.970100000000002,3,485.1495,0,0
5,2025-02-11 17:00:00,2026-07-13 14:00:00,2026-07-13 15:00:00,2026-07-14 15:00:00,2026-07-14 16:00:00,2026-09-25 13:00:00,7917,24,1183,GOLD,GOLD_LONG_LOGISTIC_BASE_PLUS_ML_T060,LONG,LOGISTIC,BASE_PLUS_ML,0.6,ATR_ONLY,0,500,True,CONFIG_LOCAL_FALLBACK_MT5_UNAVAILABLE,3,0,0,0,0.0,0.0,0.0,0.0,0.0,0.0,0.0,0,500.0,3,0
5,2025-02-11 17:00:00,2026-07-13 14:00:00,2026-07-13 15:00:00,2026-07-14 15:00:00,2026-07-14 16:00:00,2026-09-25 13:00:00,7917,24,1183,GOLD,GOLD_LONG_LOGISTIC_BASE_PLUS_ML_T060,LONG,LOGISTIC,BASE_PLUS_ML,0.6,ATR_ONLY,0,1000,False,CONFIG_LOCAL_FALLBACK_MT5_UNAVAILABLE,3,3,0,3,0.0,0.0,-1.0,-1.0,-3.0,-2.970100000000002,2.970100000000002,3,970.299,0,0
5,2025-02-11 17:00:00,2026-07-13 14:00:00,2026-07-13 15:00:00,2026-07-14 15:00:00,2026-07-14 16:00:00,2026-09-25 13:00:00,7917,24,1183,GOLD,GOLD_LONG_LOGISTIC_BASE_PLUS_ML_T060,LONG,LOGISTIC,BASE_PLUS_ML,0.6,ATR_ONLY,0,1000,True,CONFIG_LOCAL_FALLBACK_MT5_UNAVAILABLE,3,0,0,0,0.0,0.0,0.0,0.0,0.0,0.0,0.0,0,1000.0,3,0
5,2025-02-11 17:00:00,2026-07-13 14:00:00,2026-07-13 15:00:00,2026-07-14 15:00:00,2026-07-14 16:00:00,2026-09-25 13:00:00,7917,24,1183,GOLD,GOLD_LONG_LOGISTIC_BASE_PLUS_ML_T060,LONG,LOGISTIC,BASE_PLUS_ML,0.6,ATR_ONLY,0,5000,False,CONFIG_LOCAL_FALLBACK_MT5_UNAVAILABLE,3,3,0,3,0.0,0.0,-1.0,-1.0,-3.0,-2.970100000000002,2.970100000000002,3,4851.495,0,0
5,2025-02-11 17:00:00,2026-07-13 14:00:00,2026-07-13 15:00:00,2026-07-14 15:00:00,2026-07-14 16:00:00,2026-09-25 13:00:00,7917,24,1183,GOLD,GOLD_LONG_LOGISTIC_BASE_PLUS_ML_T060,LONG,LOGISTIC,BASE_PLUS_ML,0.6,ATR_ONLY,0,5000,True,CONFIG_LOCAL_FALLBACK_MT5_UNAVAILABLE,3,3,0,3,0.0,0.0,-1.0,-1.0,-3.0,-2.6778392303272267,2.6778392303272267,3,4866.108038483639,0,0
5,2025-02-11 17:00:00,2026-07-13 14:00:00,2026-07-13 15:00:00,2026-07-14 15:00:00,2026-07-14 16:00:00,2026-09-25 13:00:00,7917,24,1183,GOLD,GOLD_LONG_LOGISTIC_BASE_PLUS_ML_T060,LONG,LOGISTIC,BASE_PLUS_ML,0.6,ATR_ONLY,1,100,False,CONFIG_LOCAL_FALLBACK_MT5_UNAVAILABLE,3,3,0,3,0.0,0.0,-1.0451808520033625,-1.0451808520033625,-3.1355425560100874,-3.102885359832314,3.102885359832314,3,96.89711464016769,0,0
5,2025-02-11 17:00:00,2026-07-13 14:00:00,2026-07-13 15:00:00,2026-07-14 15:00:00,2026-07-14 16:00:00,2026-09-25 13:00:00,7917,24,1183,GOLD,GOLD_LONG_LOGISTIC_BASE_PLUS_ML_T060,LONG,LOGISTIC,BASE_PLUS_ML,0.6,ATR_ONLY,1,100,True,CONFIG_LOCAL_FALLBACK_MT5_UNAVAILABLE,3,0,0,0,0.0,0.0,0.0,0.0,0.0,0.0,0.0,0,100.0,3,0
5,2025-02-11 17:00:00,2026-07-13 14:00:00,2026-07-13 15:00:00,2026-07-14 15:00:00,2026-07-14 16:00:00,2026-09-25 13:00:00,7917,24,1183,GOLD,GOLD_LONG_LOGISTIC_BASE_PLUS_ML_T060,LONG,LOGISTIC,BASE_PLUS_ML,0.6,ATR_ONLY,1,500,False,CONFIG_LOCAL_FALLBACK_MT5_UNAVAILABLE,3,3,0,3,0.0,0.0,-1.0451808520033625,-1.0451808520033625,-3.1355425560100874,-3.102885359832317,3.102885359832317,3,484.4855732008384,0,0
5,2025-02-11 17:00:00,2026-07-13 14:00:00,2026-07-13 15:00:00,2026-07-14 15:00:00,2026-07-14 16:00:00,2026-09-25 13:00:00,7917,24,1183,GOLD,GOLD_LONG_LOGISTIC_BASE_PLUS_ML_T060,LONG,LOGISTIC,BASE_PLUS_ML,0.6,ATR_ONLY,1,500,True,CONFIG_LOCAL_FALLBACK_MT5_UNAVAILABLE,3,0,0,0,0.0,0.0,0.0,0.0,0.0,0.0,0.0,0,500.0,3,0
5,2025-02-11 17:00:00,2026-07-13 14:00:00,2026-07-13 15:00:00,2026-07-14 15:00:00,2026-07-14 16:00:00,2026-09-25 13:00:00,7917,24,1183,GOLD,GOLD_LONG_LOGISTIC_BASE_PLUS_ML_T060,LONG,LOGISTIC,BASE_PLUS_ML,0.6,ATR_ONLY,1,1000,False,CONFIG_LOCAL_FALLBACK_MT5_UNAVAILABLE,3,3,0,3,0.0,0.0,-1.0451808520033625,-1.0451808520033625,-3.1355425560100874,-3.102885359832317,3.102885359832317,3,968.9711464016768,0,0
5,2025-02-11 17:00:00,2026-07-13 14:00:00,2026-07-13 15:00:00,2026-07-14 15:00:00,2026-07-14 16:00:00,2026-09-25 13:00:00,7917,24,1183,GOLD,GOLD_LONG_LOGISTIC_BASE_PLUS_ML_T060,LONG,LOGISTIC,BASE_PLUS_ML,0.6,ATR_ONLY,1,1000,True,CONFIG_LOCAL_FALLBACK_MT5_UNAVAILABLE,3,0,0,0,0.0,0.0,0.0,0.0,0.0,0.0,0.0,0,1000.0,3,0
5,2025-02-11 17:00:00,2026-07-13 14:00:00,2026-07-13 15:00:00,2026-07-14 15:00:00,2026-07-14 16:00:00,2026-09-25 13:00:00,7917,24,1183,GOLD,GOLD_LONG_LOGISTIC_BASE_PLUS_ML_T060,LONG,LOGISTIC,BASE_PLUS_ML,0.6,ATR_ONLY,1,5000,False,CONFIG_LOCAL_FALLBACK_MT5_UNAVAILABLE,3,3,0,3,0.0,0.0,-1.0451808520033625,-1.0451808520033625,-3.1355425560100874,-3.1028853598323076,3.1028853598323076,3,4844.855732008385,0,0
5,2025-02-11 17:00:00,2026-07-13 14:00:00,2026-07-13 15:00:00,2026-07-14 15:00:00,2026-07-14 16:00:00,2026-09-25 13:00:00,7917,24,1183,GOLD,GOLD_LONG_LOGISTIC_BASE_PLUS_ML_T060,LONG,LOGISTIC,BASE_PLUS_ML,0.6,ATR_ONLY,1,5000,True,CONFIG_LOCAL_FALLBACK_MT5_UNAVAILABLE,3,3,0,3,0.0,0.0,-1.0451808520033625,-1.0451808520033625,-3.1355425560100874,-2.798360642693242,2.798360642693242,3,4860.081967865338,0,0
5,2025-02-11 17:00:00,2026-07-13 14:00:00,2026-07-13 15:00:00,2026-07-14 15:00:00,2026-07-14 16:00:00,2026-09-25 13:00:00,7917,24,1183,GOLD,GOLD_LONG_LOGISTIC_BASE_PLUS_ML_T060,LONG,LOGISTIC,BASE_PLUS_ML,0.6,ATR_ONLY,2,100,False,CONFIG_LOCAL_FALLBACK_MT5_UNAVAILABLE,3,3,0,3,0.0,0.0,-1.0903617040067248,-1.0903617040067248,-3.2710851120201747,-3.235550956608122,3.235550956608122,3,96.76444904339188,0,0
5,2025-02-11 17:00:00,2026-07-13 14:00:00,2026-07-13 15:00:00,2026-07-14 15:00:00,2026-07-14 16:00:00,2026-09-25 13:00:00,7917,24,1183,GOLD,GOLD_LONG_LOGISTIC_BASE_PLUS_ML_T060,LONG,LOGISTIC,BASE_PLUS_ML,0.6,ATR_ONLY,2,100,True,CONFIG_LOCAL_FALLBACK_MT5_UNAVAILABLE,3,0,0,0,0.0,0.0,0.0,0.0,0.0,0.0,0.0,0,100.0,3,0
5,2025-02-11 17:00:00,2026-07-13 14:00:00,2026-07-13 15:00:00,2026-07-14 15:00:00,2026-07-14 16:00:00,2026-09-25 13:00:00,7917,24,1183,GOLD,GOLD_LONG_LOGISTIC_BASE_PLUS_ML_T060,LONG,LOGISTIC,BASE_PLUS_ML,0.6,ATR_ONLY,2,500,False,CONFIG_LOCAL_FALLBACK_MT5_UNAVAILABLE,3,3,0,3,0.0,0.0,-1.0903617040067248,-1.0903617040067248,-3.2710851120201747,-3.2355509566081193,3.2355509566081193,3,483.8222452169594,0,0
5,2025-02-11 17:00:00,2026-07-13 14:00:00,2026-07-13 15:00:00,2026-07-14 15:00:00,2026-07-14 16:00:00,2026-09-25 13:00:00,7917,24,1183,GOLD,GOLD_LONG_LOGISTIC_BASE_PLUS_ML_T060,LONG,LOGISTIC,BASE_PLUS_ML,0.6,ATR_ONLY,2,500,True,CONFIG_LOCAL_FALLBACK_MT5_UNAVAILABLE,3,0,0,0,0.0,0.0,0.0,0.0,0.0,0.0,0.0,0,500.0,3,0
5,2025-02-11 17:00:00,2026-07-13 14:00:00,2026-07-13 15:00:00,2026-07-14 15:00:00,2026-07-14 16:00:00,2026-09-25 13:00:00,7917,24,1183,GOLD,GOLD_LONG_LOGISTIC_BASE_PLUS_ML_T060,LONG,LOGISTIC,BASE_PLUS_ML,0.6,ATR_ONLY,2,1000,False,CONFIG_LOCAL_FALLBACK_MT5_UNAVAILABLE,3,3,0,3,0.0,0.0,-1.0903617040067248,-1.0903617040067248,-3.2710851120201747,-3.2355509566081193,3.2355509566081193,3,967.6444904339188,0,0
5,2025-02-11 17:00:00,2026-07-13 14:00:00,2026-07-13 15:00:00,2026-07-14 15:00:00,2026-07-14 16:00:00,2026-09-25 13:00:00,7917,24,1183,GOLD,GOLD_LONG_LOGISTIC_BASE_PLUS_ML_T060,LONG,LOGISTIC,BASE_PLUS_ML,0.6,ATR_ONLY,2,1000,True,CONFIG_LOCAL_FALLBACK_MT5_UNAVAILABLE,3,0,0,0,0.0,0.0,0.0,0.0,0.0,0.0,0.0,0,1000.0,3,0
5,2025-02-11 17:00:00,2026-07-13 14:00:00,2026-07-13 15:00:00,2026-07-14 15:00:00,2026-07-14 16:00:00,2026-09-25 13:00:00,7917,24,1183,GOLD,GOLD_LONG_LOGISTIC_BASE_PLUS_ML_T060,LONG,LOGISTIC,BASE_PLUS_ML,0.6,ATR_ONLY,2,5000,False,CONFIG_LOCAL_FALLBACK_MT5_UNAVAILABLE,3,3,0,3,0.0,0.0,-1.0903617040067248,-1.0903617040067248,-3.2710851120201747,-3.235550956608149,3.235550956608149,3,4838.2224521695925,0,0
5,2025-02-11 17:00:00,2026-07-13 14:00:00,2026-07-13 15:00:00,2026-07-14 15:00:00,2026-07-14 16:00:00,2026-09-25 13:00:00,7917,24,1183,GOLD,GOLD_LONG_LOGISTIC_BASE_PLUS_ML_T060,LONG,LOGISTIC,BASE_PLUS_ML,0.6,ATR_ONLY,2,5000,True,CONFIG_LOCAL_FALLBACK_MT5_UNAVAILABLE,3,3,0,3,0.0,0.0,-1.0903617040067248,-1.0903617040067248,-3.2710851120201747,-2.918882055059276,2.918882055059276,3,4854.055897247036,0,0
5,2025-02-11 17:00:00,2026-07-13 14:00:00,2026-07-13 15:00:00,2026-07-14 15:00:00,2026-07-14 16:00:00,2026-09-25 13:00:00,7917,24,1183,GOLD,GOLD_LONG_LOGISTIC_BASE_PLUS_ML_T060,LONG,LOGISTIC,BASE_PLUS_ML,0.6,ATR_ONLY,5,100,False,CONFIG_LOCAL_FALLBACK_MT5_UNAVAILABLE,3,3,0,3,0.0,0.0,-1.2259042600168122,-1.2259042600168122,-3.6777127800504363,-3.6328297021439653,3.6328297021439653,3,96.36717029785603,0,0
5,2025-02-11 17:00:00,2026-07-13 14:00:00,2026-07-13 15:00:00,2026-07-14 15:00:00,2026-07-14 16:00:00,2026-09-25 13:00:00,7917,24,1183,GOLD,GOLD_LONG_LOGISTIC_BASE_PLUS_ML_T060,LONG,LOGISTIC,BASE_PLUS_ML,0.6,ATR_ONLY,5,100,True,CONFIG_LOCAL_FALLBACK_MT5_UNAVAILABLE,3,0,0,0,0.0,0.0,0.0,0.0,0.0,0.0,0.0,0,100.0,3,0
5,2025-02-11 17:00:00,2026-07-13 14:00:00,2026-07-13 15:00:00,2026-07-14 15:00:00,2026-07-14 16:00:00,2026-09-25 13:00:00,7917,24,1183,GOLD,GOLD_LONG_LOGISTIC_BASE_PLUS_ML_T060,LONG,LOGISTIC,BASE_PLUS_ML,0.6,ATR_ONLY,5,500,False,CONFIG_LOCAL_FALLBACK_MT5_UNAVAILABLE,3,3,0,3,0.0,0.0,-1.2259042600168122,-1.2259042600168122,-3.6777127800504363,-3.6328297021439653,3.6328297021439653,3,481.8358514892802,0,0
5,2025-02-11 17:00:00,2026-07-13 14:00:00,2026-07-13 15:00:00,2026-07-14 15:00:00,2026-07-14 16:00:00,2026-09-25 13:00:00,7917,24,1183,GOLD,GOLD_LONG_LOGISTIC_BASE_PLUS_ML_T060,LONG,LOGISTIC,BASE_PLUS_ML,0.6,ATR_ONLY,5,500,True,CONFIG_LOCAL_FALLBACK_MT5_UNAVAILABLE,3,0,0,0,0.0,0.0,0.0,0.0,0.0,0.0,0.0,0,500.0,3,0
5,2025-02-11 17:00:00,2026-07-13 14:00:00,2026-07-13 15:00:00,2026-07-14 15:00:00,2026-07-14 16:00:00,2026-09-25 13:00:00,7917,24,1183,GOLD,GOLD_LONG_LOGISTIC_BASE_PLUS_ML_T060,LONG,LOGISTIC,BASE_PLUS_ML,0.6,ATR_ONLY,5,1000,False,CONFIG_LOCAL_FALLBACK_MT5_UNAVAILABLE,3,3,0,3,0.0,0.0,-1.2259042600168122,-1.2259042600168122,-3.6777127800504363,-3.6328297021439653,3.6328297021439653,3,963.6717029785603,0,0
5,2025-02-11 17:00:00,2026-07-13 14:00:00,2026-07-13 15:00:00,2026-07-14 15:00:00,2026-07-14 16:00:00,2026-09-25 13:00:00,7917,24,1183,GOLD,GOLD_LONG_LOGISTIC_BASE_PLUS_ML_T060,LONG,LOGISTIC,BASE_PLUS_ML,0.6,ATR_ONLY,5,1000,True,CONFIG_LOCAL_FALLBACK_MT5_UNAVAILABLE,3,0,0,0,0.0,0.0,0.0,0.0,0.0,0.0,0.0,0,1000.0,3,0
5,2025-02-11 17:00:00,2026-07-13 14:00:00,2026-07-13 15:00:00,2026-07-14 15:00:00,2026-07-14 16:00:00,2026-09-25 13:00:00,7917,24,1183,GOLD,GOLD_LONG_LOGISTIC_BASE_PLUS_ML_T060,LONG,LOGISTIC,BASE_PLUS_ML,0.6,ATR_ONLY,5,5000,False,CONFIG_LOCAL_FALLBACK_MT5_UNAVAILABLE,3,3,0,3,0.0,0.0,-1.2259042600168122,-1.2259042600168122,-3.6777127800504363,-3.632829702143954,3.632829702143954,3,4818.358514892802,0,0
5,2025-02-11 17:00:00,2026-07-13 14:00:00,2026-07-13 15:00:00,2026-07-14 15:00:00,2026-07-14 16:00:00,2026-09-25 13:00:00,7917,24,1183,GOLD,GOLD_LONG_LOGISTIC_BASE_PLUS_ML_T060,LONG,LOGISTIC,BASE_PLUS_ML,0.6,ATR_ONLY,5,5000,True,CONFIG_LOCAL_FALLBACK_MT5_UNAVAILABLE,3,3,0,3,0.0,0.0,-1.2259042600168122,-1.2259042600168122,-3.6777127800504363,-3.280446292157376,3.280446292157376,3,4835.977685392131,0,0
5,2025-02-11 17:00:00,2026-07-13 14:00:00,2026-07-13 15:00:00,2026-07-14 15:00:00,2026-07-14 16:00:00,2026-09-25 13:00:00,7917,24,1183,GOLD,GOLD_LONG_LOGISTIC_BASE_PLUS_ML_T060,LONG,LOGISTIC,BASE_PLUS_ML,0.6,SWING_ATR,0,100,False,CONFIG_LOCAL_FALLBACK_MT5_UNAVAILABLE,3,3,1,2,33.33333333333333,0.2810054301455129,-0.29626927941526127,-0.29626927941526127,-0.8888078382457838,-0.8907363483092184,1.2345659416084827,2,99.10926365169078,0,0
5,2025-02-11 17:00:00,2026-07-13 14:00:00,2026-07-13 15:00:00,2026-07-14 15:00:00,2026-07-14 16:00:00,2026-09-25 13:00:00,7917,24,1183,GOLD,GOLD_LONG_LOGISTIC_BASE_PLUS_ML_T060,LONG,LOGISTIC,BASE_PLUS_ML,0.6,SWING_ATR,0,100,True,CONFIG_LOCAL_FALLBACK_MT5_UNAVAILABLE,3,0,0,0,0.0,0.0,0.0,0.0,0.0,0.0,0.0,0,100.0,3,0
5,2025-02-11 17:00:00,2026-07-13 14:00:00,2026-07-13 15:00:00,2026-07-14 15:00:00,2026-07-14 16:00:00,2026-09-25 13:00:00,7917,24,1183,GOLD,GOLD_LONG_LOGISTIC_BASE_PLUS_ML_T060,LONG,LOGISTIC,BASE_PLUS_ML,0.6,SWING_ATR,0,500,False,CONFIG_LOCAL_FALLBACK_MT5_UNAVAILABLE,3,3,1,2,33.33333333333333,0.2810054301455092,-0.29626927941526127,-0.29626927941526127,-0.8888078382457838,-0.8907363483092127,1.2345659416084687,2,495.54631825845394,0,0
5,2025-02-11 17:00:00,2026-07-13 14:00:00,2026-07-13 15:00:00,2026-07-14 15:00:00,2026-07-14 16:00:00,2026-09-25 13:00:00,7917,24,1183,GOLD,GOLD_LONG_LOGISTIC_BASE_PLUS_ML_T060,LONG,LOGISTIC,BASE_PLUS_ML,0.6,SWING_ATR,0,500,True,CONFIG_LOCAL_FALLBACK_MT5_UNAVAILABLE,3,0,0,0,0.0,0.0,0.0,0.0,0.0,0.0,0.0,0,500.0,3,0
5,2025-02-11 17:00:00,2026-07-13 14:00:00,2026-07-13 15:00:00,2026-07-14 15:00:00,2026-07-14 16:00:00,2026-09-25 13:00:00,7917,24,1183,GOLD,GOLD_LONG_LOGISTIC_BASE_PLUS_ML_T060,LONG,LOGISTIC,BASE_PLUS_ML,0.6,SWING_ATR,0,1000,False,CONFIG_LOCAL_FALLBACK_MT5_UNAVAILABLE,3,3,1,2,33.33333333333333,0.2810054301455092,-0.29626927941526127,-0.29626927941526127,-0.8888078382457838,-0.8907363483092127,1.2345659416084687,2,991.0926365169079,0,0
5,2025-02-11 17:00:00,2026-07-13 14:00:00,2026-07-13 15:00:00,2026-07-14 15:00:00,2026-07-14 16:00:00,2026-09-25 13:00:00,7917,24,1183,GOLD,GOLD_LONG_LOGISTIC_BASE_PLUS_ML_T060,LONG,LOGISTIC,BASE_PLUS_ML,0.6,SWING_ATR,0,1000,True,CONFIG_LOCAL_FALLBACK_MT5_UNAVAILABLE,3,0,0,0,0.0,0.0,0.0,0.0,0.0,0.0,0.0,0,1000.0,3,0
5,2025-02-11 17:00:00,2026-07-13 14:00:00,2026-07-13 15:00:00,2026-07-14 15:00:00,2026-07-14 16:00:00,2026-09-25 13:00:00,7917,24,1183,GOLD,GOLD_LONG_LOGISTIC_BASE_PLUS_ML_T060,LONG,LOGISTIC,BASE_PLUS_ML,0.6,SWING_ATR,0,5000,False,CONFIG_LOCAL_FALLBACK_MT5_UNAVAILABLE,3,3,1,2,33.33333333333333,0.28100543014551443,-0.29626927941526127,-0.29626927941526127,-0.8888078382457838,-0.8907363483092012,1.2345659416084616,2,4955.46318258454,0,0
5,2025-02-11 17:00:00,2026-07-13 14:00:00,2026-07-13 15:00:00,2026-07-14 15:00:00,2026-07-14 16:00:00,2026-09-25 13:00:00,7917,24,1183,GOLD,GOLD_LONG_LOGISTIC_BASE_PLUS_ML_T060,LONG,LOGISTIC,BASE_PLUS_ML,0.6,SWING_ATR,0,5000,True,CONFIG_LOCAL_FALLBACK_MT5_UNAVAILABLE,3,1,0,1,0.0,0.0,-1.0,-1.0,-1.0,-0.736821460087067,0.736821460087067,1,4963.158926995647,2,0
5,2025-02-11 17:00:00,2026-07-13 14:00:00,2026-07-13 15:00:00,2026-07-14 15:00:00,2026-07-14 16:00:00,2026-09-25 13:00:00,7917,24,1183,GOLD,GOLD_LONG_LOGISTIC_BASE_PLUS_ML_T060,LONG,LOGISTIC,BASE_PLUS_ML,0.6,SWING_ATR,1,100,False,CONFIG_LOCAL_FALLBACK_MT5_UNAVAILABLE,3,3,1,2,33.33333333333333,0.26618238109941184,-0.31070663748532873,-0.31070663748532873,-0.9321199124559861,-0.9338930868465242,1.268353491542114,2,99.06610691315348,0,0
5,2025-02-11 17:00:00,2026-07-13 14:00:00,2026-07-13 15:00:00,2026-07-14 15:00:00,2026-07-14 16:00:00,2026-09-25 13:00:00,7917,24,1183,GOLD,GOLD_LONG_LOGISTIC_BASE_PLUS_ML_T060,LONG,LOGISTIC,BASE_PLUS_ML,0.6,SWING_ATR,1,100,True,CONFIG_LOCAL_FALLBACK_MT5_UNAVAILABLE,3,0,0,0,0.0,0.0,0.0,0.0,0.0,0.0,0.0,0,100.0,3,0
5,2025-02-11 17:00:00,2026-07-13 14:00:00,2026-07-13 15:00:00,2026-07-14 15:00:00,2026-07-14 16:00:00,2026-09-25 13:00:00,7917,24,1183,GOLD,GOLD_LONG_LOGISTIC_BASE_PLUS_ML_T060,LONG,LOGISTIC,BASE_PLUS_ML,0.6,SWING_ATR,1,500,False,CONFIG_LOCAL_FALLBACK_MT5_UNAVAILABLE,3,3,1,2,33.33333333333333,0.2661823810994135,-0.31070663748532873,-0.31070663748532873,-0.9321199124559861,-0.9338930868465242,1.2683534915421169,2,495.3305345657674,0,0
5,2025-02-11 17:00:00,2026-07-13 14:00:00,2026-07-13 15:00:00,2026-07-14 15:00:00,2026-07-14 16:00:00,2026-09-25 13:00:00,7917,24,1183,GOLD,GOLD_LONG_LOGISTIC_BASE_PLUS_ML_T060,LONG,LOGISTIC,BASE_PLUS_ML,0.6,SWING_ATR,1,500,True,CONFIG_LOCAL_FALLBACK_MT5_UNAVAILABLE,3,0,0,0,0.0,0.0,0.0,0.0,0.0,0.0,0.0,0,500.0,3,0
5,2025-02-11 17:00:00,2026-07-13 14:00:00,2026-07-13 15:00:00,2026-07-14 15:00:00,2026-07-14 16:00:00,2026-09-25 13:00:00,7917,24,1183,GOLD,GOLD_LONG_LOGISTIC_BASE_PLUS_ML_T060,LONG,LOGISTIC,BASE_PLUS_ML,0.6,SWING_ATR,1,1000,False,CONFIG_LOCAL_FALLBACK_MT5_UNAVAILABLE,3,3,1,2,33.33333333333333,0.2661823810994135,-0.31070663748532873,-0.31070663748532873,-0.9321199124559861,-0.9338930868465242,1.2683534915421169,2,990.6610691315348,0,0
5,2025-02-11 17:00:00,2026-07-13 14:00:00,2026-07-13 15:00:00,2026-07-14 15:00:00,2026-07-14 16:00:00,2026-09-25 13:00:00,7917,24,1183,GOLD,GOLD_LONG_LOGISTIC_BASE_PLUS_ML_T060,LONG,LOGISTIC,BASE_PLUS_ML,0.6,SWING_ATR,1,1000,True,CONFIG_LOCAL_FALLBACK_MT5_UNAVAILABLE,3,0,0,0,0.0,0.0,0.0,0.0,0.0,0.0,0.0,0,1000.0,3,0
5,2025-02-11 17:00:00,2026-07-13 14:00:00,2026-07-13 15:00:00,2026-07-14 15:00:00,2026-07-14 16:00:00,2026-09-25 13:00:00,7917,24,1183,GOLD,GOLD_LONG_LOGISTIC_BASE_PLUS_ML_T060,LONG,LOGISTIC,BASE_PLUS_ML,0.6,SWING_ATR,1,5000,False,CONFIG_LOCAL_FALLBACK_MT5_UNAVAILABLE,3,3,1,2,33.33333333333333,0.2661823810994099,-0.31070663748532873,-0.31070663748532873,-0.9321199124559861,-0.9338930868465286,1.2683534915421169,2,4953.305345657674,0,0
5,2025-02-11 17:00:00,2026-07-13 14:00:00,2026-07-13 15:00:00,2026-07-14 15:00:00,2026-07-14 16:00:00,2026-09-25 13:00:00,7917,24,1183,GOLD,GOLD_LONG_LOGISTIC_BASE_PLUS_ML_T060,LONG,LOGISTIC,BASE_PLUS_ML,0.6,SWING_ATR,1,5000,True,CONFIG_LOCAL_FALLBACK_MT5_UNAVAILABLE,3,1,0,1,0.0,0.0,-1.02458603346135,-1.02458603346135,-1.02458603346135,-0.754936977159814,0.754936977159814,1,4962.253151142009,2,0
5,2025-02-11 17:00:00,2026-07-13 14:00:00,2026-07-13 15:00:00,2026-07-14 15:00:00,2026-07-14 16:00:00,2026-09-25 13:00:00,7917,24,1183,GOLD,GOLD_LONG_LOGISTIC_BASE_PLUS_ML_T060,LONG,LOGISTIC,BASE_PLUS_ML,0.6,SWING_ATR,2,100,False,CONFIG_LOCAL_FALLBACK_MT5_UNAVAILABLE,3,3,1,2,33.33333333333333,0.2521281355081751,-0.32514399555539614,-0.32514399555539614,-0.9754319866661885,-0.9770388778090506,1.3021364411211256,2,99.02296112219095,0,0
5,2025-02-11 17:00:00,2026-07-13 14:00:00,2026-07-13 15:00:00,2026-07-14 15:00:00,2026-07-14 16:00:00,2026-09-25 13:00:00,7917,24,1183,GOLD,GOLD_LONG_LOGISTIC_BASE_PLUS_ML_T060,LONG,LOGISTIC,BASE_PLUS_ML,0.6,SWING_ATR,2,100,True,CONFIG_LOCAL_FALLBACK_MT5_UNAVAILABLE,3,0,0,0,0.0,0.0,0.0,0.0,0.0,0.0,0.0,0,100.0,3,0
5,2025-02-11 17:00:00,2026-07-13 14:00:00,2026-07-13 15:00:00,2026-07-14 15:00:00,2026-07-14 16:00:00,2026-09-25 13:00:00,7917,24,1183,GOLD,GOLD_LONG_LOGISTIC_BASE_PLUS_ML_T060,LONG,LOGISTIC,BASE_PLUS_ML,0.6,SWING_ATR,2,500,False,CONFIG_LOCAL_FALLBACK_MT5_UNAVAILABLE,3,3,1,2,33.33333333333333,0.2521281355081734,-0.32514399555539614,-0.32514399555539614,-0.9754319866661885,-0.9770388778090592,1.302136441121134,2,495.1148056109547,0,0
5,2025-02-11 17:00:00,2026-07-13 14:00:00,2026-07-13 15:00:00,2026-07-14 15:00:00,2026-07-14 16:00:00,2026-09-25 13:00:00,7917,24,1183,GOLD,GOLD_LONG_LOGISTIC_BASE_PLUS_ML_T060,LONG,LOGISTIC,BASE_PLUS_ML,0.6,SWING_ATR,2,500,True,CONFIG_LOCAL_FALLBACK_MT5_UNAVAILABLE,3,0,0,0,0.0,0.0,0.0,0.0,0.0,0.0,0.0,0,500.0,3,0
5,2025-02-11 17:00:00,2026-07-13 14:00:00,2026-07-13 15:00:00,2026-07-14 15:00:00,2026-07-14 16:00:00,2026-09-25 13:00:00,7917,24,1183,GOLD,GOLD_LONG_LOGISTIC_BASE_PLUS_ML_T060,LONG,LOGISTIC,BASE_PLUS_ML,0.6,SWING_ATR,2,1000,False,CONFIG_LOCAL_FALLBACK_MT5_UNAVAILABLE,3,3,1,2,33.33333333333333,0.2521281355081734,-0.32514399555539614,-0.32514399555539614,-0.9754319866661885,-0.9770388778090592,1.302136441121134,2,990.2296112219094,0,0
5,2025-02-11 17:00:00,2026-07-13 14:00:00,2026-07-13 15:00:00,2026-07-14 15:00:00,2026-07-14 16:00:00,2026-09-25 13:00:00,7917,24,1183,GOLD,GOLD_LONG_LOGISTIC_BASE_PLUS_ML_T060,LONG,LOGISTIC,BASE_PLUS_ML,0.6,SWING_ATR,2,1000,True,CONFIG_LOCAL_FALLBACK_MT5_UNAVAILABLE,3,0,0,0,0.0,0.0,0.0,0.0,0.0,0.0,0.0,0,1000.0,3,0
5,2025-02-11 17:00:00,2026-07-13 14:00:00,2026-07-13 15:00:00,2026-07-14 15:00:00,2026-07-14 16:00:00,2026-09-25 13:00:00,7917,24,1183,GOLD,GOLD_LONG_LOGISTIC_BASE_PLUS_ML_T060,LONG,LOGISTIC,BASE_PLUS_ML,0.6,SWING_ATR,2,5000,False,CONFIG_LOCAL_FALLBACK_MT5_UNAVAILABLE,3,3,1,2,33.33333333333333,0.25212813550817514,-0.32514399555539614,-0.32514399555539614,-0.9754319866661885,-0.9770388778090636,1.302136441121143,2,4951.148056109547,0,0
5,2025-02-11 17:00:00,2026-07-13 14:00:00,2026-07-13 15:00:00,2026-07-14 15:00:00,2026-07-14 16:00:00,2026-09-25 13:00:00,7917,24,1183,GOLD,GOLD_LONG_LOGISTIC_BASE_PLUS_ML_T060,LONG,LOGISTIC,BASE_PLUS_ML,0.6,SWING_ATR,2,5000,True,CONFIG_LOCAL_FALLBACK_MT5_UNAVAILABLE,3,1,0,1,0.0,0.0,-1.0491720669226998,-1.0491720669226998,-1.0491720669226998,-0.7730524942325429,0.7730524942325429,1,4961.347375288373,2,0
5,2025-02-11 17:00:00,2026-07-13 14:00:00,2026-07-13 15:00:00,2026-07-14 15:00:00,2026-07-14 16:00:00,2026-09-25 13:00:00,7917,24,1183,GOLD,GOLD_LONG_LOGISTIC_BASE_PLUS_ML_T060,LONG,LOGISTIC,BASE_PLUS_ML,0.6,SWING_ATR,5,100,False,CONFIG_LOCAL_FALLBACK_MT5_UNAVAILABLE,3,3,1,2,33.33333333333333,0.2140217282620036,-0.36845606976559847,-0.36845606976559847,-1.1053682092967954,-1.106410578180217,1.4034576877304217,2,98.89358942181978,0,0
5,2025-02-11 17:00:00,2026-07-13 14:00:00,2026-07-13 15:00:00,2026-07-14 15:00:00,2026-07-14 16:00:00,2026-09-25 13:00:00,7917,24,1183,GOLD,GOLD_LONG_LOGISTIC_BASE_PLUS_ML_T060,LONG,LOGISTIC,BASE_PLUS_ML,0.6,SWING_ATR,5,100,True,CONFIG_LOCAL_FALLBACK_MT5_UNAVAILABLE,3,0,0,0,0.0,0.0,0.0,0.0,0.0,0.0,0.0,0,100.0,3,0
5,2025-02-11 17:00:00,2026-07-13 14:00:00,2026-07-13 15:00:00,2026-07-14 15:00:00,2026-07-14 16:00:00,2026-09-25 13:00:00,7917,24,1183,GOLD,GOLD_LONG_LOGISTIC_BASE_PLUS_ML_T060,LONG,LOGISTIC,BASE_PLUS_ML,0.6,SWING_ATR,5,500,False,CONFIG_LOCAL_FALLBACK_MT5_UNAVAILABLE,3,3,1,2,33.33333333333333,0.21402172826201227,-0.36845606976559847,-0.36845606976559847,-1.1053682092967954,-1.1064105781801914,1.4034576877304046,2,494.46794710909904,0,0
5,2025-02-11 17:00:00,2026-07-13 14:00:00,2026-07-13 15:00:00,2026-07-14 15:00:00,2026-07-14 16:00:00,2026-09-25 13:00:00,7917,24,1183,GOLD,GOLD_LONG_LOGISTIC_BASE_PLUS_ML_T060,LONG,LOGISTIC,BASE_PLUS_ML,0.6,SWING_ATR,5,500,True,CONFIG_LOCAL_FALLBACK_MT5_UNAVAILABLE,3,0,0,0,0.0,0.0,0.0,0.0,0.0,0.0,0.0,0,500.0,3,0
5,2025-02-11 17:00:00,2026-07-13 14:00:00,2026-07-13 15:00:00,2026-07-14 15:00:00,2026-07-14 16:00:00,2026-09-25 13:00:00,7917,24,1183,GOLD,GOLD_LONG_LOGISTIC_BASE_PLUS_ML_T060,LONG,LOGISTIC,BASE_PLUS_ML,0.6,SWING_ATR,5,1000,False,CONFIG_LOCAL_FALLBACK_MT5_UNAVAILABLE,3,3,1,2,33.33333333333333,0.21402172826201227,-0.36845606976559847,-0.36845606976559847,-1.1053682092967954,-1.1064105781801914,1.4034576877304046,2,988.9358942181981,0,0
5,2025-02-11 17:00:00,2026-07-13 14:00:00,2026-07-13 15:00:00,2026-07-14 15:00:00,2026-07-14 16:00:00,2026-09-25 13:00:00,7917,24,1183,GOLD,GOLD_LONG_LOGISTIC_BASE_PLUS_ML_T060,LONG,LOGISTIC,BASE_PLUS_ML,0.6,SWING_ATR,5,1000,True,CONFIG_LOCAL_FALLBACK_MT5_UNAVAILABLE,3,0,0,0,0.0,0.0,0.0,0.0,0.0,0.0,0.0,0,1000.0,3,0
5,2025-02-11 17:00:00,2026-07-13 14:00:00,2026-07-13 15:00:00,2026-07-14 15:00:00,2026-07-14 16:00:00,2026-09-25 13:00:00,7917,24,1183,GOLD,GOLD_LONG_LOGISTIC_BASE_PLUS_ML_T060,LONG,LOGISTIC,BASE_PLUS_ML,0.6,SWING_ATR,5,5000,False,CONFIG_LOCAL_FALLBACK_MT5_UNAVAILABLE,3,3,1,2,33.33333333333333,0.2140217282620042,-0.36845606976559847,-0.36845606976559847,-1.1053682092967954,-1.1064105781802027,1.4034576877304048,2,4944.67947109099,0,0
5,2025-02-11 17:00:00,2026-07-13 14:00:00,2026-07-13 15:00:00,2026-07-14 15:00:00,2026-07-14 16:00:00,2026-09-25 13:00:00,7917,24,1183,GOLD,GOLD_LONG_LOGISTIC_BASE_PLUS_ML_T060,LONG,LOGISTIC,BASE_PLUS_ML,0.6,SWING_ATR,5,5000,True,CONFIG_LOCAL_FALLBACK_MT5_UNAVAILABLE,3,1,0,1,0.0,0.0,-1.1229301673067493,-1.1229301673067493,-1.1229301673067493,-0.8273990454507657,0.8273990454507657,1,4958.630047727462,2,0
5,2025-02-11 17:00:00,2026-07-13 14:00:00,2026-07-13 15:00:00,2026-07-14 15:00:00,2026-07-14 16:00:00,2026-09-25 13:00:00,7917,24,1183,GOLD,GOLD_LONG_LOGISTIC_BASE_PLUS_ML_T060,LONG,LOGISTIC,BASE_PLUS_ML,0.6,SWING_ATR_RR,0,100,False,CONFIG_LOCAL_FALLBACK_MT5_UNAVAILABLE,3,3,1,2,33.33333333333333,0.32854643204146494,-0.2765570487009324,-0.2765570487009324,-0.8296711461027971,-0.8323297376264093,1.234565941608468,2,99.16767026237359,0,0
5,2025-02-11 17:00:00,2026-07-13 14:00:00,2026-07-13 15:00:00,2026-07-14 15:00:00,2026-07-14 16:00:00,2026-09-25 13:00:00,7917,24,1183,GOLD,GOLD_LONG_LOGISTIC_BASE_PLUS_ML_T060,LONG,LOGISTIC,BASE_PLUS_ML,0.6,SWING_ATR_RR,0,100,True,CONFIG_LOCAL_FALLBACK_MT5_UNAVAILABLE,3,0,0,0,0.0,0.0,0.0,0.0,0.0,0.0,0.0,0,100.0,3,0
5,2025-02-11 17:00:00,2026-07-13 14:00:00,2026-07-13 15:00:00,2026-07-14 15:00:00,2026-07-14 16:00:00,2026-09-25 13:00:00,7917,24,1183,GOLD,GOLD_LONG_LOGISTIC_BASE_PLUS_ML_T060,LONG,LOGISTIC,BASE_PLUS_ML,0.6,SWING_ATR_RR,0,500,False,CONFIG_LOCAL_FALLBACK_MT5_UNAVAILABLE,3,3,1,2,33.33333333333333,0.3285464320414581,-0.2765570487009324,-0.2765570487009324,-0.8296711461027971,-0.8323297376264236,1.2345659416084764,2,495.8383513118679,0,0
5,2025-02-11 17:00:00,2026-07-13 14:00:00,2026-07-13 15:00:00,2026-07-14 15:00:00,2026-07-14 16:00:00,2026-09-25 13:00:00,7917,24,1183,GOLD,GOLD_LONG_LOGISTIC_BASE_PLUS_ML_T060,LONG,LOGISTIC,BASE_PLUS_ML,0.6,SWING_ATR_RR,0,500,True,CONFIG_LOCAL_FALLBACK_MT5_UNAVAILABLE,3,0,0,0,0.0,0.0,0.0,0.0,0.0,0.0,0.0,0,500.0,3,0
5,2025-02-11 17:00:00,2026-07-13 14:00:00,2026-07-13 15:00:00,2026-07-14 15:00:00,2026-07-14 16:00:00,2026-09-25 13:00:00,7917,24,1183,GOLD,GOLD_LONG_LOGISTIC_BASE_PLUS_ML_T060,LONG,LOGISTIC,BASE_PLUS_ML,0.6,SWING_ATR_RR,0,1000,False,CONFIG_LOCAL_FALLBACK_MT5_UNAVAILABLE,3,3,1,2,33.33333333333333,0.3285464320414581,-0.2765570487009324,-0.2765570487009324,-0.8296711461027971,-0.8323297376264236,1.2345659416084764,2,991.6767026237358,0,0
5,2025-02-11 17:00:00,2026-07-13 14:00:00,2026-07-13 15:00:00,2026-07-14 15:00:00,2026-07-14 16:00:00,2026-09-25 13:00:00,7917,24,1183,GOLD,GOLD_LONG_LOGISTIC_BASE_PLUS_ML_T060,LONG,LOGISTIC,BASE_PLUS_ML,0.6,SWING_ATR_RR,0,1000,True,CONFIG_LOCAL_FALLBACK_MT5_UNAVAILABLE,3,0,0,0,0.0,0.0,0.0,0.0,0.0,0.0,0.0,0,1000.0,3,0
5,2025-02-11 17:00:00,2026-07-13 14:00:00,2026-07-13 15:00:00,2026-07-14 15:00:00,2026-07-14 16:00:00,2026-09-25 13:00:00,7917,24,1183,GOLD,GOLD_LONG_LOGISTIC_BASE_PLUS_ML_T060,LONG,LOGISTIC,BASE_PLUS_ML,0.6,SWING_ATR_RR,0,5000,False,CONFIG_LOCAL_FALLBACK_MT5_UNAVAILABLE,3,3,1,2,33.33333333333333,0.3285464320414581,-0.2765570487009324,-0.2765570487009324,-0.8296711461027971,-0.8323297376264236,1.2345659416084764,2,4958.383513118679,0,0
5,2025-02-11 17:00:00,2026-07-13 14:00:00,2026-07-13 15:00:00,2026-07-14 15:00:00,2026-07-14 16:00:00,2026-09-25 13:00:00,7917,24,1183,GOLD,GOLD_LONG_LOGISTIC_BASE_PLUS_ML_T060,LONG,LOGISTIC,BASE_PLUS_ML,0.6,SWING_ATR_RR,0,5000,True,CONFIG_LOCAL_FALLBACK_MT5_UNAVAILABLE,3,1,0,1,0.0,0.0,-1.0,-1.0,-1.0,-0.736821460087067,0.736821460087067,1,4963.158926995647,2,0
5,2025-02-11 17:00:00,2026-07-13 14:00:00,2026-07-13 15:00:00,2026-07-14 15:00:00,2026-07-14 16:00:00,2026-09-25 13:00:00,7917,24,1183,GOLD,GOLD_LONG_LOGISTIC_BASE_PLUS_ML_T060,LONG,LOGISTIC,BASE_PLUS_ML,0.6,SWING_ATR_RR,1,100,False,CONFIG_LOCAL_FALLBACK_MT5_UNAVAILABLE,3,3,1,2,33.33333333333333,0.3124609579177675,-0.29099637799407124,-0.29099637799407124,-0.8729891339822138,-0.8755122956660983,1.2683534915421124,2,99.1244877043339,0,0
5,2025-02-11 17:00:00,2026-07-13 14:00:00,2026-07-13 15:00:00,2026-07-14 15:00:00,2026-07-14 16:00:00,2026-09-25 13:00:00,7917,24,1183,GOLD,GOLD_LONG_LOGISTIC_BASE_PLUS_ML_T060,LONG,LOGISTIC,BASE_PLUS_ML,0.6,SWING_ATR_RR,1,100,True,CONFIG_LOCAL_FALLBACK_MT5_UNAVAILABLE,3,0,0,0,0.0,0.0,0.0,0.0,0.0,0.0,0.0,0,100.0,3,0
5,2025-02-11 17:00:00,2026-07-13 14:00:00,2026-07-13 15:00:00,2026-07-14 15:00:00,2026-07-14 16:00:00,2026-09-25 13:00:00,7917,24,1183,GOLD,GOLD_LONG_LOGISTIC_BASE_PLUS_ML_T060,LONG,LOGISTIC,BASE_PLUS_ML,0.6,SWING_ATR_RR,1,500,False,CONFIG_LOCAL_FALLBACK_MT5_UNAVAILABLE,3,3,1,2,33.33333333333333,0.3124609579177727,-0.29099637799407124,-0.29099637799407124,-0.8729891339822138,-0.8755122956660899,1.2683534915421095,2,495.62243852166955,0,0
5,2025-02-11 17:00:00,2026-07-13 14:00:00,2026-07-13 15:00:00,2026-07-14 15:00:00,2026-07-14 16:00:00,2026-09-25 13:00:00,7917,24,1183,GOLD,GOLD_LONG_LOGISTIC_BASE_PLUS_ML_T060,LONG,LOGISTIC,BASE_PLUS_ML,0.6,SWING_ATR_RR,1,500,True,CONFIG_LOCAL_FALLBACK_MT5_UNAVAILABLE,3,0,0,0,0.0,0.0,0.0,0.0,0.0,0.0,0.0,0,500.0,3,0
5,2025-02-11 17:00:00,2026-07-13 14:00:00,2026-07-13 15:00:00,2026-07-14 15:00:00,2026-07-14 16:00:00,2026-09-25 13:00:00,7917,24,1183,GOLD,GOLD_LONG_LOGISTIC_BASE_PLUS_ML_T060,LONG,LOGISTIC,BASE_PLUS_ML,0.6,SWING_ATR_RR,1,1000,False,CONFIG_LOCAL_FALLBACK_MT5_UNAVAILABLE,3,3,1,2,33.33333333333333,0.3124609579177727,-0.29099637799407124,-0.29099637799407124,-0.8729891339822138,-0.8755122956660899,1.2683534915421095,2,991.2448770433391,0,0
5,2025-02-11 17:00:00,2026-07-13 14:00:00,2026-07-13 15:00:00,2026-07-14 15:00:00,2026-07-14 16:00:00,2026-09-25 13:00:00,7917,24,1183,GOLD,GOLD_LONG_LOGISTIC_BASE_PLUS_ML_T060,LONG,LOGISTIC,BASE_PLUS_ML,0.6,SWING_ATR_RR,1,1000,True,CONFIG_LOCAL_FALLBACK_MT5_UNAVAILABLE,3,0,0,0,0.0,0.0,0.0,0.0,0.0,0.0,0.0,0,1000.0,3,0
5,2025-02-11 17:00:00,2026-07-13 14:00:00,2026-07-13 15:00:00,2026-07-14 15:00:00,2026-07-14 16:00:00,2026-09-25 13:00:00,7917,24,1183,GOLD,GOLD_LONG_LOGISTIC_BASE_PLUS_ML_T060,LONG,LOGISTIC,BASE_PLUS_ML,0.6,SWING_ATR_RR,1,5000,False,CONFIG_LOCAL_FALLBACK_MT5_UNAVAILABLE,3,3,1,2,33.33333333333333,0.3124609579177656,-0.29099637799407124,-0.29099637799407124,-0.8729891339822138,-0.8755122956661034,1.2683534915421164,2,4956.224385216695,0,0
5,2025-02-11 17:00:00,2026-07-13 14:00:00,2026-07-13 15:00:00,2026-07-14 15:00:00,2026-07-14 16:00:00,2026-09-25 13:00:00,7917,24,1183,GOLD,GOLD_LONG_LOGISTIC_BASE_PLUS_ML_T060,LONG,LOGISTIC,BASE_PLUS_ML,0.6,SWING_ATR_RR,1,5000,True,CONFIG_LOCAL_FALLBACK_MT5_UNAVAILABLE,3,1,0,1,0.0,0.0,-1.02458603346135,-1.02458603346135,-1.02458603346135,-0.754936977159814,0.754936977159814,1,4962.253151142009,2,0
5,2025-02-11 17:00:00,2026-07-13 14:00:00,2026-07-13 15:00:00,2026-07-14 15:00:00,2026-07-14 16:00:00,2026-09-25 13:00:00,7917,24,1183,GOLD,GOLD_LONG_LOGISTIC_BASE_PLUS_ML_T060,LONG,LOGISTIC,BASE_PLUS_ML,0.6,SWING_ATR_RR,2,100,False,CONFIG_LOCAL_FALLBACK_MT5_UNAVAILABLE,3,3,1,2,33.33333333333333,0.2972099612190125,-0.3054357072872102,-0.3054357072872102,-0.9163071218616305,-0.9186838994148872,1.3021364411211374,2,99.08131610058511,0,0
5,2025-02-11 17:00:00,2026-07-13 14:00:00,2026-07-13 15:00:00,2026-07-14 15:00:00,2026-07-14 16:00:00,2026-09-25 13:00:00,7917,24,1183,GOLD,GOLD_LONG_LOGISTIC_BASE_PLUS_ML_T060,LONG,LOGISTIC,BASE_PLUS_ML,0.6,SWING_ATR_RR,2,100,True,CONFIG_LOCAL_FALLBACK_MT5_UNAVAILABLE,3,0,0,0,0.0,0.0,0.0,0.0,0.0,0.0,0.0,0,100.0,3,0
5,2025-02-11 17:00:00,2026-07-13 14:00:00,2026-07-13 15:00:00,2026-07-14 15:00:00,2026-07-14 16:00:00,2026-09-25 13:00:00,7917,24,1183,GOLD,GOLD_LONG_LOGISTIC_BASE_PLUS_ML_T060,LONG,LOGISTIC,BASE_PLUS_ML,0.6,SWING_ATR_RR,2,500,False,CONFIG_LOCAL_FALLBACK_MT5_UNAVAILABLE,3,3,1,2,33.33333333333333,0.29720996121900856,-0.3054357072872102,-0.3054357072872102,-0.9163071218616305,-0.9186838994148843,1.3021364411211263,2,495.4065805029256,0,0
5,2025-02-11 17:00:00,2026-07-13 14:00:00,2026-07-13 15:00:00,2026-07-14 15:00:00,2026-07-14 16:00:00,2026-09-25 13:00:00,7917,24,1183,GOLD,GOLD_LONG_LOGISTIC_BASE_PLUS_ML_T060,LONG,LOGISTIC,BASE_PLUS_ML,0.6,SWING_ATR_RR,2,500,True,CONFIG_LOCAL_FALLBACK_MT5_UNAVAILABLE,3,0,0,0,0.0,0.0,0.0,0.0,0.0,0.0,0.0,0,500.0,3,0
5,2025-02-11 17:00:00,2026-07-13 14:00:00,2026-07-13 15:00:00,2026-07-14 15:00:00,2026-07-14 16:00:00,2026-09-25 13:00:00,7917,24,1183,GOLD,GOLD_LONG_LOGISTIC_BASE_PLUS_ML_T060,LONG,LOGISTIC,BASE_PLUS_ML,0.6,SWING_ATR_RR,2,1000,False,CONFIG_LOCAL_FALLBACK_MT5_UNAVAILABLE,3,3,1,2,33.33333333333333,0.29720996121900856,-0.3054357072872102,-0.3054357072872102,-0.9163071218616305,-0.9186838994148843,1.3021364411211263,2,990.8131610058512,0,0
5,2025-02-11 17:00:00,2026-07-13 14:00:00,2026-07-13 15:00:00,2026-07-14 15:00:00,2026-07-14 16:00:00,2026-09-25 13:00:00,7917,24,1183,GOLD,GOLD_LONG_LOGISTIC_BASE_PLUS_ML_T060,LONG,LOGISTIC,BASE_PLUS_ML,0.6,SWING_ATR_RR,2,1000,True,CONFIG_LOCAL_FALLBACK_MT5_UNAVAILABLE,3,0,0,0,0.0,0.0,0.0,0.0,0.0,0.0,0.0,0,1000.0,3,0
5,2025-02-11 17:00:00,2026-07-13 14:00:00,2026-07-13 15:00:00,2026-07-14 15:00:00,2026-07-14 16:00:00,2026-09-25 13:00:00,7917,24,1183,GOLD,GOLD_LONG_LOGISTIC_BASE_PLUS_ML_T060,LONG,LOGISTIC,BASE_PLUS_ML,0.6,SWING_ATR_RR,2,5000,False,CONFIG_LOCAL_FALLBACK_MT5_UNAVAILABLE,3,3,1,2,33.33333333333333,0.29720996121900367,-0.3054357072872102,-0.3054357072872102,-0.9163071218616305,-0.9186838994149003,1.3021364411211398,2,4954.065805029255,0,0
5,2025-02-11 17:00:00,2026-07-13 14:00:00,2026-07-13 15:00:00,2026-07-14 15:00:00,2026-07-14 16:00:00,2026-09-25 13:00:00,7917,24,1183,GOLD,GOLD_LONG_LOGISTIC_BASE_PLUS_ML_T060,LONG,LOGISTIC,BASE_PLUS_ML,0.6,SWING_ATR_RR,2,5000,True,CONFIG_LOCAL_FALLBACK_MT5_UNAVAILABLE,3,1,0,1,0.0,0.0,-1.0491720669226998,-1.0491720669226998,-1.0491720669226998,-0.7730524942325429,0.7730524942325429,1,4961.347375288373,2,0
5,2025-02-11 17:00:00,2026-07-13 14:00:00,2026-07-13 15:00:00,2026-07-14 15:00:00,2026-07-14 16:00:00,2026-09-25 13:00:00,7917,24,1183,GOLD,GOLD_LONG_LOGISTIC_BASE_PLUS_ML_T060,LONG,LOGISTIC,BASE_PLUS_ML,0.6,SWING_ATR_RR,5,100,False,CONFIG_LOCAL_FALLBACK_MT5_UNAVAILABLE,3,3,1,2,33.33333333333333,0.2558598076539522,-0.3487536951666268,-0.3487536951666268,-1.0462610854998804,-1.0481329978562002,1.403457687730401,2,98.9518670021438,0,0
5,2025-02-11 17:00:00,2026-07-13 14:00:00,2026-07-13 15:00:00,2026-07-14 15:00:00,2026-07-14 16:00:00,2026-09-25 13:00:00,7917,24,1183,GOLD,GOLD_LONG_LOGISTIC_BASE_PLUS_ML_T060,LONG,LOGISTIC,BASE_PLUS_ML,0.6,SWING_ATR_RR,5,100,True,CONFIG_LOCAL_FALLBACK_MT5_UNAVAILABLE,3,0,0,0,0.0,0.0,0.0,0.0,0.0,0.0,0.0,0,100.0,3,0
5,2025-02-11 17:00:00,2026-07-13 14:00:00,2026-07-13 15:00:00,2026-07-14 15:00:00,2026-07-14 16:00:00,2026-09-25 13:00:00,7917,24,1183,GOLD,GOLD_LONG_LOGISTIC_BASE_PLUS_ML_T060,LONG,LOGISTIC,BASE_PLUS_ML,0.6,SWING_ATR_RR,5,500,False,CONFIG_LOCAL_FALLBACK_MT5_UNAVAILABLE,3,3,1,2,33.33333333333333,0.25585980765394967,-0.3487536951666268,-0.3487536951666268,-1.0462610854998804,-1.0481329978562144,1.4034576877304152,2,494.7593350107189,0,0
5,2025-02-11 17:00:00,2026-07-13 14:00:00,2026-07-13 15:00:00,2026-07-14 15:00:00,2026-07-14 16:00:00,2026-09-25 13:00:00,7917,24,1183,GOLD,GOLD_LONG_LOGISTIC_BASE_PLUS_ML_T060,LONG,LOGISTIC,BASE_PLUS_ML,0.6,SWING_ATR_RR,5,500,True,CONFIG_LOCAL_FALLBACK_MT5_UNAVAILABLE,3,0,0,0,0.0,0.0,0.0,0.0,0.0,0.0,0.0,0,500.0,3,0
5,2025-02-11 17:00:00,2026-07-13 14:00:00,2026-07-13 15:00:00,2026-07-14 15:00:00,2026-07-14 16:00:00,2026-09-25 13:00:00,7917,24,1183,GOLD,GOLD_LONG_LOGISTIC_BASE_PLUS_ML_T060,LONG,LOGISTIC,BASE_PLUS_ML,0.6,SWING_ATR_RR,5,1000,False,CONFIG_LOCAL_FALLBACK_MT5_UNAVAILABLE,3,3,1,2,33.33333333333333,0.25585980765394967,-0.3487536951666268,-0.3487536951666268,-1.0462610854998804,-1.0481329978562144,1.4034576877304152,2,989.5186700214379,0,0
5,2025-02-11 17:00:00,2026-07-13 14:00:00,2026-07-13 15:00:00,2026-07-14 15:00:00,2026-07-14 16:00:00,2026-09-25 13:00:00,7917,24,1183,GOLD,GOLD_LONG_LOGISTIC_BASE_PLUS_ML_T060,LONG,LOGISTIC,BASE_PLUS_ML,0.6,SWING_ATR_RR,5,1000,True,CONFIG_LOCAL_FALLBACK_MT5_UNAVAILABLE,3,0,0,0,0.0,0.0,0.0,0.0,0.0,0.0,0.0,0,1000.0,3,0
5,2025-02-11 17:00:00,2026-07-13 14:00:00,2026-07-13 15:00:00,2026-07-14 15:00:00,2026-07-14 16:00:00,2026-09-25 13:00:00,7917,24,1183,GOLD,GOLD_LONG_LOGISTIC_BASE_PLUS_ML_T060,LONG,LOGISTIC,BASE_PLUS_ML,0.6,SWING_ATR_RR,5,5000,False,CONFIG_LOCAL_FALLBACK_MT5_UNAVAILABLE,3,3,1,2,33.33333333333333,0.2558598076539574,-0.3487536951666268,-0.3487536951666268,-1.0462610854998804,-1.0481329978561917,1.4034576877303993,2,4947.59335010719,0,0
5,2025-02-11 17:00:00,2026-07-13 14:00:00,2026-07-13 15:00:00,2026-07-14 15:00:00,2026-07-14 16:00:00,2026-09-25 13:00:00,7917,24,1183,GOLD,GOLD_LONG_LOGISTIC_BASE_PLUS_ML_T060,LONG,LOGISTIC,BASE_PLUS_ML,0.6,SWING_ATR_RR,5,5000,True,CONFIG_LOCAL_FALLBACK_MT5_UNAVAILABLE,3,1,0,1,0.0,0.0,-1.1229301673067493,-1.1229301673067493,-1.1229301673067493,-0.8273990454507657,0.8273990454507657,1,4958.630047727462,2,0
5,2025-02-11 17:00:00,2026-07-13 14:00:00,2026-07-13 15:00:00,2026-07-14 15:00:00,2026-07-14 16:00:00,2026-09-25 13:00:00,7917,24,1183,GOLD,GOLD_LONG_LOGISTIC_BASE_PLUS_ML_T060,LONG,LOGISTIC,BASE_PLUS_ML,0.6,SWING_STRUCTURAL_TARGET,0,100,False,CONFIG_LOCAL_FALLBACK_MT5_UNAVAILABLE,3,2,1,1,50.0,0.17083008075192116,-0.41443879534904227,-0.41443879534904227,-0.8288775906980845,-0.8305888147910991,0.9999999999999956,1,99.1694111852089,0,1
5,2025-02-11 17:00:00,2026-07-13 14:00:00,2026-07-13 15:00:00,2026-07-14 15:00:00,2026-07-14 16:00:00,2026-09-25 13:00:00,7917,24,1183,GOLD,GOLD_LONG_LOGISTIC_BASE_PLUS_ML_T060,LONG,LOGISTIC,BASE_PLUS_ML,0.6,SWING_STRUCTURAL_TARGET,0,100,True,CONFIG_LOCAL_FALLBACK_MT5_UNAVAILABLE,3,0,0,0,0.0,0.0,0.0,0.0,0.0,0.0,0.0,0,100.0,2,1
5,2025-02-11 17:00:00,2026-07-13 14:00:00,2026-07-13 15:00:00,2026-07-14 15:00:00,2026-07-14 16:00:00,2026-09-25 13:00:00,7917,24,1183,GOLD,GOLD_LONG_LOGISTIC_BASE_PLUS_ML_T060,LONG,LOGISTIC,BASE_PLUS_ML,0.6,SWING_STRUCTURAL_TARGET,0,500,False,CONFIG_LOCAL_FALLBACK_MT5_UNAVAILABLE,3,2,1,1,50.0,0.17083008075192116,-0.41443879534904227,-0.41443879534904227,-0.8288775906980845,-0.8305888147910991,0.9999999999999956,1,495.8470559260445,0,1
5,2025-02-11 17:00:00,2026-07-13 14:00:00,2026-07-13 15:00:00,2026-07-14 15:00:00,2026-07-14 16:00:00,2026-09-25 13:00:00,7917,24,1183,GOLD,GOLD_LONG_LOGISTIC_BASE_PLUS_ML_T060,LONG,LOGISTIC,BASE_PLUS_ML,0.6,SWING_STRUCTURAL_TARGET,0,500,True,CONFIG_LOCAL_FALLBACK_MT5_UNAVAILABLE,3,0,0,0,0.0,0.0,0.0,0.0,0.0,0.0,0.0,0,500.0,2,1
5,2025-02-11 17:00:00,2026-07-13 14:00:00,2026-07-13 15:00:00,2026-07-14 15:00:00,2026-07-14 16:00:00,2026-09-25 13:00:00,7917,24,1183,GOLD,GOLD_LONG_LOGISTIC_BASE_PLUS_ML_T060,LONG,LOGISTIC,BASE_PLUS_ML,0.6,SWING_STRUCTURAL_TARGET,0,1000,False,CONFIG_LOCAL_FALLBACK_MT5_UNAVAILABLE,3,2,1,1,50.0,0.17083008075192116,-0.41443879534904227,-0.41443879534904227,-0.8288775906980845,-0.8305888147910991,0.9999999999999956,1,991.694111852089,0,1
5,2025-02-11 17:00:00,2026-07-13 14:00:00,2026-07-13 15:00:00,2026-07-14 15:00:00,2026-07-14 16:00:00,2026-09-25 13:00:00,7917,24,1183,GOLD,GOLD_LONG_LOGISTIC_BASE_PLUS_ML_T060,LONG,LOGISTIC,BASE_PLUS_ML,0.6,SWING_STRUCTURAL_TARGET,0,1000,True,CONFIG_LOCAL_FALLBACK_MT5_UNAVAILABLE,3,0,0,0,0.0,0.0,0.0,0.0,0.0,0.0,0.0,0,1000.0,2,1
5,2025-02-11 17:00:00,2026-07-13 14:00:00,2026-07-13 15:00:00,2026-07-14 15:00:00,2026-07-14 16:00:00,2026-09-25 13:00:00,7917,24,1183,GOLD,GOLD_LONG_LOGISTIC_BASE_PLUS_ML_T060,LONG,LOGISTIC,BASE_PLUS_ML,0.6,SWING_STRUCTURAL_TARGET,0,5000,False,CONFIG_LOCAL_FALLBACK_MT5_UNAVAILABLE,3,2,1,1,50.0,0.17083008075192116,-0.41443879534904227,-0.41443879534904227,-0.8288775906980845,-0.8305888147910991,0.9999999999999956,1,4958.470559260445,0,1
5,2025-02-11 17:00:00,2026-07-13 14:00:00,2026-07-13 15:00:00,2026-07-14 15:00:00,2026-07-14 16:00:00,2026-09-25 13:00:00,7917,24,1183,GOLD,GOLD_LONG_LOGISTIC_BASE_PLUS_ML_T060,LONG,LOGISTIC,BASE_PLUS_ML,0.6,SWING_STRUCTURAL_TARGET,0,5000,True,CONFIG_LOCAL_FALLBACK_MT5_UNAVAILABLE,3,1,0,1,0.0,0.0,-1.0,-1.0,-1.0,-0.736821460087067,0.736821460087067,1,4963.158926995647,1,1
5,2025-02-11 17:00:00,2026-07-13 14:00:00,2026-07-13 15:00:00,2026-07-14 15:00:00,2026-07-14 16:00:00,2026-09-25 13:00:00,7917,24,1183,GOLD,GOLD_LONG_LOGISTIC_BASE_PLUS_ML_T060,LONG,LOGISTIC,BASE_PLUS_ML,0.6,SWING_STRUCTURAL_TARGET,1,100,False,CONFIG_LOCAL_FALLBACK_MT5_UNAVAILABLE,3,2,1,1,50.0,0.15763285658686071,-0.4314081692520917,-0.4314081692520917,-0.8628163385041834,-0.8644738082050765,1.0245860334613446,1,99.13552619179492,0,1
5,2025-02-11 17:00:00,2026-07-13 14:00:00,2026-07-13 15:00:00,2026-07-14 15:00:00,2026-07-14 16:00:00,2026-09-25 13:00:00,7917,24,1183,GOLD,GOLD_LONG_LOGISTIC_BASE_PLUS_ML_T060,LONG,LOGISTIC,BASE_PLUS_ML,0.6,SWING_STRUCTURAL_TARGET,1,100,True,CONFIG_LOCAL_FALLBACK_MT5_UNAVAILABLE,3,0,0,0,0.0,0.0,0.0,0.0,0.0,0.0,0.0,0,100.0,2,1
5,2025-02-11 17:00:00,2026-07-13 14:00:00,2026-07-13 15:00:00,2026-07-14 15:00:00,2026-07-14 16:00:00,2026-09-25 13:00:00,7917,24,1183,GOLD,GOLD_LONG_LOGISTIC_BASE_PLUS_ML_T060,LONG,LOGISTIC,BASE_PLUS_ML,0.6,SWING_STRUCTURAL_TARGET,1,500,False,CONFIG_LOCAL_FALLBACK_MT5_UNAVAILABLE,3,2,1,1,50.0,0.15763285658684878,-0.4314081692520917,-0.4314081692520917,-0.8628163385041834,-0.8644738082050935,1.0245860334613504,1,495.67763095897453,0,1
5,2025-02-11 17:00:00,2026-07-13 14:00:00,2026-07-13 15:00:00,2026-07-14 15:00:00,2026-07-14 16:00:00,2026-09-25 13:00:00,7917,24,1183,GOLD,GOLD_LONG_LOGISTIC_BASE_PLUS_ML_T060,LONG,LOGISTIC,BASE_PLUS_ML,0.6,SWING_STRUCTURAL_TARGET,1,500,True,CONFIG_LOCAL_FALLBACK_MT5_UNAVAILABLE,3,0,0,0,0.0,0.0,0.0,0.0,0.0,0.0,0.0,0,500.0,2,1
5,2025-02-11 17:00:00,2026-07-13 14:00:00,2026-07-13 15:00:00,2026-07-14 15:00:00,2026-07-14 16:00:00,2026-09-25 13:00:00,7917,24,1183,GOLD,GOLD_LONG_LOGISTIC_BASE_PLUS_ML_T060,LONG,LOGISTIC,BASE_PLUS_ML,0.6,SWING_STRUCTURAL_TARGET,1,1000,False,CONFIG_LOCAL_FALLBACK_MT5_UNAVAILABLE,3,2,1,1,50.0,0.15763285658684878,-0.4314081692520917,-0.4314081692520917,-0.8628163385041834,-0.8644738082050935,1.0245860334613504,1,991.3552619179491,0,1
5,2025-02-11 17:00:00,2026-07-13 14:00:00,2026-07-13 15:00:00,2026-07-14 15:00:00,2026-07-14 16:00:00,2026-09-25 13:00:00,7917,24,1183,GOLD,GOLD_LONG_LOGISTIC_BASE_PLUS_ML_T060,LONG,LOGISTIC,BASE_PLUS_ML,0.6,SWING_STRUCTURAL_TARGET,1,1000,True,CONFIG_LOCAL_FALLBACK_MT5_UNAVAILABLE,3,0,0,0,0.0,0.0,0.0,0.0,0.0,0.0,0.0,0,1000.0,2,1
5,2025-02-11 17:00:00,2026-07-13 14:00:00,2026-07-13 15:00:00,2026-07-14 15:00:00,2026-07-14 16:00:00,2026-09-25 13:00:00,7917,24,1183,GOLD,GOLD_LONG_LOGISTIC_BASE_PLUS_ML_T060,LONG,LOGISTIC,BASE_PLUS_ML,0.6,SWING_STRUCTURAL_TARGET,1,5000,False,CONFIG_LOCAL_FALLBACK_MT5_UNAVAILABLE,3,2,1,1,50.0,0.1576328565868525,-0.4314081692520917,-0.4314081692520917,-0.8628163385041834,-0.8644738082050935,1.0245860334613548,1,4956.776309589745,0,1
5,2025-02-11 17:00:00,2026-07-13 14:00:00,2026-07-13 15:00:00,2026-07-14 15:00:00,2026-07-14 16:00:00,2026-09-25 13:00:00,7917,24,1183,GOLD,GOLD_LONG_LOGISTIC_BASE_PLUS_ML_T060,LONG,LOGISTIC,BASE_PLUS_ML,0.6,SWING_STRUCTURAL_TARGET,1,5000,True,CONFIG_LOCAL_FALLBACK_MT5_UNAVAILABLE,3,1,0,1,0.0,0.0,-1.02458603346135,-1.02458603346135,-1.02458603346135,-0.754936977159814,0.754936977159814,1,4962.253151142009,1,1
5,2025-02-11 17:00:00,2026-07-13 14:00:00,2026-07-13 15:00:00,2026-07-14 15:00:00,2026-07-14 16:00:00,2026-09-25 13:00:00,7917,24,1183,GOLD,GOLD_LONG_LOGISTIC_BASE_PLUS_ML_T060,LONG,LOGISTIC,BASE_PLUS_ML,0.6,SWING_STRUCTURAL_TARGET,2,100,False,CONFIG_LOCAL_FALLBACK_MT5_UNAVAILABLE,3,2,1,1,50.0,0.14505249385742086,-0.44837754315514106,-0.44837754315514106,-0.8967550863102821,-0.8983542026961118,1.0491720669226943,1,99.10164579730389,0,1
5,2025-02-11 17:00:00,2026-07-13 14:00:00,2026-07-13 15:00:00,2026-07-14 15:00:00,2026-07-14 16:00:00,2026-09-25 13:00:00,7917,24,1183,GOLD,GOLD_LONG_LOGISTIC_BASE_PLUS_ML_T060,LONG,LOGISTIC,BASE_PLUS_ML,0.6,SWING_STRUCTURAL_TARGET,2,100,True,CONFIG_LOCAL_FALLBACK_MT5_UNAVAILABLE,3,0,0,0,0.0,0.0,0.0,0.0,0.0,0.0,0.0,0,100.0,2,1
5,2025-02-11 17:00:00,2026-07-13 14:00:00,2026-07-13 15:00:00,2026-07-14 15:00:00,2026-07-14 16:00:00,2026-09-25 13:00:00,7917,24,1183,GOLD,GOLD_LONG_LOGISTIC_BASE_PLUS_ML_T060,LONG,LOGISTIC,BASE_PLUS_ML,0.6,SWING_STRUCTURAL_TARGET,2,500,False,CONFIG_LOCAL_FALLBACK_MT5_UNAVAILABLE,3,2,1,1,50.0,0.1450524938574232,-0.44837754315514106,-0.44837754315514106,-0.8967550863102821,-0.8983542026961118,1.049172066922697,1,495.50822898651944,0,1
5,2025-02-11 17:00:00,2026-07-13 14:00:00,2026-07-13 15:00:00,2026-07-14 15:00:00,2026-07-14 16:00:00,2026-09-25 13:00:00,7917,24,1183,GOLD,GOLD_LONG_LOGISTIC_BASE_PLUS_ML_T060,LONG,LOGISTIC,BASE_PLUS_ML,0.6,SWING_STRUCTURAL_TARGET,2,500,True,CONFIG_LOCAL_FALLBACK_MT5_UNAVAILABLE,3,0,0,0,0.0,0.0,0.0,0.0,0.0,0.0,0.0,0,500.0,2,1
5,2025-02-11 17:00:00,2026-07-13 14:00:00,2026-07-13 15:00:00,2026-07-14 15:00:00,2026-07-14 16:00:00,2026-09-25 13:00:00,7917,24,1183,GOLD,GOLD_LONG_LOGISTIC_BASE_PLUS_ML_T060,LONG,LOGISTIC,BASE_PLUS_ML,0.6,SWING_STRUCTURAL_TARGET,2,1000,False,CONFIG_LOCAL_FALLBACK_MT5_UNAVAILABLE,3,2,1,1,50.0,0.1450524938574232,-0.44837754315514106,-0.44837754315514106,-0.8967550863102821,-0.8983542026961118,1.049172066922697,1,991.0164579730389,0,1
5,2025-02-11 17:00:00,2026-07-13 14:00:00,2026-07-13 15:00:00,2026-07-14 15:00:00,2026-07-14 16:00:00,2026-09-25 13:00:00,7917,24,1183,GOLD,GOLD_LONG_LOGISTIC_BASE_PLUS_ML_T060,LONG,LOGISTIC,BASE_PLUS_ML,0.6,SWING_STRUCTURAL_TARGET,2,1000,True,CONFIG_LOCAL_FALLBACK_MT5_UNAVAILABLE,3,0,0,0,0.0,0.0,0.0,0.0,0.0,0.0,0.0,0,1000.0,2,1
5,2025-02-11 17:00:00,2026-07-13 14:00:00,2026-07-13 15:00:00,2026-07-14 15:00:00,2026-07-14 16:00:00,2026-09-25 13:00:00,7917,24,1183,GOLD,GOLD_LONG_LOGISTIC_BASE_PLUS_ML_T060,LONG,LOGISTIC,BASE_PLUS_ML,0.6,SWING_STRUCTURAL_TARGET,2,5000,False,CONFIG_LOCAL_FALLBACK_MT5_UNAVAILABLE,3,2,1,1,50.0,0.1450524938574204,-0.44837754315514106,-0.44837754315514106,-0.8967550863102821,-0.8983542026961185,1.0491720669227016,1,4955.082289865194,0,1
5,2025-02-11 17:00:00,2026-07-13 14:00:00,2026-07-13 15:00:00,2026-07-14 15:00:00,2026-07-14 16:00:00,2026-09-25 13:00:00,7917,24,1183,GOLD,GOLD_LONG_LOGISTIC_BASE_PLUS_ML_T060,LONG,LOGISTIC,BASE_PLUS_ML,0.6,SWING_STRUCTURAL_TARGET,2,5000,True,CONFIG_LOCAL_FALLBACK_MT5_UNAVAILABLE,3,1,0,1,0.0,0.0,-1.0491720669226998,-1.0491720669226998,-1.0491720669226998,-0.7730524942325429,0.7730524942325429,1,4961.347375288373,1,1
5,2025-02-11 17:00:00,2026-07-13 14:00:00,2026-07-13 15:00:00,2026-07-14 15:00:00,2026-07-14 16:00:00,2026-09-25 13:00:00,7917,24,1183,GOLD,GOLD_LONG_LOGISTIC_BASE_PLUS_ML_T060,LONG,LOGISTIC,BASE_PLUS_ML,0.6,SWING_STRUCTURAL_TARGET,5,100,False,CONFIG_LOCAL_FALLBACK_MT5_UNAVAILABLE,3,2,1,1,50.0,0.11060739311581134,-0.49928566486428905,-0.49928566486428905,-0.9985713297285781,-0.9999677926314519,1.1229301673067458,1,99.00003220736855,0,1
5,2025-02-11 17:00:00,2026-07-13 14:00:00,2026-07-13 15:00:00,2026-07-14 15:00:00,2026-07-14 16:00:00,2026-09-25 13:00:00,7917,24,1183,GOLD,GOLD_LONG_LOGISTIC_BASE_PLUS_ML_T060,LONG,LOGISTIC,BASE_PLUS_ML,0.6,SWING_STRUCTURAL_TARGET,5,100,True,CONFIG_LOCAL_FALLBACK_MT5_UNAVAILABLE,3,0,0,0,0.0,0.0,0.0,0.0,0.0,0.0,0.0,0,100.0,2,1
5,2025-02-11 17:00:00,2026-07-13 14:00:00,2026-07-13 15:00:00,2026-07-14 15:00:00,2026-07-14 16:00:00,2026-09-25 13:00:00,7917,24,1183,GOLD,GOLD_LONG_LOGISTIC_BASE_PLUS_ML_T060,LONG,LOGISTIC,BASE_PLUS_ML,0.6,SWING_STRUCTURAL_TARGET,5,500,False,CONFIG_LOCAL_FALLBACK_MT5_UNAVAILABLE,3,2,1,1,50.0,0.1106073931158063,-0.49928566486428905,-0.49928566486428905,-0.9985713297285781,-0.9999677926314575,1.1229301673067458,1,495.0001610368427,0,1
5,2025-02-11 17:00:00,2026-07-13 14:00:00,2026-07-13 15:00:00,2026-07-14 15:00:00,2026-07-14 16:00:00,2026-09-25 13:00:00,7917,24,1183,GOLD,GOLD_LONG_LOGISTIC_BASE_PLUS_ML_T060,LONG,LOGISTIC,BASE_PLUS_ML,0.6,SWING_STRUCTURAL_TARGET,5,500,True,CONFIG_LOCAL_FALLBACK_MT5_UNAVAILABLE,3,0,0,0,0.0,0.0,0.0,0.0,0.0,0.0,0.0,0,500.0,2,1
5,2025-02-11 17:00:00,2026-07-13 14:00:00,2026-07-13 15:00:00,2026-07-14 15:00:00,2026-07-14 16:00:00,2026-09-25 13:00:00,7917,24,1183,GOLD,GOLD_LONG_LOGISTIC_BASE_PLUS_ML_T060,LONG,LOGISTIC,BASE_PLUS_ML,0.6,SWING_STRUCTURAL_TARGET,5,1000,False,CONFIG_LOCAL_FALLBACK_MT5_UNAVAILABLE,3,2,1,1,50.0,0.1106073931158063,-0.49928566486428905,-0.49928566486428905,-0.9985713297285781,-0.9999677926314575,1.1229301673067458,1,990.0003220736854,0,1
5,2025-02-11 17:00:00,2026-07-13 14:00:00,2026-07-13 15:00:00,2026-07-14 15:00:00,2026-07-14 16:00:00,2026-09-25 13:00:00,7917,24,1183,GOLD,GOLD_LONG_LOGISTIC_BASE_PLUS_ML_T060,LONG,LOGISTIC,BASE_PLUS_ML,0.6,SWING_STRUCTURAL_TARGET,5,1000,True,CONFIG_LOCAL_FALLBACK_MT5_UNAVAILABLE,3,0,0,0,0.0,0.0,0.0,0.0,0.0,0.0,0.0,0,1000.0,2,1
5,2025-02-11 17:00:00,2026-07-13 14:00:00,2026-07-13 15:00:00,2026-07-14 15:00:00,2026-07-14 16:00:00,2026-09-25 13:00:00,7917,24,1183,GOLD,GOLD_LONG_LOGISTIC_BASE_PLUS_ML_T060,LONG,LOGISTIC,BASE_PLUS_ML,0.6,SWING_STRUCTURAL_TARGET,5,5000,False,CONFIG_LOCAL_FALLBACK_MT5_UNAVAILABLE,3,2,1,1,50.0,0.11060739311580517,-0.49928566486428905,-0.49928566486428905,-0.9985713297285781,-0.9999677926314688,1.1229301673067573,1,4950.001610368427,0,1
5,2025-02-11 17:00:00,2026-07-13 14:00:00,2026-07-13 15:00:00,2026-07-14 15:00:00,2026-07-14 16:00:00,2026-09-25 13:00:00,7917,24,1183,GOLD,GOLD_LONG_LOGISTIC_BASE_PLUS_ML_T060,LONG,LOGISTIC,BASE_PLUS_ML,0.6,SWING_STRUCTURAL_TARGET,5,5000,True,CONFIG_LOCAL_FALLBACK_MT5_UNAVAILABLE,3,1,0,1,0.0,0.0,-1.1229301673067493,-1.1229301673067493,-1.1229301673067493,-0.8273990454507657,0.8273990454507657,1,4958.630047727462,1,1
1,2025-02-11 17:00:00,2025-09-04 16:00:00,2025-09-04 17:00:00,2025-09-05 17:00:00,2025-09-05 18:00:00,2025-11-19 03:00:00,3193,24,1181,GOLD,GOLD_LONG_LOGISTIC_BASE_PLUS_ML_T055,LONG,LOGISTIC,BASE_PLUS_ML,0.55,ATR_ONLY,0,100,False,CONFIG_LOCAL_FALLBACK_MT5_UNAVAILABLE,12,12,9,3,75.0,6.096527291489827,1.2499999999999785,1.2499999999999785,14.999999999999742,15.959712424165673,1.0000000000000062,1,115.95971242416567,0,0
1,2025-02-11 17:00:00,2025-09-04 16:00:00,2025-09-04 17:00:00,2025-09-05 17:00:00,2025-09-05 18:00:00,2025-11-19 03:00:00,3193,24,1181,GOLD,GOLD_LONG_LOGISTIC_BASE_PLUS_ML_T055,LONG,LOGISTIC,BASE_PLUS_ML,0.55,ATR_ONLY,0,100,True,CONFIG_LOCAL_FALLBACK_MT5_UNAVAILABLE,12,0,0,0,0.0,0.0,0.0,0.0,0.0,0.0,0.0,0,100.0,12,0
1,2025-02-11 17:00:00,2025-09-04 16:00:00,2025-09-04 17:00:00,2025-09-05 17:00:00,2025-09-05 18:00:00,2025-11-19 03:00:00,3193,24,1181,GOLD,GOLD_LONG_LOGISTIC_BASE_PLUS_ML_T055,LONG,LOGISTIC,BASE_PLUS_ML,0.55,ATR_ONLY,0,500,False,CONFIG_LOCAL_FALLBACK_MT5_UNAVAILABLE,12,12,9,3,75.0,6.096527291489819,1.2499999999999785,1.2499999999999785,14.999999999999742,15.959712424165652,1.0000000000000049,1,579.7985621208283,0,0
1,2025-02-11 17:00:00,2025-09-04 16:00:00,2025-09-04 17:00:00,2025-09-05 17:00:00,2025-09-05 18:00:00,2025-11-19 03:00:00,3193,24,1181,GOLD,GOLD_LONG_LOGISTIC_BASE_PLUS_ML_T055,LONG,LOGISTIC,BASE_PLUS_ML,0.55,ATR_ONLY,0,500,True,CONFIG_LOCAL_FALLBACK_MT5_UNAVAILABLE,12,0,0,0,0.0,0.0,0.0,0.0,0.0,0.0,0.0,0,500.0,12,0
1,2025-02-11 17:00:00,2025-09-04 16:00:00,2025-09-04 17:00:00,2025-09-05 17:00:00,2025-09-05 18:00:00,2025-11-19 03:00:00,3193,24,1181,GOLD,GOLD_LONG_LOGISTIC_BASE_PLUS_ML_T055,LONG,LOGISTIC,BASE_PLUS_ML,0.55,ATR_ONLY,0,1000,False,CONFIG_LOCAL_FALLBACK_MT5_UNAVAILABLE,12,12,9,3,75.0,6.096527291489819,1.2499999999999785,1.2499999999999785,14.999999999999742,15.959712424165652,1.0000000000000049,1,1159.5971242416565,0,0
1,2025-02-11 17:00:00,2025-09-04 16:00:00,2025-09-04 17:00:00,2025-09-05 17:00:00,2025-09-05 18:00:00,2025-11-19 03:00:00,3193,24,1181,GOLD,GOLD_LONG_LOGISTIC_BASE_PLUS_ML_T055,LONG,LOGISTIC,BASE_PLUS_ML,0.55,ATR_ONLY,0,1000,True,CONFIG_LOCAL_FALLBACK_MT5_UNAVAILABLE,12,2,1,1,50.0,1.6413686894874202,0.5,0.5,1.0,0.5706457911290727,0.8897312894789592,1,1005.7064579112907,10,0
1,2025-02-11 17:00:00,2025-09-04 16:00:00,2025-09-04 17:00:00,2025-09-05 17:00:00,2025-09-05 18:00:00,2025-11-19 03:00:00,3193,24,1181,GOLD,GOLD_LONG_LOGISTIC_BASE_PLUS_ML_T055,LONG,LOGISTIC,BASE_PLUS_ML,0.55,ATR_ONLY,0,5000,False,CONFIG_LOCAL_FALLBACK_MT5_UNAVAILABLE,12,12,9,3,75.0,6.09652729148981,1.2499999999999785,1.2499999999999785,14.999999999999742,15.959712424165645,1.0000000000000033,1,5797.985621208282,0,0
1,2025-02-11 17:00:00,2025-09-04 16:00:00,2025-09-04 17:00:00,2025-09-05 17:00:00,2025-09-05 18:00:00,2025-11-19 03:00:00,3193,24,1181,GOLD,GOLD_LONG_LOGISTIC_BASE_PLUS_ML_T055,LONG,LOGISTIC,BASE_PLUS_ML,0.55,ATR_ONLY,0,5000,True,CONFIG_LOCAL_FALLBACK_MT5_UNAVAILABLE,12,12,9,3,75.0,5.410514782419369,1.2499999999999785,1.2499999999999785,14.999999999999742,12.389052026960199,0.9696660073835732,1,5619.45260134801,0,0
1,2025-02-11 17:00:00,2025-09-04 16:00:00,2025-09-04 17:00:00,2025-09-05 17:00:00,2025-09-05 18:00:00,2025-11-19 03:00:00,3193,24,1181,GOLD,GOLD_LONG_LOGISTIC_BASE_PLUS_ML_T055,LONG,LOGISTIC,BASE_PLUS_ML,0.55,ATR_ONLY,1,100,False,CONFIG_LOCAL_FALLBACK_MT5_UNAVAILABLE,12,12,9,3,75.0,5.519809061977246,1.1877347339368933,1.1877347339368933,14.25281680724272,15.105861886636573,1.0828149236690594,1,115.10586188663657,0,0
1,2025-02-11 17:00:00,2025-09-04 16:00:00,2025-09-04 17:00:00,2025-09-05 17:00:00,2025-09-05 18:00:00,2025-11-19 03:00:00,3193,24,1181,GOLD,GOLD_LONG_LOGISTIC_BASE_PLUS_ML_T055,LONG,LOGISTIC,BASE_PLUS_ML,0.55,ATR_ONLY,1,100,True,CONFIG_LOCAL_FALLBACK_MT5_UNAVAILABLE,12,0,0,0,0.0,0.0,0.0,0.0,0.0,0.0,0.0,0,100.0,12,0
1,2025-02-11 17:00:00,2025-09-04 16:00:00,2025-09-04 17:00:00,2025-09-05 17:00:00,2025-09-05 18:00:00,2025-11-19 03:00:00,3193,24,1181,GOLD,GOLD_LONG_LOGISTIC_BASE_PLUS_ML_T055,LONG,LOGISTIC,BASE_PLUS_ML,0.55,ATR_ONLY,1,500,False,CONFIG_LOCAL_FALLBACK_MT5_UNAVAILABLE,12,12,9,3,75.0,5.519809061977237,1.1877347339368933,1.1877347339368933,14.25281680724272,15.105861886636557,1.082814923669062,1,575.5293094331828,0,0
1,2025-02-11 17:00:00,2025-09-04 16:00:00,2025-09-04 17:00:00,2025-09-05 17:00:00,2025-09-05 18:00:00,2025-11-19 03:00:00,3193,24,1181,GOLD,GOLD_LONG_LOGISTIC_BASE_PLUS_ML_T055,LONG,LOGISTIC,BASE_PLUS_ML,0.55,ATR_ONLY,1,500,True,CONFIG_LOCAL_FALLBACK_MT5_UNAVAILABLE,12,0,0,0,0.0,0.0,0.0,0.0,0.0,0.0,0.0,0,500.0,12,0
1,2025-02-11 17:00:00,2025-09-04 16:00:00,2025-09-04 17:00:00,2025-09-05 17:00:00,2025-09-05 18:00:00,2025-11-19 03:00:00,3193,24,1181,GOLD,GOLD_LONG_LOGISTIC_BASE_PLUS_ML_T055,LONG,LOGISTIC,BASE_PLUS_ML,0.55,ATR_ONLY,1,1000,False,CONFIG_LOCAL_FALLBACK_MT5_UNAVAILABLE,12,12,9,3,75.0,5.519809061977237,1.1877347339368933,1.1877347339368933,14.25281680724272,15.105861886636557,1.082814923669062,1,1151.0586188663656,0,0
1,2025-02-11 17:00:00,2025-09-04 16:00:00,2025-09-04 17:00:00,2025-09-05 17:00:00,2025-09-05 18:00:00,2025-11-19 03:00:00,3193,24,1181,GOLD,GOLD_LONG_LOGISTIC_BASE_PLUS_ML_T055,LONG,LOGISTIC,BASE_PLUS_ML,0.55,ATR_ONLY,1,1000,True,CONFIG_LOCAL_FALLBACK_MT5_UNAVAILABLE,12,2,1,1,50.0,1.4392738591624719,0.4080850098627179,0.4080850098627179,0.8161700197254358,0.42320272557340105,0.963414318303137,1,1004.232027255734,10,0
1,2025-02-11 17:00:00,2025-09-04 16:00:00,2025-09-04 17:00:00,2025-09-05 17:00:00,2025-09-05 18:00:00,2025-11-19 03:00:00,3193,24,1181,GOLD,GOLD_LONG_LOGISTIC_BASE_PLUS_ML_T055,LONG,LOGISTIC,BASE_PLUS_ML,0.55,ATR_ONLY,1,5000,False,CONFIG_LOCAL_FALLBACK_MT5_UNAVAILABLE,12,12,9,3,75.0,5.51980906197725,1.1877347339368933,1.1877347339368933,14.25281680724272,15.105861886636612,1.0828149236690687,1,5755.293094331831,0,0
1,2025-02-11 17:00:00,2025-09-04 16:00:00,2025-09-04 17:00:00,2025-09-05 17:00:00,2025-09-05 18:00:00,2025-11-19 03:00:00,3193,24,1181,GOLD,GOLD_LONG_LOGISTIC_BASE_PLUS_ML_T055,LONG,LOGISTIC,BASE_PLUS_ML,0.55,ATR_ONLY,1,5000,True,CONFIG_LOCAL_FALLBACK_MT5_UNAVAILABLE,12,12,9,3,75.0,4.901440743529625,1.1877347339368933,1.1877347339368933,14.25281680724272,11.726020720390334,1.0326058056589986,1,5586.301036019517,0,0
1,2025-02-11 17:00:00,2025-09-04 16:00:00,2025-09-04 17:00:00,2025-09-05 17:00:00,2025-09-05 18:00:00,2025-11-19 03:00:00,3193,24,1181,GOLD,GOLD_LONG_LOGISTIC_BASE_PLUS_ML_T055,LONG,LOGISTIC,BASE_PLUS_ML,0.55,ATR_ONLY,2,100,False,CONFIG_LOCAL_FALLBACK_MT5_UNAVAILABLE,12,12,9,3,75.0,5.014365768764866,1.1254694678738082,1.1254694678738082,13.5056336144857,14.257732393137715,1.1656298473381221,1,114.25773239313772,0,0
1,2025-02-11 17:00:00,2025-09-04 16:00:00,2025-09-04 17:00:00,2025-09-05 17:00:00,2025-09-05 18:00:00,2025-11-19 03:00:00,3193,24,1181,GOLD,GOLD_LONG_LOGISTIC_BASE_PLUS_ML_T055,LONG,LOGISTIC,BASE_PLUS_ML,0.55,ATR_ONLY,2,100,True,CONFIG_LOCAL_FALLBACK_MT5_UNAVAILABLE,12,0,0,0,0.0,0.0,0.0,0.0,0.0,0.0,0.0,0,100.0,12,0
1,2025-02-11 17:00:00,2025-09-04 16:00:00,2025-09-04 17:00:00,2025-09-05 17:00:00,2025-09-05 18:00:00,2025-11-19 03:00:00,3193,24,1181,GOLD,GOLD_LONG_LOGISTIC_BASE_PLUS_ML_T055,LONG,LOGISTIC,BASE_PLUS_ML,0.55,ATR_ONLY,2,500,False,CONFIG_LOCAL_FALLBACK_MT5_UNAVAILABLE,12,12,9,3,75.0,5.014365768764877,1.1254694678738082,1.1254694678738082,13.5056336144857,14.257732393137712,1.1656298473381248,1,571.2886619656886,0,0
1,2025-02-11 17:00:00,2025-09-04 16:00:00,2025-09-04 17:00:00,2025-09-05 17:00:00,2025-09-05 18:00:00,2025-11-19 03:00:00,3193,24,1181,GOLD,GOLD_LONG_LOGISTIC_BASE_PLUS_ML_T055,LONG,LOGISTIC,BASE_PLUS_ML,0.55,ATR_ONLY,2,500,True,CONFIG_LOCAL_FALLBACK_MT5_UNAVAILABLE,12,0,0,0,0.0,0.0,0.0,0.0,0.0,0.0,0.0,0,500.0,12,0
1,2025-02-11 17:00:00,2025-09-04 16:00:00,2025-09-04 17:00:00,2025-09-05 17:00:00,2025-09-05 18:00:00,2025-11-19 03:00:00,3193,24,1181,GOLD,GOLD_LONG_LOGISTIC_BASE_PLUS_ML_T055,LONG,LOGISTIC,BASE_PLUS_ML,0.55,ATR_ONLY,2,1000,False,CONFIG_LOCAL_FALLBACK_MT5_UNAVAILABLE,12,12,9,3,75.0,5.014365768764877,1.1254694678738082,1.1254694678738082,13.5056336144857,14.257732393137712,1.1656298473381248,1,1142.5773239313771,0,0
1,2025-02-11 17:00:00,2025-09-04 16:00:00,2025-09-04 17:00:00,2025-09-05 17:00:00,2025-09-05 18:00:00,2025-11-19 03:00:00,3193,24,1181,GOLD,GOLD_LONG_LOGISTIC_BASE_PLUS_ML_T055,LONG,LOGISTIC,BASE_PLUS_ML,0.55,ATR_ONLY,2,1000,True,CONFIG_LOCAL_FALLBACK_MT5_UNAVAILABLE,12,2,1,1,50.0,1.2658956372625507,0.3161700197254359,0.3161700197254359,0.6323400394508718,0.275759660017718,1.0370973471273146,1,1002.7575966001772,10,0
1,2025-02-11 17:00:00,2025-09-04 16:00:00,2025-09-04 17:00:00,2025-09-05 17:00:00,2025-09-05 18:00:00,2025-11-19 03:00:00,3193,24,1181,GOLD,GOLD_LONG_LOGISTIC_BASE_PLUS_ML_T055,LONG,LOGISTIC,BASE_PLUS_ML,0.55,ATR_ONLY,2,5000,False,CONFIG_LOCAL_FALLBACK_MT5_UNAVAILABLE,12,12,9,3,75.0,5.014365768764885,1.1254694678738082,1.1254694678738082,13.5056336144857,14.25773239313772,1.1656298473381204,1,5712.886619656886,0,0
1,2025-02-11 17:00:00,2025-09-04 16:00:00,2025-09-04 17:00:00,2025-09-05 17:00:00,2025-09-05 18:00:00,2025-11-19 03:00:00,3193,24,1181,GOLD,GOLD_LONG_LOGISTIC_BASE_PLUS_ML_T055,LONG,LOGISTIC,BASE_PLUS_ML,0.55,ATR_ONLY,2,5000,True,CONFIG_LOCAL_FALLBACK_MT5_UNAVAILABLE,12,12,9,3,75.0,4.454871192094065,1.1254694678738082,1.1254694678738082,13.5056336144857,11.062989413820452,1.09603184905943,1,5553.1494706910225,0,0
1,2025-02-11 17:00:00,2025-09-04 16:00:00,2025-09-04 17:00:00,2025-09-05 17:00:00,2025-09-05 18:00:00,2025-11-19 03:00:00,3193,24,1181,GOLD,GOLD_LONG_LOGISTIC_BASE_PLUS_ML_T055,LONG,LOGISTIC,BASE_PLUS_ML,0.55,ATR_ONLY,5,100,False,CONFIG_LOCAL_FALLBACK_MT5_UNAVAILABLE,12,12,9,3,75.0,3.8147024686701383,0.9386736696845531,0.9386736696845531,11.264084036214637,11.747325214870926,1.4140746183453097,1,111.74732521487093,0,0
1,2025-02-11 17:00:00,2025-09-04 16:00:00,2025-09-04 17:00:00,2025-09-05 17:00:00,2025-09-05 18:00:00,2025-11-19 03:00:00,3193,24,1181,GOLD,GOLD_LONG_LOGISTIC_BASE_PLUS_ML_T055,LONG,LOGISTIC,BASE_PLUS_ML,0.55,ATR_ONLY,5,100,True,CONFIG_LOCAL_FALLBACK_MT5_UNAVAILABLE,12,0,0,0,0.0,0.0,0.0,0.0,0.0,0.0,0.0,0,100.0,12,0
1,2025-02-11 17:00:00,2025-09-04 16:00:00,2025-09-04 17:00:00,2025-09-05 17:00:00,2025-09-05 18:00:00,2025-11-19 03:00:00,3193,24,1181,GOLD,GOLD_LONG_LOGISTIC_BASE_PLUS_ML_T055,LONG,LOGISTIC,BASE_PLUS_ML,0.55,ATR_ONLY,5,500,False,CONFIG_LOCAL_FALLBACK_MT5_UNAVAILABLE,12,12,9,3,75.0,3.814702468670141,0.9386736696845531,0.9386736696845531,11.264084036214637,11.747325214870921,1.4140746183453126,1,558.7366260743546,0,0
1,2025-02-11 17:00:00,2025-09-04 16:00:00,2025-09-04 17:00:00,2025-09-05 17:00:00,2025-09-05 18:00:00,2025-11-19 03:00:00,3193,24,1181,GOLD,GOLD_LONG_LOGISTIC_BASE_PLUS_ML_T055,LONG,LOGISTIC,BASE_PLUS_ML,0.55,ATR_ONLY,5,500,True,CONFIG_LOCAL_FALLBACK_MT5_UNAVAILABLE,12,0,0,0,0.0,0.0,0.0,0.0,0.0,0.0,0.0,0,500.0,12,0
1,2025-02-11 17:00:00,2025-09-04 16:00:00,2025-09-04 17:00:00,2025-09-05 17:00:00,2025-09-05 18:00:00,2025-11-19 03:00:00,3193,24,1181,GOLD,GOLD_LONG_LOGISTIC_BASE_PLUS_ML_T055,LONG,LOGISTIC,BASE_PLUS_ML,0.55,ATR_ONLY,5,1000,False,CONFIG_LOCAL_FALLBACK_MT5_UNAVAILABLE,12,12,9,3,75.0,3.814702468670141,0.9386736696845531,0.9386736696845531,11.264084036214637,11.747325214870921,1.4140746183453126,1,1117.4732521487092,0,0
1,2025-02-11 17:00:00,2025-09-04 16:00:00,2025-09-04 17:00:00,2025-09-05 17:00:00,2025-09-05 18:00:00,2025-11-19 03:00:00,3193,24,1181,GOLD,GOLD_LONG_LOGISTIC_BASE_PLUS_ML_T055,LONG,LOGISTIC,BASE_PLUS_ML,0.55,ATR_ONLY,5,1000,True,CONFIG_LOCAL_FALLBACK_MT5_UNAVAILABLE,12,2,1,1,50.0,0.8676071940428156,0.0404250493135897,0.0404250493135897,0.0808500986271794,-0.16656953664930824,1.2581464335998476,1,998.3343046335069,10,0
1,2025-02-11 17:00:00,2025-09-04 16:00:00,2025-09-04 17:00:00,2025-09-05 17:00:00,2025-09-05 18:00:00,2025-11-19 03:00:00,3193,24,1181,GOLD,GOLD_LONG_LOGISTIC_BASE_PLUS_ML_T055,LONG,LOGISTIC,BASE_PLUS_ML,0.55,ATR_ONLY,5,5000,False,CONFIG_LOCAL_FALLBACK_MT5_UNAVAILABLE,12,12,9,3,75.0,3.814702468670137,0.9386736696845531,0.9386736696845531,11.264084036214637,11.747325214870944,1.4140746183453168,1,5587.366260743547,0,0
1,2025-02-11 17:00:00,2025-09-04 16:00:00,2025-09-04 17:00:00,2025-09-05 17:00:00,2025-09-05 18:00:00,2025-11-19 03:00:00,3193,24,1181,GOLD,GOLD_LONG_LOGISTIC_BASE_PLUS_ML_T055,LONG,LOGISTIC,BASE_PLUS_ML,0.55,ATR_ONLY,5,5000,True,CONFIG_LOCAL_FALLBACK_MT5_UNAVAILABLE,12,12,9,3,75.0,3.3929778283556202,0.9386736696845531,0.9386736696845531,11.264084036214637,9.073895494110802,1.2892844583740124,1,5453.69477470554,0,0
1,2025-02-11 17:00:00,2025-09-04 16:00:00,2025-09-04 17:00:00,2025-09-05 17:00:00,2025-09-05 18:00:00,2025-11-19 03:00:00,3193,24,1181,GOLD,GOLD_LONG_LOGISTIC_BASE_PLUS_ML_T055,LONG,LOGISTIC,BASE_PLUS_ML,0.55,SWING_ATR,0,100,False,CONFIG_LOCAL_FALLBACK_MT5_UNAVAILABLE,12,12,10,2,83.33333333333334,5.098280432370559,0.3038347444477045,0.3038347444477045,3.646016933372454,3.699113076526686,0.7147176453057305,1,103.69911307652669,0,0
1,2025-02-11 17:00:00,2025-09-04 16:00:00,2025-09-04 17:00:00,2025-09-05 17:00:00,2025-09-05 18:00:00,2025-11-19 03:00:00,3193,24,1181,GOLD,GOLD_LONG_LOGISTIC_BASE_PLUS_ML_T055,LONG,LOGISTIC,BASE_PLUS_ML,0.55,SWING_ATR,0,100,True,CONFIG_LOCAL_FALLBACK_MT5_UNAVAILABLE,12,0,0,0,0.0,0.0,0.0,0.0,0.0,0.0,0.0,0,100.0,12,0
1,2025-02-11 17:00:00,2025-09-04 16:00:00,2025-09-04 17:00:00,2025-09-05 17:00:00,2025-09-05 18:00:00,2025-11-19 03:00:00,3193,24,1181,GOLD,GOLD_LONG_LOGISTIC_BASE_PLUS_ML_T055,LONG,LOGISTIC,BASE_PLUS_ML,0.55,SWING_ATR,0,500,False,CONFIG_LOCAL_FALLBACK_MT5_UNAVAILABLE,12,12,10,2,83.33333333333334,5.098280432370539,0.3038347444477045,0.3038347444477045,3.646016933372454,3.6991130765267144,0.7147176453057333,1,518.4955653826336,0,0
1,2025-02-11 17:00:00,2025-09-04 16:00:00,2025-09-04 17:00:00,2025-09-05 17:00:00,2025-09-05 18:00:00,2025-11-19 03:00:00,3193,24,1181,GOLD,GOLD_LONG_LOGISTIC_BASE_PLUS_ML_T055,LONG,LOGISTIC,BASE_PLUS_ML,0.55,SWING_ATR,0,500,True,CONFIG_LOCAL_FALLBACK_MT5_UNAVAILABLE,12,0,0,0,0.0,0.0,0.0,0.0,0.0,0.0,0.0,0,500.0,12,0
1,2025-02-11 17:00:00,2025-09-04 16:00:00,2025-09-04 17:00:00,2025-09-05 17:00:00,2025-09-05 18:00:00,2025-11-19 03:00:00,3193,24,1181,GOLD,GOLD_LONG_LOGISTIC_BASE_PLUS_ML_T055,LONG,LOGISTIC,BASE_PLUS_ML,0.55,SWING_ATR,0,1000,False,CONFIG_LOCAL_FALLBACK_MT5_UNAVAILABLE,12,12,10,2,83.33333333333334,5.098280432370539,0.3038347444477045,0.3038347444477045,3.646016933372454,3.6991130765267144,0.7147176453057333,1,1036.9911307652671,0,0
1,2025-02-11 17:00:00,2025-09-04 16:00:00,2025-09-04 17:00:00,2025-09-05 17:00:00,2025-09-05 18:00:00,2025-11-19 03:00:00,3193,24,1181,GOLD,GOLD_LONG_LOGISTIC_BASE_PLUS_ML_T055,LONG,LOGISTIC,BASE_PLUS_ML,0.55,SWING_ATR,0,1000,True,CONFIG_LOCAL_FALLBACK_MT5_UNAVAILABLE,12,0,0,0,0.0,0.0,0.0,0.0,0.0,0.0,0.0,0,1000.0,12,0
1,2025-02-11 17:00:00,2025-09-04 16:00:00,2025-09-04 17:00:00,2025-09-05 17:00:00,2025-09-05 18:00:00,2025-11-19 03:00:00,3193,24,1181,GOLD,GOLD_LONG_LOGISTIC_BASE_PLUS_ML_T055,LONG,LOGISTIC,BASE_PLUS_ML,0.55,SWING_ATR,0,5000,False,CONFIG_LOCAL_FALLBACK_MT5_UNAVAILABLE,12,12,10,2,83.33333333333334,5.098280432370565,0.3038347444477045,0.3038347444477045,3.646016933372454,3.6991130765267006,0.7147176453057287,1,5184.955653826335,0,0
1,2025-02-11 17:00:00,2025-09-04 16:00:00,2025-09-04 17:00:00,2025-09-05 17:00:00,2025-09-05 18:00:00,2025-11-19 03:00:00,3193,24,1181,GOLD,GOLD_LONG_LOGISTIC_BASE_PLUS_ML_T055,LONG,LOGISTIC,BASE_PLUS_ML,0.55,SWING_ATR,0,5000,True,CONFIG_LOCAL_FALLBACK_MT5_UNAVAILABLE,12,4,2,2,50.0,0.9195105980919484,0.03300866516594412,0.03300866516594412,0.13203466066377648,-0.060850066445418634,0.644215548293581,1,4996.957496677729,8,0
1,2025-02-11 17:00:00,2025-09-04 16:00:00,2025-09-04 17:00:00,2025-09-05 17:00:00,2025-09-05 18:00:00,2025-11-19 03:00:00,3193,24,1181,GOLD,GOLD_LONG_LOGISTIC_BASE_PLUS_ML_T055,LONG,LOGISTIC,BASE_PLUS_ML,0.55,SWING_ATR,1,100,False,CONFIG_LOCAL_FALLBACK_MT5_UNAVAILABLE,12,12,10,2,83.33333333333334,4.7281055489075845,0.28915197086784095,0.28915197086784095,3.4698236504140914,3.517043223949315,0.7314398829048391,1,103.51704322394932,0,0
1,2025-02-11 17:00:00,2025-09-04 16:00:00,2025-09-04 17:00:00,2025-09-05 17:00:00,2025-09-05 18:00:00,2025-11-19 03:00:00,3193,24,1181,GOLD,GOLD_LONG_LOGISTIC_BASE_PLUS_ML_T055,LONG,LOGISTIC,BASE_PLUS_ML,0.55,SWING_ATR,1,100,True,CONFIG_LOCAL_FALLBACK_MT5_UNAVAILABLE,12,0,0,0,0.0,0.0,0.0,0.0,0.0,0.0,0.0,0,100.0,12,0
1,2025-02-11 17:00:00,2025-09-04 16:00:00,2025-09-04 17:00:00,2025-09-05 17:00:00,2025-09-05 18:00:00,2025-11-19 03:00:00,3193,24,1181,GOLD,GOLD_LONG_LOGISTIC_BASE_PLUS_ML_T055,LONG,LOGISTIC,BASE_PLUS_ML,0.55,SWING_ATR,1,500,False,CONFIG_LOCAL_FALLBACK_MT5_UNAVAILABLE,12,12,10,2,83.33333333333334,4.728105548907665,0.28915197086784095,0.28915197086784095,3.4698236504140914,3.5170432239493494,0.7314398829048334,1,517.5852161197467,0,0
1,2025-02-11 17:00:00,2025-09-04 16:00:00,2025-09-04 17:00:00,2025-09-05 17:00:00,2025-09-05 18:00:00,2025-11-19 03:00:00,3193,24,1181,GOLD,GOLD_LONG_LOGISTIC_BASE_PLUS_ML_T055,LONG,LOGISTIC,BASE_PLUS_ML,0.55,SWING_ATR,1,500,True,CONFIG_LOCAL_FALLBACK_MT5_UNAVAILABLE,12,0,0,0,0.0,0.0,0.0,0.0,0.0,0.0,0.0,0,500.0,12,0
1,2025-02-11 17:00:00,2025-09-04 16:00:00,2025-09-04 17:00:00,2025-09-05 17:00:00,2025-09-05 18:00:00,2025-11-19 03:00:00,3193,24,1181,GOLD,GOLD_LONG_LOGISTIC_BASE_PLUS_ML_T055,LONG,LOGISTIC,BASE_PLUS_ML,0.55,SWING_ATR,1,1000,False,CONFIG_LOCAL_FALLBACK_MT5_UNAVAILABLE,12,12,10,2,83.33333333333334,4.728105548907665,0.28915197086784095,0.28915197086784095,3.4698236504140914,3.5170432239493494,0.7314398829048334,1,1035.1704322394935,0,0
1,2025-02-11 17:00:00,2025-09-04 16:00:00,2025-09-04 17:00:00,2025-09-05 17:00:00,2025-09-05 18:00:00,2025-11-19 03:00:00,3193,24,1181,GOLD,GOLD_LONG_LOGISTIC_BASE_PLUS_ML_T055,LONG,LOGISTIC,BASE_PLUS_ML,0.55,SWING_ATR,1,1000,True,CONFIG_LOCAL_FALLBACK_MT5_UNAVAILABLE,12,0,0,0,0.0,0.0,0.0,0.0,0.0,0.0,0.0,0,1000.0,12,0
1,2025-02-11 17:00:00,2025-09-04 16:00:00,2025-09-04 17:00:00,2025-09-05 17:00:00,2025-09-05 18:00:00,2025-11-19 03:00:00,3193,24,1181,GOLD,GOLD_LONG_LOGISTIC_BASE_PLUS_ML_T055,LONG,LOGISTIC,BASE_PLUS_ML,0.55,SWING_ATR,1,5000,False,CONFIG_LOCAL_FALLBACK_MT5_UNAVAILABLE,12,12,10,2,83.33333333333334,4.728105548907618,0.28915197086784095,0.28915197086784095,3.4698236504140914,3.517043223949313,0.7314398829048335,1,5175.852161197466,0,0
1,2025-02-11 17:00:00,2025-09-04 16:00:00,2025-09-04 17:00:00,2025-09-05 17:00:00,2025-09-05 18:00:00,2025-11-19 03:00:00,3193,24,1181,GOLD,GOLD_LONG_LOGISTIC_BASE_PLUS_ML_T055,LONG,LOGISTIC,BASE_PLUS_ML,0.55,SWING_ATR,1,5000,True,CONFIG_LOCAL_FALLBACK_MT5_UNAVAILABLE,12,4,2,2,50.0,0.8465851943382515,0.011240450243323583,0.011240450243323583,0.04496180097329433,-0.12056958202472742,0.6595804318146181,1,4993.971520898764,8,0
1,2025-02-11 17:00:00,2025-09-04 16:00:00,2025-09-04 17:00:00,2025-09-05 17:00:00,2025-09-05 18:00:00,2025-11-19 03:00:00,3193,24,1181,GOLD,GOLD_LONG_LOGISTIC_BASE_PLUS_ML_T055,LONG,LOGISTIC,BASE_PLUS_ML,0.55,SWING_ATR,2,100,False,CONFIG_LOCAL_FALLBACK_MT5_UNAVAILABLE,12,12,10,2,83.33333333333334,4.389017875352367,0.2744691972879774,0.2744691972879774,3.293630367455729,3.3352616104307913,0.7481621205039426,1,103.33526161043079,0,0
1,2025-02-11 17:00:00,2025-09-04 16:00:00,2025-09-04 17:00:00,2025-09-05 17:00:00,2025-09-05 18:00:00,2025-11-19 03:00:00,3193,24,1181,GOLD,GOLD_LONG_LOGISTIC_BASE_PLUS_ML_T055,LONG,LOGISTIC,BASE_PLUS_ML,0.55,SWING_ATR,2,100,True,CONFIG_LOCAL_FALLBACK_MT5_UNAVAILABLE,12,0,0,0,0.0,0.0,0.0,0.0,0.0,0.0,0.0,0,100.0,12,0
1,2025-02-11 17:00:00,2025-09-04 16:00:00,2025-09-04 17:00:00,2025-09-05 17:00:00,2025-09-05 18:00:00,2025-11-19 03:00:00,3193,24,1181,GOLD,GOLD_LONG_LOGISTIC_BASE_PLUS_ML_T055,LONG,LOGISTIC,BASE_PLUS_ML,0.55,SWING_ATR,2,500,False,CONFIG_LOCAL_FALLBACK_MT5_UNAVAILABLE,12,12,10,2,83.33333333333334,4.389017875352366,0.2744691972879774,0.2744691972879774,3.293630367455729,3.33526161043078,0.7481621205039426,1,516.6763080521539,0,0
1,2025-02-11 17:00:00,2025-09-04 16:00:00,2025-09-04 17:00:00,2025-09-05 17:00:00,2025-09-05 18:00:00,2025-11-19 03:00:00,3193,24,1181,GOLD,GOLD_LONG_LOGISTIC_BASE_PLUS_ML_T055,LONG,LOGISTIC,BASE_PLUS_ML,0.55,SWING_ATR,2,500,True,CONFIG_LOCAL_FALLBACK_MT5_UNAVAILABLE,12,0,0,0,0.0,0.0,0.0,0.0,0.0,0.0,0.0,0,500.0,12,0
1,2025-02-11 17:00:00,2025-09-04 16:00:00,2025-09-04 17:00:00,2025-09-05 17:00:00,2025-09-05 18:00:00,2025-11-19 03:00:00,3193,24,1181,GOLD,GOLD_LONG_LOGISTIC_BASE_PLUS_ML_T055,LONG,LOGISTIC,BASE_PLUS_ML,0.55,SWING_ATR,2,1000,False,CONFIG_LOCAL_FALLBACK_MT5_UNAVAILABLE,12,12,10,2,83.33333333333334,4.389017875352366,0.2744691972879774,0.2744691972879774,3.293630367455729,3.33526161043078,0.7481621205039426,1,1033.3526161043078,0,0
1,2025-02-11 17:00:00,2025-09-04 16:00:00,2025-09-04 17:00:00,2025-09-05 17:00:00,2025-09-05 18:00:00,2025-11-19 03:00:00,3193,24,1181,GOLD,GOLD_LONG_LOGISTIC_BASE_PLUS_ML_T055,LONG,LOGISTIC,BASE_PLUS_ML,0.55,SWING_ATR,2,1000,True,CONFIG_LOCAL_FALLBACK_MT5_UNAVAILABLE,12,0,0,0,0.0,0.0,0.0,0.0,0.0,0.0,0.0,0,1000.0,12,0
1,2025-02-11 17:00:00,2025-09-04 16:00:00,2025-09-04 17:00:00,2025-09-05 17:00:00,2025-09-05 18:00:00,2025-11-19 03:00:00,3193,24,1181,GOLD,GOLD_LONG_LOGISTIC_BASE_PLUS_ML_T055,LONG,LOGISTIC,BASE_PLUS_ML,0.55,SWING_ATR,2,5000,False,CONFIG_LOCAL_FALLBACK_MT5_UNAVAILABLE,12,12,10,2,83.33333333333334,4.389017875352357,0.2744691972879774,0.2744691972879774,3.293630367455729,3.335261610430771,0.7481621205039515,1,5166.7630805215385,0,0
1,2025-02-11 17:00:00,2025-09-04 16:00:00,2025-09-04 17:00:00,2025-09-05 17:00:00,2025-09-05 18:00:00,2025-11-19 03:00:00,3193,24,1181,GOLD,GOLD_LONG_LOGISTIC_BASE_PLUS_ML_T055,LONG,LOGISTIC,BASE_PLUS_ML,0.55,SWING_ATR,2,5000,True,CONFIG_LOCAL_FALLBACK_MT5_UNAVAILABLE,12,4,2,2,50.0,0.7790061778382489,-0.010527764679296947,-0.010527764679296947,-0.04211105871718779,-0.180289097604018,0.6749589401463598,1,4990.985545119799,8,0
1,2025-02-11 17:00:00,2025-09-04 16:00:00,2025-09-04 17:00:00,2025-09-05 17:00:00,2025-09-05 18:00:00,2025-11-19 03:00:00,3193,24,1181,GOLD,GOLD_LONG_LOGISTIC_BASE_PLUS_ML_T055,LONG,LOGISTIC,BASE_PLUS_ML,0.55,SWING_ATR,5,100,False,CONFIG_LOCAL_FALLBACK_MT5_UNAVAILABLE,12,12,10,2,83.33333333333334,3.5236410279363675,0.23042087654838675,0.23042087654838675,2.765050518580641,2.7916421236189564,0.7983288333012819,1,102.79164212361896,0,0
1,2025-02-11 17:00:00,2025-09-04 16:00:00,2025-09-04 17:00:00,2025-09-05 17:00:00,2025-09-05 18:00:00,2025-11-19 03:00:00,3193,24,1181,GOLD,GOLD_LONG_LOGISTIC_BASE_PLUS_ML_T055,LONG,LOGISTIC,BASE_PLUS_ML,0.55,SWING_ATR,5,100,True,CONFIG_LOCAL_FALLBACK_MT5_UNAVAILABLE,12,0,0,0,0.0,0.0,0.0,0.0,0.0,0.0,0.0,0,100.0,12,0
1,2025-02-11 17:00:00,2025-09-04 16:00:00,2025-09-04 17:00:00,2025-09-05 17:00:00,2025-09-05 18:00:00,2025-11-19 03:00:00,3193,24,1181,GOLD,GOLD_LONG_LOGISTIC_BASE_PLUS_ML_T055,LONG,LOGISTIC,BASE_PLUS_ML,0.55,SWING_ATR,5,500,False,CONFIG_LOCAL_FALLBACK_MT5_UNAVAILABLE,12,12,10,2,83.33333333333334,3.5236410279364114,0.23042087654838675,0.23042087654838675,2.765050518580641,2.7916421236189763,0.7983288333012791,1,513.9582106180949,0,0
1,2025-02-11 17:00:00,2025-09-04 16:00:00,2025-09-04 17:00:00,2025-09-05 17:00:00,2025-09-05 18:00:00,2025-11-19 03:00:00,3193,24,1181,GOLD,GOLD_LONG_LOGISTIC_BASE_PLUS_ML_T055,LONG,LOGISTIC,BASE_PLUS_ML,0.55,SWING_ATR,5,500,True,CONFIG_LOCAL_FALLBACK_MT5_UNAVAILABLE,12,0,0,0,0.0,0.0,0.0,0.0,0.0,0.0,0.0,0,500.0,12,0
1,2025-02-11 17:00:00,2025-09-04 16:00:00,2025-09-04 17:00:00,2025-09-05 17:00:00,2025-09-05 18:00:00,2025-11-19 03:00:00,3193,24,1181,GOLD,GOLD_LONG_LOGISTIC_BASE_PLUS_ML_T055,LONG,LOGISTIC,BASE_PLUS_ML,0.55,SWING_ATR,5,1000,False,CONFIG_LOCAL_FALLBACK_MT5_UNAVAILABLE,12,12,10,2,83.33333333333334,3.5236410279364114,0.23042087654838675,0.23042087654838675,2.765050518580641,2.7916421236189763,0.7983288333012791,1,1027.9164212361898,0,0
1,2025-02-11 17:00:00,2025-09-04 16:00:00,2025-09-04 17:00:00,2025-09-05 17:00:00,2025-09-05 18:00:00,2025-11-19 03:00:00,3193,24,1181,GOLD,GOLD_LONG_LOGISTIC_BASE_PLUS_ML_T055,LONG,LOGISTIC,BASE_PLUS_ML,0.55,SWING_ATR,5,1000,True,CONFIG_LOCAL_FALLBACK_MT5_UNAVAILABLE,12,0,0,0,0.0,0.0,0.0,0.0,0.0,0.0,0.0,0,1000.0,12,0
1,2025-02-11 17:00:00,2025-09-04 16:00:00,2025-09-04 17:00:00,2025-09-05 17:00:00,2025-09-05 18:00:00,2025-11-19 03:00:00,3193,24,1181,GOLD,GOLD_LONG_LOGISTIC_BASE_PLUS_ML_T055,LONG,LOGISTIC,BASE_PLUS_ML,0.55,SWING_ATR,5,5000,False,CONFIG_LOCAL_FALLBACK_MT5_UNAVAILABLE,12,12,10,2,83.33333333333334,3.5236410279363537,0.23042087654838675,0.23042087654838675,2.765050518580641,2.791642123618913,0.7983288333012768,1,5139.582106180946,0,0
1,2025-02-11 17:00:00,2025-09-04 16:00:00,2025-09-04 17:00:00,2025-09-05 17:00:00,2025-09-05 18:00:00,2025-11-19 03:00:00,3193,24,1181,GOLD,GOLD_LONG_LOGISTIC_BASE_PLUS_ML_T055,LONG,LOGISTIC,BASE_PLUS_ML,0.55,SWING_ATR,5,5000,True,CONFIG_LOCAL_FALLBACK_MT5_UNAVAILABLE,12,4,2,2,50.0,0.6030505474018834,-0.07583240944715855,-0.07583240944715855,-0.3033296377886342,-0.35944764434187165,0.7211763954740441,1,4982.027617782906,8,0
1,2025-02-11 17:00:00,2025-09-04 16:00:00,2025-09-04 17:00:00,2025-09-05 17:00:00,2025-09-05 18:00:00,2025-11-19 03:00:00,3193,24,1181,GOLD,GOLD_LONG_LOGISTIC_BASE_PLUS_ML_T055,LONG,LOGISTIC,BASE_PLUS_ML,0.55,SWING_ATR_RR,0,100,False,CONFIG_LOCAL_FALLBACK_MT5_UNAVAILABLE,12,12,8,4,66.66666666666666,3.4692282687757787,0.3736039835344209,0.3736039835344209,4.483247802413051,4.538048092556366,0.8731506716169444,2,104.53804809255637,0,0
1,2025-02-11 17:00:00,2025-09-04 16:00:00,2025-09-04 17:00:00,2025-09-05 17:00:00,2025-09-05 18:00:00,2025-11-19 03:00:00,3193,24,1181,GOLD,GOLD_LONG_LOGISTIC_BASE_PLUS_ML_T055,LONG,LOGISTIC,BASE_PLUS_ML,0.55,SWING_ATR_RR,0,100,True,CONFIG_LOCAL_FALLBACK_MT5_UNAVAILABLE,12,0,0,0,0.0,0.0,0.0,0.0,0.0,0.0,0.0,0,100.0,12,0
1,2025-02-11 17:00:00,2025-09-04 16:00:00,2025-09-04 17:00:00,2025-09-05 17:00:00,2025-09-05 18:00:00,2025-11-19 03:00:00,3193,24,1181,GOLD,GOLD_LONG_LOGISTIC_BASE_PLUS_ML_T055,LONG,LOGISTIC,BASE_PLUS_ML,0.55,SWING_ATR_RR,0,500,False,CONFIG_LOCAL_FALLBACK_MT5_UNAVAILABLE,12,12,8,4,66.66666666666666,3.4692282687758156,0.3736039835344209,0.3736039835344209,4.483247802413051,4.538048092556392,0.8731506716169334,2,522.690240462782,0,0
1,2025-02-11 17:00:00,2025-09-04 16:00:00,2025-09-04 17:00:00,2025-09-05 17:00:00,2025-09-05 18:00:00,2025-11-19 03:00:00,3193,24,1181,GOLD,GOLD_LONG_LOGISTIC_BASE_PLUS_ML_T055,LONG,LOGISTIC,BASE_PLUS_ML,0.55,SWING_ATR_RR,0,500,True,CONFIG_LOCAL_FALLBACK_MT5_UNAVAILABLE,12,0,0,0,0.0,0.0,0.0,0.0,0.0,0.0,0.0,0,500.0,12,0
1,2025-02-11 17:00:00,2025-09-04 16:00:00,2025-09-04 17:00:00,2025-09-05 17:00:00,2025-09-05 18:00:00,2025-11-19 03:00:00,3193,24,1181,GOLD,GOLD_LONG_LOGISTIC_BASE_PLUS_ML_T055,LONG,LOGISTIC,BASE_PLUS_ML,0.55,SWING_ATR_RR,0,1000,False,CONFIG_LOCAL_FALLBACK_MT5_UNAVAILABLE,12,12,8,4,66.66666666666666,3.4692282687758156,0.3736039835344209,0.3736039835344209,4.483247802413051,4.538048092556392,0.8731506716169334,2,1045.380480925564,0,0
1,2025-02-11 17:00:00,2025-09-04 16:00:00,2025-09-04 17:00:00,2025-09-05 17:00:00,2025-09-05 18:00:00,2025-11-19 03:00:00,3193,24,1181,GOLD,GOLD_LONG_LOGISTIC_BASE_PLUS_ML_T055,LONG,LOGISTIC,BASE_PLUS_ML,0.55,SWING_ATR_RR,0,1000,True,CONFIG_LOCAL_FALLBACK_MT5_UNAVAILABLE,12,0,0,0,0.0,0.0,0.0,0.0,0.0,0.0,0.0,0,1000.0,12,0
1,2025-02-11 17:00:00,2025-09-04 16:00:00,2025-09-04 17:00:00,2025-09-05 17:00:00,2025-09-05 18:00:00,2025-11-19 03:00:00,3193,24,1181,GOLD,GOLD_LONG_LOGISTIC_BASE_PLUS_ML_T055,LONG,LOGISTIC,BASE_PLUS_ML,0.55,SWING_ATR_RR,0,5000,False,CONFIG_LOCAL_FALLBACK_MT5_UNAVAILABLE,12,12,8,4,66.66666666666666,3.469228268775745,0.3736039835344209,0.3736039835344209,4.483247802413051,4.5380480925563464,0.8731506716169466,2,5226.902404627817,0,0
1,2025-02-11 17:00:00,2025-09-04 16:00:00,2025-09-04 17:00:00,2025-09-05 17:00:00,2025-09-05 18:00:00,2025-11-19 03:00:00,3193,24,1181,GOLD,GOLD_LONG_LOGISTIC_BASE_PLUS_ML_T055,LONG,LOGISTIC,BASE_PLUS_ML,0.55,SWING_ATR_RR,0,5000,True,CONFIG_LOCAL_FALLBACK_MT5_UNAVAILABLE,12,4,2,2,50.0,2.9418845644014042,0.6130669050356373,0.6130669050356373,2.4522676201425493,1.4680666270591063,0.6345701324704558,1,5073.403331352955,8,0
1,2025-02-11 17:00:00,2025-09-04 16:00:00,2025-09-04 17:00:00,2025-09-05 17:00:00,2025-09-05 18:00:00,2025-11-19 03:00:00,3193,24,1181,GOLD,GOLD_LONG_LOGISTIC_BASE_PLUS_ML_T055,LONG,LOGISTIC,BASE_PLUS_ML,0.55,SWING_ATR_RR,1,100,False,CONFIG_LOCAL_FALLBACK_MT5_UNAVAILABLE,12,12,8,4,66.66666666666666,3.297347073913549,0.35891423303064873,0.35891423303064873,4.306970796367785,4.3548758546966155,0.8904009351924459,2,104.35487585469662,0,0
1,2025-02-11 17:00:00,2025-09-04 16:00:00,2025-09-04 17:00:00,2025-09-05 17:00:00,2025-09-05 18:00:00,2025-11-19 03:00:00,3193,24,1181,GOLD,GOLD_LONG_LOGISTIC_BASE_PLUS_ML_T055,LONG,LOGISTIC,BASE_PLUS_ML,0.55,SWING_ATR_RR,1,100,True,CONFIG_LOCAL_FALLBACK_MT5_UNAVAILABLE,12,0,0,0,0.0,0.0,0.0,0.0,0.0,0.0,0.0,0,100.0,12,0
1,2025-02-11 17:00:00,2025-09-04 16:00:00,2025-09-04 17:00:00,2025-09-05 17:00:00,2025-09-05 18:00:00,2025-11-19 03:00:00,3193,24,1181,GOLD,GOLD_LONG_LOGISTIC_BASE_PLUS_ML_T055,LONG,LOGISTIC,BASE_PLUS_ML,0.55,SWING_ATR_RR,1,500,False,CONFIG_LOCAL_FALLBACK_MT5_UNAVAILABLE,12,12,8,4,66.66666666666666,3.2973470739135524,0.35891423303064873,0.35891423303064873,4.306970796367785,4.3548758546966155,0.8904009351924433,2,521.7743792734831,0,0
1,2025-02-11 17:00:00,2025-09-04 16:00:00,2025-09-04 17:00:00,2025-09-05 17:00:00,2025-09-05 18:00:00,2025-11-19 03:00:00,3193,24,1181,GOLD,GOLD_LONG_LOGISTIC_BASE_PLUS_ML_T055,LONG,LOGISTIC,BASE_PLUS_ML,0.55,SWING_ATR_RR,1,500,True,CONFIG_LOCAL_FALLBACK_MT5_UNAVAILABLE,12,0,0,0,0.0,0.0,0.0,0.0,0.0,0.0,0.0,0,500.0,12,0
1,2025-02-11 17:00:00,2025-09-04 16:00:00,2025-09-04 17:00:00,2025-09-05 17:00:00,2025-09-05 18:00:00,2025-11-19 03:00:00,3193,24,1181,GOLD,GOLD_LONG_LOGISTIC_BASE_PLUS_ML_T055,LONG,LOGISTIC,BASE_PLUS_ML,0.55,SWING_ATR_RR,1,1000,False,CONFIG_LOCAL_FALLBACK_MT5_UNAVAILABLE,12,12,8,4,66.66666666666666,3.2973470739135524,0.35891423303064873,0.35891423303064873,4.306970796367785,4.3548758546966155,0.8904009351924433,2,1043.5487585469662,0,0
1,2025-02-11 17:00:00,2025-09-04 16:00:00,2025-09-04 17:00:00,2025-09-05 17:00:00,2025-09-05 18:00:00,2025-11-19 03:00:00,3193,24,1181,GOLD,GOLD_LONG_LOGISTIC_BASE_PLUS_ML_T055,LONG,LOGISTIC,BASE_PLUS_ML,0.55,SWING_ATR_RR,1,1000,True,CONFIG_LOCAL_FALLBACK_MT5_UNAVAILABLE,12,0,0,0,0.0,0.0,0.0,0.0,0.0,0.0,0.0,0,1000.0,12,0
1,2025-02-11 17:00:00,2025-09-04 16:00:00,2025-09-04 17:00:00,2025-09-05 17:00:00,2025-09-05 18:00:00,2025-11-19 03:00:00,3193,24,1181,GOLD,GOLD_LONG_LOGISTIC_BASE_PLUS_ML_T055,LONG,LOGISTIC,BASE_PLUS_ML,0.55,SWING_ATR_RR,1,5000,False,CONFIG_LOCAL_FALLBACK_MT5_UNAVAILABLE,12,12,8,4,66.66666666666666,3.2973470739135355,0.35891423303064873,0.35891423303064873,4.306970796367785,4.35487585469662,0.8904009351924518,2,5217.743792734831,0,0
1,2025-02-11 17:00:00,2025-09-04 16:00:00,2025-09-04 17:00:00,2025-09-05 17:00:00,2025-09-05 18:00:00,2025-11-19 03:00:00,3193,24,1181,GOLD,GOLD_LONG_LOGISTIC_BASE_PLUS_ML_T055,LONG,LOGISTIC,BASE_PLUS_ML,0.55,SWING_ATR_RR,1,5000,True,CONFIG_LOCAL_FALLBACK_MT5_UNAVAILABLE,12,4,2,2,50.0,2.791810495966663,0.5912406842890299,0.5912406842890299,2.3649627371561195,1.4081942198104662,0.6497016298363119,1,5070.409710990523,8,0
1,2025-02-11 17:00:00,2025-09-04 16:00:00,2025-09-04 17:00:00,2025-09-05 17:00:00,2025-09-05 18:00:00,2025-11-19 03:00:00,3193,24,1181,GOLD,GOLD_LONG_LOGISTIC_BASE_PLUS_ML_T055,LONG,LOGISTIC,BASE_PLUS_ML,0.55,SWING_ATR_RR,2,100,False,CONFIG_LOCAL_FALLBACK_MT5_UNAVAILABLE,12,12,8,4,66.66666666666666,3.13587938476523,0.3442244825268765,0.3442244825268765,4.130693790322518,4.171993075171073,0.9076497125821721,2,104.17199307517107,0,0
1,2025-02-11 17:00:00,2025-09-04 16:00:00,2025-09-04 17:00:00,2025-09-05 17:00:00,2025-09-05 18:00:00,2025-11-19 03:00:00,3193,24,1181,GOLD,GOLD_LONG_LOGISTIC_BASE_PLUS_ML_T055,LONG,LOGISTIC,BASE_PLUS_ML,0.55,SWING_ATR_RR,2,100,True,CONFIG_LOCAL_FALLBACK_MT5_UNAVAILABLE,12,0,0,0,0.0,0.0,0.0,0.0,0.0,0.0,0.0,0,100.0,12,0
1,2025-02-11 17:00:00,2025-09-04 16:00:00,2025-09-04 17:00:00,2025-09-05 17:00:00,2025-09-05 18:00:00,2025-11-19 03:00:00,3193,24,1181,GOLD,GOLD_LONG_LOGISTIC_BASE_PLUS_ML_T055,LONG,LOGISTIC,BASE_PLUS_ML,0.55,SWING_ATR_RR,2,500,False,CONFIG_LOCAL_FALLBACK_MT5_UNAVAILABLE,12,12,8,4,66.66666666666666,3.135879384765195,0.3442244825268765,0.3442244825268765,4.130693790322518,4.171993075171054,0.9076497125821883,2,520.8599653758553,0,0
1,2025-02-11 17:00:00,2025-09-04 16:00:00,2025-09-04 17:00:00,2025-09-05 17:00:00,2025-09-05 18:00:00,2025-11-19 03:00:00,3193,24,1181,GOLD,GOLD_LONG_LOGISTIC_BASE_PLUS_ML_T055,LONG,LOGISTIC,BASE_PLUS_ML,0.55,SWING_ATR_RR,2,500,True,CONFIG_LOCAL_FALLBACK_MT5_UNAVAILABLE,12,0,0,0,0.0,0.0,0.0,0.0,0.0,0.0,0.0,0,500.0,12,0
1,2025-02-11 17:00:00,2025-09-04 16:00:00,2025-09-04 17:00:00,2025-09-05 17:00:00,2025-09-05 18:00:00,2025-11-19 03:00:00,3193,24,1181,GOLD,GOLD_LONG_LOGISTIC_BASE_PLUS_ML_T055,LONG,LOGISTIC,BASE_PLUS_ML,0.55,SWING_ATR_RR,2,1000,False,CONFIG_LOCAL_FALLBACK_MT5_UNAVAILABLE,12,12,8,4,66.66666666666666,3.135879384765195,0.3442244825268765,0.3442244825268765,4.130693790322518,4.171993075171054,0.9076497125821883,2,1041.7199307517105,0,0
1,2025-02-11 17:00:00,2025-09-04 16:00:00,2025-09-04 17:00:00,2025-09-05 17:00:00,2025-09-05 18:00:00,2025-11-19 03:00:00,3193,24,1181,GOLD,GOLD_LONG_LOGISTIC_BASE_PLUS_ML_T055,LONG,LOGISTIC,BASE_PLUS_ML,0.55,SWING_ATR_RR,2,1000,True,CONFIG_LOCAL_FALLBACK_MT5_UNAVAILABLE,12,0,0,0,0.0,0.0,0.0,0.0,0.0,0.0,0.0,0,1000.0,12,0
1,2025-02-11 17:00:00,2025-09-04 16:00:00,2025-09-04 17:00:00,2025-09-05 17:00:00,2025-09-05 18:00:00,2025-11-19 03:00:00,3193,24,1181,GOLD,GOLD_LONG_LOGISTIC_BASE_PLUS_ML_T055,LONG,LOGISTIC,BASE_PLUS_ML,0.55,SWING_ATR_RR,2,5000,False,CONFIG_LOCAL_FALLBACK_MT5_UNAVAILABLE,12,12,8,4,66.66666666666666,3.1358793847652073,0.3442244825268765,0.3442244825268765,4.130693790322518,4.171993075171049,0.9076497125821799,2,5208.599653758552,0,0
1,2025-02-11 17:00:00,2025-09-04 16:00:00,2025-09-04 17:00:00,2025-09-05 17:00:00,2025-09-05 18:00:00,2025-11-19 03:00:00,3193,24,1181,GOLD,GOLD_LONG_LOGISTIC_BASE_PLUS_ML_T055,LONG,LOGISTIC,BASE_PLUS_ML,0.55,SWING_ATR_RR,2,5000,True,CONFIG_LOCAL_FALLBACK_MT5_UNAVAILABLE,12,4,2,2,50.0,2.652738822380424,0.5694144635424223,0.5694144635424223,2.2776578541696892,1.3483218125618077,0.6648463893756096,1,5067.41609062809,8,0
1,2025-02-11 17:00:00,2025-09-04 16:00:00,2025-09-04 17:00:00,2025-09-05 17:00:00,2025-09-05 18:00:00,2025-11-19 03:00:00,3193,24,1181,GOLD,GOLD_LONG_LOGISTIC_BASE_PLUS_ML_T055,LONG,LOGISTIC,BASE_PLUS_ML,0.55,SWING_ATR_RR,5,100,False,CONFIG_LOCAL_FALLBACK_MT5_UNAVAILABLE,12,12,8,4,66.66666666666666,2.7052851021111186,0.3001552310155598,0.3001552310155598,3.601862772186718,3.6250773954561737,0.9593871276366567,2,103.62507739545617,0,0
1,2025-02-11 17:00:00,2025-09-04 16:00:00,2025-09-04 17:00:00,2025-09-05 17:00:00,2025-09-05 18:00:00,2025-11-19 03:00:00,3193,24,1181,GOLD,GOLD_LONG_LOGISTIC_BASE_PLUS_ML_T055,LONG,LOGISTIC,BASE_PLUS_ML,0.55,SWING_ATR_RR,5,100,True,CONFIG_LOCAL_FALLBACK_MT5_UNAVAILABLE,12,0,0,0,0.0,0.0,0.0,0.0,0.0,0.0,0.0,0,100.0,12,0
1,2025-02-11 17:00:00,2025-09-04 16:00:00,2025-09-04 17:00:00,2025-09-05 17:00:00,2025-09-05 18:00:00,2025-11-19 03:00:00,3193,24,1181,GOLD,GOLD_LONG_LOGISTIC_BASE_PLUS_ML_T055,LONG,LOGISTIC,BASE_PLUS_ML,0.55,SWING_ATR_RR,5,500,False,CONFIG_LOCAL_FALLBACK_MT5_UNAVAILABLE,12,12,8,4,66.66666666666666,2.705285102111061,0.3001552310155598,0.3001552310155598,3.601862772186718,3.6250773954561284,0.9593871276366868,2,518.1253869772806,0,0
1,2025-02-11 17:00:00,2025-09-04 16:00:00,2025-09-04 17:00:00,2025-09-05 17:00:00,2025-09-05 18:00:00,2025-11-19 03:00:00,3193,24,1181,GOLD,GOLD_LONG_LOGISTIC_BASE_PLUS_ML_T055,LONG,LOGISTIC,BASE_PLUS_ML,0.55,SWING_ATR_RR,5,500,True,CONFIG_LOCAL_FALLBACK_MT5_UNAVAILABLE,12,0,0,0,0.0,0.0,0.0,0.0,0.0,0.0,0.0,0,500.0,12,0
1,2025-02-11 17:00:00,2025-09-04 16:00:00,2025-09-04 17:00:00,2025-09-05 17:00:00,2025-09-05 18:00:00,2025-11-19 03:00:00,3193,24,1181,GOLD,GOLD_LONG_LOGISTIC_BASE_PLUS_ML_T055,LONG,LOGISTIC,BASE_PLUS_ML,0.55,SWING_ATR_RR,5,1000,False,CONFIG_LOCAL_FALLBACK_MT5_UNAVAILABLE,12,12,8,4,66.66666666666666,2.705285102111061,0.3001552310155598,0.3001552310155598,3.601862772186718,3.6250773954561284,0.9593871276366868,2,1036.2507739545613,0,0
1,2025-02-11 17:00:00,2025-09-04 16:00:00,2025-09-04 17:00:00,2025-09-05 17:00:00,2025-09-05 18:00:00,2025-11-19 03:00:00,3193,24,1181,GOLD,GOLD_LONG_LOGISTIC_BASE_PLUS_ML_T055,LONG,LOGISTIC,BASE_PLUS_ML,0.55,SWING_ATR_RR,5,1000,True,CONFIG_LOCAL_FALLBACK_MT5_UNAVAILABLE,12,0,0,0,0.0,0.0,0.0,0.0,0.0,0.0,0.0,0,1000.0,12,0
1,2025-02-11 17:00:00,2025-09-04 16:00:00,2025-09-04 17:00:00,2025-09-05 17:00:00,2025-09-05 18:00:00,2025-11-19 03:00:00,3193,24,1181,GOLD,GOLD_LONG_LOGISTIC_BASE_PLUS_ML_T055,LONG,LOGISTIC,BASE_PLUS_ML,0.55,SWING_ATR_RR,5,5000,False,CONFIG_LOCAL_FALLBACK_MT5_UNAVAILABLE,12,12,8,4,66.66666666666666,2.7052851021110866,0.3001552310155598,0.3001552310155598,3.601862772186718,3.6250773954561555,0.9593871276366692,2,5181.253869772808,0,0
1,2025-02-11 17:00:00,2025-09-04 16:00:00,2025-09-04 17:00:00,2025-09-05 17:00:00,2025-09-05 18:00:00,2025-11-19 03:00:00,3193,24,1181,GOLD,GOLD_LONG_LOGISTIC_BASE_PLUS_ML_T055,LONG,LOGISTIC,BASE_PLUS_ML,0.55,SWING_ATR_RR,5,5000,True,CONFIG_LOCAL_FALLBACK_MT5_UNAVAILABLE,12,4,2,2,50.0,2.2906376071059937,0.5039358013025999,0.5039358013025999,2.0157432052103994,1.1687045908159053,0.7103604156202665,1,5058.435229540795,8,0
1,2025-02-11 17:00:00,2025-09-04 16:00:00,2025-09-04 17:00:00,2025-09-05 17:00:00,2025-09-05 18:00:00,2025-11-19 03:00:00,3193,24,1181,GOLD,GOLD_LONG_LOGISTIC_BASE_PLUS_ML_T055,LONG,LOGISTIC,BASE_PLUS_ML,0.55,SWING_STRUCTURAL_TARGET,0,100,False,CONFIG_LOCAL_FALLBACK_MT5_UNAVAILABLE,12,6,5,1,83.33333333333334,1.881668980342267,0.1060861991118226,0.1060861991118226,0.6365171946709356,0.633221674146057,0.7147176453057293,1,100.63322167414606,0,6
1,2025-02-11 17:00:00,2025-09-04 16:00:00,2025-09-04 17:00:00,2025-09-05 17:00:00,2025-09-05 18:00:00,2025-11-19 03:00:00,3193,24,1181,GOLD,GOLD_LONG_LOGISTIC_BASE_PLUS_ML_T055,LONG,LOGISTIC,BASE_PLUS_ML,0.55,SWING_STRUCTURAL_TARGET,0,100,True,CONFIG_LOCAL_FALLBACK_MT5_UNAVAILABLE,12,0,0,0,0.0,0.0,0.0,0.0,0.0,0.0,0.0,0,100.0,6,6
1,2025-02-11 17:00:00,2025-09-04 16:00:00,2025-09-04 17:00:00,2025-09-05 17:00:00,2025-09-05 18:00:00,2025-11-19 03:00:00,3193,24,1181,GOLD,GOLD_LONG_LOGISTIC_BASE_PLUS_ML_T055,LONG,LOGISTIC,BASE_PLUS_ML,0.55,SWING_STRUCTURAL_TARGET,0,500,False,CONFIG_LOCAL_FALLBACK_MT5_UNAVAILABLE,12,6,5,1,83.33333333333334,1.8816689803422864,0.1060861991118226,0.1060861991118226,0.6365171946709356,0.6332216741460683,0.7147176453057265,1,503.16610837073034,0,6
1,2025-02-11 17:00:00,2025-09-04 16:00:00,2025-09-04 17:00:00,2025-09-05 17:00:00,2025-09-05 18:00:00,2025-11-19 03:00:00,3193,24,1181,GOLD,GOLD_LONG_LOGISTIC_BASE_PLUS_ML_T055,LONG,LOGISTIC,BASE_PLUS_ML,0.55,SWING_STRUCTURAL_TARGET,0,500,True,CONFIG_LOCAL_FALLBACK_MT5_UNAVAILABLE,12,0,0,0,0.0,0.0,0.0,0.0,0.0,0.0,0.0,0,500.0,6,6
1,2025-02-11 17:00:00,2025-09-04 16:00:00,2025-09-04 17:00:00,2025-09-05 17:00:00,2025-09-05 18:00:00,2025-11-19 03:00:00,3193,24,1181,GOLD,GOLD_LONG_LOGISTIC_BASE_PLUS_ML_T055,LONG,LOGISTIC,BASE_PLUS_ML,0.55,SWING_STRUCTURAL_TARGET,0,1000,False,CONFIG_LOCAL_FALLBACK_MT5_UNAVAILABLE,12,6,5,1,83.33333333333334,1.8816689803422864,0.1060861991118226,0.1060861991118226,0.6365171946709356,0.6332216741460683,0.7147176453057265,1,1006.3322167414607,0,6
1,2025-02-11 17:00:00,2025-09-04 16:00:00,2025-09-04 17:00:00,2025-09-05 17:00:00,2025-09-05 18:00:00,2025-11-19 03:00:00,3193,24,1181,GOLD,GOLD_LONG_LOGISTIC_BASE_PLUS_ML_T055,LONG,LOGISTIC,BASE_PLUS_ML,0.55,SWING_STRUCTURAL_TARGET,0,1000,True,CONFIG_LOCAL_FALLBACK_MT5_UNAVAILABLE,12,0,0,0,0.0,0.0,0.0,0.0,0.0,0.0,0.0,0,1000.0,6,6
1,2025-02-11 17:00:00,2025-09-04 16:00:00,2025-09-04 17:00:00,2025-09-05 17:00:00,2025-09-05 18:00:00,2025-11-19 03:00:00,3193,24,1181,GOLD,GOLD_LONG_LOGISTIC_BASE_PLUS_ML_T055,LONG,LOGISTIC,BASE_PLUS_ML,0.55,SWING_STRUCTURAL_TARGET,0,5000,False,CONFIG_LOCAL_FALLBACK_MT5_UNAVAILABLE,12,6,5,1,83.33333333333334,1.8816689803422992,0.1060861991118226,0.1060861991118226,0.6365171946709356,0.6332216741460797,0.7147176453057287,1,5031.661083707304,0,6
1,2025-02-11 17:00:00,2025-09-04 16:00:00,2025-09-04 17:00:00,2025-09-05 17:00:00,2025-09-05 18:00:00,2025-11-19 03:00:00,3193,24,1181,GOLD,GOLD_LONG_LOGISTIC_BASE_PLUS_ML_T055,LONG,LOGISTIC,BASE_PLUS_ML,0.55,SWING_STRUCTURAL_TARGET,0,5000,True,CONFIG_LOCAL_FALLBACK_MT5_UNAVAILABLE,12,3,2,1,66.66666666666666,0.34259663928867456,-0.1352843422499318,-0.1352843422499318,-0.4058530267497954,-0.42599609374999997,0.6465626651302337,1,4978.7001953125,3,6
1,2025-02-11 17:00:00,2025-09-04 16:00:00,2025-09-04 17:00:00,2025-09-05 17:00:00,2025-09-05 18:00:00,2025-11-19 03:00:00,3193,24,1181,GOLD,GOLD_LONG_LOGISTIC_BASE_PLUS_ML_T055,LONG,LOGISTIC,BASE_PLUS_ML,0.55,SWING_STRUCTURAL_TARGET,1,100,False,CONFIG_LOCAL_FALLBACK_MT5_UNAVAILABLE,12,6,5,1,83.33333333333334,1.730793338101825,0.09010383491075839,0.09010383491075839,0.5406230094645503,0.5368334167879567,0.7314398829048343,1,100.53683341678796,0,6
1,2025-02-11 17:00:00,2025-09-04 16:00:00,2025-09-04 17:00:00,2025-09-05 17:00:00,2025-09-05 18:00:00,2025-11-19 03:00:00,3193,24,1181,GOLD,GOLD_LONG_LOGISTIC_BASE_PLUS_ML_T055,LONG,LOGISTIC,BASE_PLUS_ML,0.55,SWING_STRUCTURAL_TARGET,1,100,True,CONFIG_LOCAL_FALLBACK_MT5_UNAVAILABLE,12,0,0,0,0.0,0.0,0.0,0.0,0.0,0.0,0.0,0,100.0,6,6
1,2025-02-11 17:00:00,2025-09-04 16:00:00,2025-09-04 17:00:00,2025-09-05 17:00:00,2025-09-05 18:00:00,2025-11-19 03:00:00,3193,24,1181,GOLD,GOLD_LONG_LOGISTIC_BASE_PLUS_ML_T055,LONG,LOGISTIC,BASE_PLUS_ML,0.55,SWING_STRUCTURAL_TARGET,1,500,False,CONFIG_LOCAL_FALLBACK_MT5_UNAVAILABLE,12,6,5,1,83.33333333333334,1.730793338101831,0.09010383491075839,0.09010383491075839,0.5406230094645503,0.5368334167879653,0.73143988290484,1,502.6841670839398,0,6
1,2025-02-11 17:00:00,2025-09-04 16:00:00,2025-09-04 17:00:00,2025-09-05 17:00:00,2025-09-05 18:00:00,2025-11-19 03:00:00,3193,24,1181,GOLD,GOLD_LONG_LOGISTIC_BASE_PLUS_ML_T055,LONG,LOGISTIC,BASE_PLUS_ML,0.55,SWING_STRUCTURAL_TARGET,1,500,True,CONFIG_LOCAL_FALLBACK_MT5_UNAVAILABLE,12,0,0,0,0.0,0.0,0.0,0.0,0.0,0.0,0.0,0,500.0,6,6
1,2025-02-11 17:00:00,2025-09-04 16:00:00,2025-09-04 17:00:00,2025-09-05 17:00:00,2025-09-05 18:00:00,2025-11-19 03:00:00,3193,24,1181,GOLD,GOLD_LONG_LOGISTIC_BASE_PLUS_ML_T055,LONG,LOGISTIC,BASE_PLUS_ML,0.55,SWING_STRUCTURAL_TARGET,1,1000,False,CONFIG_LOCAL_FALLBACK_MT5_UNAVAILABLE,12,6,5,1,83.33333333333334,1.730793338101831,0.09010383491075839,0.09010383491075839,0.5406230094645503,0.5368334167879653,0.73143988290484,1,1005.3683341678797,0,6
1,2025-02-11 17:00:00,2025-09-04 16:00:00,2025-09-04 17:00:00,2025-09-05 17:00:00,2025-09-05 18:00:00,2025-11-19 03:00:00,3193,24,1181,GOLD,GOLD_LONG_LOGISTIC_BASE_PLUS_ML_T055,LONG,LOGISTIC,BASE_PLUS_ML,0.55,SWING_STRUCTURAL_TARGET,1,1000,True,CONFIG_LOCAL_FALLBACK_MT5_UNAVAILABLE,12,0,0,0,0.0,0.0,0.0,0.0,0.0,0.0,0.0,0,1000.0,6,6
1,2025-02-11 17:00:00,2025-09-04 16:00:00,2025-09-04 17:00:00,2025-09-05 17:00:00,2025-09-05 18:00:00,2025-11-19 03:00:00,3193,24,1181,GOLD,GOLD_LONG_LOGISTIC_BASE_PLUS_ML_T055,LONG,LOGISTIC,BASE_PLUS_ML,0.55,SWING_STRUCTURAL_TARGET,1,5000,False,CONFIG_LOCAL_FALLBACK_MT5_UNAVAILABLE,12,6,5,1,83.33333333333334,1.7307933381018532,0.09010383491075839,0.09010383491075839,0.5406230094645503,0.5368334167879766,0.7314398829048331,1,5026.841670839399,0,6
1,2025-02-11 17:00:00,2025-09-04 16:00:00,2025-09-04 17:00:00,2025-09-05 17:00:00,2025-09-05 18:00:00,2025-11-19 03:00:00,3193,24,1181,GOLD,GOLD_LONG_LOGISTIC_BASE_PLUS_ML_T055,LONG,LOGISTIC,BASE_PLUS_ML,0.55,SWING_STRUCTURAL_TARGET,1,5000,True,CONFIG_LOCAL_FALLBACK_MT5_UNAVAILABLE,12,3,2,1,66.66666666666666,0.2898769090284448,-0.15614738275025816,-0.15614738275025816,-0.46844214825077446,-0.4709246943359358,0.6618868718026898,1,4976.453765283203,3,6
1,2025-02-11 17:00:00,2025-09-04 16:00:00,2025-09-04 17:00:00,2025-09-05 17:00:00,2025-09-05 18:00:00,2025-11-19 03:00:00,3193,24,1181,GOLD,GOLD_LONG_LOGISTIC_BASE_PLUS_ML_T055,LONG,LOGISTIC,BASE_PLUS_ML,0.55,SWING_STRUCTURAL_TARGET,2,100,False,CONFIG_LOCAL_FALLBACK_MT5_UNAVAILABLE,12,6,5,1,83.33333333333334,1.5866140597166327,0.07412147070969416,0.07412147070969416,0.44472882425816496,0.44051943448869224,0.7481621205039478,1,100.44051943448869,0,6
1,2025-02-11 17:00:00,2025-09-04 16:00:00,2025-09-04 17:00:00,2025-09-05 17:00:00,2025-09-05 18:00:00,2025-11-19 03:00:00,3193,24,1181,GOLD,GOLD_LONG_LOGISTIC_BASE_PLUS_ML_T055,LONG,LOGISTIC,BASE_PLUS_ML,0.55,SWING_STRUCTURAL_TARGET,2,100,True,CONFIG_LOCAL_FALLBACK_MT5_UNAVAILABLE,12,0,0,0,0.0,0.0,0.0,0.0,0.0,0.0,0.0,0,100.0,6,6
1,2025-02-11 17:00:00,2025-09-04 16:00:00,2025-09-04 17:00:00,2025-09-05 17:00:00,2025-09-05 18:00:00,2025-11-19 03:00:00,3193,24,1181,GOLD,GOLD_LONG_LOGISTIC_BASE_PLUS_ML_T055,LONG,LOGISTIC,BASE_PLUS_ML,0.55,SWING_STRUCTURAL_TARGET,2,500,False,CONFIG_LOCAL_FALLBACK_MT5_UNAVAILABLE,12,6,5,1,83.33333333333334,1.5866140597166503,0.07412147070969416,0.07412147070969416,0.44472882425816496,0.44051943448870357,0.7481621205039449,1,502.2025971724435,0,6
1,2025-02-11 17:00:00,2025-09-04 16:00:00,2025-09-04 17:00:00,2025-09-05 17:00:00,2025-09-05 18:00:00,2025-11-19 03:00:00,3193,24,1181,GOLD,GOLD_LONG_LOGISTIC_BASE_PLUS_ML_T055,LONG,LOGISTIC,BASE_PLUS_ML,0.55,SWING_STRUCTURAL_TARGET,2,500,True,CONFIG_LOCAL_FALLBACK_MT5_UNAVAILABLE,12,0,0,0,0.0,0.0,0.0,0.0,0.0,0.0,0.0,0,500.0,6,6
1,2025-02-11 17:00:00,2025-09-04 16:00:00,2025-09-04 17:00:00,2025-09-05 17:00:00,2025-09-05 18:00:00,2025-11-19 03:00:00,3193,24,1181,GOLD,GOLD_LONG_LOGISTIC_BASE_PLUS_ML_T055,LONG,LOGISTIC,BASE_PLUS_ML,0.55,SWING_STRUCTURAL_TARGET,2,1000,False,CONFIG_LOCAL_FALLBACK_MT5_UNAVAILABLE,12,6,5,1,83.33333333333334,1.5866140597166503,0.07412147070969416,0.07412147070969416,0.44472882425816496,0.44051943448870357,0.7481621205039449,1,1004.405194344887,0,6
1,2025-02-11 17:00:00,2025-09-04 16:00:00,2025-09-04 17:00:00,2025-09-05 17:00:00,2025-09-05 18:00:00,2025-11-19 03:00:00,3193,24,1181,GOLD,GOLD_LONG_LOGISTIC_BASE_PLUS_ML_T055,LONG,LOGISTIC,BASE_PLUS_ML,0.55,SWING_STRUCTURAL_TARGET,2,1000,True,CONFIG_LOCAL_FALLBACK_MT5_UNAVAILABLE,12,0,0,0,0.0,0.0,0.0,0.0,0.0,0.0,0.0,0,1000.0,6,6
1,2025-02-11 17:00:00,2025-09-04 16:00:00,2025-09-04 17:00:00,2025-09-05 17:00:00,2025-09-05 18:00:00,2025-11-19 03:00:00,3193,24,1181,GOLD,GOLD_LONG_LOGISTIC_BASE_PLUS_ML_T055,LONG,LOGISTIC,BASE_PLUS_ML,0.55,SWING_STRUCTURAL_TARGET,2,5000,False,CONFIG_LOCAL_FALLBACK_MT5_UNAVAILABLE,12,6,5,1,83.33333333333334,1.5866140597166254,0.07412147070969416,0.07412147070969416,0.44472882425816496,0.4405194344886877,0.7481621205039496,1,5022.025971724434,0,6
1,2025-02-11 17:00:00,2025-09-04 16:00:00,2025-09-04 17:00:00,2025-09-05 17:00:00,2025-09-05 18:00:00,2025-11-19 03:00:00,3193,24,1181,GOLD,GOLD_LONG_LOGISTIC_BASE_PLUS_ML_T055,LONG,LOGISTIC,BASE_PLUS_ML,0.55,SWING_STRUCTURAL_TARGET,2,5000,True,CONFIG_LOCAL_FALLBACK_MT5_UNAVAILABLE,12,3,2,1,66.66666666666666,0.23951386545792877,-0.1770104232505845,-0.1770104232505845,-0.5310312697517535,-0.5158532949218897,0.6772201869128582,1,4974.2073352539055,3,6
1,2025-02-11 17:00:00,2025-09-04 16:00:00,2025-09-04 17:00:00,2025-09-05 17:00:00,2025-09-05 18:00:00,2025-11-19 03:00:00,3193,24,1181,GOLD,GOLD_LONG_LOGISTIC_BASE_PLUS_ML_T055,LONG,LOGISTIC,BASE_PLUS_ML,0.55,SWING_STRUCTURAL_TARGET,5,100,False,CONFIG_LOCAL_FALLBACK_MT5_UNAVAILABLE,12,6,4,2,66.66666666666666,1.189271256727595,0.026174378106501524,0.026174378106501524,0.15704626863900914,0.1520226943869858,0.7983288333012801,1,100.15202269438699,0,6
1,2025-02-11 17:00:00,2025-09-04 16:00:00,2025-09-04 17:00:00,2025-09-05 17:00:00,2025-09-05 18:00:00,2025-11-19 03:00:00,3193,24,1181,GOLD,GOLD_LONG_LOGISTIC_BASE_PLUS_ML_T055,LONG,LOGISTIC,BASE_PLUS_ML,0.55,SWING_STRUCTURAL_TARGET,5,100,True,CONFIG_LOCAL_FALLBACK_MT5_UNAVAILABLE,12,0,0,0,0.0,0.0,0.0,0.0,0.0,0.0,0.0,0,100.0,6,6
1,2025-02-11 17:00:00,2025-09-04 16:00:00,2025-09-04 17:00:00,2025-09-05 17:00:00,2025-09-05 18:00:00,2025-11-19 03:00:00,3193,24,1181,GOLD,GOLD_LONG_LOGISTIC_BASE_PLUS_ML_T055,LONG,LOGISTIC,BASE_PLUS_ML,0.55,SWING_STRUCTURAL_TARGET,5,500,False,CONFIG_LOCAL_FALLBACK_MT5_UNAVAILABLE,12,6,4,2,66.66666666666666,1.1892712567276202,0.026174378106501524,0.026174378106501524,0.15704626863900914,0.1520226943870057,0.7983288333012746,1,500.76011347193503,0,6
1,2025-02-11 17:00:00,2025-09-04 16:00:00,2025-09-04 17:00:00,2025-09-05 17:00:00,2025-09-05 18:00:00,2025-11-19 03:00:00,3193,24,1181,GOLD,GOLD_LONG_LOGISTIC_BASE_PLUS_ML_T055,LONG,LOGISTIC,BASE_PLUS_ML,0.55,SWING_STRUCTURAL_TARGET,5,500,True,CONFIG_LOCAL_FALLBACK_MT5_UNAVAILABLE,12,0,0,0,0.0,0.0,0.0,0.0,0.0,0.0,0.0,0,500.0,6,6
1,2025-02-11 17:00:00,2025-09-04 16:00:00,2025-09-04 17:00:00,2025-09-05 17:00:00,2025-09-05 18:00:00,2025-11-19 03:00:00,3193,24,1181,GOLD,GOLD_LONG_LOGISTIC_BASE_PLUS_ML_T055,LONG,LOGISTIC,BASE_PLUS_ML,0.55,SWING_STRUCTURAL_TARGET,5,1000,False,CONFIG_LOCAL_FALLBACK_MT5_UNAVAILABLE,12,6,4,2,66.66666666666666,1.1892712567276202,0.026174378106501524,0.026174378106501524,0.15704626863900914,0.1520226943870057,0.7983288333012746,1,1001.5202269438701,0,6
1,2025-02-11 17:00:00,2025-09-04 16:00:00,2025-09-04 17:00:00,2025-09-05 17:00:00,2025-09-05 18:00:00,2025-11-19 03:00:00,3193,24,1181,GOLD,GOLD_LONG_LOGISTIC_BASE_PLUS_ML_T055,LONG,LOGISTIC,BASE_PLUS_ML,0.55,SWING_STRUCTURAL_TARGET,5,1000,True,CONFIG_LOCAL_FALLBACK_MT5_UNAVAILABLE,12,0,0,0,0.0,0.0,0.0,0.0,0.0,0.0,0.0,0,1000.0,6,6
1,2025-02-11 17:00:00,2025-09-04 16:00:00,2025-09-04 17:00:00,2025-09-05 17:00:00,2025-09-05 18:00:00,2025-11-19 03:00:00,3193,24,1181,GOLD,GOLD_LONG_LOGISTIC_BASE_PLUS_ML_T055,LONG,LOGISTIC,BASE_PLUS_ML,0.55,SWING_STRUCTURAL_TARGET,5,5000,False,CONFIG_LOCAL_FALLBACK_MT5_UNAVAILABLE,12,6,4,2,66.66666666666666,1.1892712567276116,0.026174378106501524,0.026174378106501524,0.15704626863900914,0.1520226943869966,0.7983288333012678,1,5007.60113471935,0,6
1,2025-02-11 17:00:00,2025-09-04 16:00:00,2025-09-04 17:00:00,2025-09-05 17:00:00,2025-09-05 18:00:00,2025-11-19 03:00:00,3193,24,1181,GOLD,GOLD_LONG_LOGISTIC_BASE_PLUS_ML_T055,LONG,LOGISTIC,BASE_PLUS_ML,0.55,SWING_STRUCTURAL_TARGET,5,5000,True,CONFIG_LOCAL_FALLBACK_MT5_UNAVAILABLE,12,3,1,2,33.33333333333333,0.10312603491078565,-0.23959954475156353,-0.23959954475156353,-0.7187986342546906,-0.6506390966796789,0.72327486415036,1,4967.468045166016,3,6
2,2025-02-11 17:00:00,2025-11-18 02:00:00,2025-11-18 03:00:00,2025-11-19 03:00:00,2025-11-19 04:00:00,2026-02-10 18:00:00,4374,24,1181,GOLD,GOLD_LONG_LOGISTIC_BASE_PLUS_ML_T055,LONG,LOGISTIC,BASE_PLUS_ML,0.55,ATR_ONLY,0,100,False,CONFIG_LOCAL_FALLBACK_MT5_UNAVAILABLE,9,9,6,3,66.66666666666666,3.959559039274627,0.999999999999999,0.999999999999999,8.999999999999991,9.271426924943967,1.0000000000000062,1,109.27142692494397,0,0
2,2025-02-11 17:00:00,2025-11-18 02:00:00,2025-11-18 03:00:00,2025-11-19 03:00:00,2025-11-19 04:00:00,2026-02-10 18:00:00,4374,24,1181,GOLD,GOLD_LONG_LOGISTIC_BASE_PLUS_ML_T055,LONG,LOGISTIC,BASE_PLUS_ML,0.55,ATR_ONLY,0,100,True,CONFIG_LOCAL_FALLBACK_MT5_UNAVAILABLE,9,0,0,0,0.0,0.0,0.0,0.0,0.0,0.0,0.0,0,100.0,9,0
2,2025-02-11 17:00:00,2025-11-18 02:00:00,2025-11-18 03:00:00,2025-11-19 03:00:00,2025-11-19 04:00:00,2026-02-10 18:00:00,4374,24,1181,GOLD,GOLD_LONG_LOGISTIC_BASE_PLUS_ML_T055,LONG,LOGISTIC,BASE_PLUS_ML,0.55,ATR_ONLY,0,500,False,CONFIG_LOCAL_FALLBACK_MT5_UNAVAILABLE,9,9,6,3,66.66666666666666,3.9595590392746427,0.999999999999999,0.999999999999999,8.999999999999991,9.27142692494399,1.0000000000000009,1,546.35713462472,0,0
2,2025-02-11 17:00:00,2025-11-18 02:00:00,2025-11-18 03:00:00,2025-11-19 03:00:00,2025-11-19 04:00:00,2026-02-10 18:00:00,4374,24,1181,GOLD,GOLD_LONG_LOGISTIC_BASE_PLUS_ML_T055,LONG,LOGISTIC,BASE_PLUS_ML,0.55,ATR_ONLY,0,500,True,CONFIG_LOCAL_FALLBACK_MT5_UNAVAILABLE,9,0,0,0,0.0,0.0,0.0,0.0,0.0,0.0,0.0,0,500.0,9,0
2,2025-02-11 17:00:00,2025-11-18 02:00:00,2025-11-18 03:00:00,2025-11-19 03:00:00,2025-11-19 04:00:00,2026-02-10 18:00:00,4374,24,1181,GOLD,GOLD_LONG_LOGISTIC_BASE_PLUS_ML_T055,LONG,LOGISTIC,BASE_PLUS_ML,0.55,ATR_ONLY,0,1000,False,CONFIG_LOCAL_FALLBACK_MT5_UNAVAILABLE,9,9,6,3,66.66666666666666,3.9595590392746427,0.999999999999999,0.999999999999999,8.999999999999991,9.27142692494399,1.0000000000000009,1,1092.71426924944,0,0
2,2025-02-11 17:00:00,2025-11-18 02:00:00,2025-11-18 03:00:00,2025-11-19 03:00:00,2025-11-19 04:00:00,2026-02-10 18:00:00,4374,24,1181,GOLD,GOLD_LONG_LOGISTIC_BASE_PLUS_ML_T055,LONG,LOGISTIC,BASE_PLUS_ML,0.55,ATR_ONLY,0,1000,True,CONFIG_LOCAL_FALLBACK_MT5_UNAVAILABLE,9,0,0,0,0.0,0.0,0.0,0.0,0.0,0.0,0.0,0,1000.0,9,0
2,2025-02-11 17:00:00,2025-11-18 02:00:00,2025-11-18 03:00:00,2025-11-19 03:00:00,2025-11-19 04:00:00,2026-02-10 18:00:00,4374,24,1181,GOLD,GOLD_LONG_LOGISTIC_BASE_PLUS_ML_T055,LONG,LOGISTIC,BASE_PLUS_ML,0.55,ATR_ONLY,0,5000,False,CONFIG_LOCAL_FALLBACK_MT5_UNAVAILABLE,9,9,6,3,66.66666666666666,3.959559039274651,0.999999999999999,0.999999999999999,8.999999999999991,9.27142692494399,1.0,1,5463.5713462471995,0,0
2,2025-02-11 17:00:00,2025-11-18 02:00:00,2025-11-18 03:00:00,2025-11-19 03:00:00,2025-11-19 04:00:00,2026-02-10 18:00:00,4374,24,1181,GOLD,GOLD_LONG_LOGISTIC_BASE_PLUS_ML_T055,LONG,LOGISTIC,BASE_PLUS_ML,0.55,ATR_ONLY,0,5000,True,CONFIG_LOCAL_FALLBACK_MT5_UNAVAILABLE,9,8,6,2,75.0,5.803861683346111,1.249999999999999,1.249999999999999,9.999999999999991,7.989187564563418,0.8959882543024803,1,5399.459378228171,1,0
2,2025-02-11 17:00:00,2025-11-18 02:00:00,2025-11-18 03:00:00,2025-11-19 03:00:00,2025-11-19 04:00:00,2026-02-10 18:00:00,4374,24,1181,GOLD,GOLD_LONG_LOGISTIC_BASE_PLUS_ML_T055,LONG,LOGISTIC,BASE_PLUS_ML,0.55,ATR_ONLY,1,100,False,CONFIG_LOCAL_FALLBACK_MT5_UNAVAILABLE,9,9,6,3,66.66666666666666,3.735243992238228,0.9599555786504719,0.9599555786504719,8.639600207854247,8.882172867271606,1.057363779550576,1,108.8821728672716,0,0
2,2025-02-11 17:00:00,2025-11-18 02:00:00,2025-11-18 03:00:00,2025-11-19 03:00:00,2025-11-19 04:00:00,2026-02-10 18:00:00,4374,24,1181,GOLD,GOLD_LONG_LOGISTIC_BASE_PLUS_ML_T055,LONG,LOGISTIC,BASE_PLUS_ML,0.55,ATR_ONLY,1,100,True,CONFIG_LOCAL_FALLBACK_MT5_UNAVAILABLE,9,0,0,0,0.0,0.0,0.0,0.0,0.0,0.0,0.0,0,100.0,9,0
2,2025-02-11 17:00:00,2025-11-18 02:00:00,2025-11-18 03:00:00,2025-11-19 03:00:00,2025-11-19 04:00:00,2026-02-10 18:00:00,4374,24,1181,GOLD,GOLD_LONG_LOGISTIC_BASE_PLUS_ML_T055,LONG,LOGISTIC,BASE_PLUS_ML,0.55,ATR_ONLY,1,500,False,CONFIG_LOCAL_FALLBACK_MT5_UNAVAILABLE,9,9,6,3,66.66666666666666,3.7352439922381975,0.9599555786504719,0.9599555786504719,8.639600207854247,8.88217286727156,1.0573637795505841,1,544.4108643363578,0,0
2,2025-02-11 17:00:00,2025-11-18 02:00:00,2025-11-18 03:00:00,2025-11-19 03:00:00,2025-11-19 04:00:00,2026-02-10 18:00:00,4374,24,1181,GOLD,GOLD_LONG_LOGISTIC_BASE_PLUS_ML_T055,LONG,LOGISTIC,BASE_PLUS_ML,0.55,ATR_ONLY,1,500,True,CONFIG_LOCAL_FALLBACK_MT5_UNAVAILABLE,9,0,0,0,0.0,0.0,0.0,0.0,0.0,0.0,0.0,0,500.0,9,0
2,2025-02-11 17:00:00,2025-11-18 02:00:00,2025-11-18 03:00:00,2025-11-19 03:00:00,2025-11-19 04:00:00,2026-02-10 18:00:00,4374,24,1181,GOLD,GOLD_LONG_LOGISTIC_BASE_PLUS_ML_T055,LONG,LOGISTIC,BASE_PLUS_ML,0.55,ATR_ONLY,1,1000,False,CONFIG_LOCAL_FALLBACK_MT5_UNAVAILABLE,9,9,6,3,66.66666666666666,3.7352439922381975,0.9599555786504719,0.9599555786504719,8.639600207854247,8.88217286727156,1.0573637795505841,1,1088.8217286727156,0,0
2,2025-02-11 17:00:00,2025-11-18 02:00:00,2025-11-18 03:00:00,2025-11-19 03:00:00,2025-11-19 04:00:00,2026-02-10 18:00:00,4374,24,1181,GOLD,GOLD_LONG_LOGISTIC_BASE_PLUS_ML_T055,LONG,LOGISTIC,BASE_PLUS_ML,0.55,ATR_ONLY,1,1000,True,CONFIG_LOCAL_FALLBACK_MT5_UNAVAILABLE,9,0,0,0,0.0,0.0,0.0,0.0,0.0,0.0,0.0,0,1000.0,9,0
2,2025-02-11 17:00:00,2025-11-18 02:00:00,2025-11-18 03:00:00,2025-11-19 03:00:00,2025-11-19 04:00:00,2026-02-10 18:00:00,4374,24,1181,GOLD,GOLD_LONG_LOGISTIC_BASE_PLUS_ML_T055,LONG,LOGISTIC,BASE_PLUS_ML,0.55,ATR_ONLY,1,5000,False,CONFIG_LOCAL_FALLBACK_MT5_UNAVAILABLE,9,9,6,3,66.66666666666666,3.7352439922382006,0.9599555786504719,0.9599555786504719,8.639600207854247,8.882172867271583,1.0573637795505753,1,5444.108643363579,0,0
2,2025-02-11 17:00:00,2025-11-18 02:00:00,2025-11-18 03:00:00,2025-11-19 03:00:00,2025-11-19 04:00:00,2026-02-10 18:00:00,4374,24,1181,GOLD,GOLD_LONG_LOGISTIC_BASE_PLUS_ML_T055,LONG,LOGISTIC,BASE_PLUS_ML,0.55,ATR_ONLY,1,5000,True,CONFIG_LOCAL_FALLBACK_MT5_UNAVAILABLE,9,8,6,2,75.0,5.404091499743037,1.2066688487789112,1.2066688487789112,9.65335079023129,7.704899044244466,0.9487775222259243,1,5385.244952212223,1,0
2,2025-02-11 17:00:00,2025-11-18 02:00:00,2025-11-18 03:00:00,2025-11-19 03:00:00,2025-11-19 04:00:00,2026-02-10 18:00:00,4374,24,1181,GOLD,GOLD_LONG_LOGISTIC_BASE_PLUS_ML_T055,LONG,LOGISTIC,BASE_PLUS_ML,0.55,ATR_ONLY,2,100,False,CONFIG_LOCAL_FALLBACK_MT5_UNAVAILABLE,9,9,6,3,66.66666666666666,3.526814931424185,0.9199111573009446,0.9199111573009446,8.279200415708502,8.494134025294159,1.1147275591011507,1,108.49413402529416,0,0
2,2025-02-11 17:00:00,2025-11-18 02:00:00,2025-11-18 03:00:00,2025-11-19 03:00:00,2025-11-19 04:00:00,2026-02-10 18:00:00,4374,24,1181,GOLD,GOLD_LONG_LOGISTIC_BASE_PLUS_ML_T055,LONG,LOGISTIC,BASE_PLUS_ML,0.55,ATR_ONLY,2,100,True,CONFIG_LOCAL_FALLBACK_MT5_UNAVAILABLE,9,0,0,0,0.0,0.0,0.0,0.0,0.0,0.0,0.0,0,100.0,9,0
2,2025-02-11 17:00:00,2025-11-18 02:00:00,2025-11-18 03:00:00,2025-11-19 03:00:00,2025-11-19 04:00:00,2026-02-10 18:00:00,4374,24,1181,GOLD,GOLD_LONG_LOGISTIC_BASE_PLUS_ML_T055,LONG,LOGISTIC,BASE_PLUS_ML,0.55,ATR_ONLY,2,500,False,CONFIG_LOCAL_FALLBACK_MT5_UNAVAILABLE,9,9,6,3,66.66666666666666,3.526814931424195,0.9199111573009446,0.9199111573009446,8.279200415708502,8.494134025294192,1.1147275591011558,1,542.470670126471,0,0
2,2025-02-11 17:00:00,2025-11-18 02:00:00,2025-11-18 03:00:00,2025-11-19 03:00:00,2025-11-19 04:00:00,2026-02-10 18:00:00,4374,24,1181,GOLD,GOLD_LONG_LOGISTIC_BASE_PLUS_ML_T055,LONG,LOGISTIC,BASE_PLUS_ML,0.55,ATR_ONLY,2,500,True,CONFIG_LOCAL_FALLBACK_MT5_UNAVAILABLE,9,0,0,0,0.0,0.0,0.0,0.0,0.0,0.0,0.0,0,500.0,9,0
2,2025-02-11 17:00:00,2025-11-18 02:00:00,2025-11-18 03:00:00,2025-11-19 03:00:00,2025-11-19 04:00:00,2026-02-10 18:00:00,4374,24,1181,GOLD,GOLD_LONG_LOGISTIC_BASE_PLUS_ML_T055,LONG,LOGISTIC,BASE_PLUS_ML,0.55,ATR_ONLY,2,1000,False,CONFIG_LOCAL_FALLBACK_MT5_UNAVAILABLE,9,9,6,3,66.66666666666666,3.526814931424195,0.9199111573009446,0.9199111573009446,8.279200415708502,8.494134025294192,1.1147275591011558,1,1084.941340252942,0,0
2,2025-02-11 17:00:00,2025-11-18 02:00:00,2025-11-18 03:00:00,2025-11-19 03:00:00,2025-11-19 04:00:00,2026-02-10 18:00:00,4374,24,1181,GOLD,GOLD_LONG_LOGISTIC_BASE_PLUS_ML_T055,LONG,LOGISTIC,BASE_PLUS_ML,0.55,ATR_ONLY,2,1000,True,CONFIG_LOCAL_FALLBACK_MT5_UNAVAILABLE,9,0,0,0,0.0,0.0,0.0,0.0,0.0,0.0,0.0,0,1000.0,9,0
2,2025-02-11 17:00:00,2025-11-18 02:00:00,2025-11-18 03:00:00,2025-11-19 03:00:00,2025-11-19 04:00:00,2026-02-10 18:00:00,4374,24,1181,GOLD,GOLD_LONG_LOGISTIC_BASE_PLUS_ML_T055,LONG,LOGISTIC,BASE_PLUS_ML,0.55,ATR_ONLY,2,5000,False,CONFIG_LOCAL_FALLBACK_MT5_UNAVAILABLE,9,9,6,3,66.66666666666666,3.526814931424192,0.9199111573009446,0.9199111573009446,8.279200415708502,8.49413402529417,1.1147275591011558,1,5424.7067012647085,0,0
2,2025-02-11 17:00:00,2025-11-18 02:00:00,2025-11-18 03:00:00,2025-11-19 03:00:00,2025-11-19 04:00:00,2026-02-10 18:00:00,4374,24,1181,GOLD,GOLD_LONG_LOGISTIC_BASE_PLUS_ML_T055,LONG,LOGISTIC,BASE_PLUS_ML,0.55,ATR_ONLY,2,5000,True,CONFIG_LOCAL_FALLBACK_MT5_UNAVAILABLE,9,8,6,2,75.0,5.041953424097373,1.1633376975578238,1.1633376975578238,9.30670158046259,7.420610523925497,1.0017221451414382,1,5371.030526196275,1,0
2,2025-02-11 17:00:00,2025-11-18 02:00:00,2025-11-18 03:00:00,2025-11-19 03:00:00,2025-11-19 04:00:00,2026-02-10 18:00:00,4374,24,1181,GOLD,GOLD_LONG_LOGISTIC_BASE_PLUS_ML_T055,LONG,LOGISTIC,BASE_PLUS_ML,0.55,ATR_ONLY,5,100,False,CONFIG_LOCAL_FALLBACK_MT5_UNAVAILABLE,9,9,6,3,66.66666666666666,2.981638492423184,0.7997778932523634,0.7997778932523634,7.19800103927127,7.337276146536524,1.2868188977528787,1,107.33727614653652,0,0
2,2025-02-11 17:00:00,2025-11-18 02:00:00,2025-11-18 03:00:00,2025-11-19 03:00:00,2025-11-19 04:00:00,2026-02-10 18:00:00,4374,24,1181,GOLD,GOLD_LONG_LOGISTIC_BASE_PLUS_ML_T055,LONG,LOGISTIC,BASE_PLUS_ML,0.55,ATR_ONLY,5,100,True,CONFIG_LOCAL_FALLBACK_MT5_UNAVAILABLE,9,0,0,0,0.0,0.0,0.0,0.0,0.0,0.0,0.0,0,100.0,9,0
2,2025-02-11 17:00:00,2025-11-18 02:00:00,2025-11-18 03:00:00,2025-11-19 03:00:00,2025-11-19 04:00:00,2026-02-10 18:00:00,4374,24,1181,GOLD,GOLD_LONG_LOGISTIC_BASE_PLUS_ML_T055,LONG,LOGISTIC,BASE_PLUS_ML,0.55,ATR_ONLY,5,500,False,CONFIG_LOCAL_FALLBACK_MT5_UNAVAILABLE,9,9,6,3,66.66666666666666,2.981638492423186,0.7997778932523634,0.7997778932523634,7.19800103927127,7.337276146536532,1.2868188977528676,1,536.6863807326827,0,0
2,2025-02-11 17:00:00,2025-11-18 02:00:00,2025-11-18 03:00:00,2025-11-19 03:00:00,2025-11-19 04:00:00,2026-02-10 18:00:00,4374,24,1181,GOLD,GOLD_LONG_LOGISTIC_BASE_PLUS_ML_T055,LONG,LOGISTIC,BASE_PLUS_ML,0.55,ATR_ONLY,5,500,True,CONFIG_LOCAL_FALLBACK_MT5_UNAVAILABLE,9,0,0,0,0.0,0.0,0.0,0.0,0.0,0.0,0.0,0,500.0,9,0
2,2025-02-11 17:00:00,2025-11-18 02:00:00,2025-11-18 03:00:00,2025-11-19 03:00:00,2025-11-19 04:00:00,2026-02-10 18:00:00,4374,24,1181,GOLD,GOLD_LONG_LOGISTIC_BASE_PLUS_ML_T055,LONG,LOGISTIC,BASE_PLUS_ML,0.55,ATR_ONLY,5,1000,False,CONFIG_LOCAL_FALLBACK_MT5_UNAVAILABLE,9,9,6,3,66.66666666666666,2.981638492423186,0.7997778932523634,0.7997778932523634,7.19800103927127,7.337276146536532,1.2868188977528676,1,1073.3727614653653,0,0
2,2025-02-11 17:00:00,2025-11-18 02:00:00,2025-11-18 03:00:00,2025-11-19 03:00:00,2025-11-19 04:00:00,2026-02-10 18:00:00,4374,24,1181,GOLD,GOLD_LONG_LOGISTIC_BASE_PLUS_ML_T055,LONG,LOGISTIC,BASE_PLUS_ML,0.55,ATR_ONLY,5,1000,True,CONFIG_LOCAL_FALLBACK_MT5_UNAVAILABLE,9,0,0,0,0.0,0.0,0.0,0.0,0.0,0.0,0.0,0,1000.0,9,0
2,2025-02-11 17:00:00,2025-11-18 02:00:00,2025-11-18 03:00:00,2025-11-19 03:00:00,2025-11-19 04:00:00,2026-02-10 18:00:00,4374,24,1181,GOLD,GOLD_LONG_LOGISTIC_BASE_PLUS_ML_T055,LONG,LOGISTIC,BASE_PLUS_ML,0.55,ATR_ONLY,5,5000,False,CONFIG_LOCAL_FALLBACK_MT5_UNAVAILABLE,9,9,6,3,66.66666666666666,2.981638492423181,0.7997778932523634,0.7997778932523634,7.19800103927127,7.337276146536532,1.2868188977528676,1,5366.863807326827,0,0
2,2025-02-11 17:00:00,2025-11-18 02:00:00,2025-11-18 03:00:00,2025-11-19 03:00:00,2025-11-19 04:00:00,2026-02-10 18:00:00,4374,24,1181,GOLD,GOLD_LONG_LOGISTIC_BASE_PLUS_ML_T055,LONG,LOGISTIC,BASE_PLUS_ML,0.55,ATR_ONLY,5,5000,True,CONFIG_LOCAL_FALLBACK_MT5_UNAVAILABLE,9,8,6,2,75.0,4.134769418278757,1.033344243894561,1.033344243894561,8.266753951156488,6.567744962968628,1.1614950322257906,1,5328.387248148431,1,0
2,2025-02-11 17:00:00,2025-11-18 02:00:00,2025-11-18 03:00:00,2025-11-19 03:00:00,2025-11-19 04:00:00,2026-02-10 18:00:00,4374,24,1181,GOLD,GOLD_LONG_LOGISTIC_BASE_PLUS_ML_T055,LONG,LOGISTIC,BASE_PLUS_ML,0.55,SWING_ATR,0,100,False,CONFIG_LOCAL_FALLBACK_MT5_UNAVAILABLE,9,9,6,3,66.66666666666666,1.1232996367217847,0.04455136782503197,0.04455136782503197,0.40096231042528774,0.37286658161433195,1.0862689024311414,1,100.37286658161433,0,0
2,2025-02-11 17:00:00,2025-11-18 02:00:00,2025-11-18 03:00:00,2025-11-19 03:00:00,2025-11-19 04:00:00,2026-02-10 18:00:00,4374,24,1181,GOLD,GOLD_LONG_LOGISTIC_BASE_PLUS_ML_T055,LONG,LOGISTIC,BASE_PLUS_ML,0.55,SWING_ATR,0,100,True,CONFIG_LOCAL_FALLBACK_MT5_UNAVAILABLE,9,0,0,0,0.0,0.0,0.0,0.0,0.0,0.0,0.0,0,100.0,9,0
2,2025-02-11 17:00:00,2025-11-18 02:00:00,2025-11-18 03:00:00,2025-11-19 03:00:00,2025-11-19 04:00:00,2026-02-10 18:00:00,4374,24,1181,GOLD,GOLD_LONG_LOGISTIC_BASE_PLUS_ML_T055,LONG,LOGISTIC,BASE_PLUS_ML,0.55,SWING_ATR,0,500,False,CONFIG_LOCAL_FALLBACK_MT5_UNAVAILABLE,9,9,6,3,66.66666666666666,1.1232996367217858,0.04455136782503197,0.04455136782503197,0.40096231042528774,0.3728665816143348,1.0862689024311303,1,501.8643329080717,0,0
2,2025-02-11 17:00:00,2025-11-18 02:00:00,2025-11-18 03:00:00,2025-11-19 03:00:00,2025-11-19 04:00:00,2026-02-10 18:00:00,4374,24,1181,GOLD,GOLD_LONG_LOGISTIC_BASE_PLUS_ML_T055,LONG,LOGISTIC,BASE_PLUS_ML,0.55,SWING_ATR,0,500,True,CONFIG_LOCAL_FALLBACK_MT5_UNAVAILABLE,9,0,0,0,0.0,0.0,0.0,0.0,0.0,0.0,0.0,0,500.0,9,0
2,2025-02-11 17:00:00,2025-11-18 02:00:00,2025-11-18 03:00:00,2025-11-19 03:00:00,2025-11-19 04:00:00,2026-02-10 18:00:00,4374,24,1181,GOLD,GOLD_LONG_LOGISTIC_BASE_PLUS_ML_T055,LONG,LOGISTIC,BASE_PLUS_ML,0.55,SWING_ATR,0,1000,False,CONFIG_LOCAL_FALLBACK_MT5_UNAVAILABLE,9,9,6,3,66.66666666666666,1.1232996367217858,0.04455136782503197,0.04455136782503197,0.40096231042528774,0.3728665816143348,1.0862689024311303,1,1003.7286658161433,0,0
2,2025-02-11 17:00:00,2025-11-18 02:00:00,2025-11-18 03:00:00,2025-11-19 03:00:00,2025-11-19 04:00:00,2026-02-10 18:00:00,4374,24,1181,GOLD,GOLD_LONG_LOGISTIC_BASE_PLUS_ML_T055,LONG,LOGISTIC,BASE_PLUS_ML,0.55,SWING_ATR,0,1000,True,CONFIG_LOCAL_FALLBACK_MT5_UNAVAILABLE,9,0,0,0,0.0,0.0,0.0,0.0,0.0,0.0,0.0,0,1000.0,9,0
2,2025-02-11 17:00:00,2025-11-18 02:00:00,2025-11-18 03:00:00,2025-11-19 03:00:00,2025-11-19 04:00:00,2026-02-10 18:00:00,4374,24,1181,GOLD,GOLD_LONG_LOGISTIC_BASE_PLUS_ML_T055,LONG,LOGISTIC,BASE_PLUS_ML,0.55,SWING_ATR,0,5000,False,CONFIG_LOCAL_FALLBACK_MT5_UNAVAILABLE,9,9,6,3,66.66666666666666,1.1232996367217893,0.04455136782503197,0.04455136782503197,0.40096231042528774,0.3728665816143439,1.0862689024311236,1,5018.643329080717,0,0
2,2025-02-11 17:00:00,2025-11-18 02:00:00,2025-11-18 03:00:00,2025-11-19 03:00:00,2025-11-19 04:00:00,2026-02-10 18:00:00,4374,24,1181,GOLD,GOLD_LONG_LOGISTIC_BASE_PLUS_ML_T055,LONG,LOGISTIC,BASE_PLUS_ML,0.55,SWING_ATR,0,5000,True,CONFIG_LOCAL_FALLBACK_MT5_UNAVAILABLE,9,2,1,1,50.0,1.8660177871837935,0.18766606439763256,0.18766606439763256,0.3753321287952651,0.5640302326421807,0.6434714909098822,1,5028.201511632109,7,0
2,2025-02-11 17:00:00,2025-11-18 02:00:00,2025-11-18 03:00:00,2025-11-19 03:00:00,2025-11-19 04:00:00,2026-02-10 18:00:00,4374,24,1181,GOLD,GOLD_LONG_LOGISTIC_BASE_PLUS_ML_T055,LONG,LOGISTIC,BASE_PLUS_ML,0.55,SWING_ATR,1,100,False,CONFIG_LOCAL_FALLBACK_MT5_UNAVAILABLE,9,9,6,3,66.66666666666666,1.082070321780067,0.031086315224484,0.031086315224484,0.279776837020356,0.25156164820108984,1.1350727031829997,1,100.25156164820109,0,0
2,2025-02-11 17:00:00,2025-11-18 02:00:00,2025-11-18 03:00:00,2025-11-19 03:00:00,2025-11-19 04:00:00,2026-02-10 18:00:00,4374,24,1181,GOLD,GOLD_LONG_LOGISTIC_BASE_PLUS_ML_T055,LONG,LOGISTIC,BASE_PLUS_ML,0.55,SWING_ATR,1,100,True,CONFIG_LOCAL_FALLBACK_MT5_UNAVAILABLE,9,0,0,0,0.0,0.0,0.0,0.0,0.0,0.0,0.0,0,100.0,9,0
2,2025-02-11 17:00:00,2025-11-18 02:00:00,2025-11-18 03:00:00,2025-11-19 03:00:00,2025-11-19 04:00:00,2026-02-10 18:00:00,4374,24,1181,GOLD,GOLD_LONG_LOGISTIC_BASE_PLUS_ML_T055,LONG,LOGISTIC,BASE_PLUS_ML,0.55,SWING_ATR,1,500,False,CONFIG_LOCAL_FALLBACK_MT5_UNAVAILABLE,9,9,6,3,66.66666666666666,1.0820703217800611,0.031086315224484,0.031086315224484,0.279776837020356,0.2515616482010728,1.135072703183,1,501.25780824100536,0,0
2,2025-02-11 17:00:00,2025-11-18 02:00:00,2025-11-18 03:00:00,2025-11-19 03:00:00,2025-11-19 04:00:00,2026-02-10 18:00:00,4374,24,1181,GOLD,GOLD_LONG_LOGISTIC_BASE_PLUS_ML_T055,LONG,LOGISTIC,BASE_PLUS_ML,0.55,SWING_ATR,1,500,True,CONFIG_LOCAL_FALLBACK_MT5_UNAVAILABLE,9,0,0,0,0.0,0.0,0.0,0.0,0.0,0.0,0.0,0,500.0,9,0
2,2025-02-11 17:00:00,2025-11-18 02:00:00,2025-11-18 03:00:00,2025-11-19 03:00:00,2025-11-19 04:00:00,2026-02-10 18:00:00,4374,24,1181,GOLD,GOLD_LONG_LOGISTIC_BASE_PLUS_ML_T055,LONG,LOGISTIC,BASE_PLUS_ML,0.55,SWING_ATR,1,1000,False,CONFIG_LOCAL_FALLBACK_MT5_UNAVAILABLE,9,9,6,3,66.66666666666666,1.0820703217800611,0.031086315224484,0.031086315224484,0.279776837020356,0.2515616482010728,1.135072703183,1,1002.5156164820107,0,0
2,2025-02-11 17:00:00,2025-11-18 02:00:00,2025-11-18 03:00:00,2025-11-19 03:00:00,2025-11-19 04:00:00,2026-02-10 18:00:00,4374,24,1181,GOLD,GOLD_LONG_LOGISTIC_BASE_PLUS_ML_T055,LONG,LOGISTIC,BASE_PLUS_ML,0.55,SWING_ATR,1,1000,True,CONFIG_LOCAL_FALLBACK_MT5_UNAVAILABLE,9,0,0,0,0.0,0.0,0.0,0.0,0.0,0.0,0.0,0,1000.0,9,0
2,2025-02-11 17:00:00,2025-11-18 02:00:00,2025-11-18 03:00:00,2025-11-19 03:00:00,2025-11-19 04:00:00,2026-02-10 18:00:00,4374,24,1181,GOLD,GOLD_LONG_LOGISTIC_BASE_PLUS_ML_T055,LONG,LOGISTIC,BASE_PLUS_ML,0.55,SWING_ATR,1,5000,False,CONFIG_LOCAL_FALLBACK_MT5_UNAVAILABLE,9,9,6,3,66.66666666666666,1.0820703217800565,0.031086315224484,0.031086315224484,0.279776837020356,0.25156164820105914,1.1350727031830135,1,5012.578082410053,0,0
2,2025-02-11 17:00:00,2025-11-18 02:00:00,2025-11-18 03:00:00,2025-11-19 03:00:00,2025-11-19 04:00:00,2026-02-10 18:00:00,4374,24,1181,GOLD,GOLD_LONG_LOGISTIC_BASE_PLUS_ML_T055,LONG,LOGISTIC,BASE_PLUS_ML,0.55,SWING_ATR,1,5000,True,CONFIG_LOCAL_FALLBACK_MT5_UNAVAILABLE,9,2,1,1,50.0,1.7647267303972138,0.15445228782394604,0.15445228782394604,0.3089045756478921,0.5116898296189175,0.661305882921755,1,5025.584491480946,7,0
2,2025-02-11 17:00:00,2025-11-18 02:00:00,2025-11-18 03:00:00,2025-11-19 03:00:00,2025-11-19 04:00:00,2026-02-10 18:00:00,4374,24,1181,GOLD,GOLD_LONG_LOGISTIC_BASE_PLUS_ML_T055,LONG,LOGISTIC,BASE_PLUS_ML,0.55,SWING_ATR,2,100,False,CONFIG_LOCAL_FALLBACK_MT5_UNAVAILABLE,9,9,6,3,66.66666666666666,1.0419717567430018,0.017621262623936033,0.017621262623936033,0.1585913636154243,0.13037588684571233,1.1838616363605667,1,100.13037588684571,0,0
2,2025-02-11 17:00:00,2025-11-18 02:00:00,2025-11-18 03:00:00,2025-11-19 03:00:00,2025-11-19 04:00:00,2026-02-10 18:00:00,4374,24,1181,GOLD,GOLD_LONG_LOGISTIC_BASE_PLUS_ML_T055,LONG,LOGISTIC,BASE_PLUS_ML,0.55,SWING_ATR,2,100,True,CONFIG_LOCAL_FALLBACK_MT5_UNAVAILABLE,9,0,0,0,0.0,0.0,0.0,0.0,0.0,0.0,0.0,0,100.0,9,0
2,2025-02-11 17:00:00,2025-11-18 02:00:00,2025-11-18 03:00:00,2025-11-19 03:00:00,2025-11-19 04:00:00,2026-02-10 18:00:00,4374,24,1181,GOLD,GOLD_LONG_LOGISTIC_BASE_PLUS_ML_T055,LONG,LOGISTIC,BASE_PLUS_ML,0.55,SWING_ATR,2,500,False,CONFIG_LOCAL_FALLBACK_MT5_UNAVAILABLE,9,9,6,3,66.66666666666666,1.0419717567429962,0.017621262623936033,0.017621262623936033,0.1585913636154243,0.1303758868456953,1.1838616363605752,1,500.6518794342285,0,0
2,2025-02-11 17:00:00,2025-11-18 02:00:00,2025-11-18 03:00:00,2025-11-19 03:00:00,2025-11-19 04:00:00,2026-02-10 18:00:00,4374,24,1181,GOLD,GOLD_LONG_LOGISTIC_BASE_PLUS_ML_T055,LONG,LOGISTIC,BASE_PLUS_ML,0.55,SWING_ATR,2,500,True,CONFIG_LOCAL_FALLBACK_MT5_UNAVAILABLE,9,0,0,0,0.0,0.0,0.0,0.0,0.0,0.0,0.0,0,500.0,9,0
2,2025-02-11 17:00:00,2025-11-18 02:00:00,2025-11-18 03:00:00,2025-11-19 03:00:00,2025-11-19 04:00:00,2026-02-10 18:00:00,4374,24,1181,GOLD,GOLD_LONG_LOGISTIC_BASE_PLUS_ML_T055,LONG,LOGISTIC,BASE_PLUS_ML,0.55,SWING_ATR,2,1000,False,CONFIG_LOCAL_FALLBACK_MT5_UNAVAILABLE,9,9,6,3,66.66666666666666,1.0419717567429962,0.017621262623936033,0.017621262623936033,0.1585913636154243,0.1303758868456953,1.1838616363605752,1,1001.303758868457,0,0
2,2025-02-11 17:00:00,2025-11-18 02:00:00,2025-11-18 03:00:00,2025-11-19 03:00:00,2025-11-19 04:00:00,2026-02-10 18:00:00,4374,24,1181,GOLD,GOLD_LONG_LOGISTIC_BASE_PLUS_ML_T055,LONG,LOGISTIC,BASE_PLUS_ML,0.55,SWING_ATR,2,1000,True,CONFIG_LOCAL_FALLBACK_MT5_UNAVAILABLE,9,0,0,0,0.0,0.0,0.0,0.0,0.0,0.0,0.0,0,1000.0,9,0
2,2025-02-11 17:00:00,2025-11-18 02:00:00,2025-11-18 03:00:00,2025-11-19 03:00:00,2025-11-19 04:00:00,2026-02-10 18:00:00,4374,24,1181,GOLD,GOLD_LONG_LOGISTIC_BASE_PLUS_ML_T055,LONG,LOGISTIC,BASE_PLUS_ML,0.55,SWING_ATR,2,5000,False,CONFIG_LOCAL_FALLBACK_MT5_UNAVAILABLE,9,9,6,3,66.66666666666666,1.0419717567430054,0.017621262623936033,0.017621262623936033,0.1585913636154243,0.13037588684572254,1.1838616363605705,1,5006.518794342286,0,0
2,2025-02-11 17:00:00,2025-11-18 02:00:00,2025-11-18 03:00:00,2025-11-19 03:00:00,2025-11-19 04:00:00,2026-02-10 18:00:00,4374,24,1181,GOLD,GOLD_LONG_LOGISTIC_BASE_PLUS_ML_T055,LONG,LOGISTIC,BASE_PLUS_ML,0.55,SWING_ATR,2,5000,True,CONFIG_LOCAL_FALLBACK_MT5_UNAVAILABLE,9,2,1,1,50.0,1.6686917484809876,0.12123851125025953,0.12123851125025953,0.24247702250051906,0.45934942659565425,0.6791524473864228,1,5022.967471329783,7,0
2,2025-02-11 17:00:00,2025-11-18 02:00:00,2025-11-18 03:00:00,2025-11-19 03:00:00,2025-11-19 04:00:00,2026-02-10 18:00:00,4374,24,1181,GOLD,GOLD_LONG_LOGISTIC_BASE_PLUS_ML_T055,LONG,LOGISTIC,BASE_PLUS_ML,0.55,SWING_ATR,5,100,False,CONFIG_LOCAL_FALLBACK_MT5_UNAVAILABLE,9,9,6,3,66.66666666666666,0.9280116361886953,-0.022773895177707865,-0.022773895177707865,-0.20496505659937078,-0.23246730789691128,1.3301392573219377,1,99.76753269210309,0,0
2,2025-02-11 17:00:00,2025-11-18 02:00:00,2025-11-18 03:00:00,2025-11-19 03:00:00,2025-11-19 04:00:00,2026-02-10 18:00:00,4374,24,1181,GOLD,GOLD_LONG_LOGISTIC_BASE_PLUS_ML_T055,LONG,LOGISTIC,BASE_PLUS_ML,0.55,SWING_ATR,5,100,True,CONFIG_LOCAL_FALLBACK_MT5_UNAVAILABLE,9,0,0,0,0.0,0.0,0.0,0.0,0.0,0.0,0.0,0,100.0,9,0
2,2025-02-11 17:00:00,2025-11-18 02:00:00,2025-11-18 03:00:00,2025-11-19 03:00:00,2025-11-19 04:00:00,2026-02-10 18:00:00,4374,24,1181,GOLD,GOLD_LONG_LOGISTIC_BASE_PLUS_ML_T055,LONG,LOGISTIC,BASE_PLUS_ML,0.55,SWING_ATR,5,500,False,CONFIG_LOCAL_FALLBACK_MT5_UNAVAILABLE,9,9,6,3,66.66666666666666,0.9280116361886919,-0.022773895177707865,-0.022773895177707865,-0.20496505659937078,-0.23246730789692263,1.3301392573219377,1,498.8376634605154,0,0
2,2025-02-11 17:00:00,2025-11-18 02:00:00,2025-11-18 03:00:00,2025-11-19 03:00:00,2025-11-19 04:00:00,2026-02-10 18:00:00,4374,24,1181,GOLD,GOLD_LONG_LOGISTIC_BASE_PLUS_ML_T055,LONG,LOGISTIC,BASE_PLUS_ML,0.55,SWING_ATR,5,500,True,CONFIG_LOCAL_FALLBACK_MT5_UNAVAILABLE,9,0,0,0,0.0,0.0,0.0,0.0,0.0,0.0,0.0,0,500.0,9,0
2,2025-02-11 17:00:00,2025-11-18 02:00:00,2025-11-18 03:00:00,2025-11-19 03:00:00,2025-11-19 04:00:00,2026-02-10 18:00:00,4374,24,1181,GOLD,GOLD_LONG_LOGISTIC_BASE_PLUS_ML_T055,LONG,LOGISTIC,BASE_PLUS_ML,0.55,SWING_ATR,5,1000,False,CONFIG_LOCAL_FALLBACK_MT5_UNAVAILABLE,9,9,6,3,66.66666666666666,0.9280116361886919,-0.022773895177707865,-0.022773895177707865,-0.20496505659937078,-0.23246730789692263,1.3301392573219377,1,997.6753269210308,0,0
2,2025-02-11 17:00:00,2025-11-18 02:00:00,2025-11-18 03:00:00,2025-11-19 03:00:00,2025-11-19 04:00:00,2026-02-10 18:00:00,4374,24,1181,GOLD,GOLD_LONG_LOGISTIC_BASE_PLUS_ML_T055,LONG,LOGISTIC,BASE_PLUS_ML,0.55,SWING_ATR,5,1000,True,CONFIG_LOCAL_FALLBACK_MT5_UNAVAILABLE,9,0,0,0,0.0,0.0,0.0,0.0,0.0,0.0,0.0,0,1000.0,9,0
2,2025-02-11 17:00:00,2025-11-18 02:00:00,2025-11-18 03:00:00,2025-11-19 03:00:00,2025-11-19 04:00:00,2026-02-10 18:00:00,4374,24,1181,GOLD,GOLD_LONG_LOGISTIC_BASE_PLUS_ML_T055,LONG,LOGISTIC,BASE_PLUS_ML,0.55,SWING_ATR,5,5000,False,CONFIG_LOCAL_FALLBACK_MT5_UNAVAILABLE,9,9,6,3,66.66666666666666,0.928011636188689,-0.022773895177707865,-0.022773895177707865,-0.20496505659937078,-0.23246730789693174,1.3301392573219446,1,4988.376634605153,0,0
2,2025-02-11 17:00:00,2025-11-18 02:00:00,2025-11-18 03:00:00,2025-11-19 03:00:00,2025-11-19 04:00:00,2026-02-10 18:00:00,4374,24,1181,GOLD,GOLD_LONG_LOGISTIC_BASE_PLUS_ML_T055,LONG,LOGISTIC,BASE_PLUS_ML,0.55,SWING_ATR,5,5000,True,CONFIG_LOCAL_FALLBACK_MT5_UNAVAILABLE,9,2,1,1,50.0,1.4083275642621376,0.021597181529199982,0.021597181529199982,0.043194363058399965,0.3023282175258646,0.7327653002451705,1,5015.116410876293,7,0
2,2025-02-11 17:00:00,2025-11-18 02:00:00,2025-11-18 03:00:00,2025-11-19 03:00:00,2025-11-19 04:00:00,2026-02-10 18:00:00,4374,24,1181,GOLD,GOLD_LONG_LOGISTIC_BASE_PLUS_ML_T055,LONG,LOGISTIC,BASE_PLUS_ML,0.55,SWING_ATR_RR,0,100,False,CONFIG_LOCAL_FALLBACK_MT5_UNAVAILABLE,9,9,6,3,66.66666666666666,1.8427922533285588,0.28911780938519266,0.28911780938519266,2.602060284466734,2.5760192983846366,1.0,1,102.57601929838464,0,0
2,2025-02-11 17:00:00,2025-11-18 02:00:00,2025-11-18 03:00:00,2025-11-19 03:00:00,2025-11-19 04:00:00,2026-02-10 18:00:00,4374,24,1181,GOLD,GOLD_LONG_LOGISTIC_BASE_PLUS_ML_T055,LONG,LOGISTIC,BASE_PLUS_ML,0.55,SWING_ATR_RR,0,100,True,CONFIG_LOCAL_FALLBACK_MT5_UNAVAILABLE,9,0,0,0,0.0,0.0,0.0,0.0,0.0,0.0,0.0,0,100.0,9,0
2,2025-02-11 17:00:00,2025-11-18 02:00:00,2025-11-18 03:00:00,2025-11-19 03:00:00,2025-11-19 04:00:00,2026-02-10 18:00:00,4374,24,1181,GOLD,GOLD_LONG_LOGISTIC_BASE_PLUS_ML_T055,LONG,LOGISTIC,BASE_PLUS_ML,0.55,SWING_ATR_RR,0,500,False,CONFIG_LOCAL_FALLBACK_MT5_UNAVAILABLE,9,9,6,3,66.66666666666666,1.8427922533285441,0.28911780938519266,0.28911780938519266,2.602060284466734,2.576019298384608,1.00000000000001,1,512.880096491923,0,0
2,2025-02-11 17:00:00,2025-11-18 02:00:00,2025-11-18 03:00:00,2025-11-19 03:00:00,2025-11-19 04:00:00,2026-02-10 18:00:00,4374,24,1181,GOLD,GOLD_LONG_LOGISTIC_BASE_PLUS_ML_T055,LONG,LOGISTIC,BASE_PLUS_ML,0.55,SWING_ATR_RR,0,500,True,CONFIG_LOCAL_FALLBACK_MT5_UNAVAILABLE,9,0,0,0,0.0,0.0,0.0,0.0,0.0,0.0,0.0,0,500.0,9,0
2,2025-02-11 17:00:00,2025-11-18 02:00:00,2025-11-18 03:00:00,2025-11-19 03:00:00,2025-11-19 04:00:00,2026-02-10 18:00:00,4374,24,1181,GOLD,GOLD_LONG_LOGISTIC_BASE_PLUS_ML_T055,LONG,LOGISTIC,BASE_PLUS_ML,0.55,SWING_ATR_RR,0,1000,False,CONFIG_LOCAL_FALLBACK_MT5_UNAVAILABLE,9,9,6,3,66.66666666666666,1.8427922533285441,0.28911780938519266,0.28911780938519266,2.602060284466734,2.576019298384608,1.00000000000001,1,1025.760192983846,0,0
2,2025-02-11 17:00:00,2025-11-18 02:00:00,2025-11-18 03:00:00,2025-11-19 03:00:00,2025-11-19 04:00:00,2026-02-10 18:00:00,4374,24,1181,GOLD,GOLD_LONG_LOGISTIC_BASE_PLUS_ML_T055,LONG,LOGISTIC,BASE_PLUS_ML,0.55,SWING_ATR_RR,0,1000,True,CONFIG_LOCAL_FALLBACK_MT5_UNAVAILABLE,9,0,0,0,0.0,0.0,0.0,0.0,0.0,0.0,0.0,0,1000.0,9,0
2,2025-02-11 17:00:00,2025-11-18 02:00:00,2025-11-18 03:00:00,2025-11-19 03:00:00,2025-11-19 04:00:00,2026-02-10 18:00:00,4374,24,1181,GOLD,GOLD_LONG_LOGISTIC_BASE_PLUS_ML_T055,LONG,LOGISTIC,BASE_PLUS_ML,0.55,SWING_ATR_RR,0,5000,False,CONFIG_LOCAL_FALLBACK_MT5_UNAVAILABLE,9,9,6,3,66.66666666666666,1.8427922533285592,0.28911780938519266,0.28911780938519266,2.602060284466734,2.5760192983846357,1.0,1,5128.800964919232,0,0
2,2025-02-11 17:00:00,2025-11-18 02:00:00,2025-11-18 03:00:00,2025-11-19 03:00:00,2025-11-19 04:00:00,2026-02-10 18:00:00,4374,24,1181,GOLD,GOLD_LONG_LOGISTIC_BASE_PLUS_ML_T055,LONG,LOGISTIC,BASE_PLUS_ML,0.55,SWING_ATR_RR,0,5000,True,CONFIG_LOCAL_FALLBACK_MT5_UNAVAILABLE,9,2,1,1,50.0,2.713552236750768,0.5,0.5,1.0,1.116022420142217,0.6399812618634747,1,5055.801121007111,7,0
2,2025-02-11 17:00:00,2025-11-18 02:00:00,2025-11-18 03:00:00,2025-11-19 03:00:00,2025-11-19 04:00:00,2026-02-10 18:00:00,4374,24,1181,GOLD,GOLD_LONG_LOGISTIC_BASE_PLUS_ML_T055,LONG,LOGISTIC,BASE_PLUS_ML,0.55,SWING_ATR_RR,1,100,False,CONFIG_LOCAL_FALLBACK_MT5_UNAVAILABLE,9,9,6,3,66.66666666666666,1.7915463893084747,0.27562830014048867,0.27562830014048867,2.480654701264398,2.4522079505500187,1.0273654181294072,1,102.45220795055002,0,0
2,2025-02-11 17:00:00,2025-11-18 02:00:00,2025-11-18 03:00:00,2025-11-19 03:00:00,2025-11-19 04:00:00,2026-02-10 18:00:00,4374,24,1181,GOLD,GOLD_LONG_LOGISTIC_BASE_PLUS_ML_T055,LONG,LOGISTIC,BASE_PLUS_ML,0.55,SWING_ATR_RR,1,100,True,CONFIG_LOCAL_FALLBACK_MT5_UNAVAILABLE,9,0,0,0,0.0,0.0,0.0,0.0,0.0,0.0,0.0,0,100.0,9,0
2,2025-02-11 17:00:00,2025-11-18 02:00:00,2025-11-18 03:00:00,2025-11-19 03:00:00,2025-11-19 04:00:00,2026-02-10 18:00:00,4374,24,1181,GOLD,GOLD_LONG_LOGISTIC_BASE_PLUS_ML_T055,LONG,LOGISTIC,BASE_PLUS_ML,0.55,SWING_ATR_RR,1,500,False,CONFIG_LOCAL_FALLBACK_MT5_UNAVAILABLE,9,9,6,3,66.66666666666666,1.791546389308465,0.27562830014048867,0.27562830014048867,2.480654701264398,2.452207950549996,1.0273654181294076,1,512.26103975275,0,0
2,2025-02-11 17:00:00,2025-11-18 02:00:00,2025-11-18 03:00:00,2025-11-19 03:00:00,2025-11-19 04:00:00,2026-02-10 18:00:00,4374,24,1181,GOLD,GOLD_LONG_LOGISTIC_BASE_PLUS_ML_T055,LONG,LOGISTIC,BASE_PLUS_ML,0.55,SWING_ATR_RR,1,500,True,CONFIG_LOCAL_FALLBACK_MT5_UNAVAILABLE,9,0,0,0,0.0,0.0,0.0,0.0,0.0,0.0,0.0,0,500.0,9,0
2,2025-02-11 17:00:00,2025-11-18 02:00:00,2025-11-18 03:00:00,2025-11-19 03:00:00,2025-11-19 04:00:00,2026-02-10 18:00:00,4374,24,1181,GOLD,GOLD_LONG_LOGISTIC_BASE_PLUS_ML_T055,LONG,LOGISTIC,BASE_PLUS_ML,0.55,SWING_ATR_RR,1,1000,False,CONFIG_LOCAL_FALLBACK_MT5_UNAVAILABLE,9,9,6,3,66.66666666666666,1.791546389308465,0.27562830014048867,0.27562830014048867,2.480654701264398,2.452207950549996,1.0273654181294076,1,1024.5220795055,0,0
2,2025-02-11 17:00:00,2025-11-18 02:00:00,2025-11-18 03:00:00,2025-11-19 03:00:00,2025-11-19 04:00:00,2026-02-10 18:00:00,4374,24,1181,GOLD,GOLD_LONG_LOGISTIC_BASE_PLUS_ML_T055,LONG,LOGISTIC,BASE_PLUS_ML,0.55,SWING_ATR_RR,1,1000,True,CONFIG_LOCAL_FALLBACK_MT5_UNAVAILABLE,9,0,0,0,0.0,0.0,0.0,0.0,0.0,0.0,0.0,0,1000.0,9,0
2,2025-02-11 17:00:00,2025-11-18 02:00:00,2025-11-18 03:00:00,2025-11-19 03:00:00,2025-11-19 04:00:00,2026-02-10 18:00:00,4374,24,1181,GOLD,GOLD_LONG_LOGISTIC_BASE_PLUS_ML_T055,LONG,LOGISTIC,BASE_PLUS_ML,0.55,SWING_ATR_RR,1,5000,False,CONFIG_LOCAL_FALLBACK_MT5_UNAVAILABLE,9,9,6,3,66.66666666666666,1.791546389308459,0.27562830014048867,0.27562830014048867,2.480654701264398,2.4522079505499823,1.027365418129414,1,5122.610397527499,0,0
2,2025-02-11 17:00:00,2025-11-18 02:00:00,2025-11-18 03:00:00,2025-11-19 03:00:00,2025-11-19 04:00:00,2026-02-10 18:00:00,4374,24,1181,GOLD,GOLD_LONG_LOGISTIC_BASE_PLUS_ML_T055,LONG,LOGISTIC,BASE_PLUS_ML,0.55,SWING_ATR_RR,1,5000,True,CONFIG_LOCAL_FALLBACK_MT5_UNAVAILABLE,9,2,1,1,50.0,2.589603333373629,0.4667549900327532,0.4667549900327532,0.9335099800655065,1.0636268179002035,0.6577180588621482,1,5053.18134089501,7,0
2,2025-02-11 17:00:00,2025-11-18 02:00:00,2025-11-18 03:00:00,2025-11-19 03:00:00,2025-11-19 04:00:00,2026-02-10 18:00:00,4374,24,1181,GOLD,GOLD_LONG_LOGISTIC_BASE_PLUS_ML_T055,LONG,LOGISTIC,BASE_PLUS_ML,0.55,SWING_ATR_RR,2,100,False,CONFIG_LOCAL_FALLBACK_MT5_UNAVAILABLE,9,9,6,3,66.66666666666666,1.7417042561849139,0.2621387908957848,0.2621387908957848,2.359249118062063,2.328518146796185,1.0547308362588124,1,102.32851814679618,0,0
2,2025-02-11 17:00:00,2025-11-18 02:00:00,2025-11-18 03:00:00,2025-11-19 03:00:00,2025-11-19 04:00:00,2026-02-10 18:00:00,4374,24,1181,GOLD,GOLD_LONG_LOGISTIC_BASE_PLUS_ML_T055,LONG,LOGISTIC,BASE_PLUS_ML,0.55,SWING_ATR_RR,2,100,True,CONFIG_LOCAL_FALLBACK_MT5_UNAVAILABLE,9,0,0,0,0.0,0.0,0.0,0.0,0.0,0.0,0.0,0,100.0,9,0
2,2025-02-11 17:00:00,2025-11-18 02:00:00,2025-11-18 03:00:00,2025-11-19 03:00:00,2025-11-19 04:00:00,2026-02-10 18:00:00,4374,24,1181,GOLD,GOLD_LONG_LOGISTIC_BASE_PLUS_ML_T055,LONG,LOGISTIC,BASE_PLUS_ML,0.55,SWING_ATR_RR,2,500,False,CONFIG_LOCAL_FALLBACK_MT5_UNAVAILABLE,9,9,6,3,66.66666666666666,1.7417042561849143,0.2621387908957848,0.2621387908957848,2.359249118062063,2.328518146796182,1.0547308362588095,1,511.6425907339809,0,0
2,2025-02-11 17:00:00,2025-11-18 02:00:00,2025-11-18 03:00:00,2025-11-19 03:00:00,2025-11-19 04:00:00,2026-02-10 18:00:00,4374,24,1181,GOLD,GOLD_LONG_LOGISTIC_BASE_PLUS_ML_T055,LONG,LOGISTIC,BASE_PLUS_ML,0.55,SWING_ATR_RR,2,500,True,CONFIG_LOCAL_FALLBACK_MT5_UNAVAILABLE,9,0,0,0,0.0,0.0,0.0,0.0,0.0,0.0,0.0,0,500.0,9,0
2,2025-02-11 17:00:00,2025-11-18 02:00:00,2025-11-18 03:00:00,2025-11-19 03:00:00,2025-11-19 04:00:00,2026-02-10 18:00:00,4374,24,1181,GOLD,GOLD_LONG_LOGISTIC_BASE_PLUS_ML_T055,LONG,LOGISTIC,BASE_PLUS_ML,0.55,SWING_ATR_RR,2,1000,False,CONFIG_LOCAL_FALLBACK_MT5_UNAVAILABLE,9,9,6,3,66.66666666666666,1.7417042561849143,0.2621387908957848,0.2621387908957848,2.359249118062063,2.328518146796182,1.0547308362588095,1,1023.2851814679618,0,0
2,2025-02-11 17:00:00,2025-11-18 02:00:00,2025-11-18 03:00:00,2025-11-19 03:00:00,2025-11-19 04:00:00,2026-02-10 18:00:00,4374,24,1181,GOLD,GOLD_LONG_LOGISTIC_BASE_PLUS_ML_T055,LONG,LOGISTIC,BASE_PLUS_ML,0.55,SWING_ATR_RR,2,1000,True,CONFIG_LOCAL_FALLBACK_MT5_UNAVAILABLE,9,0,0,0,0.0,0.0,0.0,0.0,0.0,0.0,0.0,0,1000.0,9,0
2,2025-02-11 17:00:00,2025-11-18 02:00:00,2025-11-18 03:00:00,2025-11-19 03:00:00,2025-11-19 04:00:00,2026-02-10 18:00:00,4374,24,1181,GOLD,GOLD_LONG_LOGISTIC_BASE_PLUS_ML_T055,LONG,LOGISTIC,BASE_PLUS_ML,0.55,SWING_ATR_RR,2,5000,False,CONFIG_LOCAL_FALLBACK_MT5_UNAVAILABLE,9,9,6,3,66.66666666666666,1.7417042561849152,0.2621387908957848,0.2621387908957848,2.359249118062063,2.3285181467961777,1.054730836258814,1,5116.425907339809,0,0
2,2025-02-11 17:00:00,2025-11-18 02:00:00,2025-11-18 03:00:00,2025-11-19 03:00:00,2025-11-19 04:00:00,2026-02-10 18:00:00,4374,24,1181,GOLD,GOLD_LONG_LOGISTIC_BASE_PLUS_ML_T055,LONG,LOGISTIC,BASE_PLUS_ML,0.55,SWING_ATR_RR,2,5000,True,CONFIG_LOCAL_FALLBACK_MT5_UNAVAILABLE,9,2,1,1,50.0,2.4720862388541995,0.43350998006550656,0.43350998006550656,0.8670199601310131,1.0112312156581902,0.675466915262236,1,5050.5615607829095,7,0
2,2025-02-11 17:00:00,2025-11-18 02:00:00,2025-11-18 03:00:00,2025-11-19 03:00:00,2025-11-19 04:00:00,2026-02-10 18:00:00,4374,24,1181,GOLD,GOLD_LONG_LOGISTIC_BASE_PLUS_ML_T055,LONG,LOGISTIC,BASE_PLUS_ML,0.55,SWING_ATR_RR,5,100,False,CONFIG_LOCAL_FALLBACK_MT5_UNAVAILABLE,9,9,6,3,66.66666666666666,1.6000441446245044,0.22167026316167276,0.22167026316167276,1.9950323684550548,1.9581770385905344,1.1368270906470306,1,101.95817703859053,0,0
2,2025-02-11 17:00:00,2025-11-18 02:00:00,2025-11-18 03:00:00,2025-11-19 03:00:00,2025-11-19 04:00:00,2026-02-10 18:00:00,4374,24,1181,GOLD,GOLD_LONG_LOGISTIC_BASE_PLUS_ML_T055,LONG,LOGISTIC,BASE_PLUS_ML,0.55,SWING_ATR_RR,5,100,True,CONFIG_LOCAL_FALLBACK_MT5_UNAVAILABLE,9,0,0,0,0.0,0.0,0.0,0.0,0.0,0.0,0.0,0,100.0,9,0
2,2025-02-11 17:00:00,2025-11-18 02:00:00,2025-11-18 03:00:00,2025-11-19 03:00:00,2025-11-19 04:00:00,2026-02-10 18:00:00,4374,24,1181,GOLD,GOLD_LONG_LOGISTIC_BASE_PLUS_ML_T055,LONG,LOGISTIC,BASE_PLUS_ML,0.55,SWING_ATR_RR,5,500,False,CONFIG_LOCAL_FALLBACK_MT5_UNAVAILABLE,9,9,6,3,66.66666666666666,1.6000441446244906,0.22167026316167276,0.22167026316167276,1.9950323684550548,1.9581770385904973,1.1368270906470306,1,509.7908851929525,0,0
2,2025-02-11 17:00:00,2025-11-18 02:00:00,2025-11-18 03:00:00,2025-11-19 03:00:00,2025-11-19 04:00:00,2026-02-10 18:00:00,4374,24,1181,GOLD,GOLD_LONG_LOGISTIC_BASE_PLUS_ML_T055,LONG,LOGISTIC,BASE_PLUS_ML,0.55,SWING_ATR_RR,5,500,True,CONFIG_LOCAL_FALLBACK_MT5_UNAVAILABLE,9,0,0,0,0.0,0.0,0.0,0.0,0.0,0.0,0.0,0,500.0,9,0
2,2025-02-11 17:00:00,2025-11-18 02:00:00,2025-11-18 03:00:00,2025-11-19 03:00:00,2025-11-19 04:00:00,2026-02-10 18:00:00,4374,24,1181,GOLD,GOLD_LONG_LOGISTIC_BASE_PLUS_ML_T055,LONG,LOGISTIC,BASE_PLUS_ML,0.55,SWING_ATR_RR,5,1000,False,CONFIG_LOCAL_FALLBACK_MT5_UNAVAILABLE,9,9,6,3,66.66666666666666,1.6000441446244906,0.22167026316167276,0.22167026316167276,1.9950323684550548,1.9581770385904973,1.1368270906470306,1,1019.581770385905,0,0
2,2025-02-11 17:00:00,2025-11-18 02:00:00,2025-11-18 03:00:00,2025-11-19 03:00:00,2025-11-19 04:00:00,2026-02-10 18:00:00,4374,24,1181,GOLD,GOLD_LONG_LOGISTIC_BASE_PLUS_ML_T055,LONG,LOGISTIC,BASE_PLUS_ML,0.55,SWING_ATR_RR,5,1000,True,CONFIG_LOCAL_FALLBACK_MT5_UNAVAILABLE,9,0,0,0,0.0,0.0,0.0,0.0,0.0,0.0,0.0,0,1000.0,9,0
2,2025-02-11 17:00:00,2025-11-18 02:00:00,2025-11-18 03:00:00,2025-11-19 03:00:00,2025-11-19 04:00:00,2026-02-10 18:00:00,4374,24,1181,GOLD,GOLD_LONG_LOGISTIC_BASE_PLUS_ML_T055,LONG,LOGISTIC,BASE_PLUS_ML,0.55,SWING_ATR_RR,5,5000,False,CONFIG_LOCAL_FALLBACK_MT5_UNAVAILABLE,9,9,6,3,66.66666666666666,1.6000441446244944,0.22167026316167276,0.22167026316167276,1.9950323684550548,1.9581770385905113,1.1368270906470392,1,5097.908851929526,0,0
2,2025-02-11 17:00:00,2025-11-18 02:00:00,2025-11-18 03:00:00,2025-11-19 03:00:00,2025-11-19 04:00:00,2026-02-10 18:00:00,4374,24,1181,GOLD,GOLD_LONG_LOGISTIC_BASE_PLUS_ML_T055,LONG,LOGISTIC,BASE_PLUS_ML,0.55,SWING_ATR_RR,5,5000,True,CONFIG_LOCAL_FALLBACK_MT5_UNAVAILABLE,9,2,1,1,50.0,2.1534810614928044,0.33377495016376624,0.33377495016376624,0.6675499003275325,0.85404440893215,0.7287859639857706,1,5042.7022204466075,7,0
2,2025-02-11 17:00:00,2025-11-18 02:00:00,2025-11-18 03:00:00,2025-11-19 03:00:00,2025-11-19 04:00:00,2026-02-10 18:00:00,4374,24,1181,GOLD,GOLD_LONG_LOGISTIC_BASE_PLUS_ML_T055,LONG,LOGISTIC,BASE_PLUS_ML,0.55,SWING_STRUCTURAL_TARGET,0,100,False,CONFIG_LOCAL_FALLBACK_MT5_UNAVAILABLE,9,4,2,2,50.0,0.4155821839438401,-0.2918388921682403,-0.2918388921682403,-1.1673555686729613,-1.172689697972615,1.989999999999993,2,98.82731030202739,0,5
2,2025-02-11 17:00:00,2025-11-18 02:00:00,2025-11-18 03:00:00,2025-11-19 03:00:00,2025-11-19 04:00:00,2026-02-10 18:00:00,4374,24,1181,GOLD,GOLD_LONG_LOGISTIC_BASE_PLUS_ML_T055,LONG,LOGISTIC,BASE_PLUS_ML,0.55,SWING_STRUCTURAL_TARGET,0,100,True,CONFIG_LOCAL_FALLBACK_MT5_UNAVAILABLE,9,0,0,0,0.0,0.0,0.0,0.0,0.0,0.0,0.0,0,100.0,4,5
2,2025-02-11 17:00:00,2025-11-18 02:00:00,2025-11-18 03:00:00,2025-11-19 03:00:00,2025-11-19 04:00:00,2026-02-10 18:00:00,4374,24,1181,GOLD,GOLD_LONG_LOGISTIC_BASE_PLUS_ML_T055,LONG,LOGISTIC,BASE_PLUS_ML,0.55,SWING_STRUCTURAL_TARGET,0,500,False,CONFIG_LOCAL_FALLBACK_MT5_UNAVAILABLE,9,4,2,2,50.0,0.4155821839438384,-0.2918388921682403,-0.2918388921682403,-1.1673555686729613,-1.1726896979726236,1.9900000000000015,2,494.1365515101369,0,5
2,2025-02-11 17:00:00,2025-11-18 02:00:00,2025-11-18 03:00:00,2025-11-19 03:00:00,2025-11-19 04:00:00,2026-02-10 18:00:00,4374,24,1181,GOLD,GOLD_LONG_LOGISTIC_BASE_PLUS_ML_T055,LONG,LOGISTIC,BASE_PLUS_ML,0.55,SWING_STRUCTURAL_TARGET,0,500,True,CONFIG_LOCAL_FALLBACK_MT5_UNAVAILABLE,9,0,0,0,0.0,0.0,0.0,0.0,0.0,0.0,0.0,0,500.0,4,5
2,2025-02-11 17:00:00,2025-11-18 02:00:00,2025-11-18 03:00:00,2025-11-19 03:00:00,2025-11-19 04:00:00,2026-02-10 18:00:00,4374,24,1181,GOLD,GOLD_LONG_LOGISTIC_BASE_PLUS_ML_T055,LONG,LOGISTIC,BASE_PLUS_ML,0.55,SWING_STRUCTURAL_TARGET,0,1000,False,CONFIG_LOCAL_FALLBACK_MT5_UNAVAILABLE,9,4,2,2,50.0,0.4155821839438384,-0.2918388921682403,-0.2918388921682403,-1.1673555686729613,-1.1726896979726236,1.9900000000000015,2,988.2731030202738,0,5
2,2025-02-11 17:00:00,2025-11-18 02:00:00,2025-11-18 03:00:00,2025-11-19 03:00:00,2025-11-19 04:00:00,2026-02-10 18:00:00,4374,24,1181,GOLD,GOLD_LONG_LOGISTIC_BASE_PLUS_ML_T055,LONG,LOGISTIC,BASE_PLUS_ML,0.55,SWING_STRUCTURAL_TARGET,0,1000,True,CONFIG_LOCAL_FALLBACK_MT5_UNAVAILABLE,9,0,0,0,0.0,0.0,0.0,0.0,0.0,0.0,0.0,0,1000.0,4,5
2,2025-02-11 17:00:00,2025-11-18 02:00:00,2025-11-18 03:00:00,2025-11-19 03:00:00,2025-11-19 04:00:00,2026-02-10 18:00:00,4374,24,1181,GOLD,GOLD_LONG_LOGISTIC_BASE_PLUS_ML_T055,LONG,LOGISTIC,BASE_PLUS_ML,0.55,SWING_STRUCTURAL_TARGET,0,5000,False,CONFIG_LOCAL_FALLBACK_MT5_UNAVAILABLE,9,4,2,2,50.0,0.41558218394383156,-0.2918388921682403,-0.2918388921682403,-1.1673555686729613,-1.1726896979726371,1.9900000000000018,2,4941.365515101368,0,5
2,2025-02-11 17:00:00,2025-11-18 02:00:00,2025-11-18 03:00:00,2025-11-19 03:00:00,2025-11-19 04:00:00,2026-02-10 18:00:00,4374,24,1181,GOLD,GOLD_LONG_LOGISTIC_BASE_PLUS_ML_T055,LONG,LOGISTIC,BASE_PLUS_ML,0.55,SWING_STRUCTURAL_TARGET,0,5000,True,CONFIG_LOCAL_FALLBACK_MT5_UNAVAILABLE,9,2,1,1,50.0,0.8598297267703168,-0.1831350010052194,-0.1831350010052194,-0.3662700020104388,-0.09129174133518973,0.6476648183524162,1,4995.4354129332405,2,5
2,2025-02-11 17:00:00,2025-11-18 02:00:00,2025-11-18 03:00:00,2025-11-19 03:00:00,2025-11-19 04:00:00,2026-02-10 18:00:00,4374,24,1181,GOLD,GOLD_LONG_LOGISTIC_BASE_PLUS_ML_T055,LONG,LOGISTIC,BASE_PLUS_ML,0.55,SWING_STRUCTURAL_TARGET,1,100,False,CONFIG_LOCAL_FALLBACK_MT5_UNAVAILABLE,9,4,2,2,50.0,0.3861780651117378,-0.3115522942773653,-0.3115522942773653,-1.2462091771094612,-1.250659723925196,2.021589380456088,2,98.7493402760748,0,5
2,2025-02-11 17:00:00,2025-11-18 02:00:00,2025-11-18 03:00:00,2025-11-19 03:00:00,2025-11-19 04:00:00,2026-02-10 18:00:00,4374,24,1181,GOLD,GOLD_LONG_LOGISTIC_BASE_PLUS_ML_T055,LONG,LOGISTIC,BASE_PLUS_ML,0.55,SWING_STRUCTURAL_TARGET,1,100,True,CONFIG_LOCAL_FALLBACK_MT5_UNAVAILABLE,9,0,0,0,0.0,0.0,0.0,0.0,0.0,0.0,0.0,0,100.0,4,5
2,2025-02-11 17:00:00,2025-11-18 02:00:00,2025-11-18 03:00:00,2025-11-19 03:00:00,2025-11-19 04:00:00,2026-02-10 18:00:00,4374,24,1181,GOLD,GOLD_LONG_LOGISTIC_BASE_PLUS_ML_T055,LONG,LOGISTIC,BASE_PLUS_ML,0.55,SWING_STRUCTURAL_TARGET,1,500,False,CONFIG_LOCAL_FALLBACK_MT5_UNAVAILABLE,9,4,2,2,50.0,0.3861780651117387,-0.3115522942773653,-0.3115522942773653,-1.2462091771094612,-1.250659723925196,2.021589380456091,2,493.746701380374,0,5
2,2025-02-11 17:00:00,2025-11-18 02:00:00,2025-11-18 03:00:00,2025-11-19 03:00:00,2025-11-19 04:00:00,2026-02-10 18:00:00,4374,24,1181,GOLD,GOLD_LONG_LOGISTIC_BASE_PLUS_ML_T055,LONG,LOGISTIC,BASE_PLUS_ML,0.55,SWING_STRUCTURAL_TARGET,1,500,True,CONFIG_LOCAL_FALLBACK_MT5_UNAVAILABLE,9,0,0,0,0.0,0.0,0.0,0.0,0.0,0.0,0.0,0,500.0,4,5
2,2025-02-11 17:00:00,2025-11-18 02:00:00,2025-11-18 03:00:00,2025-11-19 03:00:00,2025-11-19 04:00:00,2026-02-10 18:00:00,4374,24,1181,GOLD,GOLD_LONG_LOGISTIC_BASE_PLUS_ML_T055,LONG,LOGISTIC,BASE_PLUS_ML,0.55,SWING_STRUCTURAL_TARGET,1,1000,False,CONFIG_LOCAL_FALLBACK_MT5_UNAVAILABLE,9,4,2,2,50.0,0.3861780651117387,-0.3115522942773653,-0.3115522942773653,-1.2462091771094612,-1.250659723925196,2.021589380456091,2,987.493402760748,0,5
2,2025-02-11 17:00:00,2025-11-18 02:00:00,2025-11-18 03:00:00,2025-11-19 03:00:00,2025-11-19 04:00:00,2026-02-10 18:00:00,4374,24,1181,GOLD,GOLD_LONG_LOGISTIC_BASE_PLUS_ML_T055,LONG,LOGISTIC,BASE_PLUS_ML,0.55,SWING_STRUCTURAL_TARGET,1,1000,True,CONFIG_LOCAL_FALLBACK_MT5_UNAVAILABLE,9,0,0,0,0.0,0.0,0.0,0.0,0.0,0.0,0.0,0,1000.0,4,5
2,2025-02-11 17:00:00,2025-11-18 02:00:00,2025-11-18 03:00:00,2025-11-19 03:00:00,2025-11-19 04:00:00,2026-02-10 18:00:00,4374,24,1181,GOLD,GOLD_LONG_LOGISTIC_BASE_PLUS_ML_T055,LONG,LOGISTIC,BASE_PLUS_ML,0.55,SWING_STRUCTURAL_TARGET,1,5000,False,CONFIG_LOCAL_FALLBACK_MT5_UNAVAILABLE,9,4,2,2,50.0,0.3861780651117405,-0.3115522942773653,-0.3115522942773653,-1.2462091771094612,-1.2506597239252004,2.021589380456104,2,4937.46701380374,0,5
2,2025-02-11 17:00:00,2025-11-18 02:00:00,2025-11-18 03:00:00,2025-11-19 03:00:00,2025-11-19 04:00:00,2026-02-10 18:00:00,4374,24,1181,GOLD,GOLD_LONG_LOGISTIC_BASE_PLUS_ML_T055,LONG,LOGISTIC,BASE_PLUS_ML,0.55,SWING_STRUCTURAL_TARGET,1,5000,True,CONFIG_LOCAL_FALLBACK_MT5_UNAVAILABLE,9,2,1,1,50.0,0.7854379361147568,-0.21631169747236562,-0.21631169747236562,-0.43262339494473123,-0.1435666121610484,0.665616478072865,1,4992.821669391948,2,5
2,2025-02-11 17:00:00,2025-11-18 02:00:00,2025-11-18 03:00:00,2025-11-19 03:00:00,2025-11-19 04:00:00,2026-02-10 18:00:00,4374,24,1181,GOLD,GOLD_LONG_LOGISTIC_BASE_PLUS_ML_T055,LONG,LOGISTIC,BASE_PLUS_ML,0.55,SWING_STRUCTURAL_TARGET,2,100,False,CONFIG_LOCAL_FALLBACK_MT5_UNAVAILABLE,9,4,2,2,50.0,0.3576610773044728,-0.3312656963864903,-0.3312656963864903,-1.3250627855459611,-1.328591430560806,2.053176273777093,2,98.6714085694392,0,5
2,2025-02-11 17:00:00,2025-11-18 02:00:00,2025-11-18 03:00:00,2025-11-19 03:00:00,2025-11-19 04:00:00,2026-02-10 18:00:00,4374,24,1181,GOLD,GOLD_LONG_LOGISTIC_BASE_PLUS_ML_T055,LONG,LOGISTIC,BASE_PLUS_ML,0.55,SWING_STRUCTURAL_TARGET,2,100,True,CONFIG_LOCAL_FALLBACK_MT5_UNAVAILABLE,9,0,0,0,0.0,0.0,0.0,0.0,0.0,0.0,0.0,0,100.0,4,5
2,2025-02-11 17:00:00,2025-11-18 02:00:00,2025-11-18 03:00:00,2025-11-19 03:00:00,2025-11-19 04:00:00,2026-02-10 18:00:00,4374,24,1181,GOLD,GOLD_LONG_LOGISTIC_BASE_PLUS_ML_T055,LONG,LOGISTIC,BASE_PLUS_ML,0.55,SWING_STRUCTURAL_TARGET,2,500,False,CONFIG_LOCAL_FALLBACK_MT5_UNAVAILABLE,9,4,2,2,50.0,0.3576610773044773,-0.3312656963864903,-0.3312656963864903,-1.3250627855459611,-1.3285914305608004,2.053176273777098,2,493.357042847196,0,5
2,2025-02-11 17:00:00,2025-11-18 02:00:00,2025-11-18 03:00:00,2025-11-19 03:00:00,2025-11-19 04:00:00,2026-02-10 18:00:00,4374,24,1181,GOLD,GOLD_LONG_LOGISTIC_BASE_PLUS_ML_T055,LONG,LOGISTIC,BASE_PLUS_ML,0.55,SWING_STRUCTURAL_TARGET,2,500,True,CONFIG_LOCAL_FALLBACK_MT5_UNAVAILABLE,9,0,0,0,0.0,0.0,0.0,0.0,0.0,0.0,0.0,0,500.0,4,5
2,2025-02-11 17:00:00,2025-11-18 02:00:00,2025-11-18 03:00:00,2025-11-19 03:00:00,2025-11-19 04:00:00,2026-02-10 18:00:00,4374,24,1181,GOLD,GOLD_LONG_LOGISTIC_BASE_PLUS_ML_T055,LONG,LOGISTIC,BASE_PLUS_ML,0.55,SWING_STRUCTURAL_TARGET,2,1000,False,CONFIG_LOCAL_FALLBACK_MT5_UNAVAILABLE,9,4,2,2,50.0,0.3576610773044773,-0.3312656963864903,-0.3312656963864903,-1.3250627855459611,-1.3285914305608004,2.053176273777098,2,986.714085694392,0,5
2,2025-02-11 17:00:00,2025-11-18 02:00:00,2025-11-18 03:00:00,2025-11-19 03:00:00,2025-11-19 04:00:00,2026-02-10 18:00:00,4374,24,1181,GOLD,GOLD_LONG_LOGISTIC_BASE_PLUS_ML_T055,LONG,LOGISTIC,BASE_PLUS_ML,0.55,SWING_STRUCTURAL_TARGET,2,1000,True,CONFIG_LOCAL_FALLBACK_MT5_UNAVAILABLE,9,0,0,0,0.0,0.0,0.0,0.0,0.0,0.0,0.0,0,1000.0,4,5
2,2025-02-11 17:00:00,2025-11-18 02:00:00,2025-11-18 03:00:00,2025-11-19 03:00:00,2025-11-19 04:00:00,2026-02-10 18:00:00,4374,24,1181,GOLD,GOLD_LONG_LOGISTIC_BASE_PLUS_ML_T055,LONG,LOGISTIC,BASE_PLUS_ML,0.55,SWING_STRUCTURAL_TARGET,2,5000,False,CONFIG_LOCAL_FALLBACK_MT5_UNAVAILABLE,9,4,2,2,50.0,0.35766107730446833,-0.3312656963864903,-0.3312656963864903,-1.3250627855459611,-1.3285914305608275,2.053176273777112,2,4933.570428471959,0,5
2,2025-02-11 17:00:00,2025-11-18 02:00:00,2025-11-18 03:00:00,2025-11-19 03:00:00,2025-11-19 04:00:00,2026-02-10 18:00:00,4374,24,1181,GOLD,GOLD_LONG_LOGISTIC_BASE_PLUS_ML_T055,LONG,LOGISTIC,BASE_PLUS_ML,0.55,SWING_STRUCTURAL_TARGET,2,5000,True,CONFIG_LOCAL_FALLBACK_MT5_UNAVAILABLE,9,2,1,1,50.0,0.7149063956513588,-0.24948839393951183,-0.24948839393951183,-0.49897678787902366,-0.19584148298692527,0.6835804467561215,1,4990.207925850654,2,5
2,2025-02-11 17:00:00,2025-11-18 02:00:00,2025-11-18 03:00:00,2025-11-19 03:00:00,2025-11-19 04:00:00,2026-02-10 18:00:00,4374,24,1181,GOLD,GOLD_LONG_LOGISTIC_BASE_PLUS_ML_T055,LONG,LOGISTIC,BASE_PLUS_ML,0.55,SWING_STRUCTURAL_TARGET,5,100,False,CONFIG_LOCAL_FALLBACK_MT5_UNAVAILABLE,9,4,2,2,50.0,0.2770403584222028,-0.3904059027138652,-0.3904059027138652,-1.5616236108554609,-1.5621567284630373,2.147922030929561,2,98.43784327153696,0,5
2,2025-02-11 17:00:00,2025-11-18 02:00:00,2025-11-18 03:00:00,2025-11-19 03:00:00,2025-11-19 04:00:00,2026-02-10 18:00:00,4374,24,1181,GOLD,GOLD_LONG_LOGISTIC_BASE_PLUS_ML_T055,LONG,LOGISTIC,BASE_PLUS_ML,0.55,SWING_STRUCTURAL_TARGET,5,100,True,CONFIG_LOCAL_FALLBACK_MT5_UNAVAILABLE,9,0,0,0,0.0,0.0,0.0,0.0,0.0,0.0,0.0,0,100.0,4,5
2,2025-02-11 17:00:00,2025-11-18 02:00:00,2025-11-18 03:00:00,2025-11-19 03:00:00,2025-11-19 04:00:00,2026-02-10 18:00:00,4374,24,1181,GOLD,GOLD_LONG_LOGISTIC_BASE_PLUS_ML_T055,LONG,LOGISTIC,BASE_PLUS_ML,0.55,SWING_STRUCTURAL_TARGET,5,500,False,CONFIG_LOCAL_FALLBACK_MT5_UNAVAILABLE,9,4,2,2,50.0,0.27704035842220187,-0.3904059027138652,-0.3904059027138652,-1.5616236108554609,-1.5621567284630373,2.1479220309295584,2,492.1892163576848,0,5
2,2025-02-11 17:00:00,2025-11-18 02:00:00,2025-11-18 03:00:00,2025-11-19 03:00:00,2025-11-19 04:00:00,2026-02-10 18:00:00,4374,24,1181,GOLD,GOLD_LONG_LOGISTIC_BASE_PLUS_ML_T055,LONG,LOGISTIC,BASE_PLUS_ML,0.55,SWING_STRUCTURAL_TARGET,5,500,True,CONFIG_LOCAL_FALLBACK_MT5_UNAVAILABLE,9,0,0,0,0.0,0.0,0.0,0.0,0.0,0.0,0.0,0,500.0,4,5
2,2025-02-11 17:00:00,2025-11-18 02:00:00,2025-11-18 03:00:00,2025-11-19 03:00:00,2025-11-19 04:00:00,2026-02-10 18:00:00,4374,24,1181,GOLD,GOLD_LONG_LOGISTIC_BASE_PLUS_ML_T055,LONG,LOGISTIC,BASE_PLUS_ML,0.55,SWING_STRUCTURAL_TARGET,5,1000,False,CONFIG_LOCAL_FALLBACK_MT5_UNAVAILABLE,9,4,2,2,50.0,0.27704035842220187,-0.3904059027138652,-0.3904059027138652,-1.5616236108554609,-1.5621567284630373,2.1479220309295584,2,984.3784327153696,0,5
2,2025-02-11 17:00:00,2025-11-18 02:00:00,2025-11-18 03:00:00,2025-11-19 03:00:00,2025-11-19 04:00:00,2026-02-10 18:00:00,4374,24,1181,GOLD,GOLD_LONG_LOGISTIC_BASE_PLUS_ML_T055,LONG,LOGISTIC,BASE_PLUS_ML,0.55,SWING_STRUCTURAL_TARGET,5,1000,True,CONFIG_LOCAL_FALLBACK_MT5_UNAVAILABLE,9,0,0,0,0.0,0.0,0.0,0.0,0.0,0.0,0.0,0,1000.0,4,5
2,2025-02-11 17:00:00,2025-11-18 02:00:00,2025-11-18 03:00:00,2025-11-19 03:00:00,2025-11-19 04:00:00,2026-02-10 18:00:00,4374,24,1181,GOLD,GOLD_LONG_LOGISTIC_BASE_PLUS_ML_T055,LONG,LOGISTIC,BASE_PLUS_ML,0.55,SWING_STRUCTURAL_TARGET,5,5000,False,CONFIG_LOCAL_FALLBACK_MT5_UNAVAILABLE,9,4,2,2,50.0,0.2770403584222017,-0.3904059027138652,-0.3904059027138652,-1.5616236108554609,-1.5621567284630327,2.1479220309295517,2,4921.892163576848,0,5
2,2025-02-11 17:00:00,2025-11-18 02:00:00,2025-11-18 03:00:00,2025-11-19 03:00:00,2025-11-19 04:00:00,2026-02-10 18:00:00,4374,24,1181,GOLD,GOLD_LONG_LOGISTIC_BASE_PLUS_ML_T055,LONG,LOGISTIC,BASE_PLUS_ML,0.55,SWING_STRUCTURAL_TARGET,5,5000,True,CONFIG_LOCAL_FALLBACK_MT5_UNAVAILABLE,9,2,1,1,50.0,0.5236855860252408,-0.3490184833409506,-0.3490184833409506,-0.6980369666819012,-0.35266609546451944,0.7375463333117309,1,4982.366695226774,2,5
3,2025-02-11 17:00:00,2026-02-09 11:00:00,2026-02-09 12:00:00,2026-02-10 18:00:00,2026-02-10 19:00:00,2026-04-28 13:00:00,5555,24,1181,GOLD,GOLD_LONG_LOGISTIC_BASE_PLUS_ML_T055,LONG,LOGISTIC,BASE_PLUS_ML,0.55,ATR_ONLY,0,100,False,CONFIG_LOCAL_FALLBACK_MT5_UNAVAILABLE,5,5,1,4,20.0,0.4950981556848567,-0.4,-0.4,-2.0,-2.0192069799999928,2.970099999999997,3,97.98079302000001,0,0
3,2025-02-11 17:00:00,2026-02-09 11:00:00,2026-02-09 12:00:00,2026-02-10 18:00:00,2026-02-10 19:00:00,2026-04-28 13:00:00,5555,24,1181,GOLD,GOLD_LONG_LOGISTIC_BASE_PLUS_ML_T055,LONG,LOGISTIC,BASE_PLUS_ML,0.55,ATR_ONLY,0,100,True,CONFIG_LOCAL_FALLBACK_MT5_UNAVAILABLE,5,0,0,0,0.0,0.0,0.0,0.0,0.0,0.0,0.0,0,100.0,5,0
3,2025-02-11 17:00:00,2026-02-09 11:00:00,2026-02-09 12:00:00,2026-02-10 18:00:00,2026-02-10 19:00:00,2026-04-28 13:00:00,5555,24,1181,GOLD,GOLD_LONG_LOGISTIC_BASE_PLUS_ML_T055,LONG,LOGISTIC,BASE_PLUS_ML,0.55,ATR_ONLY,0,500,False,CONFIG_LOCAL_FALLBACK_MT5_UNAVAILABLE,5,5,1,4,20.0,0.49509815568485455,-0.4,-0.4,-2.0,-2.019206980000001,2.970099999999997,3,489.9039651,0,0
3,2025-02-11 17:00:00,2026-02-09 11:00:00,2026-02-09 12:00:00,2026-02-10 18:00:00,2026-02-10 19:00:00,2026-04-28 13:00:00,5555,24,1181,GOLD,GOLD_LONG_LOGISTIC_BASE_PLUS_ML_T055,LONG,LOGISTIC,BASE_PLUS_ML,0.55,ATR_ONLY,0,500,True,CONFIG_LOCAL_FALLBACK_MT5_UNAVAILABLE,5,0,0,0,0.0,0.0,0.0,0.0,0.0,0.0,0.0,0,500.0,5,0
3,2025-02-11 17:00:00,2026-02-09 11:00:00,2026-02-09 12:00:00,2026-02-10 18:00:00,2026-02-10 19:00:00,2026-04-28 13:00:00,5555,24,1181,GOLD,GOLD_LONG_LOGISTIC_BASE_PLUS_ML_T055,LONG,LOGISTIC,BASE_PLUS_ML,0.55,ATR_ONLY,0,1000,False,CONFIG_LOCAL_FALLBACK_MT5_UNAVAILABLE,5,5,1,4,20.0,0.49509815568485455,-0.4,-0.4,-2.0,-2.019206980000001,2.970099999999997,3,979.8079302,0,0
3,2025-02-11 17:00:00,2026-02-09 11:00:00,2026-02-09 12:00:00,2026-02-10 18:00:00,2026-02-10 19:00:00,2026-04-28 13:00:00,5555,24,1181,GOLD,GOLD_LONG_LOGISTIC_BASE_PLUS_ML_T055,LONG,LOGISTIC,BASE_PLUS_ML,0.55,ATR_ONLY,0,1000,True,CONFIG_LOCAL_FALLBACK_MT5_UNAVAILABLE,5,0,0,0,0.0,0.0,0.0,0.0,0.0,0.0,0.0,0,1000.0,5,0
3,2025-02-11 17:00:00,2026-02-09 11:00:00,2026-02-09 12:00:00,2026-02-10 18:00:00,2026-02-10 19:00:00,2026-04-28 13:00:00,5555,24,1181,GOLD,GOLD_LONG_LOGISTIC_BASE_PLUS_ML_T055,LONG,LOGISTIC,BASE_PLUS_ML,0.55,ATR_ONLY,0,5000,False,CONFIG_LOCAL_FALLBACK_MT5_UNAVAILABLE,5,5,1,4,20.0,0.49509815568485543,-0.4,-0.4,-2.0,-2.019206979999999,2.970099999999999,3,4899.039651,0,0
3,2025-02-11 17:00:00,2026-02-09 11:00:00,2026-02-09 12:00:00,2026-02-10 18:00:00,2026-02-10 19:00:00,2026-04-28 13:00:00,5555,24,1181,GOLD,GOLD_LONG_LOGISTIC_BASE_PLUS_ML_T055,LONG,LOGISTIC,BASE_PLUS_ML,0.55,ATR_ONLY,0,5000,True,CONFIG_LOCAL_FALLBACK_MT5_UNAVAILABLE,5,5,1,4,20.0,0.4573891584631001,-0.4,-0.4,-2.0,-1.5389959530380293,1.9095103164618863,3,4923.0502023480985,0,0
3,2025-02-11 17:00:00,2026-02-09 11:00:00,2026-02-09 12:00:00,2026-02-10 18:00:00,2026-02-10 19:00:00,2026-04-28 13:00:00,5555,24,1181,GOLD,GOLD_LONG_LOGISTIC_BASE_PLUS_ML_T055,LONG,LOGISTIC,BASE_PLUS_ML,0.55,ATR_ONLY,1,100,False,CONFIG_LOCAL_FALLBACK_MT5_UNAVAILABLE,5,5,1,4,20.0,0.4710164892626119,-0.43413288319321863,-0.43413288319321863,-2.170664415966093,-2.187066825012977,3.0632095490150015,3,97.81293317498702,0,0
3,2025-02-11 17:00:00,2026-02-09 11:00:00,2026-02-09 12:00:00,2026-02-10 18:00:00,2026-02-10 19:00:00,2026-04-28 13:00:00,5555,24,1181,GOLD,GOLD_LONG_LOGISTIC_BASE_PLUS_ML_T055,LONG,LOGISTIC,BASE_PLUS_ML,0.55,ATR_ONLY,1,100,True,CONFIG_LOCAL_FALLBACK_MT5_UNAVAILABLE,5,0,0,0,0.0,0.0,0.0,0.0,0.0,0.0,0.0,0,100.0,5,0
3,2025-02-11 17:00:00,2026-02-09 11:00:00,2026-02-09 12:00:00,2026-02-10 18:00:00,2026-02-10 19:00:00,2026-04-28 13:00:00,5555,24,1181,GOLD,GOLD_LONG_LOGISTIC_BASE_PLUS_ML_T055,LONG,LOGISTIC,BASE_PLUS_ML,0.55,ATR_ONLY,1,500,False,CONFIG_LOCAL_FALLBACK_MT5_UNAVAILABLE,5,5,1,4,20.0,0.4710164892626146,-0.43413288319321863,-0.43413288319321863,-2.170664415966093,-2.18706682501296,3.0632095490149873,3,489.0646658749352,0,0
3,2025-02-11 17:00:00,2026-02-09 11:00:00,2026-02-09 12:00:00,2026-02-10 18:00:00,2026-02-10 19:00:00,2026-04-28 13:00:00,5555,24,1181,GOLD,GOLD_LONG_LOGISTIC_BASE_PLUS_ML_T055,LONG,LOGISTIC,BASE_PLUS_ML,0.55,ATR_ONLY,1,500,True,CONFIG_LOCAL_FALLBACK_MT5_UNAVAILABLE,5,0,0,0,0.0,0.0,0.0,0.0,0.0,0.0,0.0,0,500.0,5,0
3,2025-02-11 17:00:00,2026-02-09 11:00:00,2026-02-09 12:00:00,2026-02-10 18:00:00,2026-02-10 19:00:00,2026-04-28 13:00:00,5555,24,1181,GOLD,GOLD_LONG_LOGISTIC_BASE_PLUS_ML_T055,LONG,LOGISTIC,BASE_PLUS_ML,0.55,ATR_ONLY,1,1000,False,CONFIG_LOCAL_FALLBACK_MT5_UNAVAILABLE,5,5,1,4,20.0,0.4710164892626146,-0.43413288319321863,-0.43413288319321863,-2.170664415966093,-2.18706682501296,3.0632095490149873,3,978.1293317498704,0,0
3,2025-02-11 17:00:00,2026-02-09 11:00:00,2026-02-09 12:00:00,2026-02-10 18:00:00,2026-02-10 19:00:00,2026-04-28 13:00:00,5555,24,1181,GOLD,GOLD_LONG_LOGISTIC_BASE_PLUS_ML_T055,LONG,LOGISTIC,BASE_PLUS_ML,0.55,ATR_ONLY,1,1000,True,CONFIG_LOCAL_FALLBACK_MT5_UNAVAILABLE,5,0,0,0,0.0,0.0,0.0,0.0,0.0,0.0,0.0,0,1000.0,5,0
3,2025-02-11 17:00:00,2026-02-09 11:00:00,2026-02-09 12:00:00,2026-02-10 18:00:00,2026-02-10 19:00:00,2026-04-28 13:00:00,5555,24,1181,GOLD,GOLD_LONG_LOGISTIC_BASE_PLUS_ML_T055,LONG,LOGISTIC,BASE_PLUS_ML,0.55,ATR_ONLY,1,5000,False,CONFIG_LOCAL_FALLBACK_MT5_UNAVAILABLE,5,5,1,4,20.0,0.4710164892626127,-0.43413288319321863,-0.43413288319321863,-2.170664415966093,-2.187066825012971,3.0632095490150055,3,4890.646658749351,0,0
3,2025-02-11 17:00:00,2026-02-09 11:00:00,2026-02-09 12:00:00,2026-02-10 18:00:00,2026-02-10 19:00:00,2026-04-28 13:00:00,5555,24,1181,GOLD,GOLD_LONG_LOGISTIC_BASE_PLUS_ML_T055,LONG,LOGISTIC,BASE_PLUS_ML,0.55,ATR_ONLY,1,5000,True,CONFIG_LOCAL_FALLBACK_MT5_UNAVAILABLE,5,5,1,4,20.0,0.43473040185584383,-0.43413288319321863,-0.43413288319321863,-2.170664415966093,-1.659787653052099,1.9704067004726864,3,4917.010617347395,0,0
3,2025-02-11 17:00:00,2026-02-09 11:00:00,2026-02-09 12:00:00,2026-02-10 18:00:00,2026-02-10 19:00:00,2026-04-28 13:00:00,5555,24,1181,GOLD,GOLD_LONG_LOGISTIC_BASE_PLUS_ML_T055,LONG,LOGISTIC,BASE_PLUS_ML,0.55,ATR_ONLY,2,100,False,CONFIG_LOCAL_FALLBACK_MT5_UNAVAILABLE,5,5,1,4,20.0,0.44848823935396653,-0.468265766386437,-0.468265766386437,-2.341328831932185,-2.3546980899715635,3.1562599107073854,3,97.64530191002844,0,0
3,2025-02-11 17:00:00,2026-02-09 11:00:00,2026-02-09 12:00:00,2026-02-10 18:00:00,2026-02-10 19:00:00,2026-04-28 13:00:00,5555,24,1181,GOLD,GOLD_LONG_LOGISTIC_BASE_PLUS_ML_T055,LONG,LOGISTIC,BASE_PLUS_ML,0.55,ATR_ONLY,2,100,True,CONFIG_LOCAL_FALLBACK_MT5_UNAVAILABLE,5,0,0,0,0.0,0.0,0.0,0.0,0.0,0.0,0.0,0,100.0,5,0
3,2025-02-11 17:00:00,2026-02-09 11:00:00,2026-02-09 12:00:00,2026-02-10 18:00:00,2026-02-10 19:00:00,2026-04-28 13:00:00,5555,24,1181,GOLD,GOLD_LONG_LOGISTIC_BASE_PLUS_ML_T055,LONG,LOGISTIC,BASE_PLUS_ML,0.55,ATR_ONLY,2,500,False,CONFIG_LOCAL_FALLBACK_MT5_UNAVAILABLE,5,5,1,4,20.0,0.44848823935396503,-0.468265766386437,-0.468265766386437,-2.341328831932185,-2.3546980899715777,3.156259910707405,3,488.2265095501421,0,0
3,2025-02-11 17:00:00,2026-02-09 11:00:00,2026-02-09 12:00:00,2026-02-10 18:00:00,2026-02-10 19:00:00,2026-04-28 13:00:00,5555,24,1181,GOLD,GOLD_LONG_LOGISTIC_BASE_PLUS_ML_T055,LONG,LOGISTIC,BASE_PLUS_ML,0.55,ATR_ONLY,2,500,True,CONFIG_LOCAL_FALLBACK_MT5_UNAVAILABLE,5,0,0,0,0.0,0.0,0.0,0.0,0.0,0.0,0.0,0,500.0,5,0
3,2025-02-11 17:00:00,2026-02-09 11:00:00,2026-02-09 12:00:00,2026-02-10 18:00:00,2026-02-10 19:00:00,2026-04-28 13:00:00,5555,24,1181,GOLD,GOLD_LONG_LOGISTIC_BASE_PLUS_ML_T055,LONG,LOGISTIC,BASE_PLUS_ML,0.55,ATR_ONLY,2,1000,False,CONFIG_LOCAL_FALLBACK_MT5_UNAVAILABLE,5,5,1,4,20.0,0.44848823935396503,-0.468265766386437,-0.468265766386437,-2.341328831932185,-2.3546980899715777,3.156259910707405,3,976.4530191002842,0,0
3,2025-02-11 17:00:00,2026-02-09 11:00:00,2026-02-09 12:00:00,2026-02-10 18:00:00,2026-02-10 19:00:00,2026-04-28 13:00:00,5555,24,1181,GOLD,GOLD_LONG_LOGISTIC_BASE_PLUS_ML_T055,LONG,LOGISTIC,BASE_PLUS_ML,0.55,ATR_ONLY,2,1000,True,CONFIG_LOCAL_FALLBACK_MT5_UNAVAILABLE,5,0,0,0,0.0,0.0,0.0,0.0,0.0,0.0,0.0,0,1000.0,5,0
3,2025-02-11 17:00:00,2026-02-09 11:00:00,2026-02-09 12:00:00,2026-02-10 18:00:00,2026-02-10 19:00:00,2026-04-28 13:00:00,5555,24,1181,GOLD,GOLD_LONG_LOGISTIC_BASE_PLUS_ML_T055,LONG,LOGISTIC,BASE_PLUS_ML,0.55,ATR_ONLY,2,5000,False,CONFIG_LOCAL_FALLBACK_MT5_UNAVAILABLE,5,5,1,4,20.0,0.448488239353963,-0.468265766386437,-0.468265766386437,-2.341328831932185,-2.3546980899715892,3.156259910707403,3,4882.265095501421,0,0
3,2025-02-11 17:00:00,2026-02-09 11:00:00,2026-02-09 12:00:00,2026-02-10 18:00:00,2026-02-10 19:00:00,2026-04-28 13:00:00,5555,24,1181,GOLD,GOLD_LONG_LOGISTIC_BASE_PLUS_ML_T055,LONG,LOGISTIC,BASE_PLUS_ML,0.55,ATR_ONLY,2,5000,True,CONFIG_LOCAL_FALLBACK_MT5_UNAVAILABLE,5,5,1,4,20.0,0.41356413460527414,-0.468265766386437,-0.468265766386437,-2.341328831932185,-1.7805793530661504,2.0313770238489868,3,4910.9710323466925,0,0
3,2025-02-11 17:00:00,2026-02-09 11:00:00,2026-02-09 12:00:00,2026-02-10 18:00:00,2026-02-10 19:00:00,2026-04-28 13:00:00,5555,24,1181,GOLD,GOLD_LONG_LOGISTIC_BASE_PLUS_ML_T055,LONG,LOGISTIC,BASE_PLUS_ML,0.55,ATR_ONLY,5,100,False,CONFIG_LOCAL_FALLBACK_MT5_UNAVAILABLE,5,5,1,4,20.0,0.38884998547876143,-0.5706644159660925,-0.5706644159660925,-2.8533220798304626,-2.8562227240493314,3.4350560588034935,3,97.14377727595067,0,0
3,2025-02-11 17:00:00,2026-02-09 11:00:00,2026-02-09 12:00:00,2026-02-10 18:00:00,2026-02-10 19:00:00,2026-04-28 13:00:00,5555,24,1181,GOLD,GOLD_LONG_LOGISTIC_BASE_PLUS_ML_T055,LONG,LOGISTIC,BASE_PLUS_ML,0.55,ATR_ONLY,5,100,True,CONFIG_LOCAL_FALLBACK_MT5_UNAVAILABLE,5,0,0,0,0.0,0.0,0.0,0.0,0.0,0.0,0.0,0,100.0,5,0
3,2025-02-11 17:00:00,2026-02-09 11:00:00,2026-02-09 12:00:00,2026-02-10 18:00:00,2026-02-10 19:00:00,2026-04-28 13:00:00,5555,24,1181,GOLD,GOLD_LONG_LOGISTIC_BASE_PLUS_ML_T055,LONG,LOGISTIC,BASE_PLUS_ML,0.55,ATR_ONLY,5,500,False,CONFIG_LOCAL_FALLBACK_MT5_UNAVAILABLE,5,5,1,4,20.0,0.3888499854787595,-0.5706644159660925,-0.5706644159660925,-2.8533220798304626,-2.856222724049337,3.4350560588034824,3,485.7188863797533,0,0
3,2025-02-11 17:00:00,2026-02-09 11:00:00,2026-02-09 12:00:00,2026-02-10 18:00:00,2026-02-10 19:00:00,2026-04-28 13:00:00,5555,24,1181,GOLD,GOLD_LONG_LOGISTIC_BASE_PLUS_ML_T055,LONG,LOGISTIC,BASE_PLUS_ML,0.55,ATR_ONLY,5,500,True,CONFIG_LOCAL_FALLBACK_MT5_UNAVAILABLE,5,0,0,0,0.0,0.0,0.0,0.0,0.0,0.0,0.0,0,500.0,5,0
3,2025-02-11 17:00:00,2026-02-09 11:00:00,2026-02-09 12:00:00,2026-02-10 18:00:00,2026-02-10 19:00:00,2026-04-28 13:00:00,5555,24,1181,GOLD,GOLD_LONG_LOGISTIC_BASE_PLUS_ML_T055,LONG,LOGISTIC,BASE_PLUS_ML,0.55,ATR_ONLY,5,1000,False,CONFIG_LOCAL_FALLBACK_MT5_UNAVAILABLE,5,5,1,4,20.0,0.3888499854787595,-0.5706644159660925,-0.5706644159660925,-2.8533220798304626,-2.856222724049337,3.4350560588034824,3,971.4377727595066,0,0
3,2025-02-11 17:00:00,2026-02-09 11:00:00,2026-02-09 12:00:00,2026-02-10 18:00:00,2026-02-10 19:00:00,2026-04-28 13:00:00,5555,24,1181,GOLD,GOLD_LONG_LOGISTIC_BASE_PLUS_ML_T055,LONG,LOGISTIC,BASE_PLUS_ML,0.55,ATR_ONLY,5,1000,True,CONFIG_LOCAL_FALLBACK_MT5_UNAVAILABLE,5,0,0,0,0.0,0.0,0.0,0.0,0.0,0.0,0.0,0,1000.0,5,0
3,2025-02-11 17:00:00,2026-02-09 11:00:00,2026-02-09 12:00:00,2026-02-10 18:00:00,2026-02-10 19:00:00,2026-04-28 13:00:00,5555,24,1181,GOLD,GOLD_LONG_LOGISTIC_BASE_PLUS_ML_T055,LONG,LOGISTIC,BASE_PLUS_ML,0.55,ATR_ONLY,5,5000,False,CONFIG_LOCAL_FALLBACK_MT5_UNAVAILABLE,5,5,1,4,20.0,0.3888499854787582,-0.5706644159660925,-0.5706644159660925,-2.8533220798304626,-2.8562227240493487,3.4350560588034895,3,4857.188863797533,0,0
3,2025-02-11 17:00:00,2026-02-09 11:00:00,2026-02-09 12:00:00,2026-02-10 18:00:00,2026-02-10 19:00:00,2026-04-28 13:00:00,5555,24,1181,GOLD,GOLD_LONG_LOGISTIC_BASE_PLUS_ML_T055,LONG,LOGISTIC,BASE_PLUS_ML,0.55,ATR_ONLY,5,5000,True,CONFIG_LOCAL_FALLBACK_MT5_UNAVAILABLE,5,5,1,4,20.0,0.3576782515318738,-0.5706644159660925,-0.5706644159660925,-2.8533220798304626,-2.1429544531083775,2.214732979267306,3,4892.852277344581,0,0
3,2025-02-11 17:00:00,2026-02-09 11:00:00,2026-02-09 12:00:00,2026-02-10 18:00:00,2026-02-10 19:00:00,2026-04-28 13:00:00,5555,24,1181,GOLD,GOLD_LONG_LOGISTIC_BASE_PLUS_ML_T055,LONG,LOGISTIC,BASE_PLUS_ML,0.55,SWING_ATR,0,100,False,CONFIG_LOCAL_FALLBACK_MT5_UNAVAILABLE,5,5,2,3,40.0,0.4682709275796679,-0.2298964473656065,-0.2298964473656065,-1.1494822368280324,-1.1555527552639404,1.9900000000000042,2,98.84444724473606,0,0
3,2025-02-11 17:00:00,2026-02-09 11:00:00,2026-02-09 12:00:00,2026-02-10 18:00:00,2026-02-10 19:00:00,2026-04-28 13:00:00,5555,24,1181,GOLD,GOLD_LONG_LOGISTIC_BASE_PLUS_ML_T055,LONG,LOGISTIC,BASE_PLUS_ML,0.55,SWING_ATR,0,100,True,CONFIG_LOCAL_FALLBACK_MT5_UNAVAILABLE,5,0,0,0,0.0,0.0,0.0,0.0,0.0,0.0,0.0,0,100.0,5,0
3,2025-02-11 17:00:00,2026-02-09 11:00:00,2026-02-09 12:00:00,2026-02-10 18:00:00,2026-02-10 19:00:00,2026-04-28 13:00:00,5555,24,1181,GOLD,GOLD_LONG_LOGISTIC_BASE_PLUS_ML_T055,LONG,LOGISTIC,BASE_PLUS_ML,0.55,SWING_ATR,0,500,False,CONFIG_LOCAL_FALLBACK_MT5_UNAVAILABLE,5,5,2,3,40.0,0.46827092757966277,-0.2298964473656065,-0.2298964473656065,-1.1494822368280324,-1.1555527552639546,1.9900000000000042,2,494.2222362236802,0,0
3,2025-02-11 17:00:00,2026-02-09 11:00:00,2026-02-09 12:00:00,2026-02-10 18:00:00,2026-02-10 19:00:00,2026-04-28 13:00:00,5555,24,1181,GOLD,GOLD_LONG_LOGISTIC_BASE_PLUS_ML_T055,LONG,LOGISTIC,BASE_PLUS_ML,0.55,SWING_ATR,0,500,True,CONFIG_LOCAL_FALLBACK_MT5_UNAVAILABLE,5,0,0,0,0.0,0.0,0.0,0.0,0.0,0.0,0.0,0,500.0,5,0
3,2025-02-11 17:00:00,2026-02-09 11:00:00,2026-02-09 12:00:00,2026-02-10 18:00:00,2026-02-10 19:00:00,2026-04-28 13:00:00,5555,24,1181,GOLD,GOLD_LONG_LOGISTIC_BASE_PLUS_ML_T055,LONG,LOGISTIC,BASE_PLUS_ML,0.55,SWING_ATR,0,1000,False,CONFIG_LOCAL_FALLBACK_MT5_UNAVAILABLE,5,5,2,3,40.0,0.46827092757966277,-0.2298964473656065,-0.2298964473656065,-1.1494822368280324,-1.1555527552639546,1.9900000000000042,2,988.4444724473605,0,0
3,2025-02-11 17:00:00,2026-02-09 11:00:00,2026-02-09 12:00:00,2026-02-10 18:00:00,2026-02-10 19:00:00,2026-04-28 13:00:00,5555,24,1181,GOLD,GOLD_LONG_LOGISTIC_BASE_PLUS_ML_T055,LONG,LOGISTIC,BASE_PLUS_ML,0.55,SWING_ATR,0,1000,True,CONFIG_LOCAL_FALLBACK_MT5_UNAVAILABLE,5,0,0,0,0.0,0.0,0.0,0.0,0.0,0.0,0.0,0,1000.0,5,0
3,2025-02-11 17:00:00,2026-02-09 11:00:00,2026-02-09 12:00:00,2026-02-10 18:00:00,2026-02-10 19:00:00,2026-04-28 13:00:00,5555,24,1181,GOLD,GOLD_LONG_LOGISTIC_BASE_PLUS_ML_T055,LONG,LOGISTIC,BASE_PLUS_ML,0.55,SWING_ATR,0,5000,False,CONFIG_LOCAL_FALLBACK_MT5_UNAVAILABLE,5,5,2,3,40.0,0.4682709275796669,-0.2298964473656065,-0.2298964473656065,-1.1494822368280324,-1.1555527552639433,1.9900000000000109,2,4942.222362236803,0,0
3,2025-02-11 17:00:00,2026-02-09 11:00:00,2026-02-09 12:00:00,2026-02-10 18:00:00,2026-02-10 19:00:00,2026-04-28 13:00:00,5555,24,1181,GOLD,GOLD_LONG_LOGISTIC_BASE_PLUS_ML_T055,LONG,LOGISTIC,BASE_PLUS_ML,0.55,SWING_ATR,0,5000,True,CONFIG_LOCAL_FALLBACK_MT5_UNAVAILABLE,5,1,0,1,0.0,0.0,-1.0,-1.0,-1.0,-0.8928732164259419,0.8928732164259419,1,4955.356339178703,4,0
3,2025-02-11 17:00:00,2026-02-09 11:00:00,2026-02-09 12:00:00,2026-02-10 18:00:00,2026-02-10 19:00:00,2026-04-28 13:00:00,5555,24,1181,GOLD,GOLD_LONG_LOGISTIC_BASE_PLUS_ML_T055,LONG,LOGISTIC,BASE_PLUS_ML,0.55,SWING_ATR,1,100,False,CONFIG_LOCAL_FALLBACK_MT5_UNAVAILABLE,5,5,2,3,40.0,0.4511384512739688,-0.242519048240769,-0.242519048240769,-1.212595241203845,-1.2182373218931843,2.028009598392119,2,98.78176267810682,0,0
3,2025-02-11 17:00:00,2026-02-09 11:00:00,2026-02-09 12:00:00,2026-02-10 18:00:00,2026-02-10 19:00:00,2026-04-28 13:00:00,5555,24,1181,GOLD,GOLD_LONG_LOGISTIC_BASE_PLUS_ML_T055,LONG,LOGISTIC,BASE_PLUS_ML,0.55,SWING_ATR,1,100,True,CONFIG_LOCAL_FALLBACK_MT5_UNAVAILABLE,5,0,0,0,0.0,0.0,0.0,0.0,0.0,0.0,0.0,0,100.0,5,0
3,2025-02-11 17:00:00,2026-02-09 11:00:00,2026-02-09 12:00:00,2026-02-10 18:00:00,2026-02-10 19:00:00,2026-04-28 13:00:00,5555,24,1181,GOLD,GOLD_LONG_LOGISTIC_BASE_PLUS_ML_T055,LONG,LOGISTIC,BASE_PLUS_ML,0.55,SWING_ATR,1,500,False,CONFIG_LOCAL_FALLBACK_MT5_UNAVAILABLE,5,5,2,3,40.0,0.4511384512739767,-0.242519048240769,-0.242519048240769,-1.212595241203845,-1.218237321893173,2.0280095983921242,2,493.90881339053414,0,0
3,2025-02-11 17:00:00,2026-02-09 11:00:00,2026-02-09 12:00:00,2026-02-10 18:00:00,2026-02-10 19:00:00,2026-04-28 13:00:00,5555,24,1181,GOLD,GOLD_LONG_LOGISTIC_BASE_PLUS_ML_T055,LONG,LOGISTIC,BASE_PLUS_ML,0.55,SWING_ATR,1,500,True,CONFIG_LOCAL_FALLBACK_MT5_UNAVAILABLE,5,0,0,0,0.0,0.0,0.0,0.0,0.0,0.0,0.0,0,500.0,5,0
3,2025-02-11 17:00:00,2026-02-09 11:00:00,2026-02-09 12:00:00,2026-02-10 18:00:00,2026-02-10 19:00:00,2026-04-28 13:00:00,5555,24,1181,GOLD,GOLD_LONG_LOGISTIC_BASE_PLUS_ML_T055,LONG,LOGISTIC,BASE_PLUS_ML,0.55,SWING_ATR,1,1000,False,CONFIG_LOCAL_FALLBACK_MT5_UNAVAILABLE,5,5,2,3,40.0,0.4511384512739767,-0.242519048240769,-0.242519048240769,-1.212595241203845,-1.218237321893173,2.0280095983921242,2,987.8176267810683,0,0
3,2025-02-11 17:00:00,2026-02-09 11:00:00,2026-02-09 12:00:00,2026-02-10 18:00:00,2026-02-10 19:00:00,2026-04-28 13:00:00,5555,24,1181,GOLD,GOLD_LONG_LOGISTIC_BASE_PLUS_ML_T055,LONG,LOGISTIC,BASE_PLUS_ML,0.55,SWING_ATR,1,1000,True,CONFIG_LOCAL_FALLBACK_MT5_UNAVAILABLE,5,0,0,0,0.0,0.0,0.0,0.0,0.0,0.0,0.0,0,1000.0,5,0
3,2025-02-11 17:00:00,2026-02-09 11:00:00,2026-02-09 12:00:00,2026-02-10 18:00:00,2026-02-10 19:00:00,2026-04-28 13:00:00,5555,24,1181,GOLD,GOLD_LONG_LOGISTIC_BASE_PLUS_ML_T055,LONG,LOGISTIC,BASE_PLUS_ML,0.55,SWING_ATR,1,5000,False,CONFIG_LOCAL_FALLBACK_MT5_UNAVAILABLE,5,5,2,3,40.0,0.45113845127398056,-0.242519048240769,-0.242519048240769,-1.212595241203845,-1.218237321893157,2.02800959839212,2,4939.088133905342,0,0
3,2025-02-11 17:00:00,2026-02-09 11:00:00,2026-02-09 12:00:00,2026-02-10 18:00:00,2026-02-10 19:00:00,2026-04-28 13:00:00,5555,24,1181,GOLD,GOLD_LONG_LOGISTIC_BASE_PLUS_ML_T055,LONG,LOGISTIC,BASE_PLUS_ML,0.55,SWING_ATR,1,5000,True,CONFIG_LOCAL_FALLBACK_MT5_UNAVAILABLE,5,1,0,1,0.0,0.0,-1.0215236738470377,-1.0215236738470377,-1.0215236738470377,-0.9120911283230452,0.9120911283230452,1,4954.395443583848,4,0
3,2025-02-11 17:00:00,2026-02-09 11:00:00,2026-02-09 12:00:00,2026-02-10 18:00:00,2026-02-10 19:00:00,2026-04-28 13:00:00,5555,24,1181,GOLD,GOLD_LONG_LOGISTIC_BASE_PLUS_ML_T055,LONG,LOGISTIC,BASE_PLUS_ML,0.55,SWING_ATR,2,100,False,CONFIG_LOCAL_FALLBACK_MT5_UNAVAILABLE,5,5,2,3,40.0,0.4347140227699353,-0.2551416491159314,-0.2551416491159314,-1.2757082455796571,-1.2808916842697755,2.0660119331778244,2,98.71910831573022,0,0
3,2025-02-11 17:00:00,2026-02-09 11:00:00,2026-02-09 12:00:00,2026-02-10 18:00:00,2026-02-10 19:00:00,2026-04-28 13:00:00,5555,24,1181,GOLD,GOLD_LONG_LOGISTIC_BASE_PLUS_ML_T055,LONG,LOGISTIC,BASE_PLUS_ML,0.55,SWING_ATR,2,100,True,CONFIG_LOCAL_FALLBACK_MT5_UNAVAILABLE,5,0,0,0,0.0,0.0,0.0,0.0,0.0,0.0,0.0,0,100.0,5,0
3,2025-02-11 17:00:00,2026-02-09 11:00:00,2026-02-09 12:00:00,2026-02-10 18:00:00,2026-02-10 19:00:00,2026-04-28 13:00:00,5555,24,1181,GOLD,GOLD_LONG_LOGISTIC_BASE_PLUS_ML_T055,LONG,LOGISTIC,BASE_PLUS_ML,0.55,SWING_ATR,2,500,False,CONFIG_LOCAL_FALLBACK_MT5_UNAVAILABLE,5,5,2,3,40.0,0.434714022769933,-0.2551416491159314,-0.2551416491159314,-1.2757082455796571,-1.280891684269784,2.066011933177825,2,493.5955415786511,0,0
3,2025-02-11 17:00:00,2026-02-09 11:00:00,2026-02-09 12:00:00,2026-02-10 18:00:00,2026-02-10 19:00:00,2026-04-28 13:00:00,5555,24,1181,GOLD,GOLD_LONG_LOGISTIC_BASE_PLUS_ML_T055,LONG,LOGISTIC,BASE_PLUS_ML,0.55,SWING_ATR,2,500,True,CONFIG_LOCAL_FALLBACK_MT5_UNAVAILABLE,5,0,0,0,0.0,0.0,0.0,0.0,0.0,0.0,0.0,0,500.0,5,0
3,2025-02-11 17:00:00,2026-02-09 11:00:00,2026-02-09 12:00:00,2026-02-10 18:00:00,2026-02-10 19:00:00,2026-04-28 13:00:00,5555,24,1181,GOLD,GOLD_LONG_LOGISTIC_BASE_PLUS_ML_T055,LONG,LOGISTIC,BASE_PLUS_ML,0.55,SWING_ATR,2,1000,False,CONFIG_LOCAL_FALLBACK_MT5_UNAVAILABLE,5,5,2,3,40.0,0.434714022769933,-0.2551416491159314,-0.2551416491159314,-1.2757082455796571,-1.280891684269784,2.066011933177825,2,987.1910831573022,0,0
3,2025-02-11 17:00:00,2026-02-09 11:00:00,2026-02-09 12:00:00,2026-02-10 18:00:00,2026-02-10 19:00:00,2026-04-28 13:00:00,5555,24,1181,GOLD,GOLD_LONG_LOGISTIC_BASE_PLUS_ML_T055,LONG,LOGISTIC,BASE_PLUS_ML,0.55,SWING_ATR,2,1000,True,CONFIG_LOCAL_FALLBACK_MT5_UNAVAILABLE,5,0,0,0,0.0,0.0,0.0,0.0,0.0,0.0,0.0,0,1000.0,5,0
3,2025-02-11 17:00:00,2026-02-09 11:00:00,2026-02-09 12:00:00,2026-02-10 18:00:00,2026-02-10 19:00:00,2026-04-28 13:00:00,5555,24,1181,GOLD,GOLD_LONG_LOGISTIC_BASE_PLUS_ML_T055,LONG,LOGISTIC,BASE_PLUS_ML,0.55,SWING_ATR,2,5000,False,CONFIG_LOCAL_FALLBACK_MT5_UNAVAILABLE,5,5,2,3,40.0,0.43471402276993515,-0.2551416491159314,-0.2551416491159314,-1.2757082455796571,-1.2808916842697726,2.06601193317782,2,4935.955415786511,0,0
3,2025-02-11 17:00:00,2026-02-09 11:00:00,2026-02-09 12:00:00,2026-02-10 18:00:00,2026-02-10 19:00:00,2026-04-28 13:00:00,5555,24,1181,GOLD,GOLD_LONG_LOGISTIC_BASE_PLUS_ML_T055,LONG,LOGISTIC,BASE_PLUS_ML,0.55,SWING_ATR,2,5000,True,CONFIG_LOCAL_FALLBACK_MT5_UNAVAILABLE,5,1,0,1,0.0,0.0,-1.0430473476940751,-1.0430473476940751,-1.0430473476940751,-0.9313090402201487,0.9313090402201487,1,4953.434547988993,4,0
3,2025-02-11 17:00:00,2026-02-09 11:00:00,2026-02-09 12:00:00,2026-02-10 18:00:00,2026-02-10 19:00:00,2026-04-28 13:00:00,5555,24,1181,GOLD,GOLD_LONG_LOGISTIC_BASE_PLUS_ML_T055,LONG,LOGISTIC,BASE_PLUS_ML,0.55,SWING_ATR,5,100,False,CONFIG_LOCAL_FALLBACK_MT5_UNAVAILABLE,5,5,2,3,40.0,0.3892745052959651,-0.29300945174141896,-0.29300945174141896,-1.4650472587070948,-1.4686736496989,2.1799753558963677,2,98.5313263503011,0,0
3,2025-02-11 17:00:00,2026-02-09 11:00:00,2026-02-09 12:00:00,2026-02-10 18:00:00,2026-02-10 19:00:00,2026-04-28 13:00:00,5555,24,1181,GOLD,GOLD_LONG_LOGISTIC_BASE_PLUS_ML_T055,LONG,LOGISTIC,BASE_PLUS_ML,0.55,SWING_ATR,5,100,True,CONFIG_LOCAL_FALLBACK_MT5_UNAVAILABLE,5,0,0,0,0.0,0.0,0.0,0.0,0.0,0.0,0.0,0,100.0,5,0
3,2025-02-11 17:00:00,2026-02-09 11:00:00,2026-02-09 12:00:00,2026-02-10 18:00:00,2026-02-10 19:00:00,2026-04-28 13:00:00,5555,24,1181,GOLD,GOLD_LONG_LOGISTIC_BASE_PLUS_ML_T055,LONG,LOGISTIC,BASE_PLUS_ML,0.55,SWING_ATR,5,500,False,CONFIG_LOCAL_FALLBACK_MT5_UNAVAILABLE,5,5,2,3,40.0,0.38927450529597074,-0.29300945174141896,-0.29300945174141896,-1.4650472587070948,-1.4686736496988828,2.1799753558963593,2,492.6566317515056,0,0
3,2025-02-11 17:00:00,2026-02-09 11:00:00,2026-02-09 12:00:00,2026-02-10 18:00:00,2026-02-10 19:00:00,2026-04-28 13:00:00,5555,24,1181,GOLD,GOLD_LONG_LOGISTIC_BASE_PLUS_ML_T055,LONG,LOGISTIC,BASE_PLUS_ML,0.55,SWING_ATR,5,500,True,CONFIG_LOCAL_FALLBACK_MT5_UNAVAILABLE,5,0,0,0,0.0,0.0,0.0,0.0,0.0,0.0,0.0,0,500.0,5,0
3,2025-02-11 17:00:00,2026-02-09 11:00:00,2026-02-09 12:00:00,2026-02-10 18:00:00,2026-02-10 19:00:00,2026-04-28 13:00:00,5555,24,1181,GOLD,GOLD_LONG_LOGISTIC_BASE_PLUS_ML_T055,LONG,LOGISTIC,BASE_PLUS_ML,0.55,SWING_ATR,5,1000,False,CONFIG_LOCAL_FALLBACK_MT5_UNAVAILABLE,5,5,2,3,40.0,0.38927450529597074,-0.29300945174141896,-0.29300945174141896,-1.4650472587070948,-1.4686736496988828,2.1799753558963593,2,985.3132635030112,0,0
3,2025-02-11 17:00:00,2026-02-09 11:00:00,2026-02-09 12:00:00,2026-02-10 18:00:00,2026-02-10 19:00:00,2026-04-28 13:00:00,5555,24,1181,GOLD,GOLD_LONG_LOGISTIC_BASE_PLUS_ML_T055,LONG,LOGISTIC,BASE_PLUS_ML,0.55,SWING_ATR,5,1000,True,CONFIG_LOCAL_FALLBACK_MT5_UNAVAILABLE,5,0,0,0,0.0,0.0,0.0,0.0,0.0,0.0,0.0,0,1000.0,5,0
3,2025-02-11 17:00:00,2026-02-09 11:00:00,2026-02-09 12:00:00,2026-02-10 18:00:00,2026-02-10 19:00:00,2026-04-28 13:00:00,5555,24,1181,GOLD,GOLD_LONG_LOGISTIC_BASE_PLUS_ML_T055,LONG,LOGISTIC,BASE_PLUS_ML,0.55,SWING_ATR,5,5000,False,CONFIG_LOCAL_FALLBACK_MT5_UNAVAILABLE,5,5,2,3,40.0,0.3892745052959669,-0.29300945174141896,-0.29300945174141896,-1.4650472587070948,-1.4686736496988853,2.1799753558963593,2,4926.566317515056,0,0
3,2025-02-11 17:00:00,2026-02-09 11:00:00,2026-02-09 12:00:00,2026-02-10 18:00:00,2026-02-10 19:00:00,2026-04-28 13:00:00,5555,24,1181,GOLD,GOLD_LONG_LOGISTIC_BASE_PLUS_ML_T055,LONG,LOGISTIC,BASE_PLUS_ML,0.55,SWING_ATR,5,5000,True,CONFIG_LOCAL_FALLBACK_MT5_UNAVAILABLE,5,1,0,1,0.0,0.0,-1.1076183692351882,-1.1076183692351882,-1.1076183692351882,-0.9889627759114774,0.9889627759114774,1,4950.551861204426,4,0
3,2025-02-11 17:00:00,2026-02-09 11:00:00,2026-02-09 12:00:00,2026-02-10 18:00:00,2026-02-10 19:00:00,2026-04-28 13:00:00,5555,24,1181,GOLD,GOLD_LONG_LOGISTIC_BASE_PLUS_ML_T055,LONG,LOGISTIC,BASE_PLUS_ML,0.55,SWING_ATR_RR,0,100,False,CONFIG_LOCAL_FALLBACK_MT5_UNAVAILABLE,5,5,1,4,20.0,0.1162246808897571,-0.39217345036387885,-0.39217345036387885,-1.9608672518193944,-1.9521109022227563,2.0407297953322168,3,98.04788909777724,0,0
3,2025-02-11 17:00:00,2026-02-09 11:00:00,2026-02-09 12:00:00,2026-02-10 18:00:00,2026-02-10 19:00:00,2026-04-28 13:00:00,5555,24,1181,GOLD,GOLD_LONG_LOGISTIC_BASE_PLUS_ML_T055,LONG,LOGISTIC,BASE_PLUS_ML,0.55,SWING_ATR_RR,0,100,True,CONFIG_LOCAL_FALLBACK_MT5_UNAVAILABLE,5,0,0,0,0.0,0.0,0.0,0.0,0.0,0.0,0.0,0,100.0,5,0
3,2025-02-11 17:00:00,2026-02-09 11:00:00,2026-02-09 12:00:00,2026-02-10 18:00:00,2026-02-10 19:00:00,2026-04-28 13:00:00,5555,24,1181,GOLD,GOLD_LONG_LOGISTIC_BASE_PLUS_ML_T055,LONG,LOGISTIC,BASE_PLUS_ML,0.55,SWING_ATR_RR,0,500,False,CONFIG_LOCAL_FALLBACK_MT5_UNAVAILABLE,5,5,1,4,20.0,0.11622468088975506,-0.39217345036387885,-0.39217345036387885,-1.9608672518193944,-1.9521109022227732,2.0407297953322256,3,490.23944548888613,0,0
3,2025-02-11 17:00:00,2026-02-09 11:00:00,2026-02-09 12:00:00,2026-02-10 18:00:00,2026-02-10 19:00:00,2026-04-28 13:00:00,5555,24,1181,GOLD,GOLD_LONG_LOGISTIC_BASE_PLUS_ML_T055,LONG,LOGISTIC,BASE_PLUS_ML,0.55,SWING_ATR_RR,0,500,True,CONFIG_LOCAL_FALLBACK_MT5_UNAVAILABLE,5,0,0,0,0.0,0.0,0.0,0.0,0.0,0.0,0.0,0,500.0,5,0
3,2025-02-11 17:00:00,2026-02-09 11:00:00,2026-02-09 12:00:00,2026-02-10 18:00:00,2026-02-10 19:00:00,2026-04-28 13:00:00,5555,24,1181,GOLD,GOLD_LONG_LOGISTIC_BASE_PLUS_ML_T055,LONG,LOGISTIC,BASE_PLUS_ML,0.55,SWING_ATR_RR,0,1000,False,CONFIG_LOCAL_FALLBACK_MT5_UNAVAILABLE,5,5,1,4,20.0,0.11622468088975506,-0.39217345036387885,-0.39217345036387885,-1.9608672518193944,-1.9521109022227732,2.0407297953322256,3,980.4788909777723,0,0
3,2025-02-11 17:00:00,2026-02-09 11:00:00,2026-02-09 12:00:00,2026-02-10 18:00:00,2026-02-10 19:00:00,2026-04-28 13:00:00,5555,24,1181,GOLD,GOLD_LONG_LOGISTIC_BASE_PLUS_ML_T055,LONG,LOGISTIC,BASE_PLUS_ML,0.55,SWING_ATR_RR,0,1000,True,CONFIG_LOCAL_FALLBACK_MT5_UNAVAILABLE,5,0,0,0,0.0,0.0,0.0,0.0,0.0,0.0,0.0,0,1000.0,5,0
3,2025-02-11 17:00:00,2026-02-09 11:00:00,2026-02-09 12:00:00,2026-02-10 18:00:00,2026-02-10 19:00:00,2026-04-28 13:00:00,5555,24,1181,GOLD,GOLD_LONG_LOGISTIC_BASE_PLUS_ML_T055,LONG,LOGISTIC,BASE_PLUS_ML,0.55,SWING_ATR_RR,0,5000,False,CONFIG_LOCAL_FALLBACK_MT5_UNAVAILABLE,5,5,1,4,20.0,0.11622468088975499,-0.39217345036387885,-0.39217345036387885,-1.9608672518193944,-1.9521109022227576,2.0407297953322185,3,4902.394454888862,0,0
3,2025-02-11 17:00:00,2026-02-09 11:00:00,2026-02-09 12:00:00,2026-02-10 18:00:00,2026-02-10 19:00:00,2026-04-28 13:00:00,5555,24,1181,GOLD,GOLD_LONG_LOGISTIC_BASE_PLUS_ML_T055,LONG,LOGISTIC,BASE_PLUS_ML,0.55,SWING_ATR_RR,0,5000,True,CONFIG_LOCAL_FALLBACK_MT5_UNAVAILABLE,5,1,0,1,0.0,0.0,-1.0,-1.0,-1.0,-0.8928732164259419,0.8928732164259419,1,4955.356339178703,4,0
3,2025-02-11 17:00:00,2026-02-09 11:00:00,2026-02-09 12:00:00,2026-02-10 18:00:00,2026-02-10 19:00:00,2026-04-28 13:00:00,5555,24,1181,GOLD,GOLD_LONG_LOGISTIC_BASE_PLUS_ML_T055,LONG,LOGISTIC,BASE_PLUS_ML,0.55,SWING_ATR_RR,1,100,False,CONFIG_LOCAL_FALLBACK_MT5_UNAVAILABLE,5,5,1,4,20.0,0.10959257331675525,-0.40477982353874153,-0.40477982353874153,-2.023899117693708,-2.0142731593451657,2.085868020439448,3,97.98572684065483,0,0
3,2025-02-11 17:00:00,2026-02-09 11:00:00,2026-02-09 12:00:00,2026-02-10 18:00:00,2026-02-10 19:00:00,2026-04-28 13:00:00,5555,24,1181,GOLD,GOLD_LONG_LOGISTIC_BASE_PLUS_ML_T055,LONG,LOGISTIC,BASE_PLUS_ML,0.55,SWING_ATR_RR,1,100,True,CONFIG_LOCAL_FALLBACK_MT5_UNAVAILABLE,5,0,0,0,0.0,0.0,0.0,0.0,0.0,0.0,0.0,0,100.0,5,0
3,2025-02-11 17:00:00,2026-02-09 11:00:00,2026-02-09 12:00:00,2026-02-10 18:00:00,2026-02-10 19:00:00,2026-04-28 13:00:00,5555,24,1181,GOLD,GOLD_LONG_LOGISTIC_BASE_PLUS_ML_T055,LONG,LOGISTIC,BASE_PLUS_ML,0.55,SWING_ATR_RR,1,500,False,CONFIG_LOCAL_FALLBACK_MT5_UNAVAILABLE,5,5,1,4,20.0,0.10959257331675568,-0.40477982353874153,-0.40477982353874153,-2.023899117693708,-2.01427315934518,2.085868020439459,3,489.9286342032741,0,0
3,2025-02-11 17:00:00,2026-02-09 11:00:00,2026-02-09 12:00:00,2026-02-10 18:00:00,2026-02-10 19:00:00,2026-04-28 13:00:00,5555,24,1181,GOLD,GOLD_LONG_LOGISTIC_BASE_PLUS_ML_T055,LONG,LOGISTIC,BASE_PLUS_ML,0.55,SWING_ATR_RR,1,500,True,CONFIG_LOCAL_FALLBACK_MT5_UNAVAILABLE,5,0,0,0,0.0,0.0,0.0,0.0,0.0,0.0,0.0,0,500.0,5,0
3,2025-02-11 17:00:00,2026-02-09 11:00:00,2026-02-09 12:00:00,2026-02-10 18:00:00,2026-02-10 19:00:00,2026-04-28 13:00:00,5555,24,1181,GOLD,GOLD_LONG_LOGISTIC_BASE_PLUS_ML_T055,LONG,LOGISTIC,BASE_PLUS_ML,0.55,SWING_ATR_RR,1,1000,False,CONFIG_LOCAL_FALLBACK_MT5_UNAVAILABLE,5,5,1,4,20.0,0.10959257331675568,-0.40477982353874153,-0.40477982353874153,-2.023899117693708,-2.01427315934518,2.085868020439459,3,979.8572684065482,0,0
3,2025-02-11 17:00:00,2026-02-09 11:00:00,2026-02-09 12:00:00,2026-02-10 18:00:00,2026-02-10 19:00:00,2026-04-28 13:00:00,5555,24,1181,GOLD,GOLD_LONG_LOGISTIC_BASE_PLUS_ML_T055,LONG,LOGISTIC,BASE_PLUS_ML,0.55,SWING_ATR_RR,1,1000,True,CONFIG_LOCAL_FALLBACK_MT5_UNAVAILABLE,5,0,0,0,0.0,0.0,0.0,0.0,0.0,0.0,0.0,0,1000.0,5,0
3,2025-02-11 17:00:00,2026-02-09 11:00:00,2026-02-09 12:00:00,2026-02-10 18:00:00,2026-02-10 19:00:00,2026-04-28 13:00:00,5555,24,1181,GOLD,GOLD_LONG_LOGISTIC_BASE_PLUS_ML_T055,LONG,LOGISTIC,BASE_PLUS_ML,0.55,SWING_ATR_RR,1,5000,False,CONFIG_LOCAL_FALLBACK_MT5_UNAVAILABLE,5,5,1,4,20.0,0.1095925733167559,-0.40477982353874153,-0.40477982353874153,-2.023899117693708,-2.0142731593451755,2.085868020439464,3,4899.286342032741,0,0
3,2025-02-11 17:00:00,2026-02-09 11:00:00,2026-02-09 12:00:00,2026-02-10 18:00:00,2026-02-10 19:00:00,2026-04-28 13:00:00,5555,24,1181,GOLD,GOLD_LONG_LOGISTIC_BASE_PLUS_ML_T055,LONG,LOGISTIC,BASE_PLUS_ML,0.55,SWING_ATR_RR,1,5000,True,CONFIG_LOCAL_FALLBACK_MT5_UNAVAILABLE,5,1,0,1,0.0,0.0,-1.0215236738470377,-1.0215236738470377,-1.0215236738470377,-0.9120911283230452,0.9120911283230452,1,4954.395443583848,4,0
3,2025-02-11 17:00:00,2026-02-09 11:00:00,2026-02-09 12:00:00,2026-02-10 18:00:00,2026-02-10 19:00:00,2026-04-28 13:00:00,5555,24,1181,GOLD,GOLD_LONG_LOGISTIC_BASE_PLUS_ML_T055,LONG,LOGISTIC,BASE_PLUS_ML,0.55,SWING_ATR_RR,2,100,False,CONFIG_LOCAL_FALLBACK_MT5_UNAVAILABLE,5,5,1,4,20.0,0.10326805163952105,-0.4173861967136042,-0.4173861967136042,-2.086930983568021,-2.0764054747700413,2.130993440194394,3,97.92359452522996,0,0
3,2025-02-11 17:00:00,2026-02-09 11:00:00,2026-02-09 12:00:00,2026-02-10 18:00:00,2026-02-10 19:00:00,2026-04-28 13:00:00,5555,24,1181,GOLD,GOLD_LONG_LOGISTIC_BASE_PLUS_ML_T055,LONG,LOGISTIC,BASE_PLUS_ML,0.55,SWING_ATR_RR,2,100,True,CONFIG_LOCAL_FALLBACK_MT5_UNAVAILABLE,5,0,0,0,0.0,0.0,0.0,0.0,0.0,0.0,0.0,0,100.0,5,0
3,2025-02-11 17:00:00,2026-02-09 11:00:00,2026-02-09 12:00:00,2026-02-10 18:00:00,2026-02-10 19:00:00,2026-04-28 13:00:00,5555,24,1181,GOLD,GOLD_LONG_LOGISTIC_BASE_PLUS_ML_T055,LONG,LOGISTIC,BASE_PLUS_ML,0.55,SWING_ATR_RR,2,500,False,CONFIG_LOCAL_FALLBACK_MT5_UNAVAILABLE,5,5,1,4,20.0,0.10326805163952138,-0.4173861967136042,-0.4173861967136042,-2.086930983568021,-2.076405474770058,2.130993440194408,3,489.6179726261497,0,0
3,2025-02-11 17:00:00,2026-02-09 11:00:00,2026-02-09 12:00:00,2026-02-10 18:00:00,2026-02-10 19:00:00,2026-04-28 13:00:00,5555,24,1181,GOLD,GOLD_LONG_LOGISTIC_BASE_PLUS_ML_T055,LONG,LOGISTIC,BASE_PLUS_ML,0.55,SWING_ATR_RR,2,500,True,CONFIG_LOCAL_FALLBACK_MT5_UNAVAILABLE,5,0,0,0,0.0,0.0,0.0,0.0,0.0,0.0,0.0,0,500.0,5,0
3,2025-02-11 17:00:00,2026-02-09 11:00:00,2026-02-09 12:00:00,2026-02-10 18:00:00,2026-02-10 19:00:00,2026-04-28 13:00:00,5555,24,1181,GOLD,GOLD_LONG_LOGISTIC_BASE_PLUS_ML_T055,LONG,LOGISTIC,BASE_PLUS_ML,0.55,SWING_ATR_RR,2,1000,False,CONFIG_LOCAL_FALLBACK_MT5_UNAVAILABLE,5,5,1,4,20.0,0.10326805163952138,-0.4173861967136042,-0.4173861967136042,-2.086930983568021,-2.076405474770058,2.130993440194408,3,979.2359452522994,0,0
3,2025-02-11 17:00:00,2026-02-09 11:00:00,2026-02-09 12:00:00,2026-02-10 18:00:00,2026-02-10 19:00:00,2026-04-28 13:00:00,5555,24,1181,GOLD,GOLD_LONG_LOGISTIC_BASE_PLUS_ML_T055,LONG,LOGISTIC,BASE_PLUS_ML,0.55,SWING_ATR_RR,2,1000,True,CONFIG_LOCAL_FALLBACK_MT5_UNAVAILABLE,5,0,0,0,0.0,0.0,0.0,0.0,0.0,0.0,0.0,0,1000.0,5,0
3,2025-02-11 17:00:00,2026-02-09 11:00:00,2026-02-09 12:00:00,2026-02-10 18:00:00,2026-02-10 19:00:00,2026-04-28 13:00:00,5555,24,1181,GOLD,GOLD_LONG_LOGISTIC_BASE_PLUS_ML_T055,LONG,LOGISTIC,BASE_PLUS_ML,0.55,SWING_ATR_RR,2,5000,False,CONFIG_LOCAL_FALLBACK_MT5_UNAVAILABLE,5,5,1,4,20.0,0.10326805163952248,-0.4173861967136042,-0.4173861967136042,-2.086930983568021,-2.0764054747700538,2.130993440194412,3,4896.179726261497,0,0
3,2025-02-11 17:00:00,2026-02-09 11:00:00,2026-02-09 12:00:00,2026-02-10 18:00:00,2026-02-10 19:00:00,2026-04-28 13:00:00,5555,24,1181,GOLD,GOLD_LONG_LOGISTIC_BASE_PLUS_ML_T055,LONG,LOGISTIC,BASE_PLUS_ML,0.55,SWING_ATR_RR,2,5000,True,CONFIG_LOCAL_FALLBACK_MT5_UNAVAILABLE,5,1,0,1,0.0,0.0,-1.0430473476940751,-1.0430473476940751,-1.0430473476940751,-0.9313090402201487,0.9313090402201487,1,4953.434547988993,4,0
3,2025-02-11 17:00:00,2026-02-09 11:00:00,2026-02-09 12:00:00,2026-02-10 18:00:00,2026-02-10 19:00:00,2026-04-28 13:00:00,5555,24,1181,GOLD,GOLD_LONG_LOGISTIC_BASE_PLUS_ML_T055,LONG,LOGISTIC,BASE_PLUS_ML,0.55,SWING_ATR_RR,5,100,False,CONFIG_LOCAL_FALLBACK_MT5_UNAVAILABLE,5,5,1,4,20.0,0.08593911228817623,-0.4552053162381922,-0.4552053162381922,-2.276026581190961,-2.2626228737243963,2.2662928832446716,3,97.7373771262756,0,0
3,2025-02-11 17:00:00,2026-02-09 11:00:00,2026-02-09 12:00:00,2026-02-10 18:00:00,2026-02-10 19:00:00,2026-04-28 13:00:00,5555,24,1181,GOLD,GOLD_LONG_LOGISTIC_BASE_PLUS_ML_T055,LONG,LOGISTIC,BASE_PLUS_ML,0.55,SWING_ATR_RR,5,100,True,CONFIG_LOCAL_FALLBACK_MT5_UNAVAILABLE,5,0,0,0,0.0,0.0,0.0,0.0,0.0,0.0,0.0,0,100.0,5,0
3,2025-02-11 17:00:00,2026-02-09 11:00:00,2026-02-09 12:00:00,2026-02-10 18:00:00,2026-02-10 19:00:00,2026-04-28 13:00:00,5555,24,1181,GOLD,GOLD_LONG_LOGISTIC_BASE_PLUS_ML_T055,LONG,LOGISTIC,BASE_PLUS_ML,0.55,SWING_ATR_RR,5,500,False,CONFIG_LOCAL_FALLBACK_MT5_UNAVAILABLE,5,5,1,4,20.0,0.08593911228817404,-0.4552053162381922,-0.4552053162381922,-2.276026581190961,-2.262622873724399,2.2662928832446663,3,488.686885631378,0,0
3,2025-02-11 17:00:00,2026-02-09 11:00:00,2026-02-09 12:00:00,2026-02-10 18:00:00,2026-02-10 19:00:00,2026-04-28 13:00:00,5555,24,1181,GOLD,GOLD_LONG_LOGISTIC_BASE_PLUS_ML_T055,LONG,LOGISTIC,BASE_PLUS_ML,0.55,SWING_ATR_RR,5,500,True,CONFIG_LOCAL_FALLBACK_MT5_UNAVAILABLE,5,0,0,0,0.0,0.0,0.0,0.0,0.0,0.0,0.0,0,500.0,5,0
3,2025-02-11 17:00:00,2026-02-09 11:00:00,2026-02-09 12:00:00,2026-02-10 18:00:00,2026-02-10 19:00:00,2026-04-28 13:00:00,5555,24,1181,GOLD,GOLD_LONG_LOGISTIC_BASE_PLUS_ML_T055,LONG,LOGISTIC,BASE_PLUS_ML,0.55,SWING_ATR_RR,5,1000,False,CONFIG_LOCAL_FALLBACK_MT5_UNAVAILABLE,5,5,1,4,20.0,0.08593911228817404,-0.4552053162381922,-0.4552053162381922,-2.276026581190961,-2.262622873724399,2.2662928832446663,3,977.373771262756,0,0
3,2025-02-11 17:00:00,2026-02-09 11:00:00,2026-02-09 12:00:00,2026-02-10 18:00:00,2026-02-10 19:00:00,2026-04-28 13:00:00,5555,24,1181,GOLD,GOLD_LONG_LOGISTIC_BASE_PLUS_ML_T055,LONG,LOGISTIC,BASE_PLUS_ML,0.55,SWING_ATR_RR,5,1000,True,CONFIG_LOCAL_FALLBACK_MT5_UNAVAILABLE,5,0,0,0,0.0,0.0,0.0,0.0,0.0,0.0,0.0,0,1000.0,5,0
3,2025-02-11 17:00:00,2026-02-09 11:00:00,2026-02-09 12:00:00,2026-02-10 18:00:00,2026-02-10 19:00:00,2026-04-28 13:00:00,5555,24,1181,GOLD,GOLD_LONG_LOGISTIC_BASE_PLUS_ML_T055,LONG,LOGISTIC,BASE_PLUS_ML,0.55,SWING_ATR_RR,5,5000,False,CONFIG_LOCAL_FALLBACK_MT5_UNAVAILABLE,5,5,1,4,20.0,0.08593911228817251,-0.4552053162381922,-0.4552053162381922,-2.276026581190961,-2.2626228737243945,2.2662928832446685,3,4886.86885631378,0,0
3,2025-02-11 17:00:00,2026-02-09 11:00:00,2026-02-09 12:00:00,2026-02-10 18:00:00,2026-02-10 19:00:00,2026-04-28 13:00:00,5555,24,1181,GOLD,GOLD_LONG_LOGISTIC_BASE_PLUS_ML_T055,LONG,LOGISTIC,BASE_PLUS_ML,0.55,SWING_ATR_RR,5,5000,True,CONFIG_LOCAL_FALLBACK_MT5_UNAVAILABLE,5,1,0,1,0.0,0.0,-1.1076183692351882,-1.1076183692351882,-1.1076183692351882,-0.9889627759114774,0.9889627759114774,1,4950.551861204426,4,0
3,2025-02-11 17:00:00,2026-02-09 11:00:00,2026-02-09 12:00:00,2026-02-10 18:00:00,2026-02-10 19:00:00,2026-04-28 13:00:00,5555,24,1181,GOLD,GOLD_LONG_LOGISTIC_BASE_PLUS_ML_T055,LONG,LOGISTIC,BASE_PLUS_ML,0.55,SWING_STRUCTURAL_TARGET,0,100,False,CONFIG_LOCAL_FALLBACK_MT5_UNAVAILABLE,5,2,1,1,50.0,0.09542877895368918,-0.451803646993083,-0.451803646993083,-0.903607293986166,-0.9045712210463108,1.0,1,99.09542877895369,0,3
3,2025-02-11 17:00:00,2026-02-09 11:00:00,2026-02-09 12:00:00,2026-02-10 18:00:00,2026-02-10 19:00:00,2026-04-28 13:00:00,5555,24,1181,GOLD,GOLD_LONG_LOGISTIC_BASE_PLUS_ML_T055,LONG,LOGISTIC,BASE_PLUS_ML,0.55,SWING_STRUCTURAL_TARGET,0,100,True,CONFIG_LOCAL_FALLBACK_MT5_UNAVAILABLE,5,0,0,0,0.0,0.0,0.0,0.0,0.0,0.0,0.0,0,100.0,2,3
3,2025-02-11 17:00:00,2026-02-09 11:00:00,2026-02-09 12:00:00,2026-02-10 18:00:00,2026-02-10 19:00:00,2026-04-28 13:00:00,5555,24,1181,GOLD,GOLD_LONG_LOGISTIC_BASE_PLUS_ML_T055,LONG,LOGISTIC,BASE_PLUS_ML,0.55,SWING_STRUCTURAL_TARGET,0,500,False,CONFIG_LOCAL_FALLBACK_MT5_UNAVAILABLE,5,2,1,1,50.0,0.09542877895369202,-0.451803646993083,-0.451803646993083,-0.903607293986166,-0.904571221046308,1.0,1,495.47714389476846,0,3
3,2025-02-11 17:00:00,2026-02-09 11:00:00,2026-02-09 12:00:00,2026-02-10 18:00:00,2026-02-10 19:00:00,2026-04-28 13:00:00,5555,24,1181,GOLD,GOLD_LONG_LOGISTIC_BASE_PLUS_ML_T055,LONG,LOGISTIC,BASE_PLUS_ML,0.55,SWING_STRUCTURAL_TARGET,0,500,True,CONFIG_LOCAL_FALLBACK_MT5_UNAVAILABLE,5,0,0,0,0.0,0.0,0.0,0.0,0.0,0.0,0.0,0,500.0,2,3
3,2025-02-11 17:00:00,2026-02-09 11:00:00,2026-02-09 12:00:00,2026-02-10 18:00:00,2026-02-10 19:00:00,2026-04-28 13:00:00,5555,24,1181,GOLD,GOLD_LONG_LOGISTIC_BASE_PLUS_ML_T055,LONG,LOGISTIC,BASE_PLUS_ML,0.55,SWING_STRUCTURAL_TARGET,0,1000,False,CONFIG_LOCAL_FALLBACK_MT5_UNAVAILABLE,5,2,1,1,50.0,0.09542877895369202,-0.451803646993083,-0.451803646993083,-0.903607293986166,-0.904571221046308,1.0,1,990.9542877895369,0,3
3,2025-02-11 17:00:00,2026-02-09 11:00:00,2026-02-09 12:00:00,2026-02-10 18:00:00,2026-02-10 19:00:00,2026-04-28 13:00:00,5555,24,1181,GOLD,GOLD_LONG_LOGISTIC_BASE_PLUS_ML_T055,LONG,LOGISTIC,BASE_PLUS_ML,0.55,SWING_STRUCTURAL_TARGET,0,1000,True,CONFIG_LOCAL_FALLBACK_MT5_UNAVAILABLE,5,0,0,0,0.0,0.0,0.0,0.0,0.0,0.0,0.0,0,1000.0,2,3
3,2025-02-11 17:00:00,2026-02-09 11:00:00,2026-02-09 12:00:00,2026-02-10 18:00:00,2026-02-10 19:00:00,2026-04-28 13:00:00,5555,24,1181,GOLD,GOLD_LONG_LOGISTIC_BASE_PLUS_ML_T055,LONG,LOGISTIC,BASE_PLUS_ML,0.55,SWING_STRUCTURAL_TARGET,0,5000,False,CONFIG_LOCAL_FALLBACK_MT5_UNAVAILABLE,5,2,1,1,50.0,0.09542877895370111,-0.451803646993083,-0.451803646993083,-0.903607293986166,-0.9045712210462988,1.0,1,4954.771438947685,0,3
3,2025-02-11 17:00:00,2026-02-09 11:00:00,2026-02-09 12:00:00,2026-02-10 18:00:00,2026-02-10 19:00:00,2026-04-28 13:00:00,5555,24,1181,GOLD,GOLD_LONG_LOGISTIC_BASE_PLUS_ML_T055,LONG,LOGISTIC,BASE_PLUS_ML,0.55,SWING_STRUCTURAL_TARGET,0,5000,True,CONFIG_LOCAL_FALLBACK_MT5_UNAVAILABLE,5,1,0,1,0.0,0.0,-1.0,-1.0,-1.0,-0.8928732164259419,0.8928732164259419,1,4955.356339178703,1,3
3,2025-02-11 17:00:00,2026-02-09 11:00:00,2026-02-09 12:00:00,2026-02-10 18:00:00,2026-02-10 19:00:00,2026-04-28 13:00:00,5555,24,1181,GOLD,GOLD_LONG_LOGISTIC_BASE_PLUS_ML_T055,LONG,LOGISTIC,BASE_PLUS_ML,0.55,SWING_STRUCTURAL_TARGET,1,100,False,CONFIG_LOCAL_FALLBACK_MT5_UNAVAILABLE,5,2,1,1,50.0,0.07694227079730102,-0.4710570677371396,-0.4710570677371396,-0.9421141354742792,-0.9429253227080494,1.0215236738470423,1,99.05707467729195,0,3
3,2025-02-11 17:00:00,2026-02-09 11:00:00,2026-02-09 12:00:00,2026-02-10 18:00:00,2026-02-10 19:00:00,2026-04-28 13:00:00,5555,24,1181,GOLD,GOLD_LONG_LOGISTIC_BASE_PLUS_ML_T055,LONG,LOGISTIC,BASE_PLUS_ML,0.55,SWING_STRUCTURAL_TARGET,1,100,True,CONFIG_LOCAL_FALLBACK_MT5_UNAVAILABLE,5,0,0,0,0.0,0.0,0.0,0.0,0.0,0.0,0.0,0,100.0,2,3
3,2025-02-11 17:00:00,2026-02-09 11:00:00,2026-02-09 12:00:00,2026-02-10 18:00:00,2026-02-10 19:00:00,2026-04-28 13:00:00,5555,24,1181,GOLD,GOLD_LONG_LOGISTIC_BASE_PLUS_ML_T055,LONG,LOGISTIC,BASE_PLUS_ML,0.55,SWING_STRUCTURAL_TARGET,1,500,False,CONFIG_LOCAL_FALLBACK_MT5_UNAVAILABLE,5,2,1,1,50.0,0.07694227079729589,-0.4710570677371396,-0.4710570677371396,-0.9421141354742792,-0.9429253227080494,1.0215236738470368,1,495.28537338645975,0,3
3,2025-02-11 17:00:00,2026-02-09 11:00:00,2026-02-09 12:00:00,2026-02-10 18:00:00,2026-02-10 19:00:00,2026-04-28 13:00:00,5555,24,1181,GOLD,GOLD_LONG_LOGISTIC_BASE_PLUS_ML_T055,LONG,LOGISTIC,BASE_PLUS_ML,0.55,SWING_STRUCTURAL_TARGET,1,500,True,CONFIG_LOCAL_FALLBACK_MT5_UNAVAILABLE,5,0,0,0,0.0,0.0,0.0,0.0,0.0,0.0,0.0,0,500.0,2,3
3,2025-02-11 17:00:00,2026-02-09 11:00:00,2026-02-09 12:00:00,2026-02-10 18:00:00,2026-02-10 19:00:00,2026-04-28 13:00:00,5555,24,1181,GOLD,GOLD_LONG_LOGISTIC_BASE_PLUS_ML_T055,LONG,LOGISTIC,BASE_PLUS_ML,0.55,SWING_STRUCTURAL_TARGET,1,1000,False,CONFIG_LOCAL_FALLBACK_MT5_UNAVAILABLE,5,2,1,1,50.0,0.07694227079729589,-0.4710570677371396,-0.4710570677371396,-0.9421141354742792,-0.9429253227080494,1.0215236738470368,1,990.5707467729195,0,3
3,2025-02-11 17:00:00,2026-02-09 11:00:00,2026-02-09 12:00:00,2026-02-10 18:00:00,2026-02-10 19:00:00,2026-04-28 13:00:00,5555,24,1181,GOLD,GOLD_LONG_LOGISTIC_BASE_PLUS_ML_T055,LONG,LOGISTIC,BASE_PLUS_ML,0.55,SWING_STRUCTURAL_TARGET,1,1000,True,CONFIG_LOCAL_FALLBACK_MT5_UNAVAILABLE,5,0,0,0,0.0,0.0,0.0,0.0,0.0,0.0,0.0,0,1000.0,2,3
3,2025-02-11 17:00:00,2026-02-09 11:00:00,2026-02-09 12:00:00,2026-02-10 18:00:00,2026-02-10 19:00:00,2026-04-28 13:00:00,5555,24,1181,GOLD,GOLD_LONG_LOGISTIC_BASE_PLUS_ML_T055,LONG,LOGISTIC,BASE_PLUS_ML,0.55,SWING_STRUCTURAL_TARGET,1,5000,False,CONFIG_LOCAL_FALLBACK_MT5_UNAVAILABLE,5,2,1,1,50.0,0.07694227079729776,-0.4710570677371396,-0.4710570677371396,-0.9421141354742792,-0.9429253227080516,1.0215236738470412,1,4952.853733864597,0,3
3,2025-02-11 17:00:00,2026-02-09 11:00:00,2026-02-09 12:00:00,2026-02-10 18:00:00,2026-02-10 19:00:00,2026-04-28 13:00:00,5555,24,1181,GOLD,GOLD_LONG_LOGISTIC_BASE_PLUS_ML_T055,LONG,LOGISTIC,BASE_PLUS_ML,0.55,SWING_STRUCTURAL_TARGET,1,5000,True,CONFIG_LOCAL_FALLBACK_MT5_UNAVAILABLE,5,1,0,1,0.0,0.0,-1.0215236738470377,-1.0215236738470377,-1.0215236738470377,-0.9120911283230452,0.9120911283230452,1,4954.395443583848,1,3
3,2025-02-11 17:00:00,2026-02-09 11:00:00,2026-02-09 12:00:00,2026-02-10 18:00:00,2026-02-10 19:00:00,2026-04-28 13:00:00,5555,24,1181,GOLD,GOLD_LONG_LOGISTIC_BASE_PLUS_ML_T055,LONG,LOGISTIC,BASE_PLUS_ML,0.55,SWING_STRUCTURAL_TARGET,2,100,False,CONFIG_LOCAL_FALLBACK_MT5_UNAVAILABLE,5,2,1,1,50.0,0.05922572380254802,-0.4903104884811961,-0.4903104884811961,-0.9806209769623923,-0.9812721135665612,1.0430473476940705,1,99.01872788643344,0,3
3,2025-02-11 17:00:00,2026-02-09 11:00:00,2026-02-09 12:00:00,2026-02-10 18:00:00,2026-02-10 19:00:00,2026-04-28 13:00:00,5555,24,1181,GOLD,GOLD_LONG_LOGISTIC_BASE_PLUS_ML_T055,LONG,LOGISTIC,BASE_PLUS_ML,0.55,SWING_STRUCTURAL_TARGET,2,100,True,CONFIG_LOCAL_FALLBACK_MT5_UNAVAILABLE,5,0,0,0,0.0,0.0,0.0,0.0,0.0,0.0,0.0,0,100.0,2,3
3,2025-02-11 17:00:00,2026-02-09 11:00:00,2026-02-09 12:00:00,2026-02-10 18:00:00,2026-02-10 19:00:00,2026-04-28 13:00:00,5555,24,1181,GOLD,GOLD_LONG_LOGISTIC_BASE_PLUS_ML_T055,LONG,LOGISTIC,BASE_PLUS_ML,0.55,SWING_STRUCTURAL_TARGET,2,500,False,CONFIG_LOCAL_FALLBACK_MT5_UNAVAILABLE,5,2,1,1,50.0,0.05922572380254241,-0.4903104884811961,-0.4903104884811961,-0.9806209769623923,-0.9812721135665697,1.0430473476940731,1,495.09363943216715,0,3
3,2025-02-11 17:00:00,2026-02-09 11:00:00,2026-02-09 12:00:00,2026-02-10 18:00:00,2026-02-10 19:00:00,2026-04-28 13:00:00,5555,24,1181,GOLD,GOLD_LONG_LOGISTIC_BASE_PLUS_ML_T055,LONG,LOGISTIC,BASE_PLUS_ML,0.55,SWING_STRUCTURAL_TARGET,2,500,True,CONFIG_LOCAL_FALLBACK_MT5_UNAVAILABLE,5,0,0,0,0.0,0.0,0.0,0.0,0.0,0.0,0.0,0,500.0,2,3
3,2025-02-11 17:00:00,2026-02-09 11:00:00,2026-02-09 12:00:00,2026-02-10 18:00:00,2026-02-10 19:00:00,2026-04-28 13:00:00,5555,24,1181,GOLD,GOLD_LONG_LOGISTIC_BASE_PLUS_ML_T055,LONG,LOGISTIC,BASE_PLUS_ML,0.55,SWING_STRUCTURAL_TARGET,2,1000,False,CONFIG_LOCAL_FALLBACK_MT5_UNAVAILABLE,5,2,1,1,50.0,0.05922572380254241,-0.4903104884811961,-0.4903104884811961,-0.9806209769623923,-0.9812721135665697,1.0430473476940731,1,990.1872788643343,0,3
3,2025-02-11 17:00:00,2026-02-09 11:00:00,2026-02-09 12:00:00,2026-02-10 18:00:00,2026-02-10 19:00:00,2026-04-28 13:00:00,5555,24,1181,GOLD,GOLD_LONG_LOGISTIC_BASE_PLUS_ML_T055,LONG,LOGISTIC,BASE_PLUS_ML,0.55,SWING_STRUCTURAL_TARGET,2,1000,True,CONFIG_LOCAL_FALLBACK_MT5_UNAVAILABLE,5,0,0,0,0.0,0.0,0.0,0.0,0.0,0.0,0.0,0,1000.0,2,3
3,2025-02-11 17:00:00,2026-02-09 11:00:00,2026-02-09 12:00:00,2026-02-10 18:00:00,2026-02-10 19:00:00,2026-04-28 13:00:00,5555,24,1181,GOLD,GOLD_LONG_LOGISTIC_BASE_PLUS_ML_T055,LONG,LOGISTIC,BASE_PLUS_ML,0.55,SWING_STRUCTURAL_TARGET,2,5000,False,CONFIG_LOCAL_FALLBACK_MT5_UNAVAILABLE,5,2,1,1,50.0,0.05922572380254625,-0.4903104884811961,-0.4903104884811961,-0.9806209769623923,-0.9812721135665743,1.0430473476940825,1,4950.936394321671,0,3
3,2025-02-11 17:00:00,2026-02-09 11:00:00,2026-02-09 12:00:00,2026-02-10 18:00:00,2026-02-10 19:00:00,2026-04-28 13:00:00,5555,24,1181,GOLD,GOLD_LONG_LOGISTIC_BASE_PLUS_ML_T055,LONG,LOGISTIC,BASE_PLUS_ML,0.55,SWING_STRUCTURAL_TARGET,2,5000,True,CONFIG_LOCAL_FALLBACK_MT5_UNAVAILABLE,5,1,0,1,0.0,0.0,-1.0430473476940751,-1.0430473476940751,-1.0430473476940751,-0.9313090402201487,0.9313090402201487,1,4953.434547988993,1,3
3,2025-02-11 17:00:00,2026-02-09 11:00:00,2026-02-09 12:00:00,2026-02-10 18:00:00,2026-02-10 19:00:00,2026-04-28 13:00:00,5555,24,1181,GOLD,GOLD_LONG_LOGISTIC_BASE_PLUS_ML_T055,LONG,LOGISTIC,BASE_PLUS_ML,0.55,SWING_STRUCTURAL_TARGET,5,100,False,CONFIG_LOCAL_FALLBACK_MT5_UNAVAILABLE,5,2,1,1,50.0,0.010246984184839589,-0.548070750713366,-0.548070750713366,-1.096141501426732,-1.0962686213227926,1.1076183692351833,1,98.90373137867721,0,3
3,2025-02-11 17:00:00,2026-02-09 11:00:00,2026-02-09 12:00:00,2026-02-10 18:00:00,2026-02-10 19:00:00,2026-04-28 13:00:00,5555,24,1181,GOLD,GOLD_LONG_LOGISTIC_BASE_PLUS_ML_T055,LONG,LOGISTIC,BASE_PLUS_ML,0.55,SWING_STRUCTURAL_TARGET,5,100,True,CONFIG_LOCAL_FALLBACK_MT5_UNAVAILABLE,5,0,0,0,0.0,0.0,0.0,0.0,0.0,0.0,0.0,0,100.0,2,3
3,2025-02-11 17:00:00,2026-02-09 11:00:00,2026-02-09 12:00:00,2026-02-10 18:00:00,2026-02-10 19:00:00,2026-04-28 13:00:00,5555,24,1181,GOLD,GOLD_LONG_LOGISTIC_BASE_PLUS_ML_T055,LONG,LOGISTIC,BASE_PLUS_ML,0.55,SWING_STRUCTURAL_TARGET,5,500,False,CONFIG_LOCAL_FALLBACK_MT5_UNAVAILABLE,5,2,1,1,50.0,0.010246984184849853,-0.548070750713366,-0.548070750713366,-1.096141501426732,-1.0962686213227812,1.1076183692351833,1,494.5186568933861,0,3
3,2025-02-11 17:00:00,2026-02-09 11:00:00,2026-02-09 12:00:00,2026-02-10 18:00:00,2026-02-10 19:00:00,2026-04-28 13:00:00,5555,24,1181,GOLD,GOLD_LONG_LOGISTIC_BASE_PLUS_ML_T055,LONG,LOGISTIC,BASE_PLUS_ML,0.55,SWING_STRUCTURAL_TARGET,5,500,True,CONFIG_LOCAL_FALLBACK_MT5_UNAVAILABLE,5,0,0,0,0.0,0.0,0.0,0.0,0.0,0.0,0.0,0,500.0,2,3
3,2025-02-11 17:00:00,2026-02-09 11:00:00,2026-02-09 12:00:00,2026-02-10 18:00:00,2026-02-10 19:00:00,2026-04-28 13:00:00,5555,24,1181,GOLD,GOLD_LONG_LOGISTIC_BASE_PLUS_ML_T055,LONG,LOGISTIC,BASE_PLUS_ML,0.55,SWING_STRUCTURAL_TARGET,5,1000,False,CONFIG_LOCAL_FALLBACK_MT5_UNAVAILABLE,5,2,1,1,50.0,0.010246984184849853,-0.548070750713366,-0.548070750713366,-1.096141501426732,-1.0962686213227812,1.1076183692351833,1,989.0373137867722,0,3
3,2025-02-11 17:00:00,2026-02-09 11:00:00,2026-02-09 12:00:00,2026-02-10 18:00:00,2026-02-10 19:00:00,2026-04-28 13:00:00,5555,24,1181,GOLD,GOLD_LONG_LOGISTIC_BASE_PLUS_ML_T055,LONG,LOGISTIC,BASE_PLUS_ML,0.55,SWING_STRUCTURAL_TARGET,5,1000,True,CONFIG_LOCAL_FALLBACK_MT5_UNAVAILABLE,5,0,0,0,0.0,0.0,0.0,0.0,0.0,0.0,0.0,0,1000.0,2,3
3,2025-02-11 17:00:00,2026-02-09 11:00:00,2026-02-09 12:00:00,2026-02-10 18:00:00,2026-02-10 19:00:00,2026-04-28 13:00:00,5555,24,1181,GOLD,GOLD_LONG_LOGISTIC_BASE_PLUS_ML_T055,LONG,LOGISTIC,BASE_PLUS_ML,0.55,SWING_STRUCTURAL_TARGET,5,5000,False,CONFIG_LOCAL_FALLBACK_MT5_UNAVAILABLE,5,2,1,1,50.0,0.010246984184839547,-0.548070750713366,-0.548070750713366,-1.096141501426732,-1.096268621322797,1.107618369235188,1,4945.18656893386,0,3
3,2025-02-11 17:00:00,2026-02-09 11:00:00,2026-02-09 12:00:00,2026-02-10 18:00:00,2026-02-10 19:00:00,2026-04-28 13:00:00,5555,24,1181,GOLD,GOLD_LONG_LOGISTIC_BASE_PLUS_ML_T055,LONG,LOGISTIC,BASE_PLUS_ML,0.55,SWING_STRUCTURAL_TARGET,5,5000,True,CONFIG_LOCAL_FALLBACK_MT5_UNAVAILABLE,5,1,0,1,0.0,0.0,-1.1076183692351882,-1.1076183692351882,-1.1076183692351882,-0.9889627759114774,0.9889627759114774,1,4950.551861204426,1,3
4,2025-02-11 17:00:00,2026-04-27 12:00:00,2026-04-27 13:00:00,2026-04-28 13:00:00,2026-04-28 14:00:00,2026-07-14 15:00:00,6736,24,1181,GOLD,GOLD_LONG_LOGISTIC_BASE_PLUS_ML_T055,LONG,LOGISTIC,BASE_PLUS_ML,0.55,ATR_ONLY,0,100,False,CONFIG_LOCAL_FALLBACK_MT5_UNAVAILABLE,4,4,2,2,50.0,1.1448224330237695,0.08108288331833374,0.08108288331833374,0.32433153327333497,0.29443488247640914,1.6721226642388558,1,100.29443488247641,0,0
4,2025-02-11 17:00:00,2026-04-27 12:00:00,2026-04-27 13:00:00,2026-04-28 13:00:00,2026-04-28 14:00:00,2026-07-14 15:00:00,6736,24,1181,GOLD,GOLD_LONG_LOGISTIC_BASE_PLUS_ML_T055,LONG,LOGISTIC,BASE_PLUS_ML,0.55,ATR_ONLY,0,100,True,CONFIG_LOCAL_FALLBACK_MT5_UNAVAILABLE,4,0,0,0,0.0,0.0,0.0,0.0,0.0,0.0,0.0,0,100.0,4,0
4,2025-02-11 17:00:00,2026-04-27 12:00:00,2026-04-27 13:00:00,2026-04-28 13:00:00,2026-04-28 14:00:00,2026-07-14 15:00:00,6736,24,1181,GOLD,GOLD_LONG_LOGISTIC_BASE_PLUS_ML_T055,LONG,LOGISTIC,BASE_PLUS_ML,0.55,ATR_ONLY,0,500,False,CONFIG_LOCAL_FALLBACK_MT5_UNAVAILABLE,4,4,2,2,50.0,1.1448224330237706,0.08108288331833374,0.08108288331833374,0.32433153327333497,0.294434882476412,1.6721226642388558,1,501.47217441238206,0,0
4,2025-02-11 17:00:00,2026-04-27 12:00:00,2026-04-27 13:00:00,2026-04-28 13:00:00,2026-04-28 14:00:00,2026-07-14 15:00:00,6736,24,1181,GOLD,GOLD_LONG_LOGISTIC_BASE_PLUS_ML_T055,LONG,LOGISTIC,BASE_PLUS_ML,0.55,ATR_ONLY,0,500,True,CONFIG_LOCAL_FALLBACK_MT5_UNAVAILABLE,4,0,0,0,0.0,0.0,0.0,0.0,0.0,0.0,0.0,0,500.0,4,0
4,2025-02-11 17:00:00,2026-04-27 12:00:00,2026-04-27 13:00:00,2026-04-28 13:00:00,2026-04-28 14:00:00,2026-07-14 15:00:00,6736,24,1181,GOLD,GOLD_LONG_LOGISTIC_BASE_PLUS_ML_T055,LONG,LOGISTIC,BASE_PLUS_ML,0.55,ATR_ONLY,0,1000,False,CONFIG_LOCAL_FALLBACK_MT5_UNAVAILABLE,4,4,2,2,50.0,1.1448224330237706,0.08108288331833374,0.08108288331833374,0.32433153327333497,0.294434882476412,1.6721226642388558,1,1002.9443488247641,0,0
4,2025-02-11 17:00:00,2026-04-27 12:00:00,2026-04-27 13:00:00,2026-04-28 13:00:00,2026-04-28 14:00:00,2026-07-14 15:00:00,6736,24,1181,GOLD,GOLD_LONG_LOGISTIC_BASE_PLUS_ML_T055,LONG,LOGISTIC,BASE_PLUS_ML,0.55,ATR_ONLY,0,1000,True,CONFIG_LOCAL_FALLBACK_MT5_UNAVAILABLE,4,0,0,0,0.0,0.0,0.0,0.0,0.0,0.0,0.0,0,1000.0,4,0
4,2025-02-11 17:00:00,2026-04-27 12:00:00,2026-04-27 13:00:00,2026-04-28 13:00:00,2026-04-28 14:00:00,2026-07-14 15:00:00,6736,24,1181,GOLD,GOLD_LONG_LOGISTIC_BASE_PLUS_ML_T055,LONG,LOGISTIC,BASE_PLUS_ML,0.55,ATR_ONLY,0,5000,False,CONFIG_LOCAL_FALLBACK_MT5_UNAVAILABLE,4,4,2,2,50.0,1.1448224330237728,0.08108288331833374,0.08108288331833374,0.32433153327333497,0.2944348824764165,1.67212266423886,1,5014.721744123821,0,0
4,2025-02-11 17:00:00,2026-04-27 12:00:00,2026-04-27 13:00:00,2026-04-28 13:00:00,2026-04-28 14:00:00,2026-07-14 15:00:00,6736,24,1181,GOLD,GOLD_LONG_LOGISTIC_BASE_PLUS_ML_T055,LONG,LOGISTIC,BASE_PLUS_ML,0.55,ATR_ONLY,0,5000,True,CONFIG_LOCAL_FALLBACK_MT5_UNAVAILABLE,4,4,2,2,50.0,1.169771041178955,0.08108288331833374,0.08108288331833374,0.32433153327333497,0.26535300047078636,1.2712279383488678,1,5013.267650023539,0,0
4,2025-02-11 17:00:00,2026-04-27 12:00:00,2026-04-27 13:00:00,2026-04-28 13:00:00,2026-04-28 14:00:00,2026-07-14 15:00:00,6736,24,1181,GOLD,GOLD_LONG_LOGISTIC_BASE_PLUS_ML_T055,LONG,LOGISTIC,BASE_PLUS_ML,0.55,ATR_ONLY,1,100,False,CONFIG_LOCAL_FALLBACK_MT5_UNAVAILABLE,4,4,2,2,50.0,1.0542849692533154,0.036356338151898995,0.036356338151898995,0.14542535260759598,0.11525965500679546,1.8026929518772283,1,100.1152596550068,0,0
4,2025-02-11 17:00:00,2026-04-27 12:00:00,2026-04-27 13:00:00,2026-04-28 13:00:00,2026-04-28 14:00:00,2026-07-14 15:00:00,6736,24,1181,GOLD,GOLD_LONG_LOGISTIC_BASE_PLUS_ML_T055,LONG,LOGISTIC,BASE_PLUS_ML,0.55,ATR_ONLY,1,100,True,CONFIG_LOCAL_FALLBACK_MT5_UNAVAILABLE,4,0,0,0,0.0,0.0,0.0,0.0,0.0,0.0,0.0,0,100.0,4,0
4,2025-02-11 17:00:00,2026-04-27 12:00:00,2026-04-27 13:00:00,2026-04-28 13:00:00,2026-04-28 14:00:00,2026-07-14 15:00:00,6736,24,1181,GOLD,GOLD_LONG_LOGISTIC_BASE_PLUS_ML_T055,LONG,LOGISTIC,BASE_PLUS_ML,0.55,ATR_ONLY,1,500,False,CONFIG_LOCAL_FALLBACK_MT5_UNAVAILABLE,4,4,2,2,50.0,1.0542849692533114,0.036356338151898995,0.036356338151898995,0.14542535260759598,0.11525965500678693,1.8026929518772283,1,500.57629827503393,0,0
4,2025-02-11 17:00:00,2026-04-27 12:00:00,2026-04-27 13:00:00,2026-04-28 13:00:00,2026-04-28 14:00:00,2026-07-14 15:00:00,6736,24,1181,GOLD,GOLD_LONG_LOGISTIC_BASE_PLUS_ML_T055,LONG,LOGISTIC,BASE_PLUS_ML,0.55,ATR_ONLY,1,500,True,CONFIG_LOCAL_FALLBACK_MT5_UNAVAILABLE,4,0,0,0,0.0,0.0,0.0,0.0,0.0,0.0,0.0,0,500.0,4,0
4,2025-02-11 17:00:00,2026-04-27 12:00:00,2026-04-27 13:00:00,2026-04-28 13:00:00,2026-04-28 14:00:00,2026-07-14 15:00:00,6736,24,1181,GOLD,GOLD_LONG_LOGISTIC_BASE_PLUS_ML_T055,LONG,LOGISTIC,BASE_PLUS_ML,0.55,ATR_ONLY,1,1000,False,CONFIG_LOCAL_FALLBACK_MT5_UNAVAILABLE,4,4,2,2,50.0,1.0542849692533114,0.036356338151898995,0.036356338151898995,0.14542535260759598,0.11525965500678693,1.8026929518772283,1,1001.1525965500679,0,0
4,2025-02-11 17:00:00,2026-04-27 12:00:00,2026-04-27 13:00:00,2026-04-28 13:00:00,2026-04-28 14:00:00,2026-07-14 15:00:00,6736,24,1181,GOLD,GOLD_LONG_LOGISTIC_BASE_PLUS_ML_T055,LONG,LOGISTIC,BASE_PLUS_ML,0.55,ATR_ONLY,1,1000,True,CONFIG_LOCAL_FALLBACK_MT5_UNAVAILABLE,4,0,0,0,0.0,0.0,0.0,0.0,0.0,0.0,0.0,0,1000.0,4,0
4,2025-02-11 17:00:00,2026-04-27 12:00:00,2026-04-27 13:00:00,2026-04-28 13:00:00,2026-04-28 14:00:00,2026-07-14 15:00:00,6736,24,1181,GOLD,GOLD_LONG_LOGISTIC_BASE_PLUS_ML_T055,LONG,LOGISTIC,BASE_PLUS_ML,0.55,ATR_ONLY,1,5000,False,CONFIG_LOCAL_FALLBACK_MT5_UNAVAILABLE,4,4,2,2,50.0,1.0542849692533145,0.036356338151898995,0.036356338151898995,0.14542535260759598,0.11525965500679376,1.8026929518772261,1,5005.76298275034,0,0
4,2025-02-11 17:00:00,2026-04-27 12:00:00,2026-04-27 13:00:00,2026-04-28 13:00:00,2026-04-28 14:00:00,2026-07-14 15:00:00,6736,24,1181,GOLD,GOLD_LONG_LOGISTIC_BASE_PLUS_ML_T055,LONG,LOGISTIC,BASE_PLUS_ML,0.55,ATR_ONLY,1,5000,True,CONFIG_LOCAL_FALLBACK_MT5_UNAVAILABLE,4,4,2,2,50.0,1.0760936540695778,0.036356338151898995,0.036356338151898995,0.14542535260759598,0.12425046517075317,1.3747716007931547,1,5006.212523258538,0,0
4,2025-02-11 17:00:00,2026-04-27 12:00:00,2026-04-27 13:00:00,2026-04-28 13:00:00,2026-04-28 14:00:00,2026-07-14 15:00:00,6736,24,1181,GOLD,GOLD_LONG_LOGISTIC_BASE_PLUS_ML_T055,LONG,LOGISTIC,BASE_PLUS_ML,0.55,ATR_ONLY,2,100,False,CONFIG_LOCAL_FALLBACK_MT5_UNAVAILABLE,4,4,2,2,50.0,0.9712292837685961,-0.008370207014535808,-0.008370207014535808,-0.03348082805814323,-0.06367634159552438,1.9331485084954865,1,99.93632365840448,0,0
4,2025-02-11 17:00:00,2026-04-27 12:00:00,2026-04-27 13:00:00,2026-04-28 13:00:00,2026-04-28 14:00:00,2026-07-14 15:00:00,6736,24,1181,GOLD,GOLD_LONG_LOGISTIC_BASE_PLUS_ML_T055,LONG,LOGISTIC,BASE_PLUS_ML,0.55,ATR_ONLY,2,100,True,CONFIG_LOCAL_FALLBACK_MT5_UNAVAILABLE,4,0,0,0,0.0,0.0,0.0,0.0,0.0,0.0,0.0,0,100.0,4,0
4,2025-02-11 17:00:00,2026-04-27 12:00:00,2026-04-27 13:00:00,2026-04-28 13:00:00,2026-04-28 14:00:00,2026-07-14 15:00:00,6736,24,1181,GOLD,GOLD_LONG_LOGISTIC_BASE_PLUS_ML_T055,LONG,LOGISTIC,BASE_PLUS_ML,0.55,ATR_ONLY,2,500,False,CONFIG_LOCAL_FALLBACK_MT5_UNAVAILABLE,4,4,2,2,50.0,0.9712292837685972,-0.008370207014535808,-0.008370207014535808,-0.03348082805814323,-0.06367634159552153,1.9331485084954783,1,499.6816182920224,0,0
4,2025-02-11 17:00:00,2026-04-27 12:00:00,2026-04-27 13:00:00,2026-04-28 13:00:00,2026-04-28 14:00:00,2026-07-14 15:00:00,6736,24,1181,GOLD,GOLD_LONG_LOGISTIC_BASE_PLUS_ML_T055,LONG,LOGISTIC,BASE_PLUS_ML,0.55,ATR_ONLY,2,500,True,CONFIG_LOCAL_FALLBACK_MT5_UNAVAILABLE,4,0,0,0,0.0,0.0,0.0,0.0,0.0,0.0,0.0,0,500.0,4,0
4,2025-02-11 17:00:00,2026-04-27 12:00:00,2026-04-27 13:00:00,2026-04-28 13:00:00,2026-04-28 14:00:00,2026-07-14 15:00:00,6736,24,1181,GOLD,GOLD_LONG_LOGISTIC_BASE_PLUS_ML_T055,LONG,LOGISTIC,BASE_PLUS_ML,0.55,ATR_ONLY,2,1000,False,CONFIG_LOCAL_FALLBACK_MT5_UNAVAILABLE,4,4,2,2,50.0,0.9712292837685972,-0.008370207014535808,-0.008370207014535808,-0.03348082805814323,-0.06367634159552153,1.9331485084954783,1,999.3632365840448,0,0
4,2025-02-11 17:00:00,2026-04-27 12:00:00,2026-04-27 13:00:00,2026-04-28 13:00:00,2026-04-28 14:00:00,2026-07-14 15:00:00,6736,24,1181,GOLD,GOLD_LONG_LOGISTIC_BASE_PLUS_ML_T055,LONG,LOGISTIC,BASE_PLUS_ML,0.55,ATR_ONLY,2,1000,True,CONFIG_LOCAL_FALLBACK_MT5_UNAVAILABLE,4,0,0,0,0.0,0.0,0.0,0.0,0.0,0.0,0.0,0,1000.0,4,0
4,2025-02-11 17:00:00,2026-04-27 12:00:00,2026-04-27 13:00:00,2026-04-28 13:00:00,2026-04-28 14:00:00,2026-07-14 15:00:00,6736,24,1181,GOLD,GOLD_LONG_LOGISTIC_BASE_PLUS_ML_T055,LONG,LOGISTIC,BASE_PLUS_ML,0.55,ATR_ONLY,2,5000,False,CONFIG_LOCAL_FALLBACK_MT5_UNAVAILABLE,4,4,2,2,50.0,0.9712292837685942,-0.008370207014535808,-0.008370207014535808,-0.03348082805814323,-0.06367634159552836,1.9331485084954847,1,4996.816182920224,0,0
4,2025-02-11 17:00:00,2026-04-27 12:00:00,2026-04-27 13:00:00,2026-04-28 13:00:00,2026-04-28 14:00:00,2026-07-14 15:00:00,6736,24,1181,GOLD,GOLD_LONG_LOGISTIC_BASE_PLUS_ML_T055,LONG,LOGISTIC,BASE_PLUS_ML,0.55,ATR_ONLY,2,5000,True,CONFIG_LOCAL_FALLBACK_MT5_UNAVAILABLE,4,4,2,2,50.0,0.9901028511359872,-0.008370207014535808,-0.008370207014535808,-0.03348082805814323,-0.016852070129316415,1.478389639975524,1,4999.157396493534,0,0
4,2025-02-11 17:00:00,2026-04-27 12:00:00,2026-04-27 13:00:00,2026-04-28 13:00:00,2026-04-28 14:00:00,2026-07-14 15:00:00,6736,24,1181,GOLD,GOLD_LONG_LOGISTIC_BASE_PLUS_ML_T055,LONG,LOGISTIC,BASE_PLUS_ML,0.55,ATR_ONLY,5,100,False,CONFIG_LOCAL_FALLBACK_MT5_UNAVAILABLE,4,4,2,2,50.0,0.7586707103924225,-0.14254984251384004,-0.14254984251384004,-0.5701993700553601,-0.5990510680416179,2.323827293100902,1,99.40094893195838,0,0
4,2025-02-11 17:00:00,2026-04-27 12:00:00,2026-04-27 13:00:00,2026-04-28 13:00:00,2026-04-28 14:00:00,2026-07-14 15:00:00,6736,24,1181,GOLD,GOLD_LONG_LOGISTIC_BASE_PLUS_ML_T055,LONG,LOGISTIC,BASE_PLUS_ML,0.55,ATR_ONLY,5,100,True,CONFIG_LOCAL_FALLBACK_MT5_UNAVAILABLE,4,0,0,0,0.0,0.0,0.0,0.0,0.0,0.0,0.0,0,100.0,4,0
4,2025-02-11 17:00:00,2026-04-27 12:00:00,2026-04-27 13:00:00,2026-04-28 13:00:00,2026-04-28 14:00:00,2026-07-14 15:00:00,6736,24,1181,GOLD,GOLD_LONG_LOGISTIC_BASE_PLUS_ML_T055,LONG,LOGISTIC,BASE_PLUS_ML,0.55,ATR_ONLY,5,500,False,CONFIG_LOCAL_FALLBACK_MT5_UNAVAILABLE,4,4,2,2,50.0,0.75867071039242,-0.14254984251384004,-0.14254984251384004,-0.5701993700553601,-0.5990510680416264,2.3238272931009103,1,497.00474465979187,0,0
4,2025-02-11 17:00:00,2026-04-27 12:00:00,2026-04-27 13:00:00,2026-04-28 13:00:00,2026-04-28 14:00:00,2026-07-14 15:00:00,6736,24,1181,GOLD,GOLD_LONG_LOGISTIC_BASE_PLUS_ML_T055,LONG,LOGISTIC,BASE_PLUS_ML,0.55,ATR_ONLY,5,500,True,CONFIG_LOCAL_FALLBACK_MT5_UNAVAILABLE,4,0,0,0,0.0,0.0,0.0,0.0,0.0,0.0,0.0,0,500.0,4,0
4,2025-02-11 17:00:00,2026-04-27 12:00:00,2026-04-27 13:00:00,2026-04-28 13:00:00,2026-04-28 14:00:00,2026-07-14 15:00:00,6736,24,1181,GOLD,GOLD_LONG_LOGISTIC_BASE_PLUS_ML_T055,LONG,LOGISTIC,BASE_PLUS_ML,0.55,ATR_ONLY,5,1000,False,CONFIG_LOCAL_FALLBACK_MT5_UNAVAILABLE,4,4,2,2,50.0,0.75867071039242,-0.14254984251384004,-0.14254984251384004,-0.5701993700553601,-0.5990510680416264,2.3238272931009103,1,994.0094893195837,0,0
4,2025-02-11 17:00:00,2026-04-27 12:00:00,2026-04-27 13:00:00,2026-04-28 13:00:00,2026-04-28 14:00:00,2026-07-14 15:00:00,6736,24,1181,GOLD,GOLD_LONG_LOGISTIC_BASE_PLUS_ML_T055,LONG,LOGISTIC,BASE_PLUS_ML,0.55,ATR_ONLY,5,1000,True,CONFIG_LOCAL_FALLBACK_MT5_UNAVAILABLE,4,0,0,0,0.0,0.0,0.0,0.0,0.0,0.0,0.0,0,1000.0,4,0
4,2025-02-11 17:00:00,2026-04-27 12:00:00,2026-04-27 13:00:00,2026-04-28 13:00:00,2026-04-28 14:00:00,2026-07-14 15:00:00,6736,24,1181,GOLD,GOLD_LONG_LOGISTIC_BASE_PLUS_ML_T055,LONG,LOGISTIC,BASE_PLUS_ML,0.55,ATR_ONLY,5,5000,False,CONFIG_LOCAL_FALLBACK_MT5_UNAVAILABLE,4,4,2,2,50.0,0.758670710392426,-0.14254984251384004,-0.14254984251384004,-0.5701993700553601,-0.5990510680416082,2.323827293100886,1,4970.04744659792,0,0
4,2025-02-11 17:00:00,2026-04-27 12:00:00,2026-04-27 13:00:00,2026-04-28 13:00:00,2026-04-28 14:00:00,2026-07-14 15:00:00,6736,24,1181,GOLD,GOLD_LONG_LOGISTIC_BASE_PLUS_ML_T055,LONG,LOGISTIC,BASE_PLUS_ML,0.55,ATR_ONLY,5,5000,True,CONFIG_LOCAL_FALLBACK_MT5_UNAVAILABLE,4,4,2,2,50.0,0.7698260647040606,-0.14254984251384004,-0.14254984251384004,-0.5701993700553601,-0.4401596760294342,1.7896908202016841,1,4977.992016198528,0,0
4,2025-02-11 17:00:00,2026-04-27 12:00:00,2026-04-27 13:00:00,2026-04-28 13:00:00,2026-04-28 14:00:00,2026-07-14 15:00:00,6736,24,1181,GOLD,GOLD_LONG_LOGISTIC_BASE_PLUS_ML_T055,LONG,LOGISTIC,BASE_PLUS_ML,0.55,SWING_ATR,0,100,False,CONFIG_LOCAL_FALLBACK_MT5_UNAVAILABLE,4,4,2,2,50.0,0.9798602694004577,-0.004195532746207806,-0.004195532746207806,-0.016782130984831223,-0.02827762273871315,1.0811791641304318,1,99.97172237726129,0,0
4,2025-02-11 17:00:00,2026-04-27 12:00:00,2026-04-27 13:00:00,2026-04-28 13:00:00,2026-04-28 14:00:00,2026-07-14 15:00:00,6736,24,1181,GOLD,GOLD_LONG_LOGISTIC_BASE_PLUS_ML_T055,LONG,LOGISTIC,BASE_PLUS_ML,0.55,SWING_ATR,0,100,True,CONFIG_LOCAL_FALLBACK_MT5_UNAVAILABLE,4,0,0,0,0.0,0.0,0.0,0.0,0.0,0.0,0.0,0,100.0,4,0
4,2025-02-11 17:00:00,2026-04-27 12:00:00,2026-04-27 13:00:00,2026-04-28 13:00:00,2026-04-28 14:00:00,2026-07-14 15:00:00,6736,24,1181,GOLD,GOLD_LONG_LOGISTIC_BASE_PLUS_ML_T055,LONG,LOGISTIC,BASE_PLUS_ML,0.55,SWING_ATR,0,500,False,CONFIG_LOCAL_FALLBACK_MT5_UNAVAILABLE,4,4,2,2,50.0,0.9798602694004597,-0.004195532746207806,-0.004195532746207806,-0.016782130984831223,-0.028277622738710307,1.0811791641304347,1,499.85861188630645,0,0
4,2025-02-11 17:00:00,2026-04-27 12:00:00,2026-04-27 13:00:00,2026-04-28 13:00:00,2026-04-28 14:00:00,2026-07-14 15:00:00,6736,24,1181,GOLD,GOLD_LONG_LOGISTIC_BASE_PLUS_ML_T055,LONG,LOGISTIC,BASE_PLUS_ML,0.55,SWING_ATR,0,500,True,CONFIG_LOCAL_FALLBACK_MT5_UNAVAILABLE,4,0,0,0,0.0,0.0,0.0,0.0,0.0,0.0,0.0,0,500.0,4,0
4,2025-02-11 17:00:00,2026-04-27 12:00:00,2026-04-27 13:00:00,2026-04-28 13:00:00,2026-04-28 14:00:00,2026-07-14 15:00:00,6736,24,1181,GOLD,GOLD_LONG_LOGISTIC_BASE_PLUS_ML_T055,LONG,LOGISTIC,BASE_PLUS_ML,0.55,SWING_ATR,0,1000,False,CONFIG_LOCAL_FALLBACK_MT5_UNAVAILABLE,4,4,2,2,50.0,0.9798602694004597,-0.004195532746207806,-0.004195532746207806,-0.016782130984831223,-0.028277622738710307,1.0811791641304347,1,999.7172237726129,0,0
4,2025-02-11 17:00:00,2026-04-27 12:00:00,2026-04-27 13:00:00,2026-04-28 13:00:00,2026-04-28 14:00:00,2026-07-14 15:00:00,6736,24,1181,GOLD,GOLD_LONG_LOGISTIC_BASE_PLUS_ML_T055,LONG,LOGISTIC,BASE_PLUS_ML,0.55,SWING_ATR,0,1000,True,CONFIG_LOCAL_FALLBACK_MT5_UNAVAILABLE,4,0,0,0,0.0,0.0,0.0,0.0,0.0,0.0,0.0,0,1000.0,4,0
4,2025-02-11 17:00:00,2026-04-27 12:00:00,2026-04-27 13:00:00,2026-04-28 13:00:00,2026-04-28 14:00:00,2026-07-14 15:00:00,6736,24,1181,GOLD,GOLD_LONG_LOGISTIC_BASE_PLUS_ML_T055,LONG,LOGISTIC,BASE_PLUS_ML,0.55,SWING_ATR,0,5000,False,CONFIG_LOCAL_FALLBACK_MT5_UNAVAILABLE,4,4,2,2,50.0,0.9798602694004693,-0.004195532746207806,-0.004195532746207806,-0.016782130984831223,-0.02827762273869666,1.0811791641304276,1,4998.586118863065,0,0
4,2025-02-11 17:00:00,2026-04-27 12:00:00,2026-04-27 13:00:00,2026-04-28 13:00:00,2026-04-28 14:00:00,2026-07-14 15:00:00,6736,24,1181,GOLD,GOLD_LONG_LOGISTIC_BASE_PLUS_ML_T055,LONG,LOGISTIC,BASE_PLUS_ML,0.55,SWING_ATR,0,5000,True,CONFIG_LOCAL_FALLBACK_MT5_UNAVAILABLE,4,2,2,0,100.0,inf,0.6876930158903485,0.6876930158903485,1.375386031780697,1.050175135962145,0.0,0,5052.508756798107,2,0
4,2025-02-11 17:00:00,2026-04-27 12:00:00,2026-04-27 13:00:00,2026-04-28 13:00:00,2026-04-28 14:00:00,2026-07-14 15:00:00,6736,24,1181,GOLD,GOLD_LONG_LOGISTIC_BASE_PLUS_ML_T055,LONG,LOGISTIC,BASE_PLUS_ML,0.55,SWING_ATR,1,100,False,CONFIG_LOCAL_FALLBACK_MT5_UNAVAILABLE,4,4,2,2,50.0,0.9216490218647941,-0.025061898469030924,-0.025061898469030924,-0.1002475938761237,-0.11144494386022075,1.1390867099768938,1,99.88855505613978,0,0
4,2025-02-11 17:00:00,2026-04-27 12:00:00,2026-04-27 13:00:00,2026-04-28 13:00:00,2026-04-28 14:00:00,2026-07-14 15:00:00,6736,24,1181,GOLD,GOLD_LONG_LOGISTIC_BASE_PLUS_ML_T055,LONG,LOGISTIC,BASE_PLUS_ML,0.55,SWING_ATR,1,100,True,CONFIG_LOCAL_FALLBACK_MT5_UNAVAILABLE,4,0,0,0,0.0,0.0,0.0,0.0,0.0,0.0,0.0,0,100.0,4,0
4,2025-02-11 17:00:00,2026-04-27 12:00:00,2026-04-27 13:00:00,2026-04-28 13:00:00,2026-04-28 14:00:00,2026-07-14 15:00:00,6736,24,1181,GOLD,GOLD_LONG_LOGISTIC_BASE_PLUS_ML_T055,LONG,LOGISTIC,BASE_PLUS_ML,0.55,SWING_ATR,1,500,False,CONFIG_LOCAL_FALLBACK_MT5_UNAVAILABLE,4,4,2,2,50.0,0.9216490218647826,-0.025061898469030924,-0.025061898469030924,-0.1002475938761237,-0.11144494386023779,1.1390867099769109,1,499.4427752806988,0,0
4,2025-02-11 17:00:00,2026-04-27 12:00:00,2026-04-27 13:00:00,2026-04-28 13:00:00,2026-04-28 14:00:00,2026-07-14 15:00:00,6736,24,1181,GOLD,GOLD_LONG_LOGISTIC_BASE_PLUS_ML_T055,LONG,LOGISTIC,BASE_PLUS_ML,0.55,SWING_ATR,1,500,True,CONFIG_LOCAL_FALLBACK_MT5_UNAVAILABLE,4,0,0,0,0.0,0.0,0.0,0.0,0.0,0.0,0.0,0,500.0,4,0
4,2025-02-11 17:00:00,2026-04-27 12:00:00,2026-04-27 13:00:00,2026-04-28 13:00:00,2026-04-28 14:00:00,2026-07-14 15:00:00,6736,24,1181,GOLD,GOLD_LONG_LOGISTIC_BASE_PLUS_ML_T055,LONG,LOGISTIC,BASE_PLUS_ML,0.55,SWING_ATR,1,1000,False,CONFIG_LOCAL_FALLBACK_MT5_UNAVAILABLE,4,4,2,2,50.0,0.9216490218647826,-0.025061898469030924,-0.025061898469030924,-0.1002475938761237,-0.11144494386023779,1.1390867099769109,1,998.8855505613976,0,0
4,2025-02-11 17:00:00,2026-04-27 12:00:00,2026-04-27 13:00:00,2026-04-28 13:00:00,2026-04-28 14:00:00,2026-07-14 15:00:00,6736,24,1181,GOLD,GOLD_LONG_LOGISTIC_BASE_PLUS_ML_T055,LONG,LOGISTIC,BASE_PLUS_ML,0.55,SWING_ATR,1,1000,True,CONFIG_LOCAL_FALLBACK_MT5_UNAVAILABLE,4,0,0,0,0.0,0.0,0.0,0.0,0.0,0.0,0.0,0,1000.0,4,0
4,2025-02-11 17:00:00,2026-04-27 12:00:00,2026-04-27 13:00:00,2026-04-28 13:00:00,2026-04-28 14:00:00,2026-07-14 15:00:00,6736,24,1181,GOLD,GOLD_LONG_LOGISTIC_BASE_PLUS_ML_T055,LONG,LOGISTIC,BASE_PLUS_ML,0.55,SWING_ATR,1,5000,False,CONFIG_LOCAL_FALLBACK_MT5_UNAVAILABLE,4,4,2,2,50.0,0.9216490218647793,-0.025061898469030924,-0.025061898469030924,-0.1002475938761237,-0.11144494386024234,1.1390867099769086,1,4994.427752806988,0,0
4,2025-02-11 17:00:00,2026-04-27 12:00:00,2026-04-27 13:00:00,2026-04-28 13:00:00,2026-04-28 14:00:00,2026-07-14 15:00:00,6736,24,1181,GOLD,GOLD_LONG_LOGISTIC_BASE_PLUS_ML_T055,LONG,LOGISTIC,BASE_PLUS_ML,0.55,SWING_ATR,1,5000,True,CONFIG_LOCAL_FALLBACK_MT5_UNAVAILABLE,4,2,2,0,100.0,inf,0.6553372627075842,0.6553372627075842,1.3106745254151684,0.9971541164954396,0.0,0,5049.857705824772,2,0
4,2025-02-11 17:00:00,2026-04-27 12:00:00,2026-04-27 13:00:00,2026-04-28 13:00:00,2026-04-28 14:00:00,2026-07-14 15:00:00,6736,24,1181,GOLD,GOLD_LONG_LOGISTIC_BASE_PLUS_ML_T055,LONG,LOGISTIC,BASE_PLUS_ML,0.55,SWING_ATR,2,100,False,CONFIG_LOCAL_FALLBACK_MT5_UNAVAILABLE,4,4,2,2,50.0,0.8649473424176809,-0.045928264191854,-0.045928264191854,-0.183713056767416,-0.19456665090164904,1.1969776795471305,1,99.80543334909835,0,0
4,2025-02-11 17:00:00,2026-04-27 12:00:00,2026-04-27 13:00:00,2026-04-28 13:00:00,2026-04-28 14:00:00,2026-07-14 15:00:00,6736,24,1181,GOLD,GOLD_LONG_LOGISTIC_BASE_PLUS_ML_T055,LONG,LOGISTIC,BASE_PLUS_ML,0.55,SWING_ATR,2,100,True,CONFIG_LOCAL_FALLBACK_MT5_UNAVAILABLE,4,0,0,0,0.0,0.0,0.0,0.0,0.0,0.0,0.0,0,100.0,4,0
4,2025-02-11 17:00:00,2026-04-27 12:00:00,2026-04-27 13:00:00,2026-04-28 13:00:00,2026-04-28 14:00:00,2026-07-14 15:00:00,6736,24,1181,GOLD,GOLD_LONG_LOGISTIC_BASE_PLUS_ML_T055,LONG,LOGISTIC,BASE_PLUS_ML,0.55,SWING_ATR,2,500,False,CONFIG_LOCAL_FALLBACK_MT5_UNAVAILABLE,4,4,2,2,50.0,0.8649473424176944,-0.045928264191854,-0.045928264191854,-0.183713056767416,-0.19456665090162917,1.1969776795471165,1,499.02716674549185,0,0
4,2025-02-11 17:00:00,2026-04-27 12:00:00,2026-04-27 13:00:00,2026-04-28 13:00:00,2026-04-28 14:00:00,2026-07-14 15:00:00,6736,24,1181,GOLD,GOLD_LONG_LOGISTIC_BASE_PLUS_ML_T055,LONG,LOGISTIC,BASE_PLUS_ML,0.55,SWING_ATR,2,500,True,CONFIG_LOCAL_FALLBACK_MT5_UNAVAILABLE,4,0,0,0,0.0,0.0,0.0,0.0,0.0,0.0,0.0,0,500.0,4,0
4,2025-02-11 17:00:00,2026-04-27 12:00:00,2026-04-27 13:00:00,2026-04-28 13:00:00,2026-04-28 14:00:00,2026-07-14 15:00:00,6736,24,1181,GOLD,GOLD_LONG_LOGISTIC_BASE_PLUS_ML_T055,LONG,LOGISTIC,BASE_PLUS_ML,0.55,SWING_ATR,2,1000,False,CONFIG_LOCAL_FALLBACK_MT5_UNAVAILABLE,4,4,2,2,50.0,0.8649473424176944,-0.045928264191854,-0.045928264191854,-0.183713056767416,-0.19456665090162917,1.1969776795471165,1,998.0543334909837,0,0
4,2025-02-11 17:00:00,2026-04-27 12:00:00,2026-04-27 13:00:00,2026-04-28 13:00:00,2026-04-28 14:00:00,2026-07-14 15:00:00,6736,24,1181,GOLD,GOLD_LONG_LOGISTIC_BASE_PLUS_ML_T055,LONG,LOGISTIC,BASE_PLUS_ML,0.55,SWING_ATR,2,1000,True,CONFIG_LOCAL_FALLBACK_MT5_UNAVAILABLE,4,0,0,0,0.0,0.0,0.0,0.0,0.0,0.0,0.0,0,1000.0,4,0
4,2025-02-11 17:00:00,2026-04-27 12:00:00,2026-04-27 13:00:00,2026-04-28 13:00:00,2026-04-28 14:00:00,2026-07-14 15:00:00,6736,24,1181,GOLD,GOLD_LONG_LOGISTIC_BASE_PLUS_ML_T055,LONG,LOGISTIC,BASE_PLUS_ML,0.55,SWING_ATR,2,5000,False,CONFIG_LOCAL_FALLBACK_MT5_UNAVAILABLE,4,4,2,2,50.0,0.86494734241769,-0.045928264191854,-0.045928264191854,-0.183713056767416,-0.1945666509016337,1.1969776795471077,1,4990.271667454918,0,0
4,2025-02-11 17:00:00,2026-04-27 12:00:00,2026-04-27 13:00:00,2026-04-28 13:00:00,2026-04-28 14:00:00,2026-07-14 15:00:00,6736,24,1181,GOLD,GOLD_LONG_LOGISTIC_BASE_PLUS_ML_T055,LONG,LOGISTIC,BASE_PLUS_ML,0.55,SWING_ATR,2,5000,True,CONFIG_LOCAL_FALLBACK_MT5_UNAVAILABLE,4,2,2,0,100.0,inf,0.6229815095248199,0.6229815095248199,1.2459630190496398,0.9441330970286981,0.0,0,5047.206654851435,2,0
4,2025-02-11 17:00:00,2026-04-27 12:00:00,2026-04-27 13:00:00,2026-04-28 13:00:00,2026-04-28 14:00:00,2026-07-14 15:00:00,6736,24,1181,GOLD,GOLD_LONG_LOGISTIC_BASE_PLUS_ML_T055,LONG,LOGISTIC,BASE_PLUS_ML,0.55,SWING_ATR,5,100,False,CONFIG_LOCAL_FALLBACK_MT5_UNAVAILABLE,4,4,2,2,50.0,0.7033258018381433,-0.10852736136032326,-0.10852736136032326,-0.43410944544129304,-0.44365823262025117,1.3705511515179325,1,99.55634176737975,0,0
4,2025-02-11 17:00:00,2026-04-27 12:00:00,2026-04-27 13:00:00,2026-04-28 13:00:00,2026-04-28 14:00:00,2026-07-14 15:00:00,6736,24,1181,GOLD,GOLD_LONG_LOGISTIC_BASE_PLUS_ML_T055,LONG,LOGISTIC,BASE_PLUS_ML,0.55,SWING_ATR,5,100,True,CONFIG_LOCAL_FALLBACK_MT5_UNAVAILABLE,4,0,0,0,0.0,0.0,0.0,0.0,0.0,0.0,0.0,0,100.0,4,0
4,2025-02-11 17:00:00,2026-04-27 12:00:00,2026-04-27 13:00:00,2026-04-28 13:00:00,2026-04-28 14:00:00,2026-07-14 15:00:00,6736,24,1181,GOLD,GOLD_LONG_LOGISTIC_BASE_PLUS_ML_T055,LONG,LOGISTIC,BASE_PLUS_ML,0.55,SWING_ATR,5,500,False,CONFIG_LOCAL_FALLBACK_MT5_UNAVAILABLE,4,4,2,2,50.0,0.7033258018381382,-0.10852736136032326,-0.10852736136032326,-0.43410944544129304,-0.44365823262025966,1.370551151517941,1,497.7817088368987,0,0
4,2025-02-11 17:00:00,2026-04-27 12:00:00,2026-04-27 13:00:00,2026-04-28 13:00:00,2026-04-28 14:00:00,2026-07-14 15:00:00,6736,24,1181,GOLD,GOLD_LONG_LOGISTIC_BASE_PLUS_ML_T055,LONG,LOGISTIC,BASE_PLUS_ML,0.55,SWING_ATR,5,500,True,CONFIG_LOCAL_FALLBACK_MT5_UNAVAILABLE,4,0,0,0,0.0,0.0,0.0,0.0,0.0,0.0,0.0,0,500.0,4,0
4,2025-02-11 17:00:00,2026-04-27 12:00:00,2026-04-27 13:00:00,2026-04-28 13:00:00,2026-04-28 14:00:00,2026-07-14 15:00:00,6736,24,1181,GOLD,GOLD_LONG_LOGISTIC_BASE_PLUS_ML_T055,LONG,LOGISTIC,BASE_PLUS_ML,0.55,SWING_ATR,5,1000,False,CONFIG_LOCAL_FALLBACK_MT5_UNAVAILABLE,4,4,2,2,50.0,0.7033258018381382,-0.10852736136032326,-0.10852736136032326,-0.43410944544129304,-0.44365823262025966,1.370551151517941,1,995.5634176737974,0,0
4,2025-02-11 17:00:00,2026-04-27 12:00:00,2026-04-27 13:00:00,2026-04-28 13:00:00,2026-04-28 14:00:00,2026-07-14 15:00:00,6736,24,1181,GOLD,GOLD_LONG_LOGISTIC_BASE_PLUS_ML_T055,LONG,LOGISTIC,BASE_PLUS_ML,0.55,SWING_ATR,5,1000,True,CONFIG_LOCAL_FALLBACK_MT5_UNAVAILABLE,4,0,0,0,0.0,0.0,0.0,0.0,0.0,0.0,0.0,0,1000.0,4,0
4,2025-02-11 17:00:00,2026-04-27 12:00:00,2026-04-27 13:00:00,2026-04-28 13:00:00,2026-04-28 14:00:00,2026-07-14 15:00:00,6736,24,1181,GOLD,GOLD_LONG_LOGISTIC_BASE_PLUS_ML_T055,LONG,LOGISTIC,BASE_PLUS_ML,0.55,SWING_ATR,5,5000,False,CONFIG_LOCAL_FALLBACK_MT5_UNAVAILABLE,4,4,2,2,50.0,0.7033258018381403,-0.10852736136032326,-0.10852736136032326,-0.43410944544129304,-0.44365823262025517,1.3705511515179254,1,4977.817088368987,0,0
4,2025-02-11 17:00:00,2026-04-27 12:00:00,2026-04-27 13:00:00,2026-04-28 13:00:00,2026-04-28 14:00:00,2026-07-14 15:00:00,6736,24,1181,GOLD,GOLD_LONG_LOGISTIC_BASE_PLUS_ML_T055,LONG,LOGISTIC,BASE_PLUS_ML,0.55,SWING_ATR,5,5000,True,CONFIG_LOCAL_FALLBACK_MT5_UNAVAILABLE,4,2,2,0,100.0,inf,0.5259142499765269,0.5259142499765269,1.0518284999530538,0.7850700386285462,0.0,0,5039.253501931427,2,0
4,2025-02-11 17:00:00,2026-04-27 12:00:00,2026-04-27 13:00:00,2026-04-28 13:00:00,2026-04-28 14:00:00,2026-07-14 15:00:00,6736,24,1181,GOLD,GOLD_LONG_LOGISTIC_BASE_PLUS_ML_T055,LONG,LOGISTIC,BASE_PLUS_ML,0.55,SWING_ATR_RR,0,100,False,CONFIG_LOCAL_FALLBACK_MT5_UNAVAILABLE,4,4,2,2,50.0,1.6331356496295923,0.22970203788427346,0.22970203788427346,0.9188081515370938,0.8971972525869488,1.0811791641304422,1,100.89719725258695,0,0
4,2025-02-11 17:00:00,2026-04-27 12:00:00,2026-04-27 13:00:00,2026-04-28 13:00:00,2026-04-28 14:00:00,2026-07-14 15:00:00,6736,24,1181,GOLD,GOLD_LONG_LOGISTIC_BASE_PLUS_ML_T055,LONG,LOGISTIC,BASE_PLUS_ML,0.55,SWING_ATR_RR,0,100,True,CONFIG_LOCAL_FALLBACK_MT5_UNAVAILABLE,4,0,0,0,0.0,0.0,0.0,0.0,0.0,0.0,0.0,0,100.0,4,0
4,2025-02-11 17:00:00,2026-04-27 12:00:00,2026-04-27 13:00:00,2026-04-28 13:00:00,2026-04-28 14:00:00,2026-07-14 15:00:00,6736,24,1181,GOLD,GOLD_LONG_LOGISTIC_BASE_PLUS_ML_T055,LONG,LOGISTIC,BASE_PLUS_ML,0.55,SWING_ATR_RR,0,500,False,CONFIG_LOCAL_FALLBACK_MT5_UNAVAILABLE,4,4,2,2,50.0,1.6331356496295883,0.22970203788427346,0.22970203788427346,0.9188081515370938,0.8971972525869433,1.0811791641304478,1,504.4859862629347,0,0
4,2025-02-11 17:00:00,2026-04-27 12:00:00,2026-04-27 13:00:00,2026-04-28 13:00:00,2026-04-28 14:00:00,2026-07-14 15:00:00,6736,24,1181,GOLD,GOLD_LONG_LOGISTIC_BASE_PLUS_ML_T055,LONG,LOGISTIC,BASE_PLUS_ML,0.55,SWING_ATR_RR,0,500,True,CONFIG_LOCAL_FALLBACK_MT5_UNAVAILABLE,4,0,0,0,0.0,0.0,0.0,0.0,0.0,0.0,0.0,0,500.0,4,0
4,2025-02-11 17:00:00,2026-04-27 12:00:00,2026-04-27 13:00:00,2026-04-28 13:00:00,2026-04-28 14:00:00,2026-07-14 15:00:00,6736,24,1181,GOLD,GOLD_LONG_LOGISTIC_BASE_PLUS_ML_T055,LONG,LOGISTIC,BASE_PLUS_ML,0.55,SWING_ATR_RR,0,1000,False,CONFIG_LOCAL_FALLBACK_MT5_UNAVAILABLE,4,4,2,2,50.0,1.6331356496295883,0.22970203788427346,0.22970203788427346,0.9188081515370938,0.8971972525869433,1.0811791641304478,1,1008.9719725258694,0,0
4,2025-02-11 17:00:00,2026-04-27 12:00:00,2026-04-27 13:00:00,2026-04-28 13:00:00,2026-04-28 14:00:00,2026-07-14 15:00:00,6736,24,1181,GOLD,GOLD_LONG_LOGISTIC_BASE_PLUS_ML_T055,LONG,LOGISTIC,BASE_PLUS_ML,0.55,SWING_ATR_RR,0,1000,True,CONFIG_LOCAL_FALLBACK_MT5_UNAVAILABLE,4,0,0,0,0.0,0.0,0.0,0.0,0.0,0.0,0.0,0,1000.0,4,0
4,2025-02-11 17:00:00,2026-04-27 12:00:00,2026-04-27 13:00:00,2026-04-28 13:00:00,2026-04-28 14:00:00,2026-07-14 15:00:00,6736,24,1181,GOLD,GOLD_LONG_LOGISTIC_BASE_PLUS_ML_T055,LONG,LOGISTIC,BASE_PLUS_ML,0.55,SWING_ATR_RR,0,5000,False,CONFIG_LOCAL_FALLBACK_MT5_UNAVAILABLE,4,4,2,2,50.0,1.633135649629599,0.22970203788427346,0.22970203788427346,0.9188081515370938,0.8971972525869568,1.0811791641304345,1,5044.859862629348,0,0
4,2025-02-11 17:00:00,2026-04-27 12:00:00,2026-04-27 13:00:00,2026-04-28 13:00:00,2026-04-28 14:00:00,2026-07-14 15:00:00,6736,24,1181,GOLD,GOLD_LONG_LOGISTIC_BASE_PLUS_ML_T055,LONG,LOGISTIC,BASE_PLUS_ML,0.55,SWING_ATR_RR,0,5000,True,CONFIG_LOCAL_FALLBACK_MT5_UNAVAILABLE,4,2,2,0,100.0,inf,1.1554881571513111,1.1554881571513111,2.3109763143026223,1.7341790422121268,0.0,0,5086.708952110606,2,0
4,2025-02-11 17:00:00,2026-04-27 12:00:00,2026-04-27 13:00:00,2026-04-28 13:00:00,2026-04-28 14:00:00,2026-07-14 15:00:00,6736,24,1181,GOLD,GOLD_LONG_LOGISTIC_BASE_PLUS_ML_T055,LONG,LOGISTIC,BASE_PLUS_ML,0.55,SWING_ATR_RR,1,100,False,CONFIG_LOCAL_FALLBACK_MT5_UNAVAILABLE,4,4,2,2,50.0,1.5666088997725547,0.20881228240438734,0.20881228240438734,0.8352491296175494,0.8133956607838542,1.139086709976904,1,100.81339566078385,0,0
4,2025-02-11 17:00:00,2026-04-27 12:00:00,2026-04-27 13:00:00,2026-04-28 13:00:00,2026-04-28 14:00:00,2026-07-14 15:00:00,6736,24,1181,GOLD,GOLD_LONG_LOGISTIC_BASE_PLUS_ML_T055,LONG,LOGISTIC,BASE_PLUS_ML,0.55,SWING_ATR_RR,1,100,True,CONFIG_LOCAL_FALLBACK_MT5_UNAVAILABLE,4,0,0,0,0.0,0.0,0.0,0.0,0.0,0.0,0.0,0,100.0,4,0
4,2025-02-11 17:00:00,2026-04-27 12:00:00,2026-04-27 13:00:00,2026-04-28 13:00:00,2026-04-28 14:00:00,2026-07-14 15:00:00,6736,24,1181,GOLD,GOLD_LONG_LOGISTIC_BASE_PLUS_ML_T055,LONG,LOGISTIC,BASE_PLUS_ML,0.55,SWING_ATR_RR,1,500,False,CONFIG_LOCAL_FALLBACK_MT5_UNAVAILABLE,4,4,2,2,50.0,1.5666088997725596,0.20881228240438734,0.20881228240438734,0.8352491296175494,0.8133956607838626,1.139086709976904,1,504.0669783039193,0,0
4,2025-02-11 17:00:00,2026-04-27 12:00:00,2026-04-27 13:00:00,2026-04-28 13:00:00,2026-04-28 14:00:00,2026-07-14 15:00:00,6736,24,1181,GOLD,GOLD_LONG_LOGISTIC_BASE_PLUS_ML_T055,LONG,LOGISTIC,BASE_PLUS_ML,0.55,SWING_ATR_RR,1,500,True,CONFIG_LOCAL_FALLBACK_MT5_UNAVAILABLE,4,0,0,0,0.0,0.0,0.0,0.0,0.0,0.0,0.0,0,500.0,4,0
4,2025-02-11 17:00:00,2026-04-27 12:00:00,2026-04-27 13:00:00,2026-04-28 13:00:00,2026-04-28 14:00:00,2026-07-14 15:00:00,6736,24,1181,GOLD,GOLD_LONG_LOGISTIC_BASE_PLUS_ML_T055,LONG,LOGISTIC,BASE_PLUS_ML,0.55,SWING_ATR_RR,1,1000,False,CONFIG_LOCAL_FALLBACK_MT5_UNAVAILABLE,4,4,2,2,50.0,1.5666088997725596,0.20881228240438734,0.20881228240438734,0.8352491296175494,0.8133956607838626,1.139086709976904,1,1008.1339566078386,0,0
4,2025-02-11 17:00:00,2026-04-27 12:00:00,2026-04-27 13:00:00,2026-04-28 13:00:00,2026-04-28 14:00:00,2026-07-14 15:00:00,6736,24,1181,GOLD,GOLD_LONG_LOGISTIC_BASE_PLUS_ML_T055,LONG,LOGISTIC,BASE_PLUS_ML,0.55,SWING_ATR_RR,1,1000,True,CONFIG_LOCAL_FALLBACK_MT5_UNAVAILABLE,4,0,0,0,0.0,0.0,0.0,0.0,0.0,0.0,0.0,0,1000.0,4,0
4,2025-02-11 17:00:00,2026-04-27 12:00:00,2026-04-27 13:00:00,2026-04-28 13:00:00,2026-04-28 14:00:00,2026-07-14 15:00:00,6736,24,1181,GOLD,GOLD_LONG_LOGISTIC_BASE_PLUS_ML_T055,LONG,LOGISTIC,BASE_PLUS_ML,0.55,SWING_ATR_RR,1,5000,False,CONFIG_LOCAL_FALLBACK_MT5_UNAVAILABLE,4,4,2,2,50.0,1.5666088997725578,0.20881228240438734,0.20881228240438734,0.8352491296175494,0.8133956607838626,1.1390867099769062,1,5040.669783039193,0,0
4,2025-02-11 17:00:00,2026-04-27 12:00:00,2026-04-27 13:00:00,2026-04-28 13:00:00,2026-04-28 14:00:00,2026-07-14 15:00:00,6736,24,1181,GOLD,GOLD_LONG_LOGISTIC_BASE_PLUS_ML_T055,LONG,LOGISTIC,BASE_PLUS_ML,0.55,SWING_ATR_RR,1,5000,True,CONFIG_LOCAL_FALLBACK_MT5_UNAVAILABLE,4,2,2,0,100.0,inf,1.1230856244544207,1.1230856244544207,2.2461712489088415,1.6810896223547933,0.0,0,5084.05448111774,2,0
4,2025-02-11 17:00:00,2026-04-27 12:00:00,2026-04-27 13:00:00,2026-04-28 13:00:00,2026-04-28 14:00:00,2026-07-14 15:00:00,6736,24,1181,GOLD,GOLD_LONG_LOGISTIC_BASE_PLUS_ML_T055,LONG,LOGISTIC,BASE_PLUS_ML,0.55,SWING_ATR_RR,2,100,False,CONFIG_LOCAL_FALLBACK_MT5_UNAVAILABLE,4,4,2,2,50.0,1.5018110694610292,0.1879225269245012,0.1879225269245012,0.7516901076980048,0.7296399464713801,1.1969776795471003,1,100.72963994647138,0,0
4,2025-02-11 17:00:00,2026-04-27 12:00:00,2026-04-27 13:00:00,2026-04-28 13:00:00,2026-04-28 14:00:00,2026-07-14 15:00:00,6736,24,1181,GOLD,GOLD_LONG_LOGISTIC_BASE_PLUS_ML_T055,LONG,LOGISTIC,BASE_PLUS_ML,0.55,SWING_ATR_RR,2,100,True,CONFIG_LOCAL_FALLBACK_MT5_UNAVAILABLE,4,0,0,0,0.0,0.0,0.0,0.0,0.0,0.0,0.0,0,100.0,4,0
4,2025-02-11 17:00:00,2026-04-27 12:00:00,2026-04-27 13:00:00,2026-04-28 13:00:00,2026-04-28 14:00:00,2026-07-14 15:00:00,6736,24,1181,GOLD,GOLD_LONG_LOGISTIC_BASE_PLUS_ML_T055,LONG,LOGISTIC,BASE_PLUS_ML,0.55,SWING_ATR_RR,2,500,False,CONFIG_LOCAL_FALLBACK_MT5_UNAVAILABLE,4,4,2,2,50.0,1.5018110694610087,0.1879225269245012,0.1879225269245012,0.7516901076980048,0.7296399464713544,1.1969776795471172,1,503.6481997323568,0,0
4,2025-02-11 17:00:00,2026-04-27 12:00:00,2026-04-27 13:00:00,2026-04-28 13:00:00,2026-04-28 14:00:00,2026-07-14 15:00:00,6736,24,1181,GOLD,GOLD_LONG_LOGISTIC_BASE_PLUS_ML_T055,LONG,LOGISTIC,BASE_PLUS_ML,0.55,SWING_ATR_RR,2,500,True,CONFIG_LOCAL_FALLBACK_MT5_UNAVAILABLE,4,0,0,0,0.0,0.0,0.0,0.0,0.0,0.0,0.0,0,500.0,4,0
4,2025-02-11 17:00:00,2026-04-27 12:00:00,2026-04-27 13:00:00,2026-04-28 13:00:00,2026-04-28 14:00:00,2026-07-14 15:00:00,6736,24,1181,GOLD,GOLD_LONG_LOGISTIC_BASE_PLUS_ML_T055,LONG,LOGISTIC,BASE_PLUS_ML,0.55,SWING_ATR_RR,2,1000,False,CONFIG_LOCAL_FALLBACK_MT5_UNAVAILABLE,4,4,2,2,50.0,1.5018110694610087,0.1879225269245012,0.1879225269245012,0.7516901076980048,0.7296399464713544,1.1969776795471172,1,1007.2963994647135,0,0
4,2025-02-11 17:00:00,2026-04-27 12:00:00,2026-04-27 13:00:00,2026-04-28 13:00:00,2026-04-28 14:00:00,2026-07-14 15:00:00,6736,24,1181,GOLD,GOLD_LONG_LOGISTIC_BASE_PLUS_ML_T055,LONG,LOGISTIC,BASE_PLUS_ML,0.55,SWING_ATR_RR,2,1000,True,CONFIG_LOCAL_FALLBACK_MT5_UNAVAILABLE,4,0,0,0,0.0,0.0,0.0,0.0,0.0,0.0,0.0,0,1000.0,4,0
4,2025-02-11 17:00:00,2026-04-27 12:00:00,2026-04-27 13:00:00,2026-04-28 13:00:00,2026-04-28 14:00:00,2026-07-14 15:00:00,6736,24,1181,GOLD,GOLD_LONG_LOGISTIC_BASE_PLUS_ML_T055,LONG,LOGISTIC,BASE_PLUS_ML,0.55,SWING_ATR_RR,2,5000,False,CONFIG_LOCAL_FALLBACK_MT5_UNAVAILABLE,4,4,2,2,50.0,1.5018110694609985,0.1879225269245012,0.1879225269245012,0.7516901076980048,0.7296399464713431,1.196977679547126,1,5036.481997323567,0,0
4,2025-02-11 17:00:00,2026-04-27 12:00:00,2026-04-27 13:00:00,2026-04-28 13:00:00,2026-04-28 14:00:00,2026-07-14 15:00:00,6736,24,1181,GOLD,GOLD_LONG_LOGISTIC_BASE_PLUS_ML_T055,LONG,LOGISTIC,BASE_PLUS_ML,0.55,SWING_ATR_RR,2,5000,True,CONFIG_LOCAL_FALLBACK_MT5_UNAVAILABLE,4,2,2,0,100.0,inf,1.0906830917575303,1.0906830917575303,2.1813661835150606,1.628000202497442,0.0,0,5081.400010124872,2,0
4,2025-02-11 17:00:00,2026-04-27 12:00:00,2026-04-27 13:00:00,2026-04-28 13:00:00,2026-04-28 14:00:00,2026-07-14 15:00:00,6736,24,1181,GOLD,GOLD_LONG_LOGISTIC_BASE_PLUS_ML_T055,LONG,LOGISTIC,BASE_PLUS_ML,0.55,SWING_ATR_RR,5,100,False,CONFIG_LOCAL_FALLBACK_MT5_UNAVAILABLE,4,4,2,2,50.0,1.3171338197296507,0.12525326048484278,0.12525326048484278,0.5010130419393711,0.4786479227415015,1.3705511515179478,1,100.4786479227415,0,0
4,2025-02-11 17:00:00,2026-04-27 12:00:00,2026-04-27 13:00:00,2026-04-28 13:00:00,2026-04-28 14:00:00,2026-07-14 15:00:00,6736,24,1181,GOLD,GOLD_LONG_LOGISTIC_BASE_PLUS_ML_T055,LONG,LOGISTIC,BASE_PLUS_ML,0.55,SWING_ATR_RR,5,100,True,CONFIG_LOCAL_FALLBACK_MT5_UNAVAILABLE,4,0,0,0,0.0,0.0,0.0,0.0,0.0,0.0,0.0,0,100.0,4,0
4,2025-02-11 17:00:00,2026-04-27 12:00:00,2026-04-27 13:00:00,2026-04-28 13:00:00,2026-04-28 14:00:00,2026-07-14 15:00:00,6736,24,1181,GOLD,GOLD_LONG_LOGISTIC_BASE_PLUS_ML_T055,LONG,LOGISTIC,BASE_PLUS_ML,0.55,SWING_ATR_RR,5,500,False,CONFIG_LOCAL_FALLBACK_MT5_UNAVAILABLE,4,4,2,2,50.0,1.3171338197296636,0.12525326048484278,0.12525326048484278,0.5010130419393711,0.4786479227415157,1.3705511515179256,1,502.3932396137076,0,0
4,2025-02-11 17:00:00,2026-04-27 12:00:00,2026-04-27 13:00:00,2026-04-28 13:00:00,2026-04-28 14:00:00,2026-07-14 15:00:00,6736,24,1181,GOLD,GOLD_LONG_LOGISTIC_BASE_PLUS_ML_T055,LONG,LOGISTIC,BASE_PLUS_ML,0.55,SWING_ATR_RR,5,500,True,CONFIG_LOCAL_FALLBACK_MT5_UNAVAILABLE,4,0,0,0,0.0,0.0,0.0,0.0,0.0,0.0,0.0,0,500.0,4,0
4,2025-02-11 17:00:00,2026-04-27 12:00:00,2026-04-27 13:00:00,2026-04-28 13:00:00,2026-04-28 14:00:00,2026-07-14 15:00:00,6736,24,1181,GOLD,GOLD_LONG_LOGISTIC_BASE_PLUS_ML_T055,LONG,LOGISTIC,BASE_PLUS_ML,0.55,SWING_ATR_RR,5,1000,False,CONFIG_LOCAL_FALLBACK_MT5_UNAVAILABLE,4,4,2,2,50.0,1.3171338197296636,0.12525326048484278,0.12525326048484278,0.5010130419393711,0.4786479227415157,1.3705511515179256,1,1004.7864792274152,0,0
4,2025-02-11 17:00:00,2026-04-27 12:00:00,2026-04-27 13:00:00,2026-04-28 13:00:00,2026-04-28 14:00:00,2026-07-14 15:00:00,6736,24,1181,GOLD,GOLD_LONG_LOGISTIC_BASE_PLUS_ML_T055,LONG,LOGISTIC,BASE_PLUS_ML,0.55,SWING_ATR_RR,5,1000,True,CONFIG_LOCAL_FALLBACK_MT5_UNAVAILABLE,4,0,0,0,0.0,0.0,0.0,0.0,0.0,0.0,0.0,0,1000.0,4,0
4,2025-02-11 17:00:00,2026-04-27 12:00:00,2026-04-27 13:00:00,2026-04-28 13:00:00,2026-04-28 14:00:00,2026-07-14 15:00:00,6736,24,1181,GOLD,GOLD_LONG_LOGISTIC_BASE_PLUS_ML_T055,LONG,LOGISTIC,BASE_PLUS_ML,0.55,SWING_ATR_RR,5,5000,False,CONFIG_LOCAL_FALLBACK_MT5_UNAVAILABLE,4,4,2,2,50.0,1.3171338197296611,0.12525326048484278,0.12525326048484278,0.5010130419393711,0.4786479227415112,1.370551151517928,1,5023.932396137076,0,0
4,2025-02-11 17:00:00,2026-04-27 12:00:00,2026-04-27 13:00:00,2026-04-28 13:00:00,2026-04-28 14:00:00,2026-07-14 15:00:00,6736,24,1181,GOLD,GOLD_LONG_LOGISTIC_BASE_PLUS_ML_T055,LONG,LOGISTIC,BASE_PLUS_ML,0.55,SWING_ATR_RR,5,5000,True,CONFIG_LOCAL_FALLBACK_MT5_UNAVAILABLE,4,2,2,0,100.0,inf,0.9934754936668589,0.9934754936668589,1.9869509873337179,1.4687319429254058,0.0,0,5073.43659714627,2,0
4,2025-02-11 17:00:00,2026-04-27 12:00:00,2026-04-27 13:00:00,2026-04-28 13:00:00,2026-04-28 14:00:00,2026-07-14 15:00:00,6736,24,1181,GOLD,GOLD_LONG_LOGISTIC_BASE_PLUS_ML_T055,LONG,LOGISTIC,BASE_PLUS_ML,0.55,SWING_STRUCTURAL_TARGET,0,100,False,CONFIG_LOCAL_FALLBACK_MT5_UNAVAILABLE,4,3,2,1,66.66666666666666,1.2704824025424903,0.04315472625616725,0.04315472625616725,0.12946417876850175,0.12754908075541493,0.46875312573074046,1,100.12754908075541,0,1
4,2025-02-11 17:00:00,2026-04-27 12:00:00,2026-04-27 13:00:00,2026-04-28 13:00:00,2026-04-28 14:00:00,2026-07-14 15:00:00,6736,24,1181,GOLD,GOLD_LONG_LOGISTIC_BASE_PLUS_ML_T055,LONG,LOGISTIC,BASE_PLUS_ML,0.55,SWING_STRUCTURAL_TARGET,0,100,True,CONFIG_LOCAL_FALLBACK_MT5_UNAVAILABLE,4,0,0,0,0.0,0.0,0.0,0.0,0.0,0.0,0.0,0,100.0,3,1
4,2025-02-11 17:00:00,2026-04-27 12:00:00,2026-04-27 13:00:00,2026-04-28 13:00:00,2026-04-28 14:00:00,2026-07-14 15:00:00,6736,24,1181,GOLD,GOLD_LONG_LOGISTIC_BASE_PLUS_ML_T055,LONG,LOGISTIC,BASE_PLUS_ML,0.55,SWING_STRUCTURAL_TARGET,0,500,False,CONFIG_LOCAL_FALLBACK_MT5_UNAVAILABLE,4,3,2,1,66.66666666666666,1.2704824025425026,0.04315472625616725,0.04315472625616725,0.12946417876850175,0.12754908075542062,0.46875312573074046,1,500.6377454037771,0,1
4,2025-02-11 17:00:00,2026-04-27 12:00:00,2026-04-27 13:00:00,2026-04-28 13:00:00,2026-04-28 14:00:00,2026-07-14 15:00:00,6736,24,1181,GOLD,GOLD_LONG_LOGISTIC_BASE_PLUS_ML_T055,LONG,LOGISTIC,BASE_PLUS_ML,0.55,SWING_STRUCTURAL_TARGET,0,500,True,CONFIG_LOCAL_FALLBACK_MT5_UNAVAILABLE,4,0,0,0,0.0,0.0,0.0,0.0,0.0,0.0,0.0,0,500.0,3,1
4,2025-02-11 17:00:00,2026-04-27 12:00:00,2026-04-27 13:00:00,2026-04-28 13:00:00,2026-04-28 14:00:00,2026-07-14 15:00:00,6736,24,1181,GOLD,GOLD_LONG_LOGISTIC_BASE_PLUS_ML_T055,LONG,LOGISTIC,BASE_PLUS_ML,0.55,SWING_STRUCTURAL_TARGET,0,1000,False,CONFIG_LOCAL_FALLBACK_MT5_UNAVAILABLE,4,3,2,1,66.66666666666666,1.2704824025425026,0.04315472625616725,0.04315472625616725,0.12946417876850175,0.12754908075542062,0.46875312573074046,1,1001.2754908075542,0,1
4,2025-02-11 17:00:00,2026-04-27 12:00:00,2026-04-27 13:00:00,2026-04-28 13:00:00,2026-04-28 14:00:00,2026-07-14 15:00:00,6736,24,1181,GOLD,GOLD_LONG_LOGISTIC_BASE_PLUS_ML_T055,LONG,LOGISTIC,BASE_PLUS_ML,0.55,SWING_STRUCTURAL_TARGET,0,1000,True,CONFIG_LOCAL_FALLBACK_MT5_UNAVAILABLE,4,0,0,0,0.0,0.0,0.0,0.0,0.0,0.0,0.0,0,1000.0,3,1
4,2025-02-11 17:00:00,2026-04-27 12:00:00,2026-04-27 13:00:00,2026-04-28 13:00:00,2026-04-28 14:00:00,2026-07-14 15:00:00,6736,24,1181,GOLD,GOLD_LONG_LOGISTIC_BASE_PLUS_ML_T055,LONG,LOGISTIC,BASE_PLUS_ML,0.55,SWING_STRUCTURAL_TARGET,0,5000,False,CONFIG_LOCAL_FALLBACK_MT5_UNAVAILABLE,4,3,2,1,66.66666666666666,1.2704824025424877,0.04315472625616725,0.04315472625616725,0.12946417876850175,0.12754908075541607,0.46875312573074945,1,5006.377454037771,0,1
4,2025-02-11 17:00:00,2026-04-27 12:00:00,2026-04-27 13:00:00,2026-04-28 13:00:00,2026-04-28 14:00:00,2026-07-14 15:00:00,6736,24,1181,GOLD,GOLD_LONG_LOGISTIC_BASE_PLUS_ML_T055,LONG,LOGISTIC,BASE_PLUS_ML,0.55,SWING_STRUCTURAL_TARGET,0,5000,True,CONFIG_LOCAL_FALLBACK_MT5_UNAVAILABLE,4,2,2,0,100.0,inf,0.29910865224962363,0.29910865224962363,0.5982173044992473,0.4819921875,0.0,0,5024.099609375,1,1
4,2025-02-11 17:00:00,2026-04-27 12:00:00,2026-04-27 13:00:00,2026-04-28 13:00:00,2026-04-28 14:00:00,2026-07-14 15:00:00,6736,24,1181,GOLD,GOLD_LONG_LOGISTIC_BASE_PLUS_ML_T055,LONG,LOGISTIC,BASE_PLUS_ML,0.55,SWING_STRUCTURAL_TARGET,1,100,False,CONFIG_LOCAL_FALLBACK_MT5_UNAVAILABLE,4,3,2,1,66.66666666666666,1.112798234933007,0.018666227458602264,0.018666227458602264,0.055998682375806796,0.05415855480156039,0.47758483263063717,1,100.05415855480156,0,1
4,2025-02-11 17:00:00,2026-04-27 12:00:00,2026-04-27 13:00:00,2026-04-28 13:00:00,2026-04-28 14:00:00,2026-07-14 15:00:00,6736,24,1181,GOLD,GOLD_LONG_LOGISTIC_BASE_PLUS_ML_T055,LONG,LOGISTIC,BASE_PLUS_ML,0.55,SWING_STRUCTURAL_TARGET,1,100,True,CONFIG_LOCAL_FALLBACK_MT5_UNAVAILABLE,4,0,0,0,0.0,0.0,0.0,0.0,0.0,0.0,0.0,0,100.0,3,1
4,2025-02-11 17:00:00,2026-04-27 12:00:00,2026-04-27 13:00:00,2026-04-28 13:00:00,2026-04-28 14:00:00,2026-07-14 15:00:00,6736,24,1181,GOLD,GOLD_LONG_LOGISTIC_BASE_PLUS_ML_T055,LONG,LOGISTIC,BASE_PLUS_ML,0.55,SWING_STRUCTURAL_TARGET,1,500,False,CONFIG_LOCAL_FALLBACK_MT5_UNAVAILABLE,4,3,2,1,66.66666666666666,1.1127982349330123,0.018666227458602264,0.018666227458602264,0.055998682375806796,0.054158554801563244,0.47758483263063994,1,500.2707927740078,0,1
4,2025-02-11 17:00:00,2026-04-27 12:00:00,2026-04-27 13:00:00,2026-04-28 13:00:00,2026-04-28 14:00:00,2026-07-14 15:00:00,6736,24,1181,GOLD,GOLD_LONG_LOGISTIC_BASE_PLUS_ML_T055,LONG,LOGISTIC,BASE_PLUS_ML,0.55,SWING_STRUCTURAL_TARGET,1,500,True,CONFIG_LOCAL_FALLBACK_MT5_UNAVAILABLE,4,0,0,0,0.0,0.0,0.0,0.0,0.0,0.0,0.0,0,500.0,3,1
4,2025-02-11 17:00:00,2026-04-27 12:00:00,2026-04-27 13:00:00,2026-04-28 13:00:00,2026-04-28 14:00:00,2026-07-14 15:00:00,6736,24,1181,GOLD,GOLD_LONG_LOGISTIC_BASE_PLUS_ML_T055,LONG,LOGISTIC,BASE_PLUS_ML,0.55,SWING_STRUCTURAL_TARGET,1,1000,False,CONFIG_LOCAL_FALLBACK_MT5_UNAVAILABLE,4,3,2,1,66.66666666666666,1.1127982349330123,0.018666227458602264,0.018666227458602264,0.055998682375806796,0.054158554801563244,0.47758483263063994,1,1000.5415855480156,0,1
4,2025-02-11 17:00:00,2026-04-27 12:00:00,2026-04-27 13:00:00,2026-04-28 13:00:00,2026-04-28 14:00:00,2026-07-14 15:00:00,6736,24,1181,GOLD,GOLD_LONG_LOGISTIC_BASE_PLUS_ML_T055,LONG,LOGISTIC,BASE_PLUS_ML,0.55,SWING_STRUCTURAL_TARGET,1,1000,True,CONFIG_LOCAL_FALLBACK_MT5_UNAVAILABLE,4,0,0,0,0.0,0.0,0.0,0.0,0.0,0.0,0.0,0,1000.0,3,1
4,2025-02-11 17:00:00,2026-04-27 12:00:00,2026-04-27 13:00:00,2026-04-28 13:00:00,2026-04-28 14:00:00,2026-07-14 15:00:00,6736,24,1181,GOLD,GOLD_LONG_LOGISTIC_BASE_PLUS_ML_T055,LONG,LOGISTIC,BASE_PLUS_ML,0.55,SWING_STRUCTURAL_TARGET,1,5000,False,CONFIG_LOCAL_FALLBACK_MT5_UNAVAILABLE,4,3,2,1,66.66666666666666,1.1127982349330074,0.018666227458602264,0.018666227458602264,0.055998682375806796,0.05415855480156097,0.47758483263063994,1,5002.707927740078,0,1
4,2025-02-11 17:00:00,2026-04-27 12:00:00,2026-04-27 13:00:00,2026-04-28 13:00:00,2026-04-28 14:00:00,2026-07-14 15:00:00,6736,24,1181,GOLD,GOLD_LONG_LOGISTIC_BASE_PLUS_ML_T055,LONG,LOGISTIC,BASE_PLUS_ML,0.55,SWING_STRUCTURAL_TARGET,1,5000,True,CONFIG_LOCAL_FALLBACK_MT5_UNAVAILABLE,4,2,2,0,100.0,inf,0.26679175750322337,0.26679175750322337,0.5335835150064467,0.42902798632812844,0.0,0,5021.451399316406,1,1
4,2025-02-11 17:00:00,2026-04-27 12:00:00,2026-04-27 13:00:00,2026-04-28 13:00:00,2026-04-28 14:00:00,2026-07-14 15:00:00,6736,24,1181,GOLD,GOLD_LONG_LOGISTIC_BASE_PLUS_ML_T055,LONG,LOGISTIC,BASE_PLUS_ML,0.55,SWING_STRUCTURAL_TARGET,2,100,False,CONFIG_LOCAL_FALLBACK_MT5_UNAVAILABLE,4,3,2,1,66.66666666666666,0.9607103827163457,-0.0058222713389627185,-0.0058222713389627185,-0.017466814016888155,-0.019200846273889738,0.48641653953053965,1,99.98079915372611,0,1
4,2025-02-11 17:00:00,2026-04-27 12:00:00,2026-04-27 13:00:00,2026-04-28 13:00:00,2026-04-28 14:00:00,2026-07-14 15:00:00,6736,24,1181,GOLD,GOLD_LONG_LOGISTIC_BASE_PLUS_ML_T055,LONG,LOGISTIC,BASE_PLUS_ML,0.55,SWING_STRUCTURAL_TARGET,2,100,True,CONFIG_LOCAL_FALLBACK_MT5_UNAVAILABLE,4,0,0,0,0.0,0.0,0.0,0.0,0.0,0.0,0.0,0,100.0,3,1
4,2025-02-11 17:00:00,2026-04-27 12:00:00,2026-04-27 13:00:00,2026-04-28 13:00:00,2026-04-28 14:00:00,2026-07-14 15:00:00,6736,24,1181,GOLD,GOLD_LONG_LOGISTIC_BASE_PLUS_ML_T055,LONG,LOGISTIC,BASE_PLUS_ML,0.55,SWING_STRUCTURAL_TARGET,2,500,False,CONFIG_LOCAL_FALLBACK_MT5_UNAVAILABLE,4,3,2,1,66.66666666666666,0.9607103827163338,-0.0058222713389627185,-0.0058222713389627185,-0.017466814016888155,-0.01920084627389542,0.4864165395305369,1,499.9039957686305,0,1
4,2025-02-11 17:00:00,2026-04-27 12:00:00,2026-04-27 13:00:00,2026-04-28 13:00:00,2026-04-28 14:00:00,2026-07-14 15:00:00,6736,24,1181,GOLD,GOLD_LONG_LOGISTIC_BASE_PLUS_ML_T055,LONG,LOGISTIC,BASE_PLUS_ML,0.55,SWING_STRUCTURAL_TARGET,2,500,True,CONFIG_LOCAL_FALLBACK_MT5_UNAVAILABLE,4,0,0,0,0.0,0.0,0.0,0.0,0.0,0.0,0.0,0,500.0,3,1
4,2025-02-11 17:00:00,2026-04-27 12:00:00,2026-04-27 13:00:00,2026-04-28 13:00:00,2026-04-28 14:00:00,2026-07-14 15:00:00,6736,24,1181,GOLD,GOLD_LONG_LOGISTIC_BASE_PLUS_ML_T055,LONG,LOGISTIC,BASE_PLUS_ML,0.55,SWING_STRUCTURAL_TARGET,2,1000,False,CONFIG_LOCAL_FALLBACK_MT5_UNAVAILABLE,4,3,2,1,66.66666666666666,0.9607103827163338,-0.0058222713389627185,-0.0058222713389627185,-0.017466814016888155,-0.01920084627389542,0.4864165395305369,1,999.807991537261,0,1
4,2025-02-11 17:00:00,2026-04-27 12:00:00,2026-04-27 13:00:00,2026-04-28 13:00:00,2026-04-28 14:00:00,2026-07-14 15:00:00,6736,24,1181,GOLD,GOLD_LONG_LOGISTIC_BASE_PLUS_ML_T055,LONG,LOGISTIC,BASE_PLUS_ML,0.55,SWING_STRUCTURAL_TARGET,2,1000,True,CONFIG_LOCAL_FALLBACK_MT5_UNAVAILABLE,4,0,0,0,0.0,0.0,0.0,0.0,0.0,0.0,0.0,0,1000.0,3,1
4,2025-02-11 17:00:00,2026-04-27 12:00:00,2026-04-27 13:00:00,2026-04-28 13:00:00,2026-04-28 14:00:00,2026-07-14 15:00:00,6736,24,1181,GOLD,GOLD_LONG_LOGISTIC_BASE_PLUS_ML_T055,LONG,LOGISTIC,BASE_PLUS_ML,0.55,SWING_STRUCTURAL_TARGET,2,5000,False,CONFIG_LOCAL_FALLBACK_MT5_UNAVAILABLE,4,3,2,1,66.66666666666666,0.960710382716348,-0.0058222713389627185,-0.0058222713389627185,-0.017466814016888155,-0.019200846273888603,0.4864165395305391,1,4999.039957686306,0,1
4,2025-02-11 17:00:00,2026-04-27 12:00:00,2026-04-27 13:00:00,2026-04-28 13:00:00,2026-04-28 14:00:00,2026-07-14 15:00:00,6736,24,1181,GOLD,GOLD_LONG_LOGISTIC_BASE_PLUS_ML_T055,LONG,LOGISTIC,BASE_PLUS_ML,0.55,SWING_STRUCTURAL_TARGET,2,5000,True,CONFIG_LOCAL_FALLBACK_MT5_UNAVAILABLE,4,2,2,0,100.0,inf,0.2344748627568231,0.2344748627568231,0.4689497255136462,0.37606378515625694,0.0,0,5018.803189257813,1,1
4,2025-02-11 17:00:00,2026-04-27 12:00:00,2026-04-27 13:00:00,2026-04-28 13:00:00,2026-04-28 14:00:00,2026-07-14 15:00:00,6736,24,1181,GOLD,GOLD_LONG_LOGISTIC_BASE_PLUS_ML_T055,LONG,LOGISTIC,BASE_PLUS_ML,0.55,SWING_STRUCTURAL_TARGET,5,100,False,CONFIG_LOCAL_FALLBACK_MT5_UNAVAILABLE,4,3,2,1,66.66666666666666,0.5351322244420207,-0.07928776773165765,-0.07928776773165765,-0.23786330319497292,-0.23909235261719172,0.5129116602302202,1,99.76090764738281,0,1
4,2025-02-11 17:00:00,2026-04-27 12:00:00,2026-04-27 13:00:00,2026-04-28 13:00:00,2026-04-28 14:00:00,2026-07-14 15:00:00,6736,24,1181,GOLD,GOLD_LONG_LOGISTIC_BASE_PLUS_ML_T055,LONG,LOGISTIC,BASE_PLUS_ML,0.55,SWING_STRUCTURAL_TARGET,5,100,True,CONFIG_LOCAL_FALLBACK_MT5_UNAVAILABLE,4,0,0,0,0.0,0.0,0.0,0.0,0.0,0.0,0.0,0,100.0,3,1
4,2025-02-11 17:00:00,2026-04-27 12:00:00,2026-04-27 13:00:00,2026-04-28 13:00:00,2026-04-28 14:00:00,2026-07-14 15:00:00,6736,24,1181,GOLD,GOLD_LONG_LOGISTIC_BASE_PLUS_ML_T055,LONG,LOGISTIC,BASE_PLUS_ML,0.55,SWING_STRUCTURAL_TARGET,5,500,False,CONFIG_LOCAL_FALLBACK_MT5_UNAVAILABLE,4,3,2,1,66.66666666666666,0.5351322244420127,-0.07928776773165765,-0.07928776773165765,-0.23786330319497292,-0.23909235261719458,0.5129116602302174,1,498.804538236914,0,1
4,2025-02-11 17:00:00,2026-04-27 12:00:00,2026-04-27 13:00:00,2026-04-28 13:00:00,2026-04-28 14:00:00,2026-07-14 15:00:00,6736,24,1181,GOLD,GOLD_LONG_LOGISTIC_BASE_PLUS_ML_T055,LONG,LOGISTIC,BASE_PLUS_ML,0.55,SWING_STRUCTURAL_TARGET,5,500,True,CONFIG_LOCAL_FALLBACK_MT5_UNAVAILABLE,4,0,0,0,0.0,0.0,0.0,0.0,0.0,0.0,0.0,0,500.0,3,1
4,2025-02-11 17:00:00,2026-04-27 12:00:00,2026-04-27 13:00:00,2026-04-28 13:00:00,2026-04-28 14:00:00,2026-07-14 15:00:00,6736,24,1181,GOLD,GOLD_LONG_LOGISTIC_BASE_PLUS_ML_T055,LONG,LOGISTIC,BASE_PLUS_ML,0.55,SWING_STRUCTURAL_TARGET,5,1000,False,CONFIG_LOCAL_FALLBACK_MT5_UNAVAILABLE,4,3,2,1,66.66666666666666,0.5351322244420127,-0.07928776773165765,-0.07928776773165765,-0.23786330319497292,-0.23909235261719458,0.5129116602302174,1,997.609076473828,0,1
4,2025-02-11 17:00:00,2026-04-27 12:00:00,2026-04-27 13:00:00,2026-04-28 13:00:00,2026-04-28 14:00:00,2026-07-14 15:00:00,6736,24,1181,GOLD,GOLD_LONG_LOGISTIC_BASE_PLUS_ML_T055,LONG,LOGISTIC,BASE_PLUS_ML,0.55,SWING_STRUCTURAL_TARGET,5,1000,True,CONFIG_LOCAL_FALLBACK_MT5_UNAVAILABLE,4,0,0,0,0.0,0.0,0.0,0.0,0.0,0.0,0.0,0,1000.0,3,1
4,2025-02-11 17:00:00,2026-04-27 12:00:00,2026-04-27 13:00:00,2026-04-28 13:00:00,2026-04-28 14:00:00,2026-07-14 15:00:00,6736,24,1181,GOLD,GOLD_LONG_LOGISTIC_BASE_PLUS_ML_T055,LONG,LOGISTIC,BASE_PLUS_ML,0.55,SWING_STRUCTURAL_TARGET,5,5000,False,CONFIG_LOCAL_FALLBACK_MT5_UNAVAILABLE,4,3,2,1,66.66666666666666,0.5351322244420174,-0.07928776773165765,-0.07928776773165765,-0.23786330319497292,-0.23909235261719003,0.5129116602302128,1,4988.0453823691405,0,1
4,2025-02-11 17:00:00,2026-04-27 12:00:00,2026-04-27 13:00:00,2026-04-28 13:00:00,2026-04-28 14:00:00,2026-07-14 15:00:00,6736,24,1181,GOLD,GOLD_LONG_LOGISTIC_BASE_PLUS_ML_T055,LONG,LOGISTIC,BASE_PLUS_ML,0.55,SWING_STRUCTURAL_TARGET,5,5000,True,CONFIG_LOCAL_FALLBACK_MT5_UNAVAILABLE,4,2,2,0,100.0,inf,0.13752417851762233,0.13752417851762233,0.27504835703524466,0.21717118164062416,0.0,0,5010.858559082031,1,1
5,2025-02-11 17:00:00,2026-07-13 14:00:00,2026-07-13 15:00:00,2026-07-14 15:00:00,2026-07-14 16:00:00,2026-09-25 13:00:00,7917,24,1183,GOLD,GOLD_LONG_LOGISTIC_BASE_PLUS_ML_T055,LONG,LOGISTIC,BASE_PLUS_ML,0.55,ATR_ONLY,0,100,False,CONFIG_LOCAL_FALLBACK_MT5_UNAVAILABLE,8,8,0,8,0.0,0.0,-1.0,-1.0,-8.0,-7.725530557207976,7.725530557207976,8,92.27446944279203,0,0
5,2025-02-11 17:00:00,2026-07-13 14:00:00,2026-07-13 15:00:00,2026-07-14 15:00:00,2026-07-14 16:00:00,2026-09-25 13:00:00,7917,24,1183,GOLD,GOLD_LONG_LOGISTIC_BASE_PLUS_ML_T055,LONG,LOGISTIC,BASE_PLUS_ML,0.55,ATR_ONLY,0,100,True,CONFIG_LOCAL_FALLBACK_MT5_UNAVAILABLE,8,0,0,0,0.0,0.0,0.0,0.0,0.0,0.0,0.0,0,100.0,8,0
5,2025-02-11 17:00:00,2026-07-13 14:00:00,2026-07-13 15:00:00,2026-07-14 15:00:00,2026-07-14 16:00:00,2026-09-25 13:00:00,7917,24,1183,GOLD,GOLD_LONG_LOGISTIC_BASE_PLUS_ML_T055,LONG,LOGISTIC,BASE_PLUS_ML,0.55,ATR_ONLY,0,500,False,CONFIG_LOCAL_FALLBACK_MT5_UNAVAILABLE,8,8,0,8,0.0,0.0,-1.0,-1.0,-8.0,-7.725530557207981,7.725530557207981,8,461.3723472139601,0,0
5,2025-02-11 17:00:00,2026-07-13 14:00:00,2026-07-13 15:00:00,2026-07-14 15:00:00,2026-07-14 16:00:00,2026-09-25 13:00:00,7917,24,1183,GOLD,GOLD_LONG_LOGISTIC_BASE_PLUS_ML_T055,LONG,LOGISTIC,BASE_PLUS_ML,0.55,ATR_ONLY,0,500,True,CONFIG_LOCAL_FALLBACK_MT5_UNAVAILABLE,8,0,0,0,0.0,0.0,0.0,0.0,0.0,0.0,0.0,0,500.0,8,0
5,2025-02-11 17:00:00,2026-07-13 14:00:00,2026-07-13 15:00:00,2026-07-14 15:00:00,2026-07-14 16:00:00,2026-09-25 13:00:00,7917,24,1183,GOLD,GOLD_LONG_LOGISTIC_BASE_PLUS_ML_T055,LONG,LOGISTIC,BASE_PLUS_ML,0.55,ATR_ONLY,0,1000,False,CONFIG_LOCAL_FALLBACK_MT5_UNAVAILABLE,8,8,0,8,0.0,0.0,-1.0,-1.0,-8.0,-7.725530557207981,7.725530557207981,8,922.7446944279202,0,0
5,2025-02-11 17:00:00,2026-07-13 14:00:00,2026-07-13 15:00:00,2026-07-14 15:00:00,2026-07-14 16:00:00,2026-09-25 13:00:00,7917,24,1183,GOLD,GOLD_LONG_LOGISTIC_BASE_PLUS_ML_T055,LONG,LOGISTIC,BASE_PLUS_ML,0.55,ATR_ONLY,0,1000,True,CONFIG_LOCAL_FALLBACK_MT5_UNAVAILABLE,8,0,0,0,0.0,0.0,0.0,0.0,0.0,0.0,0.0,0,1000.0,8,0
5,2025-02-11 17:00:00,2026-07-13 14:00:00,2026-07-13 15:00:00,2026-07-14 15:00:00,2026-07-14 16:00:00,2026-09-25 13:00:00,7917,24,1183,GOLD,GOLD_LONG_LOGISTIC_BASE_PLUS_ML_T055,LONG,LOGISTIC,BASE_PLUS_ML,0.55,ATR_ONLY,0,5000,False,CONFIG_LOCAL_FALLBACK_MT5_UNAVAILABLE,8,8,0,8,0.0,0.0,-1.0,-1.0,-8.0,-7.7255305572079855,7.7255305572079855,8,4613.723472139601,0,0
5,2025-02-11 17:00:00,2026-07-13 14:00:00,2026-07-13 15:00:00,2026-07-14 15:00:00,2026-07-14 16:00:00,2026-09-25 13:00:00,7917,24,1183,GOLD,GOLD_LONG_LOGISTIC_BASE_PLUS_ML_T055,LONG,LOGISTIC,BASE_PLUS_ML,0.55,ATR_ONLY,0,5000,True,CONFIG_LOCAL_FALLBACK_MT5_UNAVAILABLE,8,8,0,8,0.0,0.0,-1.0,-1.0,-8.0,-6.580783121373661,6.580783121373661,8,4670.960843931317,0,0
5,2025-02-11 17:00:00,2026-07-13 14:00:00,2026-07-13 15:00:00,2026-07-14 15:00:00,2026-07-14 16:00:00,2026-09-25 13:00:00,7917,24,1183,GOLD,GOLD_LONG_LOGISTIC_BASE_PLUS_ML_T055,LONG,LOGISTIC,BASE_PLUS_ML,0.55,ATR_ONLY,1,100,False,CONFIG_LOCAL_FALLBACK_MT5_UNAVAILABLE,8,8,0,8,0.0,0.0,-1.0487560815741694,-1.0487560815741694,-8.390048652593356,-8.088456805765432,8.088456805765432,8,91.91154319423457,0,0
5,2025-02-11 17:00:00,2026-07-13 14:00:00,2026-07-13 15:00:00,2026-07-14 15:00:00,2026-07-14 16:00:00,2026-09-25 13:00:00,7917,24,1183,GOLD,GOLD_LONG_LOGISTIC_BASE_PLUS_ML_T055,LONG,LOGISTIC,BASE_PLUS_ML,0.55,ATR_ONLY,1,100,True,CONFIG_LOCAL_FALLBACK_MT5_UNAVAILABLE,8,0,0,0,0.0,0.0,0.0,0.0,0.0,0.0,0.0,0,100.0,8,0
5,2025-02-11 17:00:00,2026-07-13 14:00:00,2026-07-13 15:00:00,2026-07-14 15:00:00,2026-07-14 16:00:00,2026-09-25 13:00:00,7917,24,1183,GOLD,GOLD_LONG_LOGISTIC_BASE_PLUS_ML_T055,LONG,LOGISTIC,BASE_PLUS_ML,0.55,ATR_ONLY,1,500,False,CONFIG_LOCAL_FALLBACK_MT5_UNAVAILABLE,8,8,0,8,0.0,0.0,-1.0487560815741694,-1.0487560815741694,-8.390048652593356,-8.088456805765407,8.088456805765407,8,459.55771597117297,0,0
5,2025-02-11 17:00:00,2026-07-13 14:00:00,2026-07-13 15:00:00,2026-07-14 15:00:00,2026-07-14 16:00:00,2026-09-25 13:00:00,7917,24,1183,GOLD,GOLD_LONG_LOGISTIC_BASE_PLUS_ML_T055,LONG,LOGISTIC,BASE_PLUS_ML,0.55,ATR_ONLY,1,500,True,CONFIG_LOCAL_FALLBACK_MT5_UNAVAILABLE,8,0,0,0,0.0,0.0,0.0,0.0,0.0,0.0,0.0,0,500.0,8,0
5,2025-02-11 17:00:00,2026-07-13 14:00:00,2026-07-13 15:00:00,2026-07-14 15:00:00,2026-07-14 16:00:00,2026-09-25 13:00:00,7917,24,1183,GOLD,GOLD_LONG_LOGISTIC_BASE_PLUS_ML_T055,LONG,LOGISTIC,BASE_PLUS_ML,0.55,ATR_ONLY,1,1000,False,CONFIG_LOCAL_FALLBACK_MT5_UNAVAILABLE,8,8,0,8,0.0,0.0,-1.0487560815741694,-1.0487560815741694,-8.390048652593356,-8.088456805765407,8.088456805765407,8,919.1154319423459,0,0
5,2025-02-11 17:00:00,2026-07-13 14:00:00,2026-07-13 15:00:00,2026-07-14 15:00:00,2026-07-14 16:00:00,2026-09-25 13:00:00,7917,24,1183,GOLD,GOLD_LONG_LOGISTIC_BASE_PLUS_ML_T055,LONG,LOGISTIC,BASE_PLUS_ML,0.55,ATR_ONLY,1,1000,True,CONFIG_LOCAL_FALLBACK_MT5_UNAVAILABLE,8,0,0,0,0.0,0.0,0.0,0.0,0.0,0.0,0.0,0,1000.0,8,0
5,2025-02-11 17:00:00,2026-07-13 14:00:00,2026-07-13 15:00:00,2026-07-14 15:00:00,2026-07-14 16:00:00,2026-09-25 13:00:00,7917,24,1183,GOLD,GOLD_LONG_LOGISTIC_BASE_PLUS_ML_T055,LONG,LOGISTIC,BASE_PLUS_ML,0.55,ATR_ONLY,1,5000,False,CONFIG_LOCAL_FALLBACK_MT5_UNAVAILABLE,8,8,0,8,0.0,0.0,-1.0487560815741694,-1.0487560815741694,-8.390048652593356,-8.088456805765436,8.088456805765436,8,4595.577159711728,0,0
5,2025-02-11 17:00:00,2026-07-13 14:00:00,2026-07-13 15:00:00,2026-07-14 15:00:00,2026-07-14 16:00:00,2026-09-25 13:00:00,7917,24,1183,GOLD,GOLD_LONG_LOGISTIC_BASE_PLUS_ML_T055,LONG,LOGISTIC,BASE_PLUS_ML,0.55,ATR_ONLY,1,5000,True,CONFIG_LOCAL_FALLBACK_MT5_UNAVAILABLE,8,8,0,8,0.0,0.0,-1.0487560815741694,-1.0487560815741694,-8.390048652593356,-6.907221042084966,6.907221042084966,8,4654.638947895752,0,0
5,2025-02-11 17:00:00,2026-07-13 14:00:00,2026-07-13 15:00:00,2026-07-14 15:00:00,2026-07-14 16:00:00,2026-09-25 13:00:00,7917,24,1183,GOLD,GOLD_LONG_LOGISTIC_BASE_PLUS_ML_T055,LONG,LOGISTIC,BASE_PLUS_ML,0.55,ATR_ONLY,2,100,False,CONFIG_LOCAL_FALLBACK_MT5_UNAVAILABLE,8,8,0,8,0.0,0.0,-1.0975121631483389,-1.0975121631483389,-8.780097305186711,-8.450136332326906,8.450136332326906,8,91.5498636676731,0,0
5,2025-02-11 17:00:00,2026-07-13 14:00:00,2026-07-13 15:00:00,2026-07-14 15:00:00,2026-07-14 16:00:00,2026-09-25 13:00:00,7917,24,1183,GOLD,GOLD_LONG_LOGISTIC_BASE_PLUS_ML_T055,LONG,LOGISTIC,BASE_PLUS_ML,0.55,ATR_ONLY,2,100,True,CONFIG_LOCAL_FALLBACK_MT5_UNAVAILABLE,8,0,0,0,0.0,0.0,0.0,0.0,0.0,0.0,0.0,0,100.0,8,0
5,2025-02-11 17:00:00,2026-07-13 14:00:00,2026-07-13 15:00:00,2026-07-14 15:00:00,2026-07-14 16:00:00,2026-09-25 13:00:00,7917,24,1183,GOLD,GOLD_LONG_LOGISTIC_BASE_PLUS_ML_T055,LONG,LOGISTIC,BASE_PLUS_ML,0.55,ATR_ONLY,2,500,False,CONFIG_LOCAL_FALLBACK_MT5_UNAVAILABLE,8,8,0,8,0.0,0.0,-1.0975121631483389,-1.0975121631483389,-8.780097305186711,-8.450136332326906,8.450136332326906,8,457.74931833836547,0,0
5,2025-02-11 17:00:00,2026-07-13 14:00:00,2026-07-13 15:00:00,2026-07-14 15:00:00,2026-07-14 16:00:00,2026-09-25 13:00:00,7917,24,1183,GOLD,GOLD_LONG_LOGISTIC_BASE_PLUS_ML_T055,LONG,LOGISTIC,BASE_PLUS_ML,0.55,ATR_ONLY,2,500,True,CONFIG_LOCAL_FALLBACK_MT5_UNAVAILABLE,8,0,0,0,0.0,0.0,0.0,0.0,0.0,0.0,0.0,0,500.0,8,0
5,2025-02-11 17:00:00,2026-07-13 14:00:00,2026-07-13 15:00:00,2026-07-14 15:00:00,2026-07-14 16:00:00,2026-09-25 13:00:00,7917,24,1183,GOLD,GOLD_LONG_LOGISTIC_BASE_PLUS_ML_T055,LONG,LOGISTIC,BASE_PLUS_ML,0.55,ATR_ONLY,2,1000,False,CONFIG_LOCAL_FALLBACK_MT5_UNAVAILABLE,8,8,0,8,0.0,0.0,-1.0975121631483389,-1.0975121631483389,-8.780097305186711,-8.450136332326906,8.450136332326906,8,915.4986366767309,0,0
5,2025-02-11 17:00:00,2026-07-13 14:00:00,2026-07-13 15:00:00,2026-07-14 15:00:00,2026-07-14 16:00:00,2026-09-25 13:00:00,7917,24,1183,GOLD,GOLD_LONG_LOGISTIC_BASE_PLUS_ML_T055,LONG,LOGISTIC,BASE_PLUS_ML,0.55,ATR_ONLY,2,1000,True,CONFIG_LOCAL_FALLBACK_MT5_UNAVAILABLE,8,0,0,0,0.0,0.0,0.0,0.0,0.0,0.0,0.0,0,1000.0,8,0
5,2025-02-11 17:00:00,2026-07-13 14:00:00,2026-07-13 15:00:00,2026-07-14 15:00:00,2026-07-14 16:00:00,2026-09-25 13:00:00,7917,24,1183,GOLD,GOLD_LONG_LOGISTIC_BASE_PLUS_ML_T055,LONG,LOGISTIC,BASE_PLUS_ML,0.55,ATR_ONLY,2,5000,False,CONFIG_LOCAL_FALLBACK_MT5_UNAVAILABLE,8,8,0,8,0.0,0.0,-1.0975121631483389,-1.0975121631483389,-8.780097305186711,-8.450136332326892,8.450136332326892,8,4577.493183383655,0,0
5,2025-02-11 17:00:00,2026-07-13 14:00:00,2026-07-13 15:00:00,2026-07-14 15:00:00,2026-07-14 16:00:00,2026-09-25 13:00:00,7917,24,1183,GOLD,GOLD_LONG_LOGISTIC_BASE_PLUS_ML_T055,LONG,LOGISTIC,BASE_PLUS_ML,0.55,ATR_ONLY,2,5000,True,CONFIG_LOCAL_FALLBACK_MT5_UNAVAILABLE,8,8,0,8,0.0,0.0,-1.0975121631483389,-1.0975121631483389,-8.780097305186711,-6.874796372905949,6.874796372905949,8,4656.260181354703,0,0
5,2025-02-11 17:00:00,2026-07-13 14:00:00,2026-07-13 15:00:00,2026-07-14 15:00:00,2026-07-14 16:00:00,2026-09-25 13:00:00,7917,24,1183,GOLD,GOLD_LONG_LOGISTIC_BASE_PLUS_ML_T055,LONG,LOGISTIC,BASE_PLUS_ML,0.55,ATR_ONLY,5,100,False,CONFIG_LOCAL_FALLBACK_MT5_UNAVAILABLE,8,8,0,8,0.0,0.0,-1.2437804078708468,-1.2437804078708468,-9.950243262966774,-9.527731173757445,9.527731173757445,8,90.47226882624255,0,0
5,2025-02-11 17:00:00,2026-07-13 14:00:00,2026-07-13 15:00:00,2026-07-14 15:00:00,2026-07-14 16:00:00,2026-09-25 13:00:00,7917,24,1183,GOLD,GOLD_LONG_LOGISTIC_BASE_PLUS_ML_T055,LONG,LOGISTIC,BASE_PLUS_ML,0.55,ATR_ONLY,5,100,True,CONFIG_LOCAL_FALLBACK_MT5_UNAVAILABLE,8,0,0,0,0.0,0.0,0.0,0.0,0.0,0.0,0.0,0,100.0,8,0
5,2025-02-11 17:00:00,2026-07-13 14:00:00,2026-07-13 15:00:00,2026-07-14 15:00:00,2026-07-14 16:00:00,2026-09-25 13:00:00,7917,24,1183,GOLD,GOLD_LONG_LOGISTIC_BASE_PLUS_ML_T055,LONG,LOGISTIC,BASE_PLUS_ML,0.55,ATR_ONLY,5,500,False,CONFIG_LOCAL_FALLBACK_MT5_UNAVAILABLE,8,8,0,8,0.0,0.0,-1.2437804078708468,-1.2437804078708468,-9.950243262966774,-9.527731173757445,9.527731173757445,8,452.3613441312128,0,0
5,2025-02-11 17:00:00,2026-07-13 14:00:00,2026-07-13 15:00:00,2026-07-14 15:00:00,2026-07-14 16:00:00,2026-09-25 13:00:00,7917,24,1183,GOLD,GOLD_LONG_LOGISTIC_BASE_PLUS_ML_T055,LONG,LOGISTIC,BASE_PLUS_ML,0.55,ATR_ONLY,5,500,True,CONFIG_LOCAL_FALLBACK_MT5_UNAVAILABLE,8,0,0,0,0.0,0.0,0.0,0.0,0.0,0.0,0.0,0,500.0,8,0
5,2025-02-11 17:00:00,2026-07-13 14:00:00,2026-07-13 15:00:00,2026-07-14 15:00:00,2026-07-14 16:00:00,2026-09-25 13:00:00,7917,24,1183,GOLD,GOLD_LONG_LOGISTIC_BASE_PLUS_ML_T055,LONG,LOGISTIC,BASE_PLUS_ML,0.55,ATR_ONLY,5,1000,False,CONFIG_LOCAL_FALLBACK_MT5_UNAVAILABLE,8,8,0,8,0.0,0.0,-1.2437804078708468,-1.2437804078708468,-9.950243262966774,-9.527731173757445,9.527731173757445,8,904.7226882624255,0,0
5,2025-02-11 17:00:00,2026-07-13 14:00:00,2026-07-13 15:00:00,2026-07-14 15:00:00,2026-07-14 16:00:00,2026-09-25 13:00:00,7917,24,1183,GOLD,GOLD_LONG_LOGISTIC_BASE_PLUS_ML_T055,LONG,LOGISTIC,BASE_PLUS_ML,0.55,ATR_ONLY,5,1000,True,CONFIG_LOCAL_FALLBACK_MT5_UNAVAILABLE,8,0,0,0,0.0,0.0,0.0,0.0,0.0,0.0,0.0,0,1000.0,8,0
5,2025-02-11 17:00:00,2026-07-13 14:00:00,2026-07-13 15:00:00,2026-07-14 15:00:00,2026-07-14 16:00:00,2026-09-25 13:00:00,7917,24,1183,GOLD,GOLD_LONG_LOGISTIC_BASE_PLUS_ML_T055,LONG,LOGISTIC,BASE_PLUS_ML,0.55,ATR_ONLY,5,5000,False,CONFIG_LOCAL_FALLBACK_MT5_UNAVAILABLE,8,8,0,8,0.0,0.0,-1.2437804078708468,-1.2437804078708468,-9.950243262966774,-9.527731173757491,9.527731173757491,8,4523.613441312125,0,0
5,2025-02-11 17:00:00,2026-07-13 14:00:00,2026-07-13 15:00:00,2026-07-14 15:00:00,2026-07-14 16:00:00,2026-09-25 13:00:00,7917,24,1183,GOLD,GOLD_LONG_LOGISTIC_BASE_PLUS_ML_T055,LONG,LOGISTIC,BASE_PLUS_ML,0.55,ATR_ONLY,5,5000,True,CONFIG_LOCAL_FALLBACK_MT5_UNAVAILABLE,8,8,0,8,0.0,0.0,-1.2437804078708468,-1.2437804078708468,-9.950243262966774,-7.800721915000941,7.800721915000941,8,4609.963904249953,0,0
5,2025-02-11 17:00:00,2026-07-13 14:00:00,2026-07-13 15:00:00,2026-07-14 15:00:00,2026-07-14 16:00:00,2026-09-25 13:00:00,7917,24,1183,GOLD,GOLD_LONG_LOGISTIC_BASE_PLUS_ML_T055,LONG,LOGISTIC,BASE_PLUS_ML,0.55,SWING_ATR,0,100,False,CONFIG_LOCAL_FALLBACK_MT5_UNAVAILABLE,8,8,2,6,25.0,0.202246615423696,-0.5138562597316162,-0.5138562597316162,-4.1108500778529296,-4.054072854110373,4.054072854110373,4,95.94592714588963,0,0
5,2025-02-11 17:00:00,2026-07-13 14:00:00,2026-07-13 15:00:00,2026-07-14 15:00:00,2026-07-14 16:00:00,2026-09-25 13:00:00,7917,24,1183,GOLD,GOLD_LONG_LOGISTIC_BASE_PLUS_ML_T055,LONG,LOGISTIC,BASE_PLUS_ML,0.55,SWING_ATR,0,100,True,CONFIG_LOCAL_FALLBACK_MT5_UNAVAILABLE,8,0,0,0,0.0,0.0,0.0,0.0,0.0,0.0,0.0,0,100.0,8,0
5,2025-02-11 17:00:00,2026-07-13 14:00:00,2026-07-13 15:00:00,2026-07-14 15:00:00,2026-07-14 16:00:00,2026-09-25 13:00:00,7917,24,1183,GOLD,GOLD_LONG_LOGISTIC_BASE_PLUS_ML_T055,LONG,LOGISTIC,BASE_PLUS_ML,0.55,SWING_ATR,0,500,False,CONFIG_LOCAL_FALLBACK_MT5_UNAVAILABLE,8,8,2,6,25.0,0.20224661542369612,-0.5138562597316162,-0.5138562597316162,-4.1108500778529296,-4.0540728541103705,4.0540728541103705,4,479.72963572944815,0,0
5,2025-02-11 17:00:00,2026-07-13 14:00:00,2026-07-13 15:00:00,2026-07-14 15:00:00,2026-07-14 16:00:00,2026-09-25 13:00:00,7917,24,1183,GOLD,GOLD_LONG_LOGISTIC_BASE_PLUS_ML_T055,LONG,LOGISTIC,BASE_PLUS_ML,0.55,SWING_ATR,0,500,True,CONFIG_LOCAL_FALLBACK_MT5_UNAVAILABLE,8,0,0,0,0.0,0.0,0.0,0.0,0.0,0.0,0.0,0,500.0,8,0
5,2025-02-11 17:00:00,2026-07-13 14:00:00,2026-07-13 15:00:00,2026-07-14 15:00:00,2026-07-14 16:00:00,2026-09-25 13:00:00,7917,24,1183,GOLD,GOLD_LONG_LOGISTIC_BASE_PLUS_ML_T055,LONG,LOGISTIC,BASE_PLUS_ML,0.55,SWING_ATR,0,1000,False,CONFIG_LOCAL_FALLBACK_MT5_UNAVAILABLE,8,8,2,6,25.0,0.20224661542369612,-0.5138562597316162,-0.5138562597316162,-4.1108500778529296,-4.0540728541103705,4.0540728541103705,4,959.4592714588963,0,0
5,2025-02-11 17:00:00,2026-07-13 14:00:00,2026-07-13 15:00:00,2026-07-14 15:00:00,2026-07-14 16:00:00,2026-09-25 13:00:00,7917,24,1183,GOLD,GOLD_LONG_LOGISTIC_BASE_PLUS_ML_T055,LONG,LOGISTIC,BASE_PLUS_ML,0.55,SWING_ATR,0,1000,True,CONFIG_LOCAL_FALLBACK_MT5_UNAVAILABLE,8,0,0,0,0.0,0.0,0.0,0.0,0.0,0.0,0.0,0,1000.0,8,0
5,2025-02-11 17:00:00,2026-07-13 14:00:00,2026-07-13 15:00:00,2026-07-14 15:00:00,2026-07-14 16:00:00,2026-09-25 13:00:00,7917,24,1183,GOLD,GOLD_LONG_LOGISTIC_BASE_PLUS_ML_T055,LONG,LOGISTIC,BASE_PLUS_ML,0.55,SWING_ATR,0,5000,False,CONFIG_LOCAL_FALLBACK_MT5_UNAVAILABLE,8,8,2,6,25.0,0.2022466154236971,-0.5138562597316162,-0.5138562597316162,-4.1108500778529296,-4.0540728541103634,4.0540728541103634,4,4797.296357294482,0,0
5,2025-02-11 17:00:00,2026-07-13 14:00:00,2026-07-13 15:00:00,2026-07-14 15:00:00,2026-07-14 16:00:00,2026-09-25 13:00:00,7917,24,1183,GOLD,GOLD_LONG_LOGISTIC_BASE_PLUS_ML_T055,LONG,LOGISTIC,BASE_PLUS_ML,0.55,SWING_ATR,0,5000,True,CONFIG_LOCAL_FALLBACK_MT5_UNAVAILABLE,8,2,1,1,50.0,0.8774729312566403,-0.1513756221227937,-0.1513756221227937,-0.3027512442455874,-0.09028057369167072,0.7320882104818216,1,4995.4859713154165,6,0
5,2025-02-11 17:00:00,2026-07-13 14:00:00,2026-07-13 15:00:00,2026-07-14 15:00:00,2026-07-14 16:00:00,2026-09-25 13:00:00,7917,24,1183,GOLD,GOLD_LONG_LOGISTIC_BASE_PLUS_ML_T055,LONG,LOGISTIC,BASE_PLUS_ML,0.55,SWING_ATR,1,100,False,CONFIG_LOCAL_FALLBACK_MT5_UNAVAILABLE,8,8,2,6,25.0,0.19353429101751413,-0.5281201827770894,-0.5281201827770894,-4.224961462216715,-4.164094685313955,4.164094685313955,4,95.83590531468604,0,0
5,2025-02-11 17:00:00,2026-07-13 14:00:00,2026-07-13 15:00:00,2026-07-14 15:00:00,2026-07-14 16:00:00,2026-09-25 13:00:00,7917,24,1183,GOLD,GOLD_LONG_LOGISTIC_BASE_PLUS_ML_T055,LONG,LOGISTIC,BASE_PLUS_ML,0.55,SWING_ATR,1,100,True,CONFIG_LOCAL_FALLBACK_MT5_UNAVAILABLE,8,0,0,0,0.0,0.0,0.0,0.0,0.0,0.0,0.0,0,100.0,8,0
5,2025-02-11 17:00:00,2026-07-13 14:00:00,2026-07-13 15:00:00,2026-07-14 15:00:00,2026-07-14 16:00:00,2026-09-25 13:00:00,7917,24,1183,GOLD,GOLD_LONG_LOGISTIC_BASE_PLUS_ML_T055,LONG,LOGISTIC,BASE_PLUS_ML,0.55,SWING_ATR,1,500,False,CONFIG_LOCAL_FALLBACK_MT5_UNAVAILABLE,8,8,2,6,25.0,0.1935342910175137,-0.5281201827770894,-0.5281201827770894,-4.224961462216715,-4.164094685313967,4.164094685313967,4,479.17952657343017,0,0
5,2025-02-11 17:00:00,2026-07-13 14:00:00,2026-07-13 15:00:00,2026-07-14 15:00:00,2026-07-14 16:00:00,2026-09-25 13:00:00,7917,24,1183,GOLD,GOLD_LONG_LOGISTIC_BASE_PLUS_ML_T055,LONG,LOGISTIC,BASE_PLUS_ML,0.55,SWING_ATR,1,500,True,CONFIG_LOCAL_FALLBACK_MT5_UNAVAILABLE,8,0,0,0,0.0,0.0,0.0,0.0,0.0,0.0,0.0,0,500.0,8,0
5,2025-02-11 17:00:00,2026-07-13 14:00:00,2026-07-13 15:00:00,2026-07-14 15:00:00,2026-07-14 16:00:00,2026-09-25 13:00:00,7917,24,1183,GOLD,GOLD_LONG_LOGISTIC_BASE_PLUS_ML_T055,LONG,LOGISTIC,BASE_PLUS_ML,0.55,SWING_ATR,1,1000,False,CONFIG_LOCAL_FALLBACK_MT5_UNAVAILABLE,8,8,2,6,25.0,0.1935342910175137,-0.5281201827770894,-0.5281201827770894,-4.224961462216715,-4.164094685313967,4.164094685313967,4,958.3590531468603,0,0
5,2025-02-11 17:00:00,2026-07-13 14:00:00,2026-07-13 15:00:00,2026-07-14 15:00:00,2026-07-14 16:00:00,2026-09-25 13:00:00,7917,24,1183,GOLD,GOLD_LONG_LOGISTIC_BASE_PLUS_ML_T055,LONG,LOGISTIC,BASE_PLUS_ML,0.55,SWING_ATR,1,1000,True,CONFIG_LOCAL_FALLBACK_MT5_UNAVAILABLE,8,0,0,0,0.0,0.0,0.0,0.0,0.0,0.0,0.0,0,1000.0,8,0
5,2025-02-11 17:00:00,2026-07-13 14:00:00,2026-07-13 15:00:00,2026-07-14 15:00:00,2026-07-14 16:00:00,2026-09-25 13:00:00,7917,24,1183,GOLD,GOLD_LONG_LOGISTIC_BASE_PLUS_ML_T055,LONG,LOGISTIC,BASE_PLUS_ML,0.55,SWING_ATR,1,5000,False,CONFIG_LOCAL_FALLBACK_MT5_UNAVAILABLE,8,8,2,6,25.0,0.19353429101751335,-0.5281201827770894,-0.5281201827770894,-4.224961462216715,-4.164094685313976,4.164094685313976,4,4791.795265734301,0,0
5,2025-02-11 17:00:00,2026-07-13 14:00:00,2026-07-13 15:00:00,2026-07-14 15:00:00,2026-07-14 16:00:00,2026-09-25 13:00:00,7917,24,1183,GOLD,GOLD_LONG_LOGISTIC_BASE_PLUS_ML_T055,LONG,LOGISTIC,BASE_PLUS_ML,0.55,SWING_ATR,1,5000,True,CONFIG_LOCAL_FALLBACK_MT5_UNAVAILABLE,8,2,1,1,50.0,0.8327156450611278,-0.1733168376254512,-0.1733168376254512,-0.3466336752509024,-0.12628914524368157,0.7502207308010479,1,4993.685542737816,6,0
5,2025-02-11 17:00:00,2026-07-13 14:00:00,2026-07-13 15:00:00,2026-07-14 15:00:00,2026-07-14 16:00:00,2026-09-25 13:00:00,7917,24,1183,GOLD,GOLD_LONG_LOGISTIC_BASE_PLUS_ML_T055,LONG,LOGISTIC,BASE_PLUS_ML,0.55,SWING_ATR,2,100,False,CONFIG_LOCAL_FALLBACK_MT5_UNAVAILABLE,8,8,2,6,25.0,0.18509938415601268,-0.5423841058225625,-0.5423841058225625,-4.3390728465805,-4.274008020851937,4.274008020851937,4,95.72599197914806,0,0
5,2025-02-11 17:00:00,2026-07-13 14:00:00,2026-07-13 15:00:00,2026-07-14 15:00:00,2026-07-14 16:00:00,2026-09-25 13:00:00,7917,24,1183,GOLD,GOLD_LONG_LOGISTIC_BASE_PLUS_ML_T055,LONG,LOGISTIC,BASE_PLUS_ML,0.55,SWING_ATR,2,100,True,CONFIG_LOCAL_FALLBACK_MT5_UNAVAILABLE,8,0,0,0,0.0,0.0,0.0,0.0,0.0,0.0,0.0,0,100.0,8,0
5,2025-02-11 17:00:00,2026-07-13 14:00:00,2026-07-13 15:00:00,2026-07-14 15:00:00,2026-07-14 16:00:00,2026-09-25 13:00:00,7917,24,1183,GOLD,GOLD_LONG_LOGISTIC_BASE_PLUS_ML_T055,LONG,LOGISTIC,BASE_PLUS_ML,0.55,SWING_ATR,2,500,False,CONFIG_LOCAL_FALLBACK_MT5_UNAVAILABLE,8,8,2,6,25.0,0.18509938415601673,-0.5423841058225625,-0.5423841058225625,-4.3390728465805,-4.274008020851897,4.274008020851897,4,478.6299598957405,0,0
5,2025-02-11 17:00:00,2026-07-13 14:00:00,2026-07-13 15:00:00,2026-07-14 15:00:00,2026-07-14 16:00:00,2026-09-25 13:00:00,7917,24,1183,GOLD,GOLD_LONG_LOGISTIC_BASE_PLUS_ML_T055,LONG,LOGISTIC,BASE_PLUS_ML,0.55,SWING_ATR,2,500,True,CONFIG_LOCAL_FALLBACK_MT5_UNAVAILABLE,8,0,0,0,0.0,0.0,0.0,0.0,0.0,0.0,0.0,0,500.0,8,0
5,2025-02-11 17:00:00,2026-07-13 14:00:00,2026-07-13 15:00:00,2026-07-14 15:00:00,2026-07-14 16:00:00,2026-09-25 13:00:00,7917,24,1183,GOLD,GOLD_LONG_LOGISTIC_BASE_PLUS_ML_T055,LONG,LOGISTIC,BASE_PLUS_ML,0.55,SWING_ATR,2,1000,False,CONFIG_LOCAL_FALLBACK_MT5_UNAVAILABLE,8,8,2,6,25.0,0.18509938415601673,-0.5423841058225625,-0.5423841058225625,-4.3390728465805,-4.274008020851897,4.274008020851897,4,957.259919791481,0,0
5,2025-02-11 17:00:00,2026-07-13 14:00:00,2026-07-13 15:00:00,2026-07-14 15:00:00,2026-07-14 16:00:00,2026-09-25 13:00:00,7917,24,1183,GOLD,GOLD_LONG_LOGISTIC_BASE_PLUS_ML_T055,LONG,LOGISTIC,BASE_PLUS_ML,0.55,SWING_ATR,2,1000,True,CONFIG_LOCAL_FALLBACK_MT5_UNAVAILABLE,8,0,0,0,0.0,0.0,0.0,0.0,0.0,0.0,0.0,0,1000.0,8,0
5,2025-02-11 17:00:00,2026-07-13 14:00:00,2026-07-13 15:00:00,2026-07-14 15:00:00,2026-07-14 16:00:00,2026-09-25 13:00:00,7917,24,1183,GOLD,GOLD_LONG_LOGISTIC_BASE_PLUS_ML_T055,LONG,LOGISTIC,BASE_PLUS_ML,0.55,SWING_ATR,2,5000,False,CONFIG_LOCAL_FALLBACK_MT5_UNAVAILABLE,8,8,2,6,25.0,0.18509938415601365,-0.5423841058225625,-0.5423841058225625,-4.3390728465805,-4.274008020851925,4.274008020851925,4,4786.299598957404,0,0
5,2025-02-11 17:00:00,2026-07-13 14:00:00,2026-07-13 15:00:00,2026-07-14 15:00:00,2026-07-14 16:00:00,2026-09-25 13:00:00,7917,24,1183,GOLD,GOLD_LONG_LOGISTIC_BASE_PLUS_ML_T055,LONG,LOGISTIC,BASE_PLUS_ML,0.55,SWING_ATR,2,5000,True,CONFIG_LOCAL_FALLBACK_MT5_UNAVAILABLE,8,2,1,1,50.0,0.7900560207663553,-0.19525805312810868,-0.19525805312810868,-0.39051610625621735,-0.1622977167956742,0.7683597006529055,1,4991.885114160216,6,0
5,2025-02-11 17:00:00,2026-07-13 14:00:00,2026-07-13 15:00:00,2026-07-14 15:00:00,2026-07-14 16:00:00,2026-09-25 13:00:00,7917,24,1183,GOLD,GOLD_LONG_LOGISTIC_BASE_PLUS_ML_T055,LONG,LOGISTIC,BASE_PLUS_ML,0.55,SWING_ATR,5,100,False,CONFIG_LOCAL_FALLBACK_MT5_UNAVAILABLE,8,8,2,6,25.0,0.1613316036283531,-0.5851758749589817,-0.5851758749589817,-4.681406999671854,-4.603097955467916,4.603097955467916,4,95.39690204453208,0,0
5,2025-02-11 17:00:00,2026-07-13 14:00:00,2026-07-13 15:00:00,2026-07-14 15:00:00,2026-07-14 16:00:00,2026-09-25 13:00:00,7917,24,1183,GOLD,GOLD_LONG_LOGISTIC_BASE_PLUS_ML_T055,LONG,LOGISTIC,BASE_PLUS_ML,0.55,SWING_ATR,5,100,True,CONFIG_LOCAL_FALLBACK_MT5_UNAVAILABLE,8,0,0,0,0.0,0.0,0.0,0.0,0.0,0.0,0.0,0,100.0,8,0
5,2025-02-11 17:00:00,2026-07-13 14:00:00,2026-07-13 15:00:00,2026-07-14 15:00:00,2026-07-14 16:00:00,2026-09-25 13:00:00,7917,24,1183,GOLD,GOLD_LONG_LOGISTIC_BASE_PLUS_ML_T055,LONG,LOGISTIC,BASE_PLUS_ML,0.55,SWING_ATR,5,500,False,CONFIG_LOCAL_FALLBACK_MT5_UNAVAILABLE,8,8,2,6,25.0,0.16133160362835305,-0.5851758749589817,-0.5851758749589817,-4.681406999671854,-4.603097955467934,4.603097955467934,4,476.98451022266033,0,0
5,2025-02-11 17:00:00,2026-07-13 14:00:00,2026-07-13 15:00:00,2026-07-14 15:00:00,2026-07-14 16:00:00,2026-09-25 13:00:00,7917,24,1183,GOLD,GOLD_LONG_LOGISTIC_BASE_PLUS_ML_T055,LONG,LOGISTIC,BASE_PLUS_ML,0.55,SWING_ATR,5,500,True,CONFIG_LOCAL_FALLBACK_MT5_UNAVAILABLE,8,0,0,0,0.0,0.0,0.0,0.0,0.0,0.0,0.0,0,500.0,8,0
5,2025-02-11 17:00:00,2026-07-13 14:00:00,2026-07-13 15:00:00,2026-07-14 15:00:00,2026-07-14 16:00:00,2026-09-25 13:00:00,7917,24,1183,GOLD,GOLD_LONG_LOGISTIC_BASE_PLUS_ML_T055,LONG,LOGISTIC,BASE_PLUS_ML,0.55,SWING_ATR,5,1000,False,CONFIG_LOCAL_FALLBACK_MT5_UNAVAILABLE,8,8,2,6,25.0,0.16133160362835305,-0.5851758749589817,-0.5851758749589817,-4.681406999671854,-4.603097955467934,4.603097955467934,4,953.9690204453207,0,0
5,2025-02-11 17:00:00,2026-07-13 14:00:00,2026-07-13 15:00:00,2026-07-14 15:00:00,2026-07-14 16:00:00,2026-09-25 13:00:00,7917,24,1183,GOLD,GOLD_LONG_LOGISTIC_BASE_PLUS_ML_T055,LONG,LOGISTIC,BASE_PLUS_ML,0.55,SWING_ATR,5,1000,True,CONFIG_LOCAL_FALLBACK_MT5_UNAVAILABLE,8,0,0,0,0.0,0.0,0.0,0.0,0.0,0.0,0.0,0,1000.0,8,0
5,2025-02-11 17:00:00,2026-07-13 14:00:00,2026-07-13 15:00:00,2026-07-14 15:00:00,2026-07-14 16:00:00,2026-09-25 13:00:00,7917,24,1183,GOLD,GOLD_LONG_LOGISTIC_BASE_PLUS_ML_T055,LONG,LOGISTIC,BASE_PLUS_ML,0.55,SWING_ATR,5,5000,False,CONFIG_LOCAL_FALLBACK_MT5_UNAVAILABLE,8,8,2,6,25.0,0.1613316036283549,-0.5851758749589817,-0.5851758749589817,-4.681406999671854,-4.603097955467929,4.603097955467929,4,4769.845102226604,0,0
5,2025-02-11 17:00:00,2026-07-13 14:00:00,2026-07-13 15:00:00,2026-07-14 15:00:00,2026-07-14 16:00:00,2026-09-25 13:00:00,7917,24,1183,GOLD,GOLD_LONG_LOGISTIC_BASE_PLUS_ML_T055,LONG,LOGISTIC,BASE_PLUS_ML,0.55,SWING_ATR,5,5000,True,CONFIG_LOCAL_FALLBACK_MT5_UNAVAILABLE,8,2,1,1,50.0,0.6732852993510323,-0.261081699636081,-0.261081699636081,-0.522163399272162,-0.2703234314516885,0.82281534183317,1,4986.483828427416,6,0
5,2025-02-11 17:00:00,2026-07-13 14:00:00,2026-07-13 15:00:00,2026-07-14 15:00:00,2026-07-14 16:00:00,2026-09-25 13:00:00,7917,24,1183,GOLD,GOLD_LONG_LOGISTIC_BASE_PLUS_ML_T055,LONG,LOGISTIC,BASE_PLUS_ML,0.55,SWING_ATR_RR,0,100,False,CONFIG_LOCAL_FALLBACK_MT5_UNAVAILABLE,8,8,2,6,25.0,0.11028652093753102,-0.5733997148216743,-0.5733997148216743,-4.587197718573394,-4.508049045239673,4.508049045239673,4,95.49195095476033,0,0
5,2025-02-11 17:00:00,2026-07-13 14:00:00,2026-07-13 15:00:00,2026-07-14 15:00:00,2026-07-14 16:00:00,2026-09-25 13:00:00,7917,24,1183,GOLD,GOLD_LONG_LOGISTIC_BASE_PLUS_ML_T055,LONG,LOGISTIC,BASE_PLUS_ML,0.55,SWING_ATR_RR,0,100,True,CONFIG_LOCAL_FALLBACK_MT5_UNAVAILABLE,8,0,0,0,0.0,0.0,0.0,0.0,0.0,0.0,0.0,0,100.0,8,0
5,2025-02-11 17:00:00,2026-07-13 14:00:00,2026-07-13 15:00:00,2026-07-14 15:00:00,2026-07-14 16:00:00,2026-09-25 13:00:00,7917,24,1183,GOLD,GOLD_LONG_LOGISTIC_BASE_PLUS_ML_T055,LONG,LOGISTIC,BASE_PLUS_ML,0.55,SWING_ATR_RR,0,500,False,CONFIG_LOCAL_FALLBACK_MT5_UNAVAILABLE,8,8,2,6,25.0,0.11028652093753084,-0.5733997148216743,-0.5733997148216743,-4.587197718573394,-4.508049045239682,4.508049045239682,4,477.4597547738016,0,0
5,2025-02-11 17:00:00,2026-07-13 14:00:00,2026-07-13 15:00:00,2026-07-14 15:00:00,2026-07-14 16:00:00,2026-09-25 13:00:00,7917,24,1183,GOLD,GOLD_LONG_LOGISTIC_BASE_PLUS_ML_T055,LONG,LOGISTIC,BASE_PLUS_ML,0.55,SWING_ATR_RR,0,500,True,CONFIG_LOCAL_FALLBACK_MT5_UNAVAILABLE,8,0,0,0,0.0,0.0,0.0,0.0,0.0,0.0,0.0,0,500.0,8,0
5,2025-02-11 17:00:00,2026-07-13 14:00:00,2026-07-13 15:00:00,2026-07-14 15:00:00,2026-07-14 16:00:00,2026-09-25 13:00:00,7917,24,1183,GOLD,GOLD_LONG_LOGISTIC_BASE_PLUS_ML_T055,LONG,LOGISTIC,BASE_PLUS_ML,0.55,SWING_ATR_RR,0,1000,False,CONFIG_LOCAL_FALLBACK_MT5_UNAVAILABLE,8,8,2,6,25.0,0.11028652093753084,-0.5733997148216743,-0.5733997148216743,-4.587197718573394,-4.508049045239682,4.508049045239682,4,954.9195095476032,0,0
5,2025-02-11 17:00:00,2026-07-13 14:00:00,2026-07-13 15:00:00,2026-07-14 15:00:00,2026-07-14 16:00:00,2026-09-25 13:00:00,7917,24,1183,GOLD,GOLD_LONG_LOGISTIC_BASE_PLUS_ML_T055,LONG,LOGISTIC,BASE_PLUS_ML,0.55,SWING_ATR_RR,0,1000,True,CONFIG_LOCAL_FALLBACK_MT5_UNAVAILABLE,8,0,0,0,0.0,0.0,0.0,0.0,0.0,0.0,0.0,0,1000.0,8,0
5,2025-02-11 17:00:00,2026-07-13 14:00:00,2026-07-13 15:00:00,2026-07-14 15:00:00,2026-07-14 16:00:00,2026-09-25 13:00:00,7917,24,1183,GOLD,GOLD_LONG_LOGISTIC_BASE_PLUS_ML_T055,LONG,LOGISTIC,BASE_PLUS_ML,0.55,SWING_ATR_RR,0,5000,False,CONFIG_LOCAL_FALLBACK_MT5_UNAVAILABLE,8,8,2,6,25.0,0.11028652093753452,-0.5733997148216743,-0.5733997148216743,-4.587197718573394,-4.50804904523964,4.50804904523964,4,4774.597547738018,0,0
5,2025-02-11 17:00:00,2026-07-13 14:00:00,2026-07-13 15:00:00,2026-07-14 15:00:00,2026-07-14 16:00:00,2026-09-25 13:00:00,7917,24,1183,GOLD,GOLD_LONG_LOGISTIC_BASE_PLUS_ML_T055,LONG,LOGISTIC,BASE_PLUS_ML,0.55,SWING_ATR_RR,0,5000,True,CONFIG_LOCAL_FALLBACK_MT5_UNAVAILABLE,8,2,1,1,50.0,0.20357713248780127,-0.4191177885545193,-0.4191177885545193,-0.8382355771090386,-0.5868214600870669,0.7357178832621737,1,4970.658926995647,6,0
5,2025-02-11 17:00:00,2026-07-13 14:00:00,2026-07-13 15:00:00,2026-07-14 15:00:00,2026-07-14 16:00:00,2026-09-25 13:00:00,7917,24,1183,GOLD,GOLD_LONG_LOGISTIC_BASE_PLUS_ML_T055,LONG,LOGISTIC,BASE_PLUS_ML,0.55,SWING_ATR_RR,1,100,False,CONFIG_LOCAL_FALLBACK_MT5_UNAVAILABLE,8,8,2,6,25.0,0.10304966342170774,-0.5876576835216384,-0.5876576835216384,-4.701261468173107,-4.617597403951109,4.617597403951109,4,95.38240259604889,0,0
5,2025-02-11 17:00:00,2026-07-13 14:00:00,2026-07-13 15:00:00,2026-07-14 15:00:00,2026-07-14 16:00:00,2026-09-25 13:00:00,7917,24,1183,GOLD,GOLD_LONG_LOGISTIC_BASE_PLUS_ML_T055,LONG,LOGISTIC,BASE_PLUS_ML,0.55,SWING_ATR_RR,1,100,True,CONFIG_LOCAL_FALLBACK_MT5_UNAVAILABLE,8,0,0,0,0.0,0.0,0.0,0.0,0.0,0.0,0.0,0,100.0,8,0
5,2025-02-11 17:00:00,2026-07-13 14:00:00,2026-07-13 15:00:00,2026-07-14 15:00:00,2026-07-14 16:00:00,2026-09-25 13:00:00,7917,24,1183,GOLD,GOLD_LONG_LOGISTIC_BASE_PLUS_ML_T055,LONG,LOGISTIC,BASE_PLUS_ML,0.55,SWING_ATR_RR,1,500,False,CONFIG_LOCAL_FALLBACK_MT5_UNAVAILABLE,8,8,2,6,25.0,0.10304966342170753,-0.5876576835216384,-0.5876576835216384,-4.701261468173107,-4.617597403951095,4.617597403951095,4,476.9120129802445,0,0
5,2025-02-11 17:00:00,2026-07-13 14:00:00,2026-07-13 15:00:00,2026-07-14 15:00:00,2026-07-14 16:00:00,2026-09-25 13:00:00,7917,24,1183,GOLD,GOLD_LONG_LOGISTIC_BASE_PLUS_ML_T055,LONG,LOGISTIC,BASE_PLUS_ML,0.55,SWING_ATR_RR,1,500,True,CONFIG_LOCAL_FALLBACK_MT5_UNAVAILABLE,8,0,0,0,0.0,0.0,0.0,0.0,0.0,0.0,0.0,0,500.0,8,0
5,2025-02-11 17:00:00,2026-07-13 14:00:00,2026-07-13 15:00:00,2026-07-14 15:00:00,2026-07-14 16:00:00,2026-09-25 13:00:00,7917,24,1183,GOLD,GOLD_LONG_LOGISTIC_BASE_PLUS_ML_T055,LONG,LOGISTIC,BASE_PLUS_ML,0.55,SWING_ATR_RR,1,1000,False,CONFIG_LOCAL_FALLBACK_MT5_UNAVAILABLE,8,8,2,6,25.0,0.10304966342170753,-0.5876576835216384,-0.5876576835216384,-4.701261468173107,-4.617597403951095,4.617597403951095,4,953.824025960489,0,0
5,2025-02-11 17:00:00,2026-07-13 14:00:00,2026-07-13 15:00:00,2026-07-14 15:00:00,2026-07-14 16:00:00,2026-09-25 13:00:00,7917,24,1183,GOLD,GOLD_LONG_LOGISTIC_BASE_PLUS_ML_T055,LONG,LOGISTIC,BASE_PLUS_ML,0.55,SWING_ATR_RR,1,1000,True,CONFIG_LOCAL_FALLBACK_MT5_UNAVAILABLE,8,0,0,0,0.0,0.0,0.0,0.0,0.0,0.0,0.0,0,1000.0,8,0
5,2025-02-11 17:00:00,2026-07-13 14:00:00,2026-07-13 15:00:00,2026-07-14 15:00:00,2026-07-14 16:00:00,2026-09-25 13:00:00,7917,24,1183,GOLD,GOLD_LONG_LOGISTIC_BASE_PLUS_ML_T055,LONG,LOGISTIC,BASE_PLUS_ML,0.55,SWING_ATR_RR,1,5000,False,CONFIG_LOCAL_FALLBACK_MT5_UNAVAILABLE,8,8,2,6,25.0,0.1030496634217107,-0.5876576835216384,-0.5876576835216384,-4.701261468173107,-4.617597403951095,4.617597403951095,4,4769.120129802445,0,0
5,2025-02-11 17:00:00,2026-07-13 14:00:00,2026-07-13 15:00:00,2026-07-14 15:00:00,2026-07-14 16:00:00,2026-09-25 13:00:00,7917,24,1183,GOLD,GOLD_LONG_LOGISTIC_BASE_PLUS_ML_T055,LONG,LOGISTIC,BASE_PLUS_ML,0.55,SWING_ATR_RR,1,5000,True,CONFIG_LOCAL_FALLBACK_MT5_UNAVAILABLE,8,2,1,1,50.0,0.1750564664438128,-0.44103222984053364,-0.44103222984053364,-0.8820644596810673,-0.6227803775504436,0.7539405949065109,1,4968.860981122478,6,0
5,2025-02-11 17:00:00,2026-07-13 14:00:00,2026-07-13 15:00:00,2026-07-14 15:00:00,2026-07-14 16:00:00,2026-09-25 13:00:00,7917,24,1183,GOLD,GOLD_LONG_LOGISTIC_BASE_PLUS_ML_T055,LONG,LOGISTIC,BASE_PLUS_ML,0.55,SWING_ATR_RR,2,100,False,CONFIG_LOCAL_FALLBACK_MT5_UNAVAILABLE,8,8,2,6,25.0,0.09604272695798485,-0.6019156522216025,-0.6019156522216025,-4.81532521777282,-4.72703769027062,4.72703769027062,4,95.27296230972938,0,0
5,2025-02-11 17:00:00,2026-07-13 14:00:00,2026-07-13 15:00:00,2026-07-14 15:00:00,2026-07-14 16:00:00,2026-09-25 13:00:00,7917,24,1183,GOLD,GOLD_LONG_LOGISTIC_BASE_PLUS_ML_T055,LONG,LOGISTIC,BASE_PLUS_ML,0.55,SWING_ATR_RR,2,100,True,CONFIG_LOCAL_FALLBACK_MT5_UNAVAILABLE,8,0,0,0,0.0,0.0,0.0,0.0,0.0,0.0,0.0,0,100.0,8,0
5,2025-02-11 17:00:00,2026-07-13 14:00:00,2026-07-13 15:00:00,2026-07-14 15:00:00,2026-07-14 16:00:00,2026-09-25 13:00:00,7917,24,1183,GOLD,GOLD_LONG_LOGISTIC_BASE_PLUS_ML_T055,LONG,LOGISTIC,BASE_PLUS_ML,0.55,SWING_ATR_RR,2,500,False,CONFIG_LOCAL_FALLBACK_MT5_UNAVAILABLE,8,8,2,6,25.0,0.09604272695798244,-0.6019156522216025,-0.6019156522216025,-4.81532521777282,-4.727037690270618,4.727037690270618,4,476.3648115486469,0,0
5,2025-02-11 17:00:00,2026-07-13 14:00:00,2026-07-13 15:00:00,2026-07-14 15:00:00,2026-07-14 16:00:00,2026-09-25 13:00:00,7917,24,1183,GOLD,GOLD_LONG_LOGISTIC_BASE_PLUS_ML_T055,LONG,LOGISTIC,BASE_PLUS_ML,0.55,SWING_ATR_RR,2,500,True,CONFIG_LOCAL_FALLBACK_MT5_UNAVAILABLE,8,0,0,0,0.0,0.0,0.0,0.0,0.0,0.0,0.0,0,500.0,8,0
5,2025-02-11 17:00:00,2026-07-13 14:00:00,2026-07-13 15:00:00,2026-07-14 15:00:00,2026-07-14 16:00:00,2026-09-25 13:00:00,7917,24,1183,GOLD,GOLD_LONG_LOGISTIC_BASE_PLUS_ML_T055,LONG,LOGISTIC,BASE_PLUS_ML,0.55,SWING_ATR_RR,2,1000,False,CONFIG_LOCAL_FALLBACK_MT5_UNAVAILABLE,8,8,2,6,25.0,0.09604272695798244,-0.6019156522216025,-0.6019156522216025,-4.81532521777282,-4.727037690270618,4.727037690270618,4,952.7296230972938,0,0
5,2025-02-11 17:00:00,2026-07-13 14:00:00,2026-07-13 15:00:00,2026-07-14 15:00:00,2026-07-14 16:00:00,2026-09-25 13:00:00,7917,24,1183,GOLD,GOLD_LONG_LOGISTIC_BASE_PLUS_ML_T055,LONG,LOGISTIC,BASE_PLUS_ML,0.55,SWING_ATR_RR,2,1000,True,CONFIG_LOCAL_FALLBACK_MT5_UNAVAILABLE,8,0,0,0,0.0,0.0,0.0,0.0,0.0,0.0,0.0,0,1000.0,8,0
5,2025-02-11 17:00:00,2026-07-13 14:00:00,2026-07-13 15:00:00,2026-07-14 15:00:00,2026-07-14 16:00:00,2026-09-25 13:00:00,7917,24,1183,GOLD,GOLD_LONG_LOGISTIC_BASE_PLUS_ML_T055,LONG,LOGISTIC,BASE_PLUS_ML,0.55,SWING_ATR_RR,2,5000,False,CONFIG_LOCAL_FALLBACK_MT5_UNAVAILABLE,8,8,2,6,25.0,0.09604272695798496,-0.6019156522216025,-0.6019156522216025,-4.81532521777282,-4.727037690270609,4.727037690270609,4,4763.64811548647,0,0
5,2025-02-11 17:00:00,2026-07-13 14:00:00,2026-07-13 15:00:00,2026-07-14 15:00:00,2026-07-14 16:00:00,2026-09-25 13:00:00,7917,24,1183,GOLD,GOLD_LONG_LOGISTIC_BASE_PLUS_ML_T055,LONG,LOGISTIC,BASE_PLUS_ML,0.55,SWING_ATR_RR,2,5000,True,CONFIG_LOCAL_FALLBACK_MT5_UNAVAILABLE,8,2,1,1,50.0,0.14787249258179644,-0.46294667112654797,-0.46294667112654797,-0.9258933422530959,-0.6587392950138019,0.7721698022282147,1,4967.06303524931,6,0
5,2025-02-11 17:00:00,2026-07-13 14:00:00,2026-07-13 15:00:00,2026-07-14 15:00:00,2026-07-14 16:00:00,2026-09-25 13:00:00,7917,24,1183,GOLD,GOLD_LONG_LOGISTIC_BASE_PLUS_ML_T055,LONG,LOGISTIC,BASE_PLUS_ML,0.55,SWING_ATR_RR,5,100,False,CONFIG_LOCAL_FALLBACK_MT5_UNAVAILABLE,8,8,2,6,25.0,0.0762957572784438,-0.6446895583214948,-0.6446895583214948,-5.157516466571958,-5.054711013688774,5.054711013688774,4,94.94528898631123,0,0
5,2025-02-11 17:00:00,2026-07-13 14:00:00,2026-07-13 15:00:00,2026-07-14 15:00:00,2026-07-14 16:00:00,2026-09-25 13:00:00,7917,24,1183,GOLD,GOLD_LONG_LOGISTIC_BASE_PLUS_ML_T055,LONG,LOGISTIC,BASE_PLUS_ML,0.55,SWING_ATR_RR,5,100,True,CONFIG_LOCAL_FALLBACK_MT5_UNAVAILABLE,8,0,0,0,0.0,0.0,0.0,0.0,0.0,0.0,0.0,0,100.0,8,0
5,2025-02-11 17:00:00,2026-07-13 14:00:00,2026-07-13 15:00:00,2026-07-14 15:00:00,2026-07-14 16:00:00,2026-09-25 13:00:00,7917,24,1183,GOLD,GOLD_LONG_LOGISTIC_BASE_PLUS_ML_T055,LONG,LOGISTIC,BASE_PLUS_ML,0.55,SWING_ATR_RR,5,500,False,CONFIG_LOCAL_FALLBACK_MT5_UNAVAILABLE,8,8,2,6,25.0,0.07629575727844293,-0.6446895583214948,-0.6446895583214948,-5.157516466571958,-5.0547110136887685,5.0547110136887685,4,474.72644493155616,0,0
5,2025-02-11 17:00:00,2026-07-13 14:00:00,2026-07-13 15:00:00,2026-07-14 15:00:00,2026-07-14 16:00:00,2026-09-25 13:00:00,7917,24,1183,GOLD,GOLD_LONG_LOGISTIC_BASE_PLUS_ML_T055,LONG,LOGISTIC,BASE_PLUS_ML,0.55,SWING_ATR_RR,5,500,True,CONFIG_LOCAL_FALLBACK_MT5_UNAVAILABLE,8,0,0,0,0.0,0.0,0.0,0.0,0.0,0.0,0.0,0,500.0,8,0
5,2025-02-11 17:00:00,2026-07-13 14:00:00,2026-07-13 15:00:00,2026-07-14 15:00:00,2026-07-14 16:00:00,2026-09-25 13:00:00,7917,24,1183,GOLD,GOLD_LONG_LOGISTIC_BASE_PLUS_ML_T055,LONG,LOGISTIC,BASE_PLUS_ML,0.55,SWING_ATR_RR,5,1000,False,CONFIG_LOCAL_FALLBACK_MT5_UNAVAILABLE,8,8,2,6,25.0,0.07629575727844293,-0.6446895583214948,-0.6446895583214948,-5.157516466571958,-5.0547110136887685,5.0547110136887685,4,949.4528898631123,0,0
5,2025-02-11 17:00:00,2026-07-13 14:00:00,2026-07-13 15:00:00,2026-07-14 15:00:00,2026-07-14 16:00:00,2026-09-25 13:00:00,7917,24,1183,GOLD,GOLD_LONG_LOGISTIC_BASE_PLUS_ML_T055,LONG,LOGISTIC,BASE_PLUS_ML,0.55,SWING_ATR_RR,5,1000,True,CONFIG_LOCAL_FALLBACK_MT5_UNAVAILABLE,8,0,0,0,0.0,0.0,0.0,0.0,0.0,0.0,0.0,0,1000.0,8,0
5,2025-02-11 17:00:00,2026-07-13 14:00:00,2026-07-13 15:00:00,2026-07-14 15:00:00,2026-07-14 16:00:00,2026-09-25 13:00:00,7917,24,1183,GOLD,GOLD_LONG_LOGISTIC_BASE_PLUS_ML_T055,LONG,LOGISTIC,BASE_PLUS_ML,0.55,SWING_ATR_RR,5,5000,False,CONFIG_LOCAL_FALLBACK_MT5_UNAVAILABLE,8,8,2,6,25.0,0.07629575727844129,-0.6446895583214948,-0.6446895583214948,-5.157516466571958,-5.054711013688775,5.054711013688775,4,4747.264449315561,0,0
5,2025-02-11 17:00:00,2026-07-13 14:00:00,2026-07-13 15:00:00,2026-07-14 15:00:00,2026-07-14 16:00:00,2026-09-25 13:00:00,7917,24,1183,GOLD,GOLD_LONG_LOGISTIC_BASE_PLUS_ML_T055,LONG,LOGISTIC,BASE_PLUS_ML,0.55,SWING_ATR_RR,5,5000,True,CONFIG_LOCAL_FALLBACK_MT5_UNAVAILABLE,8,2,1,1,50.0,0.07346273648860208,-0.5286899949845908,-0.5286899949845908,-1.0573799899691816,-0.7666160474038952,0.8268964330080407,1,4961.669197629805,6,0
5,2025-02-11 17:00:00,2026-07-13 14:00:00,2026-07-13 15:00:00,2026-07-14 15:00:00,2026-07-14 16:00:00,2026-09-25 13:00:00,7917,24,1183,GOLD,GOLD_LONG_LOGISTIC_BASE_PLUS_ML_T055,LONG,LOGISTIC,BASE_PLUS_ML,0.55,SWING_STRUCTURAL_TARGET,0,100,False,CONFIG_LOCAL_FALLBACK_MT5_UNAVAILABLE,8,3,1,2,33.33333333333333,0.08584426168438251,-0.6096258635660282,-0.6096258635660282,-1.8288775906980845,-1.822282926643183,1.9899999999999904,2,98.17771707335682,0,5
5,2025-02-11 17:00:00,2026-07-13 14:00:00,2026-07-13 15:00:00,2026-07-14 15:00:00,2026-07-14 16:00:00,2026-09-25 13:00:00,7917,24,1183,GOLD,GOLD_LONG_LOGISTIC_BASE_PLUS_ML_T055,LONG,LOGISTIC,BASE_PLUS_ML,0.55,SWING_STRUCTURAL_TARGET,0,100,True,CONFIG_LOCAL_FALLBACK_MT5_UNAVAILABLE,8,0,0,0,0.0,0.0,0.0,0.0,0.0,0.0,0.0,0,100.0,3,5
5,2025-02-11 17:00:00,2026-07-13 14:00:00,2026-07-13 15:00:00,2026-07-14 15:00:00,2026-07-14 16:00:00,2026-09-25 13:00:00,7917,24,1183,GOLD,GOLD_LONG_LOGISTIC_BASE_PLUS_ML_T055,LONG,LOGISTIC,BASE_PLUS_ML,0.55,SWING_STRUCTURAL_TARGET,0,500,False,CONFIG_LOCAL_FALLBACK_MT5_UNAVAILABLE,8,3,1,2,33.33333333333333,0.08584426168438239,-0.6096258635660282,-0.6096258635660282,-1.8288775906980845,-1.822282926643186,1.989999999999993,2,490.88858536678407,0,5
5,2025-02-11 17:00:00,2026-07-13 14:00:00,2026-07-13 15:00:00,2026-07-14 15:00:00,2026-07-14 16:00:00,2026-09-25 13:00:00,7917,24,1183,GOLD,GOLD_LONG_LOGISTIC_BASE_PLUS_ML_T055,LONG,LOGISTIC,BASE_PLUS_ML,0.55,SWING_STRUCTURAL_TARGET,0,500,True,CONFIG_LOCAL_FALLBACK_MT5_UNAVAILABLE,8,0,0,0,0.0,0.0,0.0,0.0,0.0,0.0,0.0,0,500.0,3,5
5,2025-02-11 17:00:00,2026-07-13 14:00:00,2026-07-13 15:00:00,2026-07-14 15:00:00,2026-07-14 16:00:00,2026-09-25 13:00:00,7917,24,1183,GOLD,GOLD_LONG_LOGISTIC_BASE_PLUS_ML_T055,LONG,LOGISTIC,BASE_PLUS_ML,0.55,SWING_STRUCTURAL_TARGET,0,1000,False,CONFIG_LOCAL_FALLBACK_MT5_UNAVAILABLE,8,3,1,2,33.33333333333333,0.08584426168438239,-0.6096258635660282,-0.6096258635660282,-1.8288775906980845,-1.822282926643186,1.989999999999993,2,981.7771707335681,0,5
5,2025-02-11 17:00:00,2026-07-13 14:00:00,2026-07-13 15:00:00,2026-07-14 15:00:00,2026-07-14 16:00:00,2026-09-25 13:00:00,7917,24,1183,GOLD,GOLD_LONG_LOGISTIC_BASE_PLUS_ML_T055,LONG,LOGISTIC,BASE_PLUS_ML,0.55,SWING_STRUCTURAL_TARGET,0,1000,True,CONFIG_LOCAL_FALLBACK_MT5_UNAVAILABLE,8,0,0,0,0.0,0.0,0.0,0.0,0.0,0.0,0.0,0,1000.0,3,5
5,2025-02-11 17:00:00,2026-07-13 14:00:00,2026-07-13 15:00:00,2026-07-14 15:00:00,2026-07-14 16:00:00,2026-09-25 13:00:00,7917,24,1183,GOLD,GOLD_LONG_LOGISTIC_BASE_PLUS_ML_T055,LONG,LOGISTIC,BASE_PLUS_ML,0.55,SWING_STRUCTURAL_TARGET,0,5000,False,CONFIG_LOCAL_FALLBACK_MT5_UNAVAILABLE,8,3,1,2,33.33333333333333,0.08584426168438249,-0.6096258635660282,-0.6096258635660282,-1.8288775906980845,-1.8222829266431835,1.989999999999991,2,4908.885853667841,0,5
5,2025-02-11 17:00:00,2026-07-13 14:00:00,2026-07-13 15:00:00,2026-07-14 15:00:00,2026-07-14 16:00:00,2026-09-25 13:00:00,7917,24,1183,GOLD,GOLD_LONG_LOGISTIC_BASE_PLUS_ML_T055,LONG,LOGISTIC,BASE_PLUS_ML,0.55,SWING_STRUCTURAL_TARGET,0,5000,True,CONFIG_LOCAL_FALLBACK_MT5_UNAVAILABLE,8,1,0,1,0.0,0.0,-1.0,-1.0,-1.0,-0.736821460087067,0.736821460087067,1,4963.158926995647,2,5
5,2025-02-11 17:00:00,2026-07-13 14:00:00,2026-07-13 15:00:00,2026-07-14 15:00:00,2026-07-14 16:00:00,2026-09-25 13:00:00,7917,24,1183,GOLD,GOLD_LONG_LOGISTIC_BASE_PLUS_ML_T055,LONG,LOGISTIC,BASE_PLUS_ML,0.55,SWING_STRUCTURAL_TARGET,1,100,False,CONFIG_LOCAL_FALLBACK_MT5_UNAVAILABLE,8,3,1,2,33.33333333333333,0.07960921579229238,-0.6257969679320926,-0.6257969679320926,-1.877390903796278,-1.8702776421155107,2.0287654094584053,2,98.12972235788449,0,5
5,2025-02-11 17:00:00,2026-07-13 14:00:00,2026-07-13 15:00:00,2026-07-14 15:00:00,2026-07-14 16:00:00,2026-09-25 13:00:00,7917,24,1183,GOLD,GOLD_LONG_LOGISTIC_BASE_PLUS_ML_T055,LONG,LOGISTIC,BASE_PLUS_ML,0.55,SWING_STRUCTURAL_TARGET,1,100,True,CONFIG_LOCAL_FALLBACK_MT5_UNAVAILABLE,8,0,0,0,0.0,0.0,0.0,0.0,0.0,0.0,0.0,0,100.0,3,5
5,2025-02-11 17:00:00,2026-07-13 14:00:00,2026-07-13 15:00:00,2026-07-14 15:00:00,2026-07-14 16:00:00,2026-09-25 13:00:00,7917,24,1183,GOLD,GOLD_LONG_LOGISTIC_BASE_PLUS_ML_T055,LONG,LOGISTIC,BASE_PLUS_ML,0.55,SWING_STRUCTURAL_TARGET,1,500,False,CONFIG_LOCAL_FALLBACK_MT5_UNAVAILABLE,8,3,1,2,33.33333333333333,0.07960921579228666,-0.6257969679320926,-0.6257969679320926,-1.877390903796278,-1.870277642115525,2.0287654094584084,2,490.6486117894224,0,5
5,2025-02-11 17:00:00,2026-07-13 14:00:00,2026-07-13 15:00:00,2026-07-14 15:00:00,2026-07-14 16:00:00,2026-09-25 13:00:00,7917,24,1183,GOLD,GOLD_LONG_LOGISTIC_BASE_PLUS_ML_T055,LONG,LOGISTIC,BASE_PLUS_ML,0.55,SWING_STRUCTURAL_TARGET,1,500,True,CONFIG_LOCAL_FALLBACK_MT5_UNAVAILABLE,8,0,0,0,0.0,0.0,0.0,0.0,0.0,0.0,0.0,0,500.0,3,5
5,2025-02-11 17:00:00,2026-07-13 14:00:00,2026-07-13 15:00:00,2026-07-14 15:00:00,2026-07-14 16:00:00,2026-09-25 13:00:00,7917,24,1183,GOLD,GOLD_LONG_LOGISTIC_BASE_PLUS_ML_T055,LONG,LOGISTIC,BASE_PLUS_ML,0.55,SWING_STRUCTURAL_TARGET,1,1000,False,CONFIG_LOCAL_FALLBACK_MT5_UNAVAILABLE,8,3,1,2,33.33333333333333,0.07960921579228666,-0.6257969679320926,-0.6257969679320926,-1.877390903796278,-1.870277642115525,2.0287654094584084,2,981.2972235788448,0,5
5,2025-02-11 17:00:00,2026-07-13 14:00:00,2026-07-13 15:00:00,2026-07-14 15:00:00,2026-07-14 16:00:00,2026-09-25 13:00:00,7917,24,1183,GOLD,GOLD_LONG_LOGISTIC_BASE_PLUS_ML_T055,LONG,LOGISTIC,BASE_PLUS_ML,0.55,SWING_STRUCTURAL_TARGET,1,1000,True,CONFIG_LOCAL_FALLBACK_MT5_UNAVAILABLE,8,0,0,0,0.0,0.0,0.0,0.0,0.0,0.0,0.0,0,1000.0,3,5
5,2025-02-11 17:00:00,2026-07-13 14:00:00,2026-07-13 15:00:00,2026-07-14 15:00:00,2026-07-14 16:00:00,2026-09-25 13:00:00,7917,24,1183,GOLD,GOLD_LONG_LOGISTIC_BASE_PLUS_ML_T055,LONG,LOGISTIC,BASE_PLUS_ML,0.55,SWING_STRUCTURAL_TARGET,1,5000,False,CONFIG_LOCAL_FALLBACK_MT5_UNAVAILABLE,8,3,1,2,33.33333333333333,0.07960921579228873,-0.6257969679320926,-0.6257969679320926,-1.877390903796278,-1.870277642115525,2.028765409458413,2,4906.486117894224,0,5
5,2025-02-11 17:00:00,2026-07-13 14:00:00,2026-07-13 15:00:00,2026-07-14 15:00:00,2026-07-14 16:00:00,2026-09-25 13:00:00,7917,24,1183,GOLD,GOLD_LONG_LOGISTIC_BASE_PLUS_ML_T055,LONG,LOGISTIC,BASE_PLUS_ML,0.55,SWING_STRUCTURAL_TARGET,1,5000,True,CONFIG_LOCAL_FALLBACK_MT5_UNAVAILABLE,8,1,0,1,0.0,0.0,-1.02458603346135,-1.02458603346135,-1.02458603346135,-0.754936977159814,0.754936977159814,1,4962.253151142009,2,5
5,2025-02-11 17:00:00,2026-07-13 14:00:00,2026-07-13 15:00:00,2026-07-14 15:00:00,2026-07-14 16:00:00,2026-09-25 13:00:00,7917,24,1183,GOLD,GOLD_LONG_LOGISTIC_BASE_PLUS_ML_T055,LONG,LOGISTIC,BASE_PLUS_ML,0.55,SWING_STRUCTURAL_TARGET,2,100,False,CONFIG_LOCAL_FALLBACK_MT5_UNAVAILABLE,8,3,1,2,33.33333333333333,0.07360739241036054,-0.6419680722981571,-0.6419680722981571,-1.9259042168944713,-1.9182579288136876,2.0675236523018166,2,98.08174207118631,0,5
5,2025-02-11 17:00:00,2026-07-13 14:00:00,2026-07-13 15:00:00,2026-07-14 15:00:00,2026-07-14 16:00:00,2026-09-25 13:00:00,7917,24,1183,GOLD,GOLD_LONG_LOGISTIC_BASE_PLUS_ML_T055,LONG,LOGISTIC,BASE_PLUS_ML,0.55,SWING_STRUCTURAL_TARGET,2,100,True,CONFIG_LOCAL_FALLBACK_MT5_UNAVAILABLE,8,0,0,0,0.0,0.0,0.0,0.0,0.0,0.0,0.0,0,100.0,3,5
5,2025-02-11 17:00:00,2026-07-13 14:00:00,2026-07-13 15:00:00,2026-07-14 15:00:00,2026-07-14 16:00:00,2026-09-25 13:00:00,7917,24,1183,GOLD,GOLD_LONG_LOGISTIC_BASE_PLUS_ML_T055,LONG,LOGISTIC,BASE_PLUS_ML,0.55,SWING_STRUCTURAL_TARGET,2,500,False,CONFIG_LOCAL_FALLBACK_MT5_UNAVAILABLE,8,3,1,2,33.33333333333333,0.07360739241036202,-0.6419680722981571,-0.6419680722981571,-1.9259042168944713,-1.918257928813682,2.067523652301814,2,490.4087103559316,0,5
5,2025-02-11 17:00:00,2026-07-13 14:00:00,2026-07-13 15:00:00,2026-07-14 15:00:00,2026-07-14 16:00:00,2026-09-25 13:00:00,7917,24,1183,GOLD,GOLD_LONG_LOGISTIC_BASE_PLUS_ML_T055,LONG,LOGISTIC,BASE_PLUS_ML,0.55,SWING_STRUCTURAL_TARGET,2,500,True,CONFIG_LOCAL_FALLBACK_MT5_UNAVAILABLE,8,0,0,0,0.0,0.0,0.0,0.0,0.0,0.0,0.0,0,500.0,3,5
5,2025-02-11 17:00:00,2026-07-13 14:00:00,2026-07-13 15:00:00,2026-07-14 15:00:00,2026-07-14 16:00:00,2026-09-25 13:00:00,7917,24,1183,GOLD,GOLD_LONG_LOGISTIC_BASE_PLUS_ML_T055,LONG,LOGISTIC,BASE_PLUS_ML,0.55,SWING_STRUCTURAL_TARGET,2,1000,False,CONFIG_LOCAL_FALLBACK_MT5_UNAVAILABLE,8,3,1,2,33.33333333333333,0.07360739241036202,-0.6419680722981571,-0.6419680722981571,-1.9259042168944713,-1.918257928813682,2.067523652301814,2,980.8174207118632,0,5
5,2025-02-11 17:00:00,2026-07-13 14:00:00,2026-07-13 15:00:00,2026-07-14 15:00:00,2026-07-14 16:00:00,2026-09-25 13:00:00,7917,24,1183,GOLD,GOLD_LONG_LOGISTIC_BASE_PLUS_ML_T055,LONG,LOGISTIC,BASE_PLUS_ML,0.55,SWING_STRUCTURAL_TARGET,2,1000,True,CONFIG_LOCAL_FALLBACK_MT5_UNAVAILABLE,8,0,0,0,0.0,0.0,0.0,0.0,0.0,0.0,0.0,0,1000.0,3,5
5,2025-02-11 17:00:00,2026-07-13 14:00:00,2026-07-13 15:00:00,2026-07-14 15:00:00,2026-07-14 16:00:00,2026-09-25 13:00:00,7917,24,1183,GOLD,GOLD_LONG_LOGISTIC_BASE_PLUS_ML_T055,LONG,LOGISTIC,BASE_PLUS_ML,0.55,SWING_STRUCTURAL_TARGET,2,5000,False,CONFIG_LOCAL_FALLBACK_MT5_UNAVAILABLE,8,3,1,2,33.33333333333333,0.07360739241036068,-0.6419680722981571,-0.6419680722981571,-1.9259042168944713,-1.9182579288136912,2.067523652301821,2,4904.087103559315,0,5
5,2025-02-11 17:00:00,2026-07-13 14:00:00,2026-07-13 15:00:00,2026-07-14 15:00:00,2026-07-14 16:00:00,2026-09-25 13:00:00,7917,24,1183,GOLD,GOLD_LONG_LOGISTIC_BASE_PLUS_ML_T055,LONG,LOGISTIC,BASE_PLUS_ML,0.55,SWING_STRUCTURAL_TARGET,2,5000,True,CONFIG_LOCAL_FALLBACK_MT5_UNAVAILABLE,8,1,0,1,0.0,0.0,-1.0491720669226998,-1.0491720669226998,-1.0491720669226998,-0.7730524942325429,0.7730524942325429,1,4961.347375288373,2,5
5,2025-02-11 17:00:00,2026-07-13 14:00:00,2026-07-13 15:00:00,2026-07-14 15:00:00,2026-07-14 16:00:00,2026-09-25 13:00:00,7917,24,1183,GOLD,GOLD_LONG_LOGISTIC_BASE_PLUS_ML_T055,LONG,LOGISTIC,BASE_PLUS_ML,0.55,SWING_STRUCTURAL_TARGET,5,100,False,CONFIG_LOCAL_FALLBACK_MT5_UNAVAILABLE,8,3,1,2,33.33333333333333,0.056876507107652845,-0.6904813853963505,-0.6904813853963505,-2.0714441561890515,-2.0621122363714193,2.1837553811420514,2,97.93788776362858,0,5
5,2025-02-11 17:00:00,2026-07-13 14:00:00,2026-07-13 15:00:00,2026-07-14 15:00:00,2026-07-14 16:00:00,2026-09-25 13:00:00,7917,24,1183,GOLD,GOLD_LONG_LOGISTIC_BASE_PLUS_ML_T055,LONG,LOGISTIC,BASE_PLUS_ML,0.55,SWING_STRUCTURAL_TARGET,5,100,True,CONFIG_LOCAL_FALLBACK_MT5_UNAVAILABLE,8,0,0,0,0.0,0.0,0.0,0.0,0.0,0.0,0.0,0,100.0,3,5
5,2025-02-11 17:00:00,2026-07-13 14:00:00,2026-07-13 15:00:00,2026-07-14 15:00:00,2026-07-14 16:00:00,2026-09-25 13:00:00,7917,24,1183,GOLD,GOLD_LONG_LOGISTIC_BASE_PLUS_ML_T055,LONG,LOGISTIC,BASE_PLUS_ML,0.55,SWING_STRUCTURAL_TARGET,5,500,False,CONFIG_LOCAL_FALLBACK_MT5_UNAVAILABLE,8,3,1,2,33.33333333333333,0.05687650710765002,-0.6904813853963505,-0.6904813853963505,-2.0714441561890515,-2.0621122363714335,2.18375538114206,2,489.68943881814283,0,5
5,2025-02-11 17:00:00,2026-07-13 14:00:00,2026-07-13 15:00:00,2026-07-14 15:00:00,2026-07-14 16:00:00,2026-09-25 13:00:00,7917,24,1183,GOLD,GOLD_LONG_LOGISTIC_BASE_PLUS_ML_T055,LONG,LOGISTIC,BASE_PLUS_ML,0.55,SWING_STRUCTURAL_TARGET,5,500,True,CONFIG_LOCAL_FALLBACK_MT5_UNAVAILABLE,8,0,0,0,0.0,0.0,0.0,0.0,0.0,0.0,0.0,0,500.0,3,5
5,2025-02-11 17:00:00,2026-07-13 14:00:00,2026-07-13 15:00:00,2026-07-14 15:00:00,2026-07-14 16:00:00,2026-09-25 13:00:00,7917,24,1183,GOLD,GOLD_LONG_LOGISTIC_BASE_PLUS_ML_T055,LONG,LOGISTIC,BASE_PLUS_ML,0.55,SWING_STRUCTURAL_TARGET,5,1000,False,CONFIG_LOCAL_FALLBACK_MT5_UNAVAILABLE,8,3,1,2,33.33333333333333,0.05687650710765002,-0.6904813853963505,-0.6904813853963505,-2.0714441561890515,-2.0621122363714335,2.18375538114206,2,979.3788776362857,0,5
5,2025-02-11 17:00:00,2026-07-13 14:00:00,2026-07-13 15:00:00,2026-07-14 15:00:00,2026-07-14 16:00:00,2026-09-25 13:00:00,7917,24,1183,GOLD,GOLD_LONG_LOGISTIC_BASE_PLUS_ML_T055,LONG,LOGISTIC,BASE_PLUS_ML,0.55,SWING_STRUCTURAL_TARGET,5,1000,True,CONFIG_LOCAL_FALLBACK_MT5_UNAVAILABLE,8,0,0,0,0.0,0.0,0.0,0.0,0.0,0.0,0.0,0,1000.0,3,5
5,2025-02-11 17:00:00,2026-07-13 14:00:00,2026-07-13 15:00:00,2026-07-14 15:00:00,2026-07-14 16:00:00,2026-09-25 13:00:00,7917,24,1183,GOLD,GOLD_LONG_LOGISTIC_BASE_PLUS_ML_T055,LONG,LOGISTIC,BASE_PLUS_ML,0.55,SWING_STRUCTURAL_TARGET,5,5000,False,CONFIG_LOCAL_FALLBACK_MT5_UNAVAILABLE,8,3,1,2,33.33333333333333,0.05687650710764961,-0.6904813853963505,-0.6904813853963505,-2.0714441561890515,-2.0621122363714495,2.183755381142076,2,4896.8943881814275,0,5
5,2025-02-11 17:00:00,2026-07-13 14:00:00,2026-07-13 15:00:00,2026-07-14 15:00:00,2026-07-14 16:00:00,2026-09-25 13:00:00,7917,24,1183,GOLD,GOLD_LONG_LOGISTIC_BASE_PLUS_ML_T055,LONG,LOGISTIC,BASE_PLUS_ML,0.55,SWING_STRUCTURAL_TARGET,5,5000,True,CONFIG_LOCAL_FALLBACK_MT5_UNAVAILABLE,8,1,0,1,0.0,0.0,-1.1229301673067493,-1.1229301673067493,-1.1229301673067493,-0.8273990454507657,0.8273990454507657,1,4958.630047727462,2,5
