ACTIVO,CONFIG_ID,DIRECCION,MODELO,SISTEMA,THRESHOLD,SL_TP_MODE,COST_BPS,CAPITAL_INICIAL,BROKER_AWARE,BROKER_METADATA_SOURCE,FOLDS,TOTAL_TRADES,TOTAL_WINS,TOTAL_LOSSES,MEAN_EXPECTANCY,MEDIAN_EXPECTANCY,STD_EXPECTANCY,MIN_EXPECTANCY,MAX_EXPECTANCY,MEAN_R_TOTAL,MEDIAN_R_TOTAL,STD_R_TOTAL,MIN_R_TOTAL,MAX_R_TOTAL,MEAN_RETURN_PCT,MEDIAN_RETURN_PCT,STD_RETURN_PCT,MIN_RETURN_PCT,MAX_RETURN_PCT,MEAN_MAX_DRAWDOWN,MEDIAN_MAX_DRAWDOWN,STD_MAX_DRAWDOWN,MIN_MAX_DRAWDOWN,MAX_MAX_DRAWDOWN,POSITIVE_FOLDS,POSITIVE_FOLDS_PCT,EXPECTANCY_CI95_LOW,EXPECTANCY_CI95_HIGH,DRAWDOWN_95,CLASSIFICATION,NO_EJECUTABLES_BROKER_MIN,SKIPPED_SLTP
GOLD,GOLD_LONG_LOGISTIC_BASE_PLUS_ML_T055,LONG,LOGISTIC,BASE_PLUS_ML,0.55,ATR_ONLY,0,100,False,CONFIG_LOCAL_FALLBACK_MT5_UNAVAILABLE,5,38,18,20,0.18621657666366223,0.08108288331833374,0.9428270476133853,-1.0,1.2499999999999785,2.8648663066546134,0.32433153327333497,9.125073919816257,-8.0,14.999999999999742,3.1561673388756164,0.29443488247640914,9.416906706161157,-7.725530557207976,15.959712424165673,2.873550644289368,1.6721226642388558,2.829083070454817,1.0000000000000062,7.725530557207976,3,60.0,-0.0967281175454397,0.8854911333301633,9.709605056685291,MIXTO,0,0
GOLD,GOLD_LONG_LOGISTIC_BASE_PLUS_ML_T055,LONG,LOGISTIC,BASE_PLUS_ML,0.55,ATR_ONLY,0,100,True,CONFIG_LOCAL_FALLBACK_MT5_UNAVAILABLE,5,0,0,0,0.0,0.0,0.0,0.0,0.0,0.0,0.0,0.0,0.0,0.0,0.0,0.0,0.0,0.0,0.0,0.0,0.0,0.0,0.0,0.0,0,0.0,,,,MUESTRA INSUFICIENTE,38,0
GOLD,GOLD_LONG_LOGISTIC_BASE_PLUS_ML_T055,LONG,LOGISTIC,BASE_PLUS_ML,0.55,ATR_ONLY,0,500,False,CONFIG_LOCAL_FALLBACK_MT5_UNAVAILABLE,5,38,18,20,0.18621657666366223,0.08108288331833374,0.9428270476133853,-1.0,1.2499999999999785,2.8648663066546134,0.32433153327333497,9.125073919816257,-8.0,14.999999999999742,3.156167338875614,0.294434882476412,9.416906706161155,-7.725530557207981,15.959712424165652,2.873550644289368,1.6721226642388558,2.8290830704548204,1.0000000000000009,7.725530557207981,3,60.0,-0.0967281175454397,0.8854911333301633,9.709605056685291,MIXTO,0,0
GOLD,GOLD_LONG_LOGISTIC_BASE_PLUS_ML_T055,LONG,LOGISTIC,BASE_PLUS_ML,0.55,ATR_ONLY,0,500,True,CONFIG_LOCAL_FALLBACK_MT5_UNAVAILABLE,5,0,0,0,0.0,0.0,0.0,0.0,0.0,0.0,0.0,0.0,0.0,0.0,0.0,0.0,0.0,0.0,0.0,0.0,0.0,0.0,0.0,0.0,0,0.0,,,,MUESTRA INSUFICIENTE,38,0
GOLD,GOLD_LONG_LOGISTIC_BASE_PLUS_ML_T055,LONG,LOGISTIC,BASE_PLUS_ML,0.55,ATR_ONLY,0,1000,False,CONFIG_LOCAL_FALLBACK_MT5_UNAVAILABLE,5,38,18,20,0.18621657666366223,0.08108288331833374,0.9428270476133853,-1.0,1.2499999999999785,2.8648663066546134,0.32433153327333497,9.125073919816257,-8.0,14.999999999999742,3.156167338875614,0.294434882476412,9.416906706161155,-7.725530557207981,15.959712424165652,2.873550644289368,1.6721226642388558,2.8290830704548204,1.0000000000000009,7.725530557207981,3,60.0,-0.0967281175454397,0.8854911333301633,9.709605056685291,MIXTO,0,0
GOLD,GOLD_LONG_LOGISTIC_BASE_PLUS_ML_T055,LONG,LOGISTIC,BASE_PLUS_ML,0.55,ATR_ONLY,0,1000,True,CONFIG_LOCAL_FALLBACK_MT5_UNAVAILABLE,5,2,1,1,0.1,0.0,0.22360679774997902,0.0,0.5,0.2,0.0,0.44721359549995804,0.0,1.0,0.11412915822581453,0.0,0.2552005560077506,0.0,0.5706457911290727,0.17794625789579183,0.0,0.3978999289966991,0.0,0.8897312894789592,1,20.0,-1.0,2.0,2.0000000000000018,MUESTRA INSUFICIENTE,36,0
GOLD,GOLD_LONG_LOGISTIC_BASE_PLUS_ML_T055,LONG,LOGISTIC,BASE_PLUS_ML,0.55,ATR_ONLY,0,5000,False,CONFIG_LOCAL_FALLBACK_MT5_UNAVAILABLE,5,38,18,20,0.18621657666366223,0.08108288331833374,0.9428270476133853,-1.0,1.2499999999999785,2.8648663066546134,0.32433153327333497,9.125073919816257,-8.0,14.999999999999742,3.156167338875613,0.2944348824764165,9.416906706161155,-7.7255305572079855,15.959712424165645,2.8735506442893692,1.67212266423886,2.829083070454822,1.0,7.7255305572079855,3,60.0,-0.0967281175454397,0.8854911333301633,9.709605056685291,MIXTO,0,0
GOLD,GOLD_LONG_LOGISTIC_BASE_PLUS_ML_T055,LONG,LOGISTIC,BASE_PLUS_ML,0.55,ATR_ONLY,0,5000,True,CONFIG_LOCAL_FALLBACK_MT5_UNAVAILABLE,5,37,18,19,0.23621657666366228,0.08108288331833374,1.0015716497727034,-1.0,1.249999999999999,3.0648663066546136,0.32433153327333497,9.302394363215502,-8.0,14.999999999999742,2.5047627035165427,0.26535300047078636,7.610718992196904,-6.580783121373661,12.389052026960199,2.3254351275740937,1.2712279383488678,2.412144329503059,0.8959882543024803,6.580783121373661,3,60.0,-0.03652261982306868,0.8648648648648585,9.677321936594492,MIXTO,1,0
GOLD,GOLD_LONG_LOGISTIC_BASE_PLUS_ML_T055,LONG,LOGISTIC,BASE_PLUS_ML,0.55,ATR_ONLY,1,100,False,CONFIG_LOCAL_FALLBACK_MT5_UNAVAILABLE,5,38,18,20,0.14023153719437526,0.036356338151898995,0.9385609401225762,-1.0487560815741694,1.1877347339368933,2.4954258598290227,0.14542535260759598,8.969052019523366,-8.390048652593356,14.25281680724272,2.7655541556273135,0.11525965500679546,9.206767739380304,-8.088456805765432,15.105861886636573,3.0189076019754593,1.8026929518772283,2.9486259042797154,1.057363779550576,8.088456805765432,3,60.0,-0.14386050505514714,0.8351114213563124,10.72257932911543,MIXTO,0,0
GOLD,GOLD_LONG_LOGISTIC_BASE_PLUS_ML_T055,LONG,LOGISTIC,BASE_PLUS_ML,0.55,ATR_ONLY,1,100,True,CONFIG_LOCAL_FALLBACK_MT5_UNAVAILABLE,5,0,0,0,0.0,0.0,0.0,0.0,0.0,0.0,0.0,0.0,0.0,0.0,0.0,0.0,0.0,0.0,0.0,0.0,0.0,0.0,0.0,0.0,0,0.0,,,,MUESTRA INSUFICIENTE,38,0
GOLD,GOLD_LONG_LOGISTIC_BASE_PLUS_ML_T055,LONG,LOGISTIC,BASE_PLUS_ML,0.55,ATR_ONLY,1,500,False,CONFIG_LOCAL_FALLBACK_MT5_UNAVAILABLE,5,38,18,20,0.14023153719437526,0.036356338151898995,0.9385609401225762,-1.0487560815741694,1.1877347339368933,2.4954258598290227,0.14542535260759598,8.969052019523366,-8.390048652593356,14.25281680724272,2.7655541556273078,0.11525965500678693,9.206767739380282,-8.088456805765407,15.105861886636557,3.018907601975454,1.8026929518772283,2.9486259042797025,1.0573637795505841,8.088456805765407,3,60.0,-0.14386050505514714,0.8351114213563124,10.72257932911543,MIXTO,0,0
GOLD,GOLD_LONG_LOGISTIC_BASE_PLUS_ML_T055,LONG,LOGISTIC,BASE_PLUS_ML,0.55,ATR_ONLY,1,500,True,CONFIG_LOCAL_FALLBACK_MT5_UNAVAILABLE,5,0,0,0,0.0,0.0,0.0,0.0,0.0,0.0,0.0,0.0,0.0,0.0,0.0,0.0,0.0,0.0,0.0,0.0,0.0,0.0,0.0,0.0,0,0.0,,,,MUESTRA INSUFICIENTE,38,0
GOLD,GOLD_LONG_LOGISTIC_BASE_PLUS_ML_T055,LONG,LOGISTIC,BASE_PLUS_ML,0.55,ATR_ONLY,1,1000,False,CONFIG_LOCAL_FALLBACK_MT5_UNAVAILABLE,5,38,18,20,0.14023153719437526,0.036356338151898995,0.9385609401225762,-1.0487560815741694,1.1877347339368933,2.4954258598290227,0.14542535260759598,8.969052019523366,-8.390048652593356,14.25281680724272,2.7655541556273078,0.11525965500678693,9.206767739380282,-8.088456805765407,15.105861886636557,3.018907601975454,1.8026929518772283,2.9486259042797025,1.0573637795505841,8.088456805765407,3,60.0,-0.14386050505514714,0.8351114213563124,10.72257932911543,MIXTO,0,0
GOLD,GOLD_LONG_LOGISTIC_BASE_PLUS_ML_T055,LONG,LOGISTIC,BASE_PLUS_ML,0.55,ATR_ONLY,1,1000,True,CONFIG_LOCAL_FALLBACK_MT5_UNAVAILABLE,5,2,1,1,0.08161700197254358,0.0,0.18250116453034188,0.0,0.4080850098627179,0.16323400394508716,0.0,0.36500232906068375,0.0,0.8161700197254358,0.08464054511468021,0.0,0.1892620125290627,0.0,0.42320272557340105,0.1926828636606274,0.0,0.4308519812444868,0.0,0.963414318303137,1,20.0,-1.0828149236690632,1.898984943394499,2.165629847338124,MUESTRA INSUFICIENTE,36,0
GOLD,GOLD_LONG_LOGISTIC_BASE_PLUS_ML_T055,LONG,LOGISTIC,BASE_PLUS_ML,0.55,ATR_ONLY,1,5000,False,CONFIG_LOCAL_FALLBACK_MT5_UNAVAILABLE,5,38,18,20,0.14023153719437526,0.036356338151898995,0.9385609401225762,-1.0487560815741694,1.1877347339368933,2.4954258598290227,0.14542535260759598,8.969052019523366,-8.390048652593356,14.25281680724272,2.765554155627317,0.11525965500679376,9.206767739380313,-8.088456805765436,15.105861886636612,3.0189076019754624,1.8026929518772261,2.948625904279716,1.0573637795505753,8.088456805765436,3,60.0,-0.14386050505514714,0.8351114213563124,10.72257932911543,MIXTO,0,0
GOLD,GOLD_LONG_LOGISTIC_BASE_PLUS_ML_T055,LONG,LOGISTIC,BASE_PLUS_ML,0.55,ATR_ONLY,1,5000,True,CONFIG_LOCAL_FALLBACK_MT5_UNAVAILABLE,5,37,18,19,0.1895741912200631,0.036356338151898995,0.9970900286787219,-1.0487560815741694,1.2066688487789112,2.698175976304431,0.14542535260759598,9.152254494895695,-8.390048652593356,14.25281680724272,2.1976323069336976,0.12425046517075317,7.469891702531064,-6.907221042084966,11.726020720390334,2.446756534247146,1.3747716007931547,2.5256468424441616,0.9487775222259243,6.907221042084966,3,60.0,-0.08620787263876313,0.8162377182601496,10.43910218279467,MIXTO,1,0
GOLD,GOLD_LONG_LOGISTIC_BASE_PLUS_ML_T055,LONG,LOGISTIC,BASE_PLUS_ML,0.55,ATR_ONLY,2,100,False,CONFIG_LOCAL_FALLBACK_MT5_UNAVAILABLE,5,38,18,20,0.09424649772508817,-0.008370207014535808,0.9343957787481144,-1.0975121631483389,1.1254694678738082,2.125985413003433,-0.03348082805814323,8.816480013649274,-8.780097305186711,13.5056336144857,2.376671130907576,-0.06367634159552438,9.001998102058328,-8.450136332326906,14.257732393137715,3.16398043159381,1.9331485084954865,3.0680324896108284,1.1147275591011507,8.450136332326906,2,40.0,-0.1909928925648484,0.7847317093824628,11.703192970468038,MIXTO,0,0
GOLD,GOLD_LONG_LOGISTIC_BASE_PLUS_ML_T055,LONG,LOGISTIC,BASE_PLUS_ML,0.55,ATR_ONLY,2,100,True,CONFIG_LOCAL_FALLBACK_MT5_UNAVAILABLE,5,0,0,0,0.0,0.0,0.0,0.0,0.0,0.0,0.0,0.0,0.0,0.0,0.0,0.0,0.0,0.0,0.0,0.0,0.0,0.0,0.0,0.0,0,0.0,,,,MUESTRA INSUFICIENTE,38,0
GOLD,GOLD_LONG_LOGISTIC_BASE_PLUS_ML_T055,LONG,LOGISTIC,BASE_PLUS_ML,0.55,ATR_ONLY,2,500,False,CONFIG_LOCAL_FALLBACK_MT5_UNAVAILABLE,5,38,18,20,0.09424649772508817,-0.008370207014535808,0.9343957787481144,-1.0975121631483389,1.1254694678738082,2.125985413003433,-0.03348082805814323,8.816480013649274,-8.780097305186711,13.5056336144857,2.3766711309075794,-0.06367634159552153,9.001998102058334,-8.450136332326906,14.257732393137712,3.163980431593814,1.9331485084954783,3.068032489610828,1.1147275591011558,8.450136332326906,2,40.0,-0.1909928925648484,0.7847317093824628,11.703192970468038,MIXTO,0,0
GOLD,GOLD_LONG_LOGISTIC_BASE_PLUS_ML_T055,LONG,LOGISTIC,BASE_PLUS_ML,0.55,ATR_ONLY,2,500,True,CONFIG_LOCAL_FALLBACK_MT5_UNAVAILABLE,5,0,0,0,0.0,0.0,0.0,0.0,0.0,0.0,0.0,0.0,0.0,0.0,0.0,0.0,0.0,0.0,0.0,0.0,0.0,0.0,0.0,0.0,0,0.0,,,,MUESTRA INSUFICIENTE,38,0
GOLD,GOLD_LONG_LOGISTIC_BASE_PLUS_ML_T055,LONG,LOGISTIC,BASE_PLUS_ML,0.55,ATR_ONLY,2,1000,False,CONFIG_LOCAL_FALLBACK_MT5_UNAVAILABLE,5,38,18,20,0.09424649772508817,-0.008370207014535808,0.9343957787481144,-1.0975121631483389,1.1254694678738082,2.125985413003433,-0.03348082805814323,8.816480013649274,-8.780097305186711,13.5056336144857,2.3766711309075794,-0.06367634159552153,9.001998102058334,-8.450136332326906,14.257732393137712,3.163980431593814,1.9331485084954783,3.068032489610828,1.1147275591011558,8.450136332326906,2,40.0,-0.1909928925648484,0.7847317093824628,11.703192970468038,MIXTO,0,0
GOLD,GOLD_LONG_LOGISTIC_BASE_PLUS_ML_T055,LONG,LOGISTIC,BASE_PLUS_ML,0.55,ATR_ONLY,2,1000,True,CONFIG_LOCAL_FALLBACK_MT5_UNAVAILABLE,5,2,1,1,0.06323400394508719,0.0,0.14139553131070481,0.0,0.3161700197254359,0.12646800789017437,0.0,0.28279106262140963,0.0,0.6323400394508718,0.055151932003543604,0.0,0.12332346905036967,0.0,0.275759660017718,0.2074194694254629,0.0,0.4638040334922743,0.0,1.0370973471273146,1,20.0,-1.1656298473381261,1.797969886788998,2.3312596946762465,MUESTRA INSUFICIENTE,36,0
GOLD,GOLD_LONG_LOGISTIC_BASE_PLUS_ML_T055,LONG,LOGISTIC,BASE_PLUS_ML,0.55,ATR_ONLY,2,5000,False,CONFIG_LOCAL_FALLBACK_MT5_UNAVAILABLE,5,38,18,20,0.09424649772508817,-0.008370207014535808,0.9343957787481144,-1.0975121631483389,1.1254694678738082,2.125985413003433,-0.03348082805814323,8.816480013649274,-8.780097305186711,13.5056336144857,2.376671130907576,-0.06367634159552836,9.00199810205833,-8.450136332326892,14.25773239313772,3.1639804315938114,1.9331485084954847,3.0680324896108218,1.1147275591011558,8.450136332326892,2,40.0,-0.1909928925648484,0.7847317093824628,11.703192970468038,MIXTO,0,0
GOLD,GOLD_LONG_LOGISTIC_BASE_PLUS_ML_T055,LONG,LOGISTIC,BASE_PLUS_ML,0.55,ATR_ONLY,2,5000,True,CONFIG_LOCAL_FALLBACK_MT5_UNAVAILABLE,5,37,18,19,0.14293180577646408,-0.008370207014535808,0.9926938668033787,-1.0975121631483389,1.1633376975578238,2.3314856459542503,-0.03348082805814323,9.005703156940173,-8.780097305186711,13.5056336144857,1.9622744283289066,-0.016852070129316415,7.22212161783993,-6.874796372905949,11.062989413820452,2.4964634061862654,1.478389639975524,2.4808284446739286,1.0017221451414382,6.874796372905949,2,40.0,-0.1358931254544576,0.7676105716554444,11.414463333981669,MIXTO,1,0
GOLD,GOLD_LONG_LOGISTIC_BASE_PLUS_ML_T055,LONG,LOGISTIC,BASE_PLUS_ML,0.55,ATR_ONLY,5,100,False,CONFIG_LOCAL_FALLBACK_MT5_UNAVAILABLE,5,38,18,20,-0.04370862068277255,-0.14254984251384004,0.9225194788374815,-1.2437804078708468,0.9386736696845531,1.0176640725266626,-0.5701993700553601,8.38132630492891,-9.950243262966774,11.264084036214637,1.2203192791118114,-0.5990510680416179,8.421459300360349,-9.527731173757445,11.747325214870926,3.597501608352006,2.323827293100902,3.4250133403411254,1.2868188977528787,9.527731173757445,2,40.0,-0.3323900550939521,0.6311488650391832,15.272321708885551,MIXTO,0,0
GOLD,GOLD_LONG_LOGISTIC_BASE_PLUS_ML_T055,LONG,LOGISTIC,BASE_PLUS_ML,0.55,ATR_ONLY,5,100,True,CONFIG_LOCAL_FALLBACK_MT5_UNAVAILABLE,5,0,0,0,0.0,0.0,0.0,0.0,0.0,0.0,0.0,0.0,0.0,0.0,0.0,0.0,0.0,0.0,0.0,0.0,0.0,0.0,0.0,0.0,0,0.0,,,,MUESTRA INSUFICIENTE,38,0
GOLD,GOLD_LONG_LOGISTIC_BASE_PLUS_ML_T055,LONG,LOGISTIC,BASE_PLUS_ML,0.55,ATR_ONLY,5,500,False,CONFIG_LOCAL_FALLBACK_MT5_UNAVAILABLE,5,38,18,20,-0.04370862068277255,-0.14254984251384004,0.9225194788374815,-1.2437804078708468,0.9386736696845531,1.0176640725266626,-0.5701993700553601,8.38132630492891,-9.950243262966774,11.264084036214637,1.2203192791118087,-0.5990510680416264,8.42145930036035,-9.527731173757445,11.747325214870921,3.5975016083520033,2.3238272931009103,3.4250133403411267,1.2868188977528676,9.527731173757445,2,40.0,-0.3323900550939521,0.6311488650391832,15.272321708885551,MIXTO,0,0
GOLD,GOLD_LONG_LOGISTIC_BASE_PLUS_ML_T055,LONG,LOGISTIC,BASE_PLUS_ML,0.55,ATR_ONLY,5,500,True,CONFIG_LOCAL_FALLBACK_MT5_UNAVAILABLE,5,0,0,0,0.0,0.0,0.0,0.0,0.0,0.0,0.0,0.0,0.0,0.0,0.0,0.0,0.0,0.0,0.0,0.0,0.0,0.0,0.0,0.0,0,0.0,,,,MUESTRA INSUFICIENTE,38,0
GOLD,GOLD_LONG_LOGISTIC_BASE_PLUS_ML_T055,LONG,LOGISTIC,BASE_PLUS_ML,0.55,ATR_ONLY,5,1000,False,CONFIG_LOCAL_FALLBACK_MT5_UNAVAILABLE,5,38,18,20,-0.04370862068277255,-0.14254984251384004,0.9225194788374815,-1.2437804078708468,0.9386736696845531,1.0176640725266626,-0.5701993700553601,8.38132630492891,-9.950243262966774,11.264084036214637,1.2203192791118087,-0.5990510680416264,8.42145930036035,-9.527731173757445,11.747325214870921,3.5975016083520033,2.3238272931009103,3.4250133403411267,1.2868188977528676,9.527731173757445,2,40.0,-0.3323900550939521,0.6311488650391832,15.272321708885551,MIXTO,0,0
GOLD,GOLD_LONG_LOGISTIC_BASE_PLUS_ML_T055,LONG,LOGISTIC,BASE_PLUS_ML,0.55,ATR_ONLY,5,1000,True,CONFIG_LOCAL_FALLBACK_MT5_UNAVAILABLE,5,2,1,1,0.00808500986271794,0.0,0.018078631651793558,0.0,0.0404250493135897,0.01617001972543588,0.0,0.036157263303587116,0.0,0.0808500986271794,-0.03331390732986165,0.0,0.07449216138569915,-0.16656953664930824,0.0,0.25162928671996954,0.0,0.562660190235637,0.0,1.2581464335998476,1,20.0,-1.4140746183453157,1.494924716972495,2.828149236690636,MUESTRA INSUFICIENTE,36,0
GOLD,GOLD_LONG_LOGISTIC_BASE_PLUS_ML_T055,LONG,LOGISTIC,BASE_PLUS_ML,0.55,ATR_ONLY,5,5000,False,CONFIG_LOCAL_FALLBACK_MT5_UNAVAILABLE,5,38,18,20,-0.04370862068277255,-0.14254984251384004,0.9225194788374815,-1.2437804078708468,0.9386736696845531,1.0176640725266626,-0.5701993700553601,8.38132630492891,-9.950243262966774,11.264084036214637,1.2203192791118052,-0.5990510680416082,8.421459300360372,-9.527731173757491,11.747325214870944,3.5975016083520104,2.323827293100886,3.425013340341148,1.2868188977528676,9.527731173757491,2,40.0,-0.3323900550939521,0.6311488650391832,15.272321708885551,MIXTO,0,0
GOLD,GOLD_LONG_LOGISTIC_BASE_PLUS_ML_T055,LONG,LOGISTIC,BASE_PLUS_ML,0.55,ATR_ONLY,5,5000,True,CONFIG_LOCAL_FALLBACK_MT5_UNAVAILABLE,5,37,18,19,0.003004649445666985,-0.14254984251384004,0.9800295252199858,-1.2437804078708468,1.033344243894561,1.231414654903706,-0.5701993700553601,8.589394842004063,-9.950243262966774,11.264084036214637,1.0515608825881353,-0.4401596760294342,6.811373000566253,-7.800721915000941,9.073895494110802,2.8511850410139465,1.7896908202016841,2.7984076825279507,1.1614950322257906,7.800721915000941,2,40.0,-0.2854468911559366,0.6217291318413293,14.719085469968299,MIXTO,1,0
GOLD,GOLD_LONG_LOGISTIC_BASE_PLUS_ML_T055,LONG,LOGISTIC,BASE_PLUS_ML,0.55,SWING_ATR,0,100,False,CONFIG_LOCAL_FALLBACK_MT5_UNAVAILABLE,5,38,22,16,-0.07991242551413882,-0.004195532746207806,0.3079320672740325,-0.5138562597316162,0.3038347444477045,-0.24602704037361037,-0.016782130984831223,2.8005465156435214,-4.1108500778529296,3.646016933372454,-0.23318471479440178,-0.02827762273871315,2.798311990518892,-4.054072854110373,3.699113076526686,1.785247713195536,1.0862689024311414,1.3527573271780207,0.7147176453057305,4.054072854110373,2,40.0,-0.2622376947919787,0.19320926027171595,10.35235836897857,MIXTO,0,0
GOLD,GOLD_LONG_LOGISTIC_BASE_PLUS_ML_T055,LONG,LOGISTIC,BASE_PLUS_ML,0.55,SWING_ATR,0,100,True,CONFIG_LOCAL_FALLBACK_MT5_UNAVAILABLE,5,0,0,0,0.0,0.0,0.0,0.0,0.0,0.0,0.0,0.0,0.0,0.0,0.0,0.0,0.0,0.0,0.0,0.0,0.0,0.0,0.0,0.0,0,0.0,,,,MUESTRA INSUFICIENTE,38,0
GOLD,GOLD_LONG_LOGISTIC_BASE_PLUS_ML_T055,LONG,LOGISTIC,BASE_PLUS_ML,0.55,SWING_ATR,0,500,False,CONFIG_LOCAL_FALLBACK_MT5_UNAVAILABLE,5,38,22,16,-0.07991242551413882,-0.004195532746207806,0.3079320672740325,-0.5138562597316162,0.3038347444477045,-0.24602704037361037,-0.016782130984831223,2.8005465156435214,-4.1108500778529296,3.646016933372454,-0.23318471479439734,-0.028277622738710307,2.7983119905189024,-4.0540728541103705,3.6991130765267144,1.7852477131955347,1.0862689024311303,1.3527573271780202,0.7147176453057333,4.0540728541103705,2,40.0,-0.2622376947919787,0.19320926027171595,10.35235836897857,MIXTO,0,0
GOLD,GOLD_LONG_LOGISTIC_BASE_PLUS_ML_T055,LONG,LOGISTIC,BASE_PLUS_ML,0.55,SWING_ATR,0,500,True,CONFIG_LOCAL_FALLBACK_MT5_UNAVAILABLE,5,0,0,0,0.0,0.0,0.0,0.0,0.0,0.0,0.0,0.0,0.0,0.0,0.0,0.0,0.0,0.0,0.0,0.0,0.0,0.0,0.0,0.0,0,0.0,,,,MUESTRA INSUFICIENTE,38,0
GOLD,GOLD_LONG_LOGISTIC_BASE_PLUS_ML_T055,LONG,LOGISTIC,BASE_PLUS_ML,0.55,SWING_ATR,0,1000,False,CONFIG_LOCAL_FALLBACK_MT5_UNAVAILABLE,5,38,22,16,-0.07991242551413882,-0.004195532746207806,0.3079320672740325,-0.5138562597316162,0.3038347444477045,-0.24602704037361037,-0.016782130984831223,2.8005465156435214,-4.1108500778529296,3.646016933372454,-0.23318471479439734,-0.028277622738710307,2.7983119905189024,-4.0540728541103705,3.6991130765267144,1.7852477131955347,1.0862689024311303,1.3527573271780202,0.7147176453057333,4.0540728541103705,2,40.0,-0.2622376947919787,0.19320926027171595,10.35235836897857,MIXTO,0,0
GOLD,GOLD_LONG_LOGISTIC_BASE_PLUS_ML_T055,LONG,LOGISTIC,BASE_PLUS_ML,0.55,SWING_ATR,0,1000,True,CONFIG_LOCAL_FALLBACK_MT5_UNAVAILABLE,5,0,0,0,0.0,0.0,0.0,0.0,0.0,0.0,0.0,0.0,0.0,0.0,0.0,0.0,0.0,0.0,0.0,0.0,0.0,0.0,0.0,0.0,0,0.0,,,,MUESTRA INSUFICIENTE,38,0
GOLD,GOLD_LONG_LOGISTIC_BASE_PLUS_ML_T055,LONG,LOGISTIC,BASE_PLUS_ML,0.55,SWING_ATR,0,5000,False,CONFIG_LOCAL_FALLBACK_MT5_UNAVAILABLE,5,38,22,16,-0.07991242551413882,-0.004195532746207806,0.3079320672740325,-0.5138562597316162,0.3038347444477045,-0.24602704037361037,-0.016782130984831223,2.8005465156435214,-4.1108500778529296,3.646016933372454,-0.23318471479439173,-0.02827762273869666,2.7983119905188953,-4.0540728541103634,3.6991130765267006,1.785247713195531,1.0862689024311236,1.35275732717802,0.7147176453057287,4.0540728541103634,2,40.0,-0.2622376947919787,0.19320926027171595,10.35235836897857,MIXTO,0,0
GOLD,GOLD_LONG_LOGISTIC_BASE_PLUS_ML_T055,LONG,LOGISTIC,BASE_PLUS_ML,0.55,SWING_ATR,0,5000,True,CONFIG_LOCAL_FALLBACK_MT5_UNAVAILABLE,5,11,6,5,-0.048601575333773704,0.03300866516594412,0.6165090877585134,-1.0,0.6876930158903485,0.11600031539883023,0.13203466066377648,0.8766943659236592,-1.0,1.375386031780697,0.11404030240825887,-0.060850066445418634,0.7357050801516838,-0.8928732164259419,1.050175135962145,0.5825296932222453,0.644215548293581,0.3411527309674701,0.0,0.8928732164259419,3,60.0,-0.44822899201278826,0.5487194627326641,4.976672186930021,MUESTRA INSUFICIENTE,27,0
GOLD,GOLD_LONG_LOGISTIC_BASE_PLUS_ML_T055,LONG,LOGISTIC,BASE_PLUS_ML,0.55,SWING_ATR,1,100,False,CONFIG_LOCAL_FALLBACK_MT5_UNAVAILABLE,5,38,22,16,-0.09509256867891287,-0.025061898469030924,0.3072933261283959,-0.5281201827770894,0.28915197086784095,-0.3576407619724472,-0.1002475938761237,2.7752996606974483,-4.224961462216715,3.4698236504140914,-0.34503441578339117,-0.11144494386022075,2.7691984064808324,-4.164094685313955,3.517043223949315,1.8395407159541612,1.1390867099768938,1.3832814362798465,0.7314398829048391,4.164094685313955,2,40.0,-0.2766997308236074,0.17942410980118761,10.696018948397159,MIXTO,0,0
GOLD,GOLD_LONG_LOGISTIC_BASE_PLUS_ML_T055,LONG,LOGISTIC,BASE_PLUS_ML,0.55,SWING_ATR,1,100,True,CONFIG_LOCAL_FALLBACK_MT5_UNAVAILABLE,5,0,0,0,0.0,0.0,0.0,0.0,0.0,0.0,0.0,0.0,0.0,0.0,0.0,0.0,0.0,0.0,0.0,0.0,0.0,0.0,0.0,0.0,0,0.0,,,,MUESTRA INSUFICIENTE,38,0
GOLD,GOLD_LONG_LOGISTIC_BASE_PLUS_ML_T055,LONG,LOGISTIC,BASE_PLUS_ML,0.55,SWING_ATR,1,500,False,CONFIG_LOCAL_FALLBACK_MT5_UNAVAILABLE,5,38,22,16,-0.09509256867891287,-0.025061898469030924,0.3072933261283959,-0.5281201827770894,0.28915197086784095,-0.3576407619724472,-0.1002475938761237,2.7752996606974483,-4.224961462216715,3.4698236504140914,-0.34503441578339106,-0.11144494386023779,2.769198406480846,-4.164094685313967,3.5170432239493494,1.839540715954167,1.1390867099769109,1.3832814362798505,0.7314398829048334,4.164094685313967,2,40.0,-0.2766997308236074,0.17942410980118761,10.696018948397159,MIXTO,0,0
GOLD,GOLD_LONG_LOGISTIC_BASE_PLUS_ML_T055,LONG,LOGISTIC,BASE_PLUS_ML,0.55,SWING_ATR,1,500,True,CONFIG_LOCAL_FALLBACK_MT5_UNAVAILABLE,5,0,0,0,0.0,0.0,0.0,0.0,0.0,0.0,0.0,0.0,0.0,0.0,0.0,0.0,0.0,0.0,0.0,0.0,0.0,0.0,0.0,0.0,0,0.0,,,,MUESTRA INSUFICIENTE,38,0
GOLD,GOLD_LONG_LOGISTIC_BASE_PLUS_ML_T055,LONG,LOGISTIC,BASE_PLUS_ML,0.55,SWING_ATR,1,1000,False,CONFIG_LOCAL_FALLBACK_MT5_UNAVAILABLE,5,38,22,16,-0.09509256867891287,-0.025061898469030924,0.3072933261283959,-0.5281201827770894,0.28915197086784095,-0.3576407619724472,-0.1002475938761237,2.7752996606974483,-4.224961462216715,3.4698236504140914,-0.34503441578339106,-0.11144494386023779,2.769198406480846,-4.164094685313967,3.5170432239493494,1.839540715954167,1.1390867099769109,1.3832814362798505,0.7314398829048334,4.164094685313967,2,40.0,-0.2766997308236074,0.17942410980118761,10.696018948397159,MIXTO,0,0
GOLD,GOLD_LONG_LOGISTIC_BASE_PLUS_ML_T055,LONG,LOGISTIC,BASE_PLUS_ML,0.55,SWING_ATR,1,1000,True,CONFIG_LOCAL_FALLBACK_MT5_UNAVAILABLE,5,0,0,0,0.0,0.0,0.0,0.0,0.0,0.0,0.0,0.0,0.0,0.0,0.0,0.0,0.0,0.0,0.0,0.0,0.0,0.0,0.0,0.0,0,0.0,,,,MUESTRA INSUFICIENTE,38,0
GOLD,GOLD_LONG_LOGISTIC_BASE_PLUS_ML_T055,LONG,LOGISTIC,BASE_PLUS_ML,0.55,SWING_ATR,1,5000,False,CONFIG_LOCAL_FALLBACK_MT5_UNAVAILABLE,5,38,22,16,-0.09509256867891287,-0.025061898469030924,0.3072933261283959,-0.5281201827770894,0.28915197086784095,-0.3576407619724472,-0.1002475938761237,2.7752996606974483,-4.224961462216715,3.4698236504140914,-0.34503441578340055,-0.11144494386024234,2.7691984064808346,-4.164094685313976,3.517043223949313,1.8395407159541706,1.1390867099769086,1.3832814362798527,0.7314398829048335,4.164094685313976,2,40.0,-0.2766997308236074,0.17942410980118761,10.696018948397159,MIXTO,0,0
GOLD,GOLD_LONG_LOGISTIC_BASE_PLUS_ML_T055,LONG,LOGISTIC,BASE_PLUS_ML,0.55,SWING_ATR,1,5000,True,CONFIG_LOCAL_FALLBACK_MT5_UNAVAILABLE,5,11,6,5,-0.074762102139527,0.011240450243323583,0.6121787458907781,-1.0215236738470377,0.6553372627075842,0.059276710587682954,0.04496180097329433,0.8604371259616621,-1.0215236738470377,1.3106745254151684,0.06997881810458059,-0.12056958202472742,0.7235422996522509,-0.9120911283230452,0.9971541164954396,0.5966396347720933,0.661305882921755,0.34900534351355567,0.0,0.9120911283230452,3,60.0,-0.473359161659954,0.5210630069365155,5.166589885429777,MUESTRA INSUFICIENTE,27,0
GOLD,GOLD_LONG_LOGISTIC_BASE_PLUS_ML_T055,LONG,LOGISTIC,BASE_PLUS_ML,0.55,SWING_ATR,2,100,False,CONFIG_LOCAL_FALLBACK_MT5_UNAVAILABLE,5,38,22,16,-0.11027271184368688,-0.045928264191854,0.30668822894096326,-0.5423841058225625,0.2744691972879774,-0.469254483571284,-0.183713056767416,2.7504948895280714,-4.3390728465805,3.293630367455729,-0.45676577174937166,-0.19456665090164904,2.7405965263723355,-4.274008020851937,3.3352616104307913,1.8938042780882802,1.1969776795471305,1.4139578450001444,0.7481621205039426,4.274008020851937,2,40.0,-0.29158218436897587,0.16563895933065928,11.109095305056037,MIXTO,0,0
GOLD,GOLD_LONG_LOGISTIC_BASE_PLUS_ML_T055,LONG,LOGISTIC,BASE_PLUS_ML,0.55,SWING_ATR,2,100,True,CONFIG_LOCAL_FALLBACK_MT5_UNAVAILABLE,5,0,0,0,0.0,0.0,0.0,0.0,0.0,0.0,0.0,0.0,0.0,0.0,0.0,0.0,0.0,0.0,0.0,0.0,0.0,0.0,0.0,0.0,0,0.0,,,,MUESTRA INSUFICIENTE,38,0
GOLD,GOLD_LONG_LOGISTIC_BASE_PLUS_ML_T055,LONG,LOGISTIC,BASE_PLUS_ML,0.55,SWING_ATR,2,500,False,CONFIG_LOCAL_FALLBACK_MT5_UNAVAILABLE,5,38,22,16,-0.11027271184368688,-0.045928264191854,0.30668822894096326,-0.5423841058225625,0.2744691972879774,-0.469254483571284,-0.183713056767416,2.7504948895280714,-4.3390728465805,3.293630367455729,-0.45676577174936694,-0.19456665090162917,2.740596526372318,-4.274008020851897,3.33526161043078,1.8938042780882711,1.1969776795471165,1.4139578450001284,0.7481621205039426,4.274008020851897,2,40.0,-0.29158218436897587,0.16563895933065928,11.109095305056037,MIXTO,0,0
GOLD,GOLD_LONG_LOGISTIC_BASE_PLUS_ML_T055,LONG,LOGISTIC,BASE_PLUS_ML,0.55,SWING_ATR,2,500,True,CONFIG_LOCAL_FALLBACK_MT5_UNAVAILABLE,5,0,0,0,0.0,0.0,0.0,0.0,0.0,0.0,0.0,0.0,0.0,0.0,0.0,0.0,0.0,0.0,0.0,0.0,0.0,0.0,0.0,0.0,0,0.0,,,,MUESTRA INSUFICIENTE,38,0
GOLD,GOLD_LONG_LOGISTIC_BASE_PLUS_ML_T055,LONG,LOGISTIC,BASE_PLUS_ML,0.55,SWING_ATR,2,1000,False,CONFIG_LOCAL_FALLBACK_MT5_UNAVAILABLE,5,38,22,16,-0.11027271184368688,-0.045928264191854,0.30668822894096326,-0.5423841058225625,0.2744691972879774,-0.469254483571284,-0.183713056767416,2.7504948895280714,-4.3390728465805,3.293630367455729,-0.45676577174936694,-0.19456665090162917,2.740596526372318,-4.274008020851897,3.33526161043078,1.8938042780882711,1.1969776795471165,1.4139578450001284,0.7481621205039426,4.274008020851897,2,40.0,-0.29158218436897587,0.16563895933065928,11.109095305056037,MIXTO,0,0
GOLD,GOLD_LONG_LOGISTIC_BASE_PLUS_ML_T055,LONG,LOGISTIC,BASE_PLUS_ML,0.55,SWING_ATR,2,1000,True,CONFIG_LOCAL_FALLBACK_MT5_UNAVAILABLE,5,0,0,0,0.0,0.0,0.0,0.0,0.0,0.0,0.0,0.0,0.0,0.0,0.0,0.0,0.0,0.0,0.0,0.0,0.0,0.0,0.0,0.0,0,0.0,,,,MUESTRA INSUFICIENTE,38,0
GOLD,GOLD_LONG_LOGISTIC_BASE_PLUS_ML_T055,LONG,LOGISTIC,BASE_PLUS_ML,0.55,SWING_ATR,2,5000,False,CONFIG_LOCAL_FALLBACK_MT5_UNAVAILABLE,5,38,22,16,-0.11027271184368688,-0.045928264191854,0.30668822894096326,-0.5423841058225625,0.2744691972879774,-0.469254483571284,-0.183713056767416,2.7504948895280714,-4.3390728465805,3.293630367455729,-0.45676577174936756,-0.1945666509016337,2.740596526372325,-4.274008020851925,3.335261610430771,1.893804278088275,1.1969776795471077,1.4139578450001395,0.7481621205039515,4.274008020851925,2,40.0,-0.29158218436897587,0.16563895933065928,11.109095305056037,MIXTO,0,0
GOLD,GOLD_LONG_LOGISTIC_BASE_PLUS_ML_T055,LONG,LOGISTIC,BASE_PLUS_ML,0.55,SWING_ATR,2,5000,True,CONFIG_LOCAL_FALLBACK_MT5_UNAVAILABLE,5,11,6,5,-0.10092262894528026,-0.010527764679296947,0.6078778996077329,-1.0430473476940751,0.6229815095248199,0.0025531057765357133,-0.04211105871718779,0.8446020216021751,-1.0430473476940751,1.2459630190496398,0.025917333800902283,-0.1622977167956742,0.7115496988351824,-0.9313090402201487,0.9441330970286981,0.6107560256811674,0.6791524473864228,0.356866978413662,0.0,0.9313090402201487,2,40.0,-0.49848933130711987,0.4955651662201741,5.396882432796732,MUESTRA INSUFICIENTE,27,0
GOLD,GOLD_LONG_LOGISTIC_BASE_PLUS_ML_T055,LONG,LOGISTIC,BASE_PLUS_ML,0.55,SWING_ATR,5,100,False,CONFIG_LOCAL_FALLBACK_MT5_UNAVAILABLE,5,38,22,16,-0.155813141338009,-0.10852736136032326,0.305076747389264,-0.5851758749589817,0.23042087654838675,-0.8040956483677941,-0.43410944544129304,2.6788547909299267,-4.681406999671854,2.765050518580641,-0.7912510044130044,-0.44365823262025117,2.6579720530888853,-4.603097955467916,2.7916421236189564,2.056418510701087,1.3705511515179325,1.50677865934701,0.7983288333012819,4.603097955467916,1,20.0,-0.33762398372147195,0.12318087334605254,12.520943234187072,INESTABLE,0,0
GOLD,GOLD_LONG_LOGISTIC_BASE_PLUS_ML_T055,LONG,LOGISTIC,BASE_PLUS_ML,0.55,SWING_ATR,5,100,True,CONFIG_LOCAL_FALLBACK_MT5_UNAVAILABLE,5,0,0,0,0.0,0.0,0.0,0.0,0.0,0.0,0.0,0.0,0.0,0.0,0.0,0.0,0.0,0.0,0.0,0.0,0.0,0.0,0.0,0.0,0,0.0,,,,MUESTRA INSUFICIENTE,38,0
GOLD,GOLD_LONG_LOGISTIC_BASE_PLUS_ML_T055,LONG,LOGISTIC,BASE_PLUS_ML,0.55,SWING_ATR,5,500,False,CONFIG_LOCAL_FALLBACK_MT5_UNAVAILABLE,5,38,22,16,-0.155813141338009,-0.10852736136032326,0.305076747389264,-0.5851758749589817,0.23042087654838675,-0.8040956483677941,-0.43410944544129304,2.6788547909299267,-4.681406999671854,2.765050518580641,-0.7912510044130047,-0.44365823262025966,2.6579720530888964,-4.603097955467934,2.7916421236189763,2.05641851070109,1.370551151517941,1.506778659347017,0.7983288333012791,4.603097955467934,1,20.0,-0.33762398372147195,0.12318087334605254,12.520943234187072,INESTABLE,0,0
GOLD,GOLD_LONG_LOGISTIC_BASE_PLUS_ML_T055,LONG,LOGISTIC,BASE_PLUS_ML,0.55,SWING_ATR,5,500,True,CONFIG_LOCAL_FALLBACK_MT5_UNAVAILABLE,5,0,0,0,0.0,0.0,0.0,0.0,0.0,0.0,0.0,0.0,0.0,0.0,0.0,0.0,0.0,0.0,0.0,0.0,0.0,0.0,0.0,0.0,0,0.0,,,,MUESTRA INSUFICIENTE,38,0
GOLD,GOLD_LONG_LOGISTIC_BASE_PLUS_ML_T055,LONG,LOGISTIC,BASE_PLUS_ML,0.55,SWING_ATR,5,1000,False,CONFIG_LOCAL_FALLBACK_MT5_UNAVAILABLE,5,38,22,16,-0.155813141338009,-0.10852736136032326,0.305076747389264,-0.5851758749589817,0.23042087654838675,-0.8040956483677941,-0.43410944544129304,2.6788547909299267,-4.681406999671854,2.765050518580641,-0.7912510044130047,-0.44365823262025966,2.6579720530888964,-4.603097955467934,2.7916421236189763,2.05641851070109,1.370551151517941,1.506778659347017,0.7983288333012791,4.603097955467934,1,20.0,-0.33762398372147195,0.12318087334605254,12.520943234187072,INESTABLE,0,0
GOLD,GOLD_LONG_LOGISTIC_BASE_PLUS_ML_T055,LONG,LOGISTIC,BASE_PLUS_ML,0.55,SWING_ATR,5,1000,True,CONFIG_LOCAL_FALLBACK_MT5_UNAVAILABLE,5,0,0,0,0.0,0.0,0.0,0.0,0.0,0.0,0.0,0.0,0.0,0.0,0.0,0.0,0.0,0.0,0.0,0.0,0.0,0.0,0.0,0.0,0,0.0,,,,MUESTRA INSUFICIENTE,38,0
GOLD,GOLD_LONG_LOGISTIC_BASE_PLUS_ML_T055,LONG,LOGISTIC,BASE_PLUS_ML,0.55,SWING_ATR,5,5000,False,CONFIG_LOCAL_FALLBACK_MT5_UNAVAILABLE,5,38,22,16,-0.155813141338009,-0.10852736136032326,0.305076747389264,-0.5851758749589817,0.23042087654838675,-0.8040956483677941,-0.43410944544129304,2.6788547909299267,-4.681406999671854,2.765050518580641,-0.7912510044130177,-0.44365823262025517,2.657972053088873,-4.603097955467929,2.791642123618913,2.056418510701087,1.3705511515179254,1.506778659347016,0.7983288333012768,4.603097955467929,1,20.0,-0.33762398372147195,0.12318087334605254,12.520943234187072,INESTABLE,0,0
GOLD,GOLD_LONG_LOGISTIC_BASE_PLUS_ML_T055,LONG,LOGISTIC,BASE_PLUS_ML,0.55,SWING_ATR,5,5000,True,CONFIG_LOCAL_FALLBACK_MT5_UNAVAILABLE,5,11,6,5,-0.17940420936254017,-0.07583240944715855,0.5951587067682097,-1.1076183692351882,0.5259142499765269,-0.16761770865690612,-0.3033296377886342,0.7998769282840041,-1.1076183692351882,1.0518284999530538,-0.10626711911012539,-0.2703234314516885,0.6766828194209672,-0.9889627759114774,0.7850700386285462,0.6531439626927724,0.7327653002451705,0.38050218708859374,0.0,0.9889627759114774,2,40.0,-0.5739097414052973,0.4167008836519802,6.048445975649534,MUESTRA INSUFICIENTE,27,0
GOLD,GOLD_LONG_LOGISTIC_BASE_PLUS_ML_T055,LONG,LOGISTIC,BASE_PLUS_ML,0.55,SWING_ATR_RR,0,100,False,CONFIG_LOCAL_FALLBACK_MT5_UNAVAILABLE,5,38,19,19,-0.01462986687633321,0.22970203788427346,0.4351577741257933,-0.5733997148216743,0.3736039835344209,0.2912102536048181,0.9188081515370938,3.611710233071424,-4.587197718573394,4.483247802413051,0.31022093921310445,0.8971972525869488,3.5946758142872244,-4.508049045239673,4.538048092556366,1.900621735263855,1.0811791641304422,1.5294288042722828,0.8731506716169444,4.508049045239673,3,60.0,-0.2605833673237628,0.3359209399422458,10.383119922600264,MIXTO,0,0
GOLD,GOLD_LONG_LOGISTIC_BASE_PLUS_ML_T055,LONG,LOGISTIC,BASE_PLUS_ML,0.55,SWING_ATR_RR,0,100,True,CONFIG_LOCAL_FALLBACK_MT5_UNAVAILABLE,5,0,0,0,0.0,0.0,0.0,0.0,0.0,0.0,0.0,0.0,0.0,0.0,0.0,0.0,0.0,0.0,0.0,0.0,0.0,0.0,0.0,0.0,0,0.0,,,,MUESTRA INSUFICIENTE,38,0
GOLD,GOLD_LONG_LOGISTIC_BASE_PLUS_ML_T055,LONG,LOGISTIC,BASE_PLUS_ML,0.55,SWING_ATR_RR,0,500,False,CONFIG_LOCAL_FALLBACK_MT5_UNAVAILABLE,5,38,19,19,-0.01462986687633321,0.22970203788427346,0.4351577741257933,-0.5733997148216743,0.3736039835344209,0.2912102536048181,0.9188081515370938,3.611710233071424,-4.587197718573394,4.483247802413051,0.3102209392130977,0.8971972525869433,3.594675814287233,-4.508049045239682,4.538048092556392,1.9006217352638597,1.0811791641304478,1.5294288042722866,0.8731506716169334,4.508049045239682,3,60.0,-0.2605833673237628,0.3359209399422458,10.383119922600264,MIXTO,0,0
GOLD,GOLD_LONG_LOGISTIC_BASE_PLUS_ML_T055,LONG,LOGISTIC,BASE_PLUS_ML,0.55,SWING_ATR_RR,0,500,True,CONFIG_LOCAL_FALLBACK_MT5_UNAVAILABLE,5,0,0,0,0.0,0.0,0.0,0.0,0.0,0.0,0.0,0.0,0.0,0.0,0.0,0.0,0.0,0.0,0.0,0.0,0.0,0.0,0.0,0.0,0,0.0,,,,MUESTRA INSUFICIENTE,38,0
GOLD,GOLD_LONG_LOGISTIC_BASE_PLUS_ML_T055,LONG,LOGISTIC,BASE_PLUS_ML,0.55,SWING_ATR_RR,0,1000,False,CONFIG_LOCAL_FALLBACK_MT5_UNAVAILABLE,5,38,19,19,-0.01462986687633321,0.22970203788427346,0.4351577741257933,-0.5733997148216743,0.3736039835344209,0.2912102536048181,0.9188081515370938,3.611710233071424,-4.587197718573394,4.483247802413051,0.3102209392130977,0.8971972525869433,3.594675814287233,-4.508049045239682,4.538048092556392,1.9006217352638597,1.0811791641304478,1.5294288042722866,0.8731506716169334,4.508049045239682,3,60.0,-0.2605833673237628,0.3359209399422458,10.383119922600264,MIXTO,0,0
GOLD,GOLD_LONG_LOGISTIC_BASE_PLUS_ML_T055,LONG,LOGISTIC,BASE_PLUS_ML,0.55,SWING_ATR_RR,0,1000,True,CONFIG_LOCAL_FALLBACK_MT5_UNAVAILABLE,5,0,0,0,0.0,0.0,0.0,0.0,0.0,0.0,0.0,0.0,0.0,0.0,0.0,0.0,0.0,0.0,0.0,0.0,0.0,0.0,0.0,0.0,0,0.0,,,,MUESTRA INSUFICIENTE,38,0
GOLD,GOLD_LONG_LOGISTIC_BASE_PLUS_ML_T055,LONG,LOGISTIC,BASE_PLUS_ML,0.55,SWING_ATR_RR,0,5000,False,CONFIG_LOCAL_FALLBACK_MT5_UNAVAILABLE,5,38,19,19,-0.01462986687633321,0.22970203788427346,0.4351577741257933,-0.5733997148216743,0.3736039835344209,0.2912102536048181,0.9188081515370938,3.611710233071424,-4.587197718573394,4.483247802413051,0.31022093921310834,0.8971972525869568,3.5946758142872084,-4.50804904523964,4.5380480925563464,1.900621735263848,1.0811791641304345,1.5294288042722695,0.8731506716169466,4.50804904523964,3,60.0,-0.2605833673237628,0.3359209399422458,10.383119922600264,MIXTO,0,0
GOLD,GOLD_LONG_LOGISTIC_BASE_PLUS_ML_T055,LONG,LOGISTIC,BASE_PLUS_ML,0.55,SWING_ATR_RR,0,5000,True,CONFIG_LOCAL_FALLBACK_MT5_UNAVAILABLE,5,11,6,5,0.16988745472648586,0.5,0.8649212241127108,-1.0,1.1554881571513111,0.7850016714672264,1.0,1.6564818719025391,-1.0,2.4522676201425493,0.5677146825800883,1.116022420142217,1.218419551790047,-0.8928732164259419,1.7341790422121268,0.5806284988044093,0.6399812618634747,0.3409953756296441,0.0,0.8928732164259419,3,60.0,-0.3476844983291633,1.143173174793404,4.4507787815798,MUESTRA INSUFICIENTE,27,0
GOLD,GOLD_LONG_LOGISTIC_BASE_PLUS_ML_T055,LONG,LOGISTIC,BASE_PLUS_ML,0.55,SWING_ATR_RR,1,100,False,CONFIG_LOCAL_FALLBACK_MT5_UNAVAILABLE,5,38,19,19,-0.02981653829697104,0.20881228240438734,0.43391706712206046,-0.5876576835216384,0.35891423303064873,0.17954280827658362,0.8352491296175494,3.5860192144949634,-4.701261468173107,4.306970796367785,0.19772178054684275,0.8133956607838542,3.5645445949119363,-4.617597403951109,4.3548758546966155,1.952063697537863,1.139086709976904,1.562537987382054,0.8904009351924459,4.617597403951109,3,60.0,-0.27400674007311865,0.31986742778832644,10.806415078591863,MIXTO,0,0
GOLD,GOLD_LONG_LOGISTIC_BASE_PLUS_ML_T055,LONG,LOGISTIC,BASE_PLUS_ML,0.55,SWING_ATR_RR,1,100,True,CONFIG_LOCAL_FALLBACK_MT5_UNAVAILABLE,5,0,0,0,0.0,0.0,0.0,0.0,0.0,0.0,0.0,0.0,0.0,0.0,0.0,0.0,0.0,0.0,0.0,0.0,0.0,0.0,0.0,0.0,0,0.0,,,,MUESTRA INSUFICIENTE,38,0
GOLD,GOLD_LONG_LOGISTIC_BASE_PLUS_ML_T055,LONG,LOGISTIC,BASE_PLUS_ML,0.55,SWING_ATR_RR,1,500,False,CONFIG_LOCAL_FALLBACK_MT5_UNAVAILABLE,5,38,19,19,-0.02981653829697104,0.20881228240438734,0.43391706712206046,-0.5876576835216384,0.35891423303064873,0.17954280827658362,0.8352491296175494,3.5860192144949634,-4.701261468173107,4.306970796367785,0.19772178054683992,0.8133956607838626,3.564544594911931,-4.617597403951095,4.3548758546966155,1.9520636975378616,1.139086709976904,1.5625379873820486,0.8904009351924433,4.617597403951095,3,60.0,-0.27400674007311865,0.31986742778832644,10.806415078591863,MIXTO,0,0
GOLD,GOLD_LONG_LOGISTIC_BASE_PLUS_ML_T055,LONG,LOGISTIC,BASE_PLUS_ML,0.55,SWING_ATR_RR,1,500,True,CONFIG_LOCAL_FALLBACK_MT5_UNAVAILABLE,5,0,0,0,0.0,0.0,0.0,0.0,0.0,0.0,0.0,0.0,0.0,0.0,0.0,0.0,0.0,0.0,0.0,0.0,0.0,0.0,0.0,0.0,0,0.0,,,,MUESTRA INSUFICIENTE,38,0
GOLD,GOLD_LONG_LOGISTIC_BASE_PLUS_ML_T055,LONG,LOGISTIC,BASE_PLUS_ML,0.55,SWING_ATR_RR,1,1000,False,CONFIG_LOCAL_FALLBACK_MT5_UNAVAILABLE,5,38,19,19,-0.02981653829697104,0.20881228240438734,0.43391706712206046,-0.5876576835216384,0.35891423303064873,0.17954280827658362,0.8352491296175494,3.5860192144949634,-4.701261468173107,4.306970796367785,0.19772178054683992,0.8133956607838626,3.564544594911931,-4.617597403951095,4.3548758546966155,1.9520636975378616,1.139086709976904,1.5625379873820486,0.8904009351924433,4.617597403951095,3,60.0,-0.27400674007311865,0.31986742778832644,10.806415078591863,MIXTO,0,0
GOLD,GOLD_LONG_LOGISTIC_BASE_PLUS_ML_T055,LONG,LOGISTIC,BASE_PLUS_ML,0.55,SWING_ATR_RR,1,1000,True,CONFIG_LOCAL_FALLBACK_MT5_UNAVAILABLE,5,0,0,0,0.0,0.0,0.0,0.0,0.0,0.0,0.0,0.0,0.0,0.0,0.0,0.0,0.0,0.0,0.0,0.0,0.0,0.0,0.0,0.0,0,0.0,,,,MUESTRA INSUFICIENTE,38,0
GOLD,GOLD_LONG_LOGISTIC_BASE_PLUS_ML_T055,LONG,LOGISTIC,BASE_PLUS_ML,0.55,SWING_ATR_RR,1,5000,False,CONFIG_LOCAL_FALLBACK_MT5_UNAVAILABLE,5,38,19,19,-0.02981653829697104,0.20881228240438734,0.43391706712206046,-0.5876576835216384,0.35891423303064873,0.17954280827658362,0.8352491296175494,3.5860192144949634,-4.701261468173107,4.306970796367785,0.19772178054683884,0.8133956607838626,3.564544594911929,-4.617597403951095,4.35487585469662,1.952063697537866,1.1390867099769062,1.5625379873820462,0.8904009351924518,4.617597403951095,3,60.0,-0.27400674007311865,0.31986742778832644,10.806415078591863,MIXTO,0,0
GOLD,GOLD_LONG_LOGISTIC_BASE_PLUS_ML_T055,LONG,LOGISTIC,BASE_PLUS_ML,0.55,SWING_ATR_RR,1,5000,True,CONFIG_LOCAL_FALLBACK_MT5_UNAVAILABLE,5,11,6,5,0.1437050790177265,0.4667549900327532,0.8607426128997302,-1.0215236738470377,1.1230856244544207,0.7282111665204726,0.9335099800655065,1.6340031917411024,-1.0215236738470377,2.3649627371561195,0.5236078308383948,1.0636268179002035,1.2030497817322579,-0.9120911283230452,1.6810896223547933,0.5946902823856032,0.6577180588621482,0.34884066561956295,0.0,0.9120911283230452,3,60.0,-0.37451523433700623,1.1151417942416342,4.624802206733652,MUESTRA INSUFICIENTE,27,0
GOLD,GOLD_LONG_LOGISTIC_BASE_PLUS_ML_T055,LONG,LOGISTIC,BASE_PLUS_ML,0.55,SWING_ATR_RR,2,100,False,CONFIG_LOCAL_FALLBACK_MT5_UNAVAILABLE,5,38,19,19,-0.04500320971760885,0.1879225269245012,0.4326977470939903,-0.6019156522216025,0.3442244825268765,0.06787536294834914,0.7516901076980048,3.5606645505830388,-4.81532521777282,4.130693790322518,0.08534160067959533,0.7296399464713801,3.534820593311014,-4.72703769027062,4.171993075171073,2.00347787177062,1.1969776795471003,1.595731897677172,0.9076497125821721,4.72703769027062,3,60.0,-0.2874301128224746,0.3038139156344071,11.129791340537235,MIXTO,0,0
GOLD,GOLD_LONG_LOGISTIC_BASE_PLUS_ML_T055,LONG,LOGISTIC,BASE_PLUS_ML,0.55,SWING_ATR_RR,2,100,True,CONFIG_LOCAL_FALLBACK_MT5_UNAVAILABLE,5,0,0,0,0.0,0.0,0.0,0.0,0.0,0.0,0.0,0.0,0.0,0.0,0.0,0.0,0.0,0.0,0.0,0.0,0.0,0.0,0.0,0.0,0,0.0,,,,MUESTRA INSUFICIENTE,38,0
GOLD,GOLD_LONG_LOGISTIC_BASE_PLUS_ML_T055,LONG,LOGISTIC,BASE_PLUS_ML,0.55,SWING_ATR_RR,2,500,False,CONFIG_LOCAL_FALLBACK_MT5_UNAVAILABLE,5,38,19,19,-0.04500320971760885,0.1879225269245012,0.4326977470939903,-0.6019156522216025,0.3442244825268765,0.06787536294834914,0.7516901076980048,3.5606645505830388,-4.81532521777282,4.130693790322518,0.0853416006795829,0.7296399464713544,3.5348205933110086,-4.727037690270618,4.171993075171054,2.0034778717706283,1.1969776795471172,1.5957318976771666,0.9076497125821883,4.727037690270618,3,60.0,-0.2874301128224746,0.3038139156344071,11.129791340537235,MIXTO,0,0
GOLD,GOLD_LONG_LOGISTIC_BASE_PLUS_ML_T055,LONG,LOGISTIC,BASE_PLUS_ML,0.55,SWING_ATR_RR,2,500,True,CONFIG_LOCAL_FALLBACK_MT5_UNAVAILABLE,5,0,0,0,0.0,0.0,0.0,0.0,0.0,0.0,0.0,0.0,0.0,0.0,0.0,0.0,0.0,0.0,0.0,0.0,0.0,0.0,0.0,0.0,0,0.0,,,,MUESTRA INSUFICIENTE,38,0
GOLD,GOLD_LONG_LOGISTIC_BASE_PLUS_ML_T055,LONG,LOGISTIC,BASE_PLUS_ML,0.55,SWING_ATR_RR,2,1000,False,CONFIG_LOCAL_FALLBACK_MT5_UNAVAILABLE,5,38,19,19,-0.04500320971760885,0.1879225269245012,0.4326977470939903,-0.6019156522216025,0.3442244825268765,0.06787536294834914,0.7516901076980048,3.5606645505830388,-4.81532521777282,4.130693790322518,0.0853416006795829,0.7296399464713544,3.5348205933110086,-4.727037690270618,4.171993075171054,2.0034778717706283,1.1969776795471172,1.5957318976771666,0.9076497125821883,4.727037690270618,3,60.0,-0.2874301128224746,0.3038139156344071,11.129791340537235,MIXTO,0,0
GOLD,GOLD_LONG_LOGISTIC_BASE_PLUS_ML_T055,LONG,LOGISTIC,BASE_PLUS_ML,0.55,SWING_ATR_RR,2,1000,True,CONFIG_LOCAL_FALLBACK_MT5_UNAVAILABLE,5,0,0,0,0.0,0.0,0.0,0.0,0.0,0.0,0.0,0.0,0.0,0.0,0.0,0.0,0.0,0.0,0.0,0.0,0.0,0.0,0.0,0.0,0,0.0,,,,MUESTRA INSUFICIENTE,38,0
GOLD,GOLD_LONG_LOGISTIC_BASE_PLUS_ML_T055,LONG,LOGISTIC,BASE_PLUS_ML,0.55,SWING_ATR_RR,2,5000,False,CONFIG_LOCAL_FALLBACK_MT5_UNAVAILABLE,5,38,19,19,-0.04500320971760885,0.1879225269245012,0.4326977470939903,-0.6019156522216025,0.3442244825268765,0.06787536294834914,0.7516901076980048,3.5606645505830388,-4.81532521777282,4.130693790322518,0.0853416006795813,0.7296399464713431,3.534820593311002,-4.727037690270609,4.171993075171049,2.0034778717706283,1.196977679547126,1.5957318976771624,0.9076497125821799,4.727037690270609,3,60.0,-0.2874301128224746,0.3038139156344071,11.129791340537235,MIXTO,0,0
GOLD,GOLD_LONG_LOGISTIC_BASE_PLUS_ML_T055,LONG,LOGISTIC,BASE_PLUS_ML,0.55,SWING_ATR_RR,2,5000,True,CONFIG_LOCAL_FALLBACK_MT5_UNAVAILABLE,5,11,6,5,0.11752270330896719,0.43350998006550656,0.8565866566826478,-1.0430473476940751,1.0906830917575303,0.6714206615737184,0.8670199601310131,1.6115989781370337,-1.0430473476940751,2.2776578541696892,0.47950097909669787,1.0112312156581902,1.1877092429863474,-0.9313090402201487,1.628000202497442,0.6087584294172419,0.675466915262236,0.3566948555894328,0.0,0.9313090402201487,3,60.0,-0.4013459703448492,1.087110413689864,4.808802924628875,MUESTRA INSUFICIENTE,27,0
GOLD,GOLD_LONG_LOGISTIC_BASE_PLUS_ML_T055,LONG,LOGISTIC,BASE_PLUS_ML,0.55,SWING_ATR_RR,5,100,False,CONFIG_LOCAL_FALLBACK_MT5_UNAVAILABLE,5,38,19,19,-0.09056322397952232,0.12525326048484278,0.42916991576492874,-0.6446895583214948,0.3001552310155598,-0.2671269730363551,0.5010130419393711,3.48669157840467,-5.157516466571958,3.601862772186718,-0.2510863061249921,0.4786479227415015,3.4481549887746215,-5.054711013688774,3.6250773954561737,2.157553853347016,1.3705511515179478,1.6957449445391493,0.9593871276366567,5.054711013688774,3,60.0,-0.3290062079909581,0.25771629267932133,12.33237020140536,MIXTO,0,0
GOLD,GOLD_LONG_LOGISTIC_BASE_PLUS_ML_T055,LONG,LOGISTIC,BASE_PLUS_ML,0.55,SWING_ATR_RR,5,100,True,CONFIG_LOCAL_FALLBACK_MT5_UNAVAILABLE,5,0,0,0,0.0,0.0,0.0,0.0,0.0,0.0,0.0,0.0,0.0,0.0,0.0,0.0,0.0,0.0,0.0,0.0,0.0,0.0,0.0,0.0,0,0.0,,,,MUESTRA INSUFICIENTE,38,0
GOLD,GOLD_LONG_LOGISTIC_BASE_PLUS_ML_T055,LONG,LOGISTIC,BASE_PLUS_ML,0.55,SWING_ATR_RR,5,500,False,CONFIG_LOCAL_FALLBACK_MT5_UNAVAILABLE,5,38,19,19,-0.09056322397952232,0.12525326048484278,0.42916991576492874,-0.6446895583214948,0.3001552310155598,-0.2671269730363551,0.5010130419393711,3.48669157840467,-5.157516466571958,3.601862772186718,-0.25108630612500527,0.4786479227415157,3.448154988774602,-5.0547110136887685,3.6250773954561284,2.1575538533470153,1.3705511515179256,1.6957449445391442,0.9593871276366868,5.0547110136887685,3,60.0,-0.3290062079909581,0.25771629267932133,12.33237020140536,MIXTO,0,0
GOLD,GOLD_LONG_LOGISTIC_BASE_PLUS_ML_T055,LONG,LOGISTIC,BASE_PLUS_ML,0.55,SWING_ATR_RR,5,500,True,CONFIG_LOCAL_FALLBACK_MT5_UNAVAILABLE,5,0,0,0,0.0,0.0,0.0,0.0,0.0,0.0,0.0,0.0,0.0,0.0,0.0,0.0,0.0,0.0,0.0,0.0,0.0,0.0,0.0,0.0,0,0.0,,,,MUESTRA INSUFICIENTE,38,0
GOLD,GOLD_LONG_LOGISTIC_BASE_PLUS_ML_T055,LONG,LOGISTIC,BASE_PLUS_ML,0.55,SWING_ATR_RR,5,1000,False,CONFIG_LOCAL_FALLBACK_MT5_UNAVAILABLE,5,38,19,19,-0.09056322397952232,0.12525326048484278,0.42916991576492874,-0.6446895583214948,0.3001552310155598,-0.2671269730363551,0.5010130419393711,3.48669157840467,-5.157516466571958,3.601862772186718,-0.25108630612500527,0.4786479227415157,3.448154988774602,-5.0547110136887685,3.6250773954561284,2.1575538533470153,1.3705511515179256,1.6957449445391442,0.9593871276366868,5.0547110136887685,3,60.0,-0.3290062079909581,0.25771629267932133,12.33237020140536,MIXTO,0,0
GOLD,GOLD_LONG_LOGISTIC_BASE_PLUS_ML_T055,LONG,LOGISTIC,BASE_PLUS_ML,0.55,SWING_ATR_RR,5,1000,True,CONFIG_LOCAL_FALLBACK_MT5_UNAVAILABLE,5,0,0,0,0.0,0.0,0.0,0.0,0.0,0.0,0.0,0.0,0.0,0.0,0.0,0.0,0.0,0.0,0.0,0.0,0.0,0.0,0.0,0.0,0,0.0,,,,MUESTRA INSUFICIENTE,38,0
GOLD,GOLD_LONG_LOGISTIC_BASE_PLUS_ML_T055,LONG,LOGISTIC,BASE_PLUS_ML,0.55,SWING_ATR_RR,5,5000,False,CONFIG_LOCAL_FALLBACK_MT5_UNAVAILABLE,5,38,19,19,-0.09056322397952232,0.12525326048484278,0.42916991576492874,-0.6446895583214948,0.3001552310155598,-0.2671269730363551,0.5010130419393711,3.48669157840467,-5.157516466571958,3.601862772186718,-0.25108630612499816,0.4786479227415112,3.448154988774613,-5.054711013688775,3.6250773954561555,2.1575538533470158,1.370551151517928,1.6957449445391484,0.9593871276366692,5.054711013688775,3,60.0,-0.3290062079909581,0.25771629267932133,12.33237020140536,MIXTO,0,0
GOLD,GOLD_LONG_LOGISTIC_BASE_PLUS_ML_T055,LONG,LOGISTIC,BASE_PLUS_ML,0.55,SWING_ATR_RR,5,5000,True,CONFIG_LOCAL_FALLBACK_MT5_UNAVAILABLE,5,11,6,5,0.03897557618268921,0.33377495016376624,0.8442580545482063,-1.1076183692351882,0.9934754936668589,0.501049146733456,0.6675499003275325,1.5448654814164609,-1.1076183692351882,2.0157432052103994,0.34718042387161757,0.85404440893215,1.1418747847147253,-0.9889627759114774,1.4687319429254058,0.651001117705111,0.7287859639857706,0.3803070168220354,0.0,0.9889627759114774,3,60.0,-0.4776512031238453,1.0031024478888062,5.313875601354391,MUESTRA INSUFICIENTE,27,0
GOLD,GOLD_LONG_LOGISTIC_BASE_PLUS_ML_T055,LONG,LOGISTIC,BASE_PLUS_ML,0.55,SWING_STRUCTURAL_TARGET,0,100,False,CONFIG_LOCAL_FALLBACK_MT5_UNAVAILABLE,5,18,11,7,-0.24080549547187236,-0.2918388921682403,0.3098872160721664,-0.6096258635660282,0.1060861991118226,-0.6267718159835549,-0.903607293986166,0.9977122547801232,-1.8288775906980845,0.6365171946709356,-0.6277546181521274,-0.9045712210463108,0.9951161288971292,-1.822282926643183,0.633221674146057,1.2326941542072907,1.0,0.7164280173732567,0.46875312573074046,1.989999999999993,2,40.0,-0.4376655007308241,0.10464889870220445,7.6085421380020914,MUESTRA INSUFICIENTE,0,20
GOLD,GOLD_LONG_LOGISTIC_BASE_PLUS_ML_T055,LONG,LOGISTIC,BASE_PLUS_ML,0.55,SWING_STRUCTURAL_TARGET,0,100,True,CONFIG_LOCAL_FALLBACK_MT5_UNAVAILABLE,5,0,0,0,0.0,0.0,0.0,0.0,0.0,0.0,0.0,0.0,0.0,0.0,0.0,0.0,0.0,0.0,0.0,0.0,0.0,0.0,0.0,0.0,0,0.0,,,,MUESTRA INSUFICIENTE,18,20
GOLD,GOLD_LONG_LOGISTIC_BASE_PLUS_ML_T055,LONG,LOGISTIC,BASE_PLUS_ML,0.55,SWING_STRUCTURAL_TARGET,0,500,False,CONFIG_LOCAL_FALLBACK_MT5_UNAVAILABLE,5,18,11,7,-0.24080549547187236,-0.2918388921682403,0.3098872160721664,-0.6096258635660282,0.1060861991118226,-0.6267718159835549,-0.903607293986166,0.9977122547801232,-1.8288775906980845,0.6365171946709356,-0.6277546181521257,-0.904571221046308,0.9951161288971357,-1.822282926643186,0.6332216741460683,1.2326941542072922,1.0,0.7164280173732601,0.46875312573074046,1.9900000000000015,2,40.0,-0.4376655007308241,0.10464889870220445,7.6085421380020914,MUESTRA INSUFICIENTE,0,20
GOLD,GOLD_LONG_LOGISTIC_BASE_PLUS_ML_T055,LONG,LOGISTIC,BASE_PLUS_ML,0.55,SWING_STRUCTURAL_TARGET,0,500,True,CONFIG_LOCAL_FALLBACK_MT5_UNAVAILABLE,5,0,0,0,0.0,0.0,0.0,0.0,0.0,0.0,0.0,0.0,0.0,0.0,0.0,0.0,0.0,0.0,0.0,0.0,0.0,0.0,0.0,0.0,0,0.0,,,,MUESTRA INSUFICIENTE,18,20
GOLD,GOLD_LONG_LOGISTIC_BASE_PLUS_ML_T055,LONG,LOGISTIC,BASE_PLUS_ML,0.55,SWING_STRUCTURAL_TARGET,0,1000,False,CONFIG_LOCAL_FALLBACK_MT5_UNAVAILABLE,5,18,11,7,-0.24080549547187236,-0.2918388921682403,0.3098872160721664,-0.6096258635660282,0.1060861991118226,-0.6267718159835549,-0.903607293986166,0.9977122547801232,-1.8288775906980845,0.6365171946709356,-0.6277546181521257,-0.904571221046308,0.9951161288971357,-1.822282926643186,0.6332216741460683,1.2326941542072922,1.0,0.7164280173732601,0.46875312573074046,1.9900000000000015,2,40.0,-0.4376655007308241,0.10464889870220445,7.6085421380020914,MUESTRA INSUFICIENTE,0,20
GOLD,GOLD_LONG_LOGISTIC_BASE_PLUS_ML_T055,LONG,LOGISTIC,BASE_PLUS_ML,0.55,SWING_STRUCTURAL_TARGET,0,1000,True,CONFIG_LOCAL_FALLBACK_MT5_UNAVAILABLE,5,0,0,0,0.0,0.0,0.0,0.0,0.0,0.0,0.0,0.0,0.0,0.0,0.0,0.0,0.0,0.0,0.0,0.0,0.0,0.0,0.0,0.0,0,0.0,,,,MUESTRA INSUFICIENTE,18,20
GOLD,GOLD_LONG_LOGISTIC_BASE_PLUS_ML_T055,LONG,LOGISTIC,BASE_PLUS_ML,0.55,SWING_STRUCTURAL_TARGET,0,5000,False,CONFIG_LOCAL_FALLBACK_MT5_UNAVAILABLE,5,18,11,7,-0.24080549547187236,-0.2918388921682403,0.3098872160721664,-0.6096258635660282,0.1060861991118226,-0.6267718159835549,-0.903607293986166,0.9977122547801232,-1.8288775906980845,0.6365171946709356,-0.6277546181521247,-0.9045712210462988,0.9951161288971389,-1.8222829266431835,0.6332216741460797,1.2326941542072942,1.0,0.7164280173732569,0.46875312573074945,1.9900000000000018,2,40.0,-0.4376655007308241,0.10464889870220445,7.6085421380020914,MUESTRA INSUFICIENTE,0,20
GOLD,GOLD_LONG_LOGISTIC_BASE_PLUS_ML_T055,LONG,LOGISTIC,BASE_PLUS_ML,0.55,SWING_STRUCTURAL_TARGET,0,5000,True,CONFIG_LOCAL_FALLBACK_MT5_UNAVAILABLE,5,9,5,4,-0.4038621382011055,-0.1831350010052194,0.5757132824462018,-1.0,0.29910865224962363,-0.43478114485219743,-0.4058530267497954,0.6541332275427737,-1.0,0.5982173044992473,-0.33299806481963967,-0.42599609374999997,0.5495027778648677,-0.8928732164259419,0.4819921875,0.5847844319991318,0.6476648183524162,0.3419712275852631,0.0,0.8928732164259419,1,20.0,-0.6394920819927052,0.16482294862113736,5.533290953895926,MUESTRA INSUFICIENTE,9,20
GOLD,GOLD_LONG_LOGISTIC_BASE_PLUS_ML_T055,LONG,LOGISTIC,BASE_PLUS_ML,0.55,SWING_STRUCTURAL_TARGET,1,100,False,CONFIG_LOCAL_FALLBACK_MT5_UNAVAILABLE,5,18,11,7,-0.2599272535154474,-0.3115522942773653,0.30872223831477785,-0.6257969679320926,0.09010383491075839,-0.6938185049079323,-0.9421141354742792,0.9815423405355772,-1.877390903796278,0.5406230094645503,-0.6945741434318478,-0.9429253227080494,0.9785388891949928,-1.8702776421155107,0.5368334167879567,1.2561806358594017,1.0215236738470423,0.7279021141506151,0.47758483263063717,2.0287654094584053,2,40.0,-0.4544057106571641,0.08488807972650156,7.985584705331369,MUESTRA INSUFICIENTE,0,20
GOLD,GOLD_LONG_LOGISTIC_BASE_PLUS_ML_T055,LONG,LOGISTIC,BASE_PLUS_ML,0.55,SWING_STRUCTURAL_TARGET,1,100,True,CONFIG_LOCAL_FALLBACK_MT5_UNAVAILABLE,5,0,0,0,0.0,0.0,0.0,0.0,0.0,0.0,0.0,0.0,0.0,0.0,0.0,0.0,0.0,0.0,0.0,0.0,0.0,0.0,0.0,0.0,0,0.0,,,,MUESTRA INSUFICIENTE,18,20
GOLD,GOLD_LONG_LOGISTIC_BASE_PLUS_ML_T055,LONG,LOGISTIC,BASE_PLUS_ML,0.55,SWING_STRUCTURAL_TARGET,1,500,False,CONFIG_LOCAL_FALLBACK_MT5_UNAVAILABLE,5,18,11,7,-0.2599272535154474,-0.3115522942773653,0.30872223831477785,-0.6257969679320926,0.09010383491075839,-0.6938185049079323,-0.9421141354742792,0.9815423405355772,-1.877390903796278,0.5406230094645503,-0.6945741434318483,-0.9429253227080494,0.9785388891950002,-1.870277642115525,0.5368334167879653,1.2561806358594034,1.0215236738470368,0.7279021141506155,0.47758483263063994,2.0287654094584084,2,40.0,-0.4544057106571641,0.08488807972650156,7.985584705331369,MUESTRA INSUFICIENTE,0,20
GOLD,GOLD_LONG_LOGISTIC_BASE_PLUS_ML_T055,LONG,LOGISTIC,BASE_PLUS_ML,0.55,SWING_STRUCTURAL_TARGET,1,500,True,CONFIG_LOCAL_FALLBACK_MT5_UNAVAILABLE,5,0,0,0,0.0,0.0,0.0,0.0,0.0,0.0,0.0,0.0,0.0,0.0,0.0,0.0,0.0,0.0,0.0,0.0,0.0,0.0,0.0,0.0,0,0.0,,,,MUESTRA INSUFICIENTE,18,20
GOLD,GOLD_LONG_LOGISTIC_BASE_PLUS_ML_T055,LONG,LOGISTIC,BASE_PLUS_ML,0.55,SWING_STRUCTURAL_TARGET,1,1000,False,CONFIG_LOCAL_FALLBACK_MT5_UNAVAILABLE,5,18,11,7,-0.2599272535154474,-0.3115522942773653,0.30872223831477785,-0.6257969679320926,0.09010383491075839,-0.6938185049079323,-0.9421141354742792,0.9815423405355772,-1.877390903796278,0.5406230094645503,-0.6945741434318483,-0.9429253227080494,0.9785388891950002,-1.870277642115525,0.5368334167879653,1.2561806358594034,1.0215236738470368,0.7279021141506155,0.47758483263063994,2.0287654094584084,2,40.0,-0.4544057106571641,0.08488807972650156,7.985584705331369,MUESTRA INSUFICIENTE,0,20
GOLD,GOLD_LONG_LOGISTIC_BASE_PLUS_ML_T055,LONG,LOGISTIC,BASE_PLUS_ML,0.55,SWING_STRUCTURAL_TARGET,1,1000,True,CONFIG_LOCAL_FALLBACK_MT5_UNAVAILABLE,5,0,0,0,0.0,0.0,0.0,0.0,0.0,0.0,0.0,0.0,0.0,0.0,0.0,0.0,0.0,0.0,0.0,0.0,0.0,0.0,0.0,0.0,0,0.0,,,,MUESTRA INSUFICIENTE,18,20
GOLD,GOLD_LONG_LOGISTIC_BASE_PLUS_ML_T055,LONG,LOGISTIC,BASE_PLUS_ML,0.55,SWING_STRUCTURAL_TARGET,1,5000,False,CONFIG_LOCAL_FALLBACK_MT5_UNAVAILABLE,5,18,11,7,-0.2599272535154474,-0.3115522942773653,0.30872223831477785,-0.6257969679320926,0.09010383491075839,-0.6938185049079323,-0.9421141354742792,0.9815423405355772,-1.877390903796278,0.5406230094645503,-0.6945741434318478,-0.9429253227080516,0.9785388891950041,-1.870277642115525,0.5368334167879766,1.2561806358594063,1.0215236738470412,0.7279021141506208,0.47758483263063994,2.028765409458413,2,40.0,-0.4544057106571641,0.08488807972650156,7.985584705331369,MUESTRA INSUFICIENTE,0,20
GOLD,GOLD_LONG_LOGISTIC_BASE_PLUS_ML_T055,LONG,LOGISTIC,BASE_PLUS_ML,0.55,SWING_STRUCTURAL_TARGET,1,5000,True,CONFIG_LOCAL_FALLBACK_MT5_UNAVAILABLE,5,9,5,4,-0.43035540600555755,-0.21631169747236562,0.5721907191395541,-1.02458603346135,0.26679175750322337,-0.48271834709948924,-0.46844214825077446,0.6363007462394721,-1.02458603346135,0.5335835150064467,-0.370498285130343,-0.4709246943359358,0.5343083431740849,-0.9120911283230452,0.42902798632812844,0.5989062910716829,0.665616478072865,0.3498341983602668,0.0,0.9120911283230452,1,20.0,-0.661923815848425,0.13778632307313443,5.704652898777853,MUESTRA INSUFICIENTE,9,20
GOLD,GOLD_LONG_LOGISTIC_BASE_PLUS_ML_T055,LONG,LOGISTIC,BASE_PLUS_ML,0.55,SWING_STRUCTURAL_TARGET,2,100,False,CONFIG_LOCAL_FALLBACK_MT5_UNAVAILABLE,5,18,11,7,-0.2790490115590224,-0.3312656963864903,0.3075916447055588,-0.6419680722981571,0.07412147070969416,-0.7608651938323095,-0.9806209769623923,0.9656637017538721,-1.9259042168944713,0.44472882425816496,-0.7613605769452505,-0.9812721135665612,0.9622681585331895,-1.9182579288136876,0.44051943448869224,1.2796651867614934,1.0430473476940705,0.7393861120888489,0.48641653953053965,2.0675236523018166,1,20.0,-0.471145920583504,0.06604322568508732,8.289785753964056,MUESTRA INSUFICIENTE,0,20
GOLD,GOLD_LONG_LOGISTIC_BASE_PLUS_ML_T055,LONG,LOGISTIC,BASE_PLUS_ML,0.55,SWING_STRUCTURAL_TARGET,2,100,True,CONFIG_LOCAL_FALLBACK_MT5_UNAVAILABLE,5,0,0,0,0.0,0.0,0.0,0.0,0.0,0.0,0.0,0.0,0.0,0.0,0.0,0.0,0.0,0.0,0.0,0.0,0.0,0.0,0.0,0.0,0,0.0,,,,MUESTRA INSUFICIENTE,18,20
GOLD,GOLD_LONG_LOGISTIC_BASE_PLUS_ML_T055,LONG,LOGISTIC,BASE_PLUS_ML,0.55,SWING_STRUCTURAL_TARGET,2,500,False,CONFIG_LOCAL_FALLBACK_MT5_UNAVAILABLE,5,18,11,7,-0.2790490115590224,-0.3312656963864903,0.3075916447055588,-0.6419680722981571,0.07412147070969416,-0.7608651938323095,-0.9806209769623923,0.9656637017538721,-1.9259042168944713,0.44472882425816496,-0.7613605769452488,-0.9812721135665697,0.9622681585331899,-1.918257928813682,0.44051943448870357,1.2796651867614934,1.0430473476940731,0.7393861120888505,0.4864165395305369,2.067523652301814,1,20.0,-0.471145920583504,0.06604322568508732,8.289785753964056,MUESTRA INSUFICIENTE,0,20
GOLD,GOLD_LONG_LOGISTIC_BASE_PLUS_ML_T055,LONG,LOGISTIC,BASE_PLUS_ML,0.55,SWING_STRUCTURAL_TARGET,2,500,True,CONFIG_LOCAL_FALLBACK_MT5_UNAVAILABLE,5,0,0,0,0.0,0.0,0.0,0.0,0.0,0.0,0.0,0.0,0.0,0.0,0.0,0.0,0.0,0.0,0.0,0.0,0.0,0.0,0.0,0.0,0,0.0,,,,MUESTRA INSUFICIENTE,18,20
GOLD,GOLD_LONG_LOGISTIC_BASE_PLUS_ML_T055,LONG,LOGISTIC,BASE_PLUS_ML,0.55,SWING_STRUCTURAL_TARGET,2,1000,False,CONFIG_LOCAL_FALLBACK_MT5_UNAVAILABLE,5,18,11,7,-0.2790490115590224,-0.3312656963864903,0.3075916447055588,-0.6419680722981571,0.07412147070969416,-0.7608651938323095,-0.9806209769623923,0.9656637017538721,-1.9259042168944713,0.44472882425816496,-0.7613605769452488,-0.9812721135665697,0.9622681585331899,-1.918257928813682,0.44051943448870357,1.2796651867614934,1.0430473476940731,0.7393861120888505,0.4864165395305369,2.067523652301814,1,20.0,-0.471145920583504,0.06604322568508732,8.289785753964056,MUESTRA INSUFICIENTE,0,20
GOLD,GOLD_LONG_LOGISTIC_BASE_PLUS_ML_T055,LONG,LOGISTIC,BASE_PLUS_ML,0.55,SWING_STRUCTURAL_TARGET,2,1000,True,CONFIG_LOCAL_FALLBACK_MT5_UNAVAILABLE,5,0,0,0,0.0,0.0,0.0,0.0,0.0,0.0,0.0,0.0,0.0,0.0,0.0,0.0,0.0,0.0,0.0,0.0,0.0,0.0,0.0,0.0,0,0.0,,,,MUESTRA INSUFICIENTE,18,20
GOLD,GOLD_LONG_LOGISTIC_BASE_PLUS_ML_T055,LONG,LOGISTIC,BASE_PLUS_ML,0.55,SWING_STRUCTURAL_TARGET,2,5000,False,CONFIG_LOCAL_FALLBACK_MT5_UNAVAILABLE,5,18,11,7,-0.2790490115590224,-0.3312656963864903,0.3075916447055588,-0.6419680722981571,0.07412147070969416,-0.7608651938323095,-0.9806209769623923,0.9656637017538721,-1.9259042168944713,0.44472882425816496,-0.7613605769452587,-0.9812721135665743,0.9622681585331931,-1.9182579288136912,0.4405194344886877,1.2796651867615008,1.0430473476940825,0.739386112088854,0.4864165395305391,2.067523652301821,1,20.0,-0.471145920583504,0.06604322568508732,8.289785753964056,MUESTRA INSUFICIENTE,0,20
GOLD,GOLD_LONG_LOGISTIC_BASE_PLUS_ML_T055,LONG,LOGISTIC,BASE_PLUS_ML,0.55,SWING_STRUCTURAL_TARGET,2,5000,True,CONFIG_LOCAL_FALLBACK_MT5_UNAVAILABLE,5,9,5,4,-0.45684867381000965,-0.24948839393951183,0.5687072734824505,-1.0491720669226998,0.2344748627568231,-0.530655549346781,-0.5310312697517535,0.6187930034824602,-1.0491720669226998,0.4689497255136462,-0.4079985054410499,-0.5158532949218897,0.5192579474284957,-0.9313090402201487,0.37606378515625694,0.6130324336243342,0.6835804467561215,0.35770528113505906,0.0,0.9313090402201487,1,20.0,-0.6843555497041447,0.11078309180740745,5.880364111416762,MUESTRA INSUFICIENTE,9,20
GOLD,GOLD_LONG_LOGISTIC_BASE_PLUS_ML_T055,LONG,LOGISTIC,BASE_PLUS_ML,0.55,SWING_STRUCTURAL_TARGET,5,100,False,CONFIG_LOCAL_FALLBACK_MT5_UNAVAILABLE,5,18,10,8,-0.33641428568974757,-0.3904059027138652,0.3044099416660944,-0.6904813853963505,0.026174378106501524,-0.9620052606054417,-1.096141501426732,0.9199248963473337,-2.0714441561890515,0.15704626863900914,-0.961521448877491,-1.0962686213227926,0.9154375974367951,-2.0621122363714193,0.1520226943869858,1.350107254967659,1.1076183692351833,0.7738918472863969,0.5129116602302202,2.1837553811420514,1,20.0,-0.5233907976851397,0.013419277279638268,9.087900252374926,MUESTRA INSUFICIENTE,0,20
GOLD,GOLD_LONG_LOGISTIC_BASE_PLUS_ML_T055,LONG,LOGISTIC,BASE_PLUS_ML,0.55,SWING_STRUCTURAL_TARGET,5,100,True,CONFIG_LOCAL_FALLBACK_MT5_UNAVAILABLE,5,0,0,0,0.0,0.0,0.0,0.0,0.0,0.0,0.0,0.0,0.0,0.0,0.0,0.0,0.0,0.0,0.0,0.0,0.0,0.0,0.0,0.0,0,0.0,,,,MUESTRA INSUFICIENTE,18,20
GOLD,GOLD_LONG_LOGISTIC_BASE_PLUS_ML_T055,LONG,LOGISTIC,BASE_PLUS_ML,0.55,SWING_STRUCTURAL_TARGET,5,500,False,CONFIG_LOCAL_FALLBACK_MT5_UNAVAILABLE,5,18,10,8,-0.33641428568974757,-0.3904059027138652,0.3044099416660944,-0.6904813853963505,0.026174378106501524,-0.9620052606054417,-1.096141501426732,0.9199248963473337,-2.0714441561890515,0.15704626863900914,-0.9615214488774881,-1.0962686213227812,0.9154375974368044,-2.0621122363714335,0.1520226943870057,1.3501072549676585,1.1076183692351833,0.7738918472864003,0.5129116602302174,2.18375538114206,1,20.0,-0.5233907976851397,0.013419277279638268,9.087900252374926,MUESTRA INSUFICIENTE,0,20
GOLD,GOLD_LONG_LOGISTIC_BASE_PLUS_ML_T055,LONG,LOGISTIC,BASE_PLUS_ML,0.55,SWING_STRUCTURAL_TARGET,5,500,True,CONFIG_LOCAL_FALLBACK_MT5_UNAVAILABLE,5,0,0,0,0.0,0.0,0.0,0.0,0.0,0.0,0.0,0.0,0.0,0.0,0.0,0.0,0.0,0.0,0.0,0.0,0.0,0.0,0.0,0.0,0,0.0,,,,MUESTRA INSUFICIENTE,18,20
GOLD,GOLD_LONG_LOGISTIC_BASE_PLUS_ML_T055,LONG,LOGISTIC,BASE_PLUS_ML,0.55,SWING_STRUCTURAL_TARGET,5,1000,False,CONFIG_LOCAL_FALLBACK_MT5_UNAVAILABLE,5,18,10,8,-0.33641428568974757,-0.3904059027138652,0.3044099416660944,-0.6904813853963505,0.026174378106501524,-0.9620052606054417,-1.096141501426732,0.9199248963473337,-2.0714441561890515,0.15704626863900914,-0.9615214488774881,-1.0962686213227812,0.9154375974368044,-2.0621122363714335,0.1520226943870057,1.3501072549676585,1.1076183692351833,0.7738918472864003,0.5129116602302174,2.18375538114206,1,20.0,-0.5233907976851397,0.013419277279638268,9.087900252374926,MUESTRA INSUFICIENTE,0,20
GOLD,GOLD_LONG_LOGISTIC_BASE_PLUS_ML_T055,LONG,LOGISTIC,BASE_PLUS_ML,0.55,SWING_STRUCTURAL_TARGET,5,1000,True,CONFIG_LOCAL_FALLBACK_MT5_UNAVAILABLE,5,0,0,0,0.0,0.0,0.0,0.0,0.0,0.0,0.0,0.0,0.0,0.0,0.0,0.0,0.0,0.0,0.0,0.0,0.0,0.0,0.0,0.0,0,0.0,,,,MUESTRA INSUFICIENTE,18,20
GOLD,GOLD_LONG_LOGISTIC_BASE_PLUS_ML_T055,LONG,LOGISTIC,BASE_PLUS_ML,0.55,SWING_STRUCTURAL_TARGET,5,5000,False,CONFIG_LOCAL_FALLBACK_MT5_UNAVAILABLE,5,18,10,8,-0.33641428568974757,-0.3904059027138652,0.3044099416660944,-0.6904813853963505,0.026174378106501524,-0.9620052606054417,-1.096141501426732,0.9199248963473337,-2.0714441561890515,0.15704626863900914,-0.9615214488774946,-1.096268621322797,0.9154375974368072,-2.0621122363714495,0.1520226943869966,1.3501072549676592,1.107618369235188,0.7738918472864049,0.5129116602302128,2.183755381142076,1,20.0,-0.5233907976851397,0.013419277279638268,9.087900252374926,MUESTRA INSUFICIENTE,0,20
GOLD,GOLD_LONG_LOGISTIC_BASE_PLUS_ML_T055,LONG,LOGISTIC,BASE_PLUS_ML,0.55,SWING_STRUCTURAL_TARGET,5,5000,True,CONFIG_LOCAL_FALLBACK_MT5_UNAVAILABLE,5,9,4,5,-0.5363284772233659,-0.3490184833409506,0.5584989208465022,-1.1229301673067493,0.13752417851762233,-0.6744671560886569,-0.7187986342546906,0.5685155168225059,-1.1229301673067493,0.27504835703524466,-0.5204991663731635,-0.6506390966796789,0.4751072438747661,-0.9889627759114774,0.21717118164062416,0.6554366037648668,0.7375463333117309,0.3813633332107843,0.0,0.9889627759114774,1,20.0,-0.7516507512713038,0.032136811780588886,6.434998760381296,MUESTRA INSUFICIENTE,9,20
GOLD,GOLD_LONG_LOGISTIC_BASE_PLUS_ML_T060,LONG,LOGISTIC,BASE_PLUS_ML,0.6,ATR_ONLY,0,100,False,CONFIG_LOCAL_FALLBACK_MT5_UNAVAILABLE,5,20,11,9,0.565000000000008,0.20000000000001616,1.2333389639511185,-1.0,2.0000000000000466,2.5999999999999894,1.0000000000000808,6.107372593840905,-3.0,12.999999999999819,2.7339778114557363,0.9499079600000897,6.414566843097648,-2.970099999999988,13.719881097278531,1.5900199999999942,1.9899999999999944,1.1292559506152673,0.0,2.970099999999988,3,60.0,0.049999999999992724,1.249999999999991,5.769230769230779,MIXTO,0,0
GOLD,GOLD_LONG_LOGISTIC_BASE_PLUS_ML_T060,LONG,LOGISTIC,BASE_PLUS_ML,0.6,ATR_ONLY,0,100,True,CONFIG_LOCAL_FALLBACK_MT5_UNAVAILABLE,5,0,0,0,0.0,0.0,0.0,0.0,0.0,0.0,0.0,0.0,0.0,0.0,0.0,0.0,0.0,0.0,0.0,0.0,0.0,0.0,0.0,0.0,0,0.0,,,,MUESTRA INSUFICIENTE,20,0
GOLD,GOLD_LONG_LOGISTIC_BASE_PLUS_ML_T060,LONG,LOGISTIC,BASE_PLUS_ML,0.6,ATR_ONLY,0,500,False,CONFIG_LOCAL_FALLBACK_MT5_UNAVAILABLE,5,20,11,9,0.565000000000008,0.20000000000001616,1.2333389639511185,-1.0,2.0000000000000466,2.5999999999999894,1.0000000000000808,6.107372593840905,-3.0,12.999999999999819,2.7339778114557207,0.9499079600000869,6.414566843097626,-2.970100000000002,13.719881097278472,1.5900200000000022,1.9899999999999978,1.1292559506152704,0.0,2.970100000000002,3,60.0,0.049999999999992724,1.249999999999991,5.769230769230779,MIXTO,0,0
GOLD,GOLD_LONG_LOGISTIC_BASE_PLUS_ML_T060,LONG,LOGISTIC,BASE_PLUS_ML,0.6,ATR_ONLY,0,500,True,CONFIG_LOCAL_FALLBACK_MT5_UNAVAILABLE,5,0,0,0,0.0,0.0,0.0,0.0,0.0,0.0,0.0,0.0,0.0,0.0,0.0,0.0,0.0,0.0,0.0,0.0,0.0,0.0,0.0,0.0,0,0.0,,,,MUESTRA INSUFICIENTE,20,0
GOLD,GOLD_LONG_LOGISTIC_BASE_PLUS_ML_T060,LONG,LOGISTIC,BASE_PLUS_ML,0.6,ATR_ONLY,0,1000,False,CONFIG_LOCAL_FALLBACK_MT5_UNAVAILABLE,5,20,11,9,0.565000000000008,0.20000000000001616,1.2333389639511185,-1.0,2.0000000000000466,2.5999999999999894,1.0000000000000808,6.107372593840905,-3.0,12.999999999999819,2.7339778114557207,0.9499079600000869,6.414566843097626,-2.970100000000002,13.719881097278472,1.5900200000000022,1.9899999999999978,1.1292559506152704,0.0,2.970100000000002,3,60.0,0.049999999999992724,1.249999999999991,5.769230769230779,MIXTO,0,0
GOLD,GOLD_LONG_LOGISTIC_BASE_PLUS_ML_T060,LONG,LOGISTIC,BASE_PLUS_ML,0.6,ATR_ONLY,0,1000,True,CONFIG_LOCAL_FALLBACK_MT5_UNAVAILABLE,5,2,2,0,0.39999999999999963,0.0,0.8944271909999151,0.0,1.9999999999999982,0.7999999999999993,0.0,1.7888543819998302,0.0,3.9999999999999964,0.7604199180365685,0.0,1.7003506281745857,0.0,3.8020995901828427,0.0,0.0,0.0,0.0,0.0,1,20.0,1.9999999999999503,2.000000000000046,0.0,MUESTRA INSUFICIENTE,18,0
GOLD,GOLD_LONG_LOGISTIC_BASE_PLUS_ML_T060,LONG,LOGISTIC,BASE_PLUS_ML,0.6,ATR_ONLY,0,5000,False,CONFIG_LOCAL_FALLBACK_MT5_UNAVAILABLE,5,20,11,9,0.565000000000008,0.20000000000001616,1.2333389639511185,-1.0,2.0000000000000466,2.5999999999999894,1.0000000000000808,6.107372593840905,-3.0,12.999999999999819,2.733977811455734,0.9499079600000914,6.414566843097647,-2.970100000000002,13.719881097278522,1.5900200000000009,1.9899999999999956,1.1292559506152706,0.0,2.970100000000002,3,60.0,0.049999999999992724,1.249999999999991,5.769230769230779,MIXTO,0,0
GOLD,GOLD_LONG_LOGISTIC_BASE_PLUS_ML_T060,LONG,LOGISTIC,BASE_PLUS_ML,0.6,ATR_ONLY,0,5000,True,CONFIG_LOCAL_FALLBACK_MT5_UNAVAILABLE,5,19,11,8,0.6250000000000089,0.5000000000000202,1.2183492931011286,-1.0,2.0000000000000466,2.799999999999989,2.0000000000000466,6.058052492344303,-3.0,12.999999999999819,2.32405617073955,1.5563658969242897,5.039371371364835,-2.6778392303272267,10.697626446550313,1.276388891101006,1.367813453865016,0.9741548136087452,0.0,2.6778392303272267,3,60.0,0.10526315789472981,1.3684210526315792,5.663072776280333,MUESTRA INSUFICIENTE,1,0
GOLD,GOLD_LONG_LOGISTIC_BASE_PLUS_ML_T060,LONG,LOGISTIC,BASE_PLUS_ML,0.6,ATR_ONLY,1,100,False,CONFIG_LOCAL_FALLBACK_MT5_UNAVAILABLE,5,20,11,9,0.5214451050907888,0.1626167500912031,1.2278188126615304,-1.0451808520033625,1.953162122810662,2.4149857357268756,0.8130837504560156,5.9640581836766,-3.1355425560100874,12.53494855633834,2.5383717711652083,0.7618599038012093,6.2463010866121085,-3.102885359832314,13.200154957526095,1.6599731367358372,2.048068797876673,1.1744627950232907,0.0,3.102885359832314,3,60.0,0.003262095083139149,1.2020107862082199,6.168308858766322,MIXTO,0,0
GOLD,GOLD_LONG_LOGISTIC_BASE_PLUS_ML_T060,LONG,LOGISTIC,BASE_PLUS_ML,0.6,ATR_ONLY,1,100,True,CONFIG_LOCAL_FALLBACK_MT5_UNAVAILABLE,5,0,0,0,0.0,0.0,0.0,0.0,0.0,0.0,0.0,0.0,0.0,0.0,0.0,0.0,0.0,0.0,0.0,0.0,0.0,0.0,0.0,0.0,0,0.0,,,,MUESTRA INSUFICIENTE,20,0
GOLD,GOLD_LONG_LOGISTIC_BASE_PLUS_ML_T060,LONG,LOGISTIC,BASE_PLUS_ML,0.6,ATR_ONLY,1,500,False,CONFIG_LOCAL_FALLBACK_MT5_UNAVAILABLE,5,20,11,9,0.5214451050907888,0.1626167500912031,1.2278188126615304,-1.0451808520033625,1.953162122810662,2.4149857357268756,0.8130837504560156,5.9640581836766,-3.1355425560100874,12.53494855633834,2.5383717711652163,0.7618599038012235,6.246301086612127,-3.102885359832317,13.20015495752614,1.6599731367358341,2.048068797876673,1.1744627950232926,0.0,3.102885359832317,3,60.0,0.003262095083139149,1.2020107862082199,6.168308858766322,MIXTO,0,0
GOLD,GOLD_LONG_LOGISTIC_BASE_PLUS_ML_T060,LONG,LOGISTIC,BASE_PLUS_ML,0.6,ATR_ONLY,1,500,True,CONFIG_LOCAL_FALLBACK_MT5_UNAVAILABLE,5,0,0,0,0.0,0.0,0.0,0.0,0.0,0.0,0.0,0.0,0.0,0.0,0.0,0.0,0.0,0.0,0.0,0.0,0.0,0.0,0.0,0.0,0,0.0,,,,MUESTRA INSUFICIENTE,20,0
GOLD,GOLD_LONG_LOGISTIC_BASE_PLUS_ML_T060,LONG,LOGISTIC,BASE_PLUS_ML,0.6,ATR_ONLY,1,1000,False,CONFIG_LOCAL_FALLBACK_MT5_UNAVAILABLE,5,20,11,9,0.5214451050907888,0.1626167500912031,1.2278188126615304,-1.0451808520033625,1.953162122810662,2.4149857357268756,0.8130837504560156,5.9640581836766,-3.1355425560100874,12.53494855633834,2.5383717711652163,0.7618599038012235,6.246301086612127,-3.102885359832317,13.20015495752614,1.6599731367358341,2.048068797876673,1.1744627950232926,0.0,3.102885359832317,3,60.0,0.003262095083139149,1.2020107862082199,6.168308858766322,MIXTO,0,0
GOLD,GOLD_LONG_LOGISTIC_BASE_PLUS_ML_T060,LONG,LOGISTIC,BASE_PLUS_ML,0.6,ATR_ONLY,1,1000,True,CONFIG_LOCAL_FALLBACK_MT5_UNAVAILABLE,5,2,2,0,0.3841754479253135,0.0,0.8590424168474314,0.0,1.9208772396265674,0.768350895850627,0.0,1.7180848336948629,0.0,3.841754479253135,0.7303674766306995,0.0,1.6331513263012332,0.0,3.6518373831534974,0.0,0.0,0.0,0.0,0.0,1,20.0,1.918649887812349,1.923104591440786,0.0,MUESTRA INSUFICIENTE,18,0
GOLD,GOLD_LONG_LOGISTIC_BASE_PLUS_ML_T060,LONG,LOGISTIC,BASE_PLUS_ML,0.6,ATR_ONLY,1,5000,False,CONFIG_LOCAL_FALLBACK_MT5_UNAVAILABLE,5,20,11,9,0.5214451050907888,0.1626167500912031,1.2278188126615304,-1.0451808520033625,1.953162122810662,2.4149857357268756,0.8130837504560156,5.9640581836766,-3.1355425560100874,12.53494855633834,2.5383717711652105,0.7618599038011962,6.246301086612119,-3.1028853598323076,13.20015495752612,1.6599731367358366,2.0480687978766707,1.174462795023288,0.0,3.1028853598323076,3,60.0,0.003262095083139149,1.2020107862082199,6.168308858766322,MIXTO,0,0
GOLD,GOLD_LONG_LOGISTIC_BASE_PLUS_ML_T060,LONG,LOGISTIC,BASE_PLUS_ML,0.6,ATR_ONLY,1,5000,True,CONFIG_LOCAL_FALLBACK_MT5_UNAVAILABLE,5,19,11,8,0.5802634717142011,0.45670858320826474,1.213290069867341,-1.0451808520033625,1.953162122810662,2.6177358522022844,1.826834332833059,5.912999537603071,-3.1355425560100874,12.53494855633834,2.1712956866068565,1.5199174595533442,4.911338584451493,-2.798360642693242,10.29191028839785,1.334190650299266,1.4081930916720589,1.0155043716381018,0.0,2.798360642693242,3,60.0,0.05355132635568495,1.3193645957298772,6.013871088874368,MUESTRA INSUFICIENTE,1,0
GOLD,GOLD_LONG_LOGISTIC_BASE_PLUS_ML_T060,LONG,LOGISTIC,BASE_PLUS_ML,0.6,ATR_ONLY,2,100,False,CONFIG_LOCAL_FALLBACK_MT5_UNAVAILABLE,5,20,11,9,0.4778902101815694,0.12523350018238996,1.222363978377385,-1.0903617040067248,1.906324245621277,2.2299714714537613,0.6261675009119498,5.821890392395202,-3.2710851120201747,12.069897112676863,2.343265877665087,0.5740846266885455,6.080046124411916,-3.235550956608122,12.68248230880748,1.7298903233363319,2.1061204594868723,1.2198920514821798,0.0,3.235550956608122,3,60.0,-0.04347580983372149,1.1540215724164404,6.399521805494021,MIXTO,0,0
GOLD,GOLD_LONG_LOGISTIC_BASE_PLUS_ML_T060,LONG,LOGISTIC,BASE_PLUS_ML,0.6,ATR_ONLY,2,100,True,CONFIG_LOCAL_FALLBACK_MT5_UNAVAILABLE,5,0,0,0,0.0,0.0,0.0,0.0,0.0,0.0,0.0,0.0,0.0,0.0,0.0,0.0,0.0,0.0,0.0,0.0,0.0,0.0,0.0,0.0,0,0.0,,,,MUESTRA INSUFICIENTE,20,0
GOLD,GOLD_LONG_LOGISTIC_BASE_PLUS_ML_T060,LONG,LOGISTIC,BASE_PLUS_ML,0.6,ATR_ONLY,2,500,False,CONFIG_LOCAL_FALLBACK_MT5_UNAVAILABLE,5,20,11,9,0.4778902101815694,0.12523350018238996,1.222363978377385,-1.0903617040067248,1.906324245621277,2.2299714714537613,0.6261675009119498,5.821890392395202,-3.2710851120201747,12.069897112676863,2.3432658776650923,0.5740846266885455,6.080046124411932,-3.2355509566081193,12.682482308807517,1.7298903233363312,2.1061204594868834,1.2198920514821814,0.0,3.2355509566081193,3,60.0,-0.04347580983372149,1.1540215724164404,6.399521805494021,MIXTO,0,0
GOLD,GOLD_LONG_LOGISTIC_BASE_PLUS_ML_T060,LONG,LOGISTIC,BASE_PLUS_ML,0.6,ATR_ONLY,2,500,True,CONFIG_LOCAL_FALLBACK_MT5_UNAVAILABLE,5,0,0,0,0.0,0.0,0.0,0.0,0.0,0.0,0.0,0.0,0.0,0.0,0.0,0.0,0.0,0.0,0.0,0.0,0.0,0.0,0.0,0.0,0,0.0,,,,MUESTRA INSUFICIENTE,20,0
GOLD,GOLD_LONG_LOGISTIC_BASE_PLUS_ML_T060,LONG,LOGISTIC,BASE_PLUS_ML,0.6,ATR_ONLY,2,1000,False,CONFIG_LOCAL_FALLBACK_MT5_UNAVAILABLE,5,20,11,9,0.4778902101815694,0.12523350018238996,1.222363978377385,-1.0903617040067248,1.906324245621277,2.2299714714537613,0.6261675009119498,5.821890392395202,-3.2710851120201747,12.069897112676863,2.3432658776650923,0.5740846266885455,6.080046124411932,-3.2355509566081193,12.682482308807517,1.7298903233363312,2.1061204594868834,1.2198920514821814,0.0,3.2355509566081193,3,60.0,-0.04347580983372149,1.1540215724164404,6.399521805494021,MIXTO,0,0
GOLD,GOLD_LONG_LOGISTIC_BASE_PLUS_ML_T060,LONG,LOGISTIC,BASE_PLUS_ML,0.6,ATR_ONLY,2,1000,True,CONFIG_LOCAL_FALLBACK_MT5_UNAVAILABLE,5,2,2,0,0.3683508958506274,0.0,0.823657642694948,0.0,1.841754479253137,0.7367017917012548,0.0,1.647315285389896,0.0,3.683508958506274,0.700315035224835,0.0,1.5659520244278906,0.0,3.5015751761241747,0.0,0.0,0.0,0.0,0.0,1,20.0,1.837299775624748,1.846209182881526,0.0,MUESTRA INSUFICIENTE,18,0
GOLD,GOLD_LONG_LOGISTIC_BASE_PLUS_ML_T060,LONG,LOGISTIC,BASE_PLUS_ML,0.6,ATR_ONLY,2,5000,False,CONFIG_LOCAL_FALLBACK_MT5_UNAVAILABLE,5,20,11,9,0.4778902101815694,0.12523350018238996,1.222363978377385,-1.0903617040067248,1.906324245621277,2.2299714714537613,0.6261675009119498,5.821890392395202,-3.2710851120201747,12.069897112676863,2.343265877665083,0.5740846266885637,6.080046124411925,-3.235550956608149,12.682482308807487,1.729890323336339,2.1061204594868834,1.2198920514821894,0.0,3.235550956608149,3,60.0,-0.04347580983372149,1.1540215724164404,6.399521805494021,MIXTO,0,0
GOLD,GOLD_LONG_LOGISTIC_BASE_PLUS_ML_T060,LONG,LOGISTIC,BASE_PLUS_ML,0.6,ATR_ONLY,2,5000,True,CONFIG_LOCAL_FALLBACK_MT5_UNAVAILABLE,5,19,11,8,0.5355269434283934,0.4134171664165092,1.2082916489517763,-1.0903617040067248,1.906324245621277,2.4354717044045793,1.6536686656660369,5.769021082115518,-3.2710851120201747,12.069897112676863,2.0185352024741516,1.4834690221823985,4.7844294102710885,-2.918882055059276,9.886194130245366,1.3920440567952799,1.4485893150480222,1.0570303149623999,0.0,2.918882055059276,3,60.0,0.00183949481664035,1.2703081388281816,6.256177502255035,MUESTRA INSUFICIENTE,1,0
GOLD,GOLD_LONG_LOGISTIC_BASE_PLUS_ML_T060,LONG,LOGISTIC,BASE_PLUS_ML,0.6,ATR_ONLY,5,100,False,CONFIG_LOCAL_FALLBACK_MT5_UNAVAILABLE,5,20,11,9,0.3472255254539116,0.013083750455950805,1.2064001846246704,-1.2259042600168122,1.7658106140531227,1.67492867863442,0.06541875227975402,5.403168249872697,-3.6777127800504363,10.67474278169243,1.7609346532434274,0.012392610563409788,5.594234000924028,-3.6328297021439653,11.141716743200007,1.9394262890352287,2.2801726267185325,1.3572450686321629,0.0,3.6328297021439653,3,60.0,-0.18368952458430302,1.0100539310411016,7.689065681523248,MIXTO,0,0
GOLD,GOLD_LONG_LOGISTIC_BASE_PLUS_ML_T060,LONG,LOGISTIC,BASE_PLUS_ML,0.6,ATR_ONLY,5,100,True,CONFIG_LOCAL_FALLBACK_MT5_UNAVAILABLE,5,0,0,0,0.0,0.0,0.0,0.0,0.0,0.0,0.0,0.0,0.0,0.0,0.0,0.0,0.0,0.0,0.0,0.0,0.0,0.0,0.0,0.0,0,0.0,,,,MUESTRA INSUFICIENTE,20,0
GOLD,GOLD_LONG_LOGISTIC_BASE_PLUS_ML_T060,LONG,LOGISTIC,BASE_PLUS_ML,0.6,ATR_ONLY,5,500,False,CONFIG_LOCAL_FALLBACK_MT5_UNAVAILABLE,5,20,11,9,0.3472255254539116,0.013083750455950805,1.2064001846246704,-1.2259042600168122,1.7658106140531227,1.67492867863442,0.06541875227975402,5.403168249872697,-3.6777127800504363,10.67474278169243,1.7609346532434258,0.012392610563404105,5.594234000924028,-3.6328297021439653,11.141716743200005,1.939426289035231,2.2801726267185325,1.357245068632162,0.0,3.6328297021439653,3,60.0,-0.18368952458430302,1.0100539310411016,7.689065681523248,MIXTO,0,0
GOLD,GOLD_LONG_LOGISTIC_BASE_PLUS_ML_T060,LONG,LOGISTIC,BASE_PLUS_ML,0.6,ATR_ONLY,5,500,True,CONFIG_LOCAL_FALLBACK_MT5_UNAVAILABLE,5,0,0,0,0.0,0.0,0.0,0.0,0.0,0.0,0.0,0.0,0.0,0.0,0.0,0.0,0.0,0.0,0.0,0.0,0.0,0.0,0.0,0.0,0,0.0,,,,MUESTRA INSUFICIENTE,20,0
GOLD,GOLD_LONG_LOGISTIC_BASE_PLUS_ML_T060,LONG,LOGISTIC,BASE_PLUS_ML,0.6,ATR_ONLY,5,1000,False,CONFIG_LOCAL_FALLBACK_MT5_UNAVAILABLE,5,20,11,9,0.3472255254539116,0.013083750455950805,1.2064001846246704,-1.2259042600168122,1.7658106140531227,1.67492867863442,0.06541875227975402,5.403168249872697,-3.6777127800504363,10.67474278169243,1.7609346532434258,0.012392610563404105,5.594234000924028,-3.6328297021439653,11.141716743200005,1.939426289035231,2.2801726267185325,1.357245068632162,0.0,3.6328297021439653,3,60.0,-0.18368952458430302,1.0100539310411016,7.689065681523248,MIXTO,0,0
GOLD,GOLD_LONG_LOGISTIC_BASE_PLUS_ML_T060,LONG,LOGISTIC,BASE_PLUS_ML,0.6,ATR_ONLY,5,1000,True,CONFIG_LOCAL_FALLBACK_MT5_UNAVAILABLE,5,2,2,0,0.320877239626569,0.0,0.7175033202374975,0.0,1.604386198132845,0.641754479253138,0.0,1.435006640474995,0.0,3.20877239626569,0.6101577110072367,0.0,1.364354118807853,0.0,3.0507885550361835,0.0,0.0,0.0,0.0,0.0,1,20.0,1.5932494390619443,1.6155229572037457,0.0,MUESTRA INSUFICIENTE,18,0
GOLD,GOLD_LONG_LOGISTIC_BASE_PLUS_ML_T060,LONG,LOGISTIC,BASE_PLUS_ML,0.6,ATR_ONLY,5,5000,False,CONFIG_LOCAL_FALLBACK_MT5_UNAVAILABLE,5,20,11,9,0.3472255254539116,0.013083750455950805,1.2064001846246704,-1.2259042600168122,1.7658106140531227,1.67492867863442,0.06541875227975402,5.403168249872697,-3.6777127800504363,10.67474278169243,1.760934653243417,0.012392610563383644,5.594234000924016,-3.632829702143954,11.141716743199977,1.93942628903523,2.280172626718537,1.3572450686321593,0.0,3.632829702143954,3,60.0,-0.18368952458430302,1.0100539310411016,7.689065681523248,MIXTO,0,0
GOLD,GOLD_LONG_LOGISTIC_BASE_PLUS_ML_T060,LONG,LOGISTIC,BASE_PLUS_ML,0.6,ATR_ONLY,5,5000,True,CONFIG_LOCAL_FALLBACK_MT5_UNAVAILABLE,5,19,11,8,0.40131735857096995,0.2835429160412429,1.193668791870546,-1.2259042600168122,1.7658106140531227,1.8886792610114636,1.1341716641649715,5.344397953326001,-3.6777127800504363,10.67474278169243,1.5602537500760625,1.3741237100695798,4.41140911308724,-3.280446292157376,8.669045655787995,1.5659170850140214,1.5698776008381832,1.182482076429449,0.0,3.280446292157376,3,60.0,-0.15329599980049338,1.1231387681230949,7.361503765973096,MUESTRA INSUFICIENTE,1,0
GOLD,GOLD_LONG_LOGISTIC_BASE_PLUS_ML_T060,LONG,LOGISTIC,BASE_PLUS_ML,0.6,SWING_ATR,0,100,False,CONFIG_LOCAL_FALLBACK_MT5_UNAVAILABLE,5,20,15,5,0.28201284561403117,0.26897218376164833,0.5075476090758597,-0.29626927941526127,1.064409717478075,0.8952239704451515,1.064409717478075,1.4458376941821822,-0.8888078382457838,2.9388835767170303,0.897010055137082,1.0644097174780711,1.455182030774302,-0.8907363483092184,2.961145794942553,0.8469131883216947,0.9999999999999981,0.4842115553695331,0.0,1.2345659416084827,4,80.0,-0.08325935256155341,0.4813853755012621,3.9269840582526583,ESTABLE,0,0
GOLD,GOLD_LONG_LOGISTIC_BASE_PLUS_ML_T060,LONG,LOGISTIC,BASE_PLUS_ML,0.6,SWING_ATR,0,100,True,CONFIG_LOCAL_FALLBACK_MT5_UNAVAILABLE,5,0,0,0,0.0,0.0,0.0,0.0,0.0,0.0,0.0,0.0,0.0,0.0,0.0,0.0,0.0,0.0,0.0,0.0,0.0,0.0,0.0,0.0,0,0.0,,,,MUESTRA INSUFICIENTE,20,0
GOLD,GOLD_LONG_LOGISTIC_BASE_PLUS_ML_T060,LONG,LOGISTIC,BASE_PLUS_ML,0.6,SWING_ATR,0,500,False,CONFIG_LOCAL_FALLBACK_MT5_UNAVAILABLE,5,20,15,5,0.28201284561403117,0.26897218376164833,0.5075476090758597,-0.29626927941526127,1.064409717478075,0.8952239704451515,1.064409717478075,1.4458376941821822,-0.8888078382457838,2.9388835767170303,0.8970100551370773,1.0644097174780769,1.4551820307742949,-0.8907363483092127,2.961145794942536,0.8469131883216947,1.0000000000000029,0.4842115553695314,0.0,1.2345659416084687,4,80.0,-0.08325935256155341,0.4813853755012621,3.9269840582526583,ESTABLE,0,0
GOLD,GOLD_LONG_LOGISTIC_BASE_PLUS_ML_T060,LONG,LOGISTIC,BASE_PLUS_ML,0.6,SWING_ATR,0,500,True,CONFIG_LOCAL_FALLBACK_MT5_UNAVAILABLE,5,0,0,0,0.0,0.0,0.0,0.0,0.0,0.0,0.0,0.0,0.0,0.0,0.0,0.0,0.0,0.0,0.0,0.0,0.0,0.0,0.0,0.0,0,0.0,,,,MUESTRA INSUFICIENTE,20,0
GOLD,GOLD_LONG_LOGISTIC_BASE_PLUS_ML_T060,LONG,LOGISTIC,BASE_PLUS_ML,0.6,SWING_ATR,0,1000,False,CONFIG_LOCAL_FALLBACK_MT5_UNAVAILABLE,5,20,15,5,0.28201284561403117,0.26897218376164833,0.5075476090758597,-0.29626927941526127,1.064409717478075,0.8952239704451515,1.064409717478075,1.4458376941821822,-0.8888078382457838,2.9388835767170303,0.8970100551370773,1.0644097174780769,1.4551820307742949,-0.8907363483092127,2.961145794942536,0.8469131883216947,1.0000000000000029,0.4842115553695314,0.0,1.2345659416084687,4,80.0,-0.08325935256155341,0.4813853755012621,3.9269840582526583,ESTABLE,0,0
GOLD,GOLD_LONG_LOGISTIC_BASE_PLUS_ML_T060,LONG,LOGISTIC,BASE_PLUS_ML,0.6,SWING_ATR,0,1000,True,CONFIG_LOCAL_FALLBACK_MT5_UNAVAILABLE,5,0,0,0,0.0,0.0,0.0,0.0,0.0,0.0,0.0,0.0,0.0,0.0,0.0,0.0,0.0,0.0,0.0,0.0,0.0,0.0,0.0,0.0,0,0.0,,,,MUESTRA INSUFICIENTE,20,0
GOLD,GOLD_LONG_LOGISTIC_BASE_PLUS_ML_T060,LONG,LOGISTIC,BASE_PLUS_ML,0.6,SWING_ATR,0,5000,False,CONFIG_LOCAL_FALLBACK_MT5_UNAVAILABLE,5,20,15,5,0.28201284561403117,0.26897218376164833,0.5075476090758597,-0.29626927941526127,1.064409717478075,0.8952239704451515,1.064409717478075,1.4458376941821822,-0.8888078382457838,2.9388835767170303,0.8970100551370779,1.0644097174780836,1.4551820307742824,-0.8907363483092012,2.961145794942513,0.8469131883216952,1.000000000000007,0.4842115553695307,0.0,1.2345659416084616,4,80.0,-0.08325935256155341,0.4813853755012621,3.9269840582526583,ESTABLE,0,0
GOLD,GOLD_LONG_LOGISTIC_BASE_PLUS_ML_T060,LONG,LOGISTIC,BASE_PLUS_ML,0.6,SWING_ATR,0,5000,True,CONFIG_LOCAL_FALLBACK_MT5_UNAVAILABLE,5,6,3,3,0.03595027116897413,0.20109507698051665,1.0003489318318604,-1.0,1.064409717478075,0.07616928656507746,0.4021901539610333,1.0126157885067297,-1.0,1.064409717478075,0.0452847871143713,0.2931620471111455,0.8119817118094418,-0.8928732164259419,0.7847736165115748,0.5016575151551822,0.736821460087067,0.461993672773902,0.0,0.8928732164259419,3,60.0,-0.6809589064356202,0.8210469935354474,4.085753438613726,MUESTRA INSUFICIENTE,14,0
GOLD,GOLD_LONG_LOGISTIC_BASE_PLUS_ML_T060,LONG,LOGISTIC,BASE_PLUS_ML,0.6,SWING_ATR,1,100,False,CONFIG_LOCAL_FALLBACK_MT5_UNAVAILABLE,5,20,15,5,0.2660160185456768,0.2577392582672422,0.5031390180898799,-0.31070663748532873,1.0394823716648625,0.8358899922047325,1.0394823716648625,1.4125473943121067,-0.9321199124559861,2.804313455414003,0.8369826156983862,1.0394823716648602,1.4206521224480424,-0.9338930868465242,2.823531331802343,0.8623593590081369,1.0173753265449401,0.4944882929247997,0.0,1.268353491542114,3,60.0,-0.09766034772977249,0.46491429549988106,4.011106603435911,MIXTO,0,0
GOLD,GOLD_LONG_LOGISTIC_BASE_PLUS_ML_T060,LONG,LOGISTIC,BASE_PLUS_ML,0.6,SWING_ATR,1,100,True,CONFIG_LOCAL_FALLBACK_MT5_UNAVAILABLE,5,0,0,0,0.0,0.0,0.0,0.0,0.0,0.0,0.0,0.0,0.0,0.0,0.0,0.0,0.0,0.0,0.0,0.0,0.0,0.0,0.0,0.0,0,0.0,,,,MUESTRA INSUFICIENTE,20,0
GOLD,GOLD_LONG_LOGISTIC_BASE_PLUS_ML_T060,LONG,LOGISTIC,BASE_PLUS_ML,0.6,SWING_ATR,1,500,False,CONFIG_LOCAL_FALLBACK_MT5_UNAVAILABLE,5,20,15,5,0.2660160185456768,0.2577392582672422,0.5031390180898799,-0.31070663748532873,1.0394823716648625,0.8358899922047325,1.0394823716648625,1.4125473943121067,-0.9321199124559861,2.804313455414003,0.8369826156983844,1.0394823716648602,1.4206521224480402,-0.9338930868465242,2.823531331802337,0.8623593590081391,1.0173753265449401,0.4944882929248009,0.0,1.2683534915421169,3,60.0,-0.09766034772977249,0.46491429549988106,4.011106603435911,MIXTO,0,0
GOLD,GOLD_LONG_LOGISTIC_BASE_PLUS_ML_T060,LONG,LOGISTIC,BASE_PLUS_ML,0.6,SWING_ATR,1,500,True,CONFIG_LOCAL_FALLBACK_MT5_UNAVAILABLE,5,0,0,0,0.0,0.0,0.0,0.0,0.0,0.0,0.0,0.0,0.0,0.0,0.0,0.0,0.0,0.0,0.0,0.0,0.0,0.0,0.0,0.0,0,0.0,,,,MUESTRA INSUFICIENTE,20,0
GOLD,GOLD_LONG_LOGISTIC_BASE_PLUS_ML_T060,LONG,LOGISTIC,BASE_PLUS_ML,0.6,SWING_ATR,1,1000,False,CONFIG_LOCAL_FALLBACK_MT5_UNAVAILABLE,5,20,15,5,0.2660160185456768,0.2577392582672422,0.5031390180898799,-0.31070663748532873,1.0394823716648625,0.8358899922047325,1.0394823716648625,1.4125473943121067,-0.9321199124559861,2.804313455414003,0.8369826156983844,1.0394823716648602,1.4206521224480402,-0.9338930868465242,2.823531331802337,0.8623593590081391,1.0173753265449401,0.4944882929248009,0.0,1.2683534915421169,3,60.0,-0.09766034772977249,0.46491429549988106,4.011106603435911,MIXTO,0,0
GOLD,GOLD_LONG_LOGISTIC_BASE_PLUS_ML_T060,LONG,LOGISTIC,BASE_PLUS_ML,0.6,SWING_ATR,1,1000,True,CONFIG_LOCAL_FALLBACK_MT5_UNAVAILABLE,5,0,0,0,0.0,0.0,0.0,0.0,0.0,0.0,0.0,0.0,0.0,0.0,0.0,0.0,0.0,0.0,0.0,0.0,0.0,0.0,0.0,0.0,0,0.0,,,,MUESTRA INSUFICIENTE,20,0
GOLD,GOLD_LONG_LOGISTIC_BASE_PLUS_ML_T060,LONG,LOGISTIC,BASE_PLUS_ML,0.6,SWING_ATR,1,5000,False,CONFIG_LOCAL_FALLBACK_MT5_UNAVAILABLE,5,20,15,5,0.2660160185456768,0.2577392582672422,0.5031390180898799,-0.31070663748532873,1.0394823716648625,0.8358899922047325,1.0394823716648625,1.4125473943121067,-0.9321199124559861,2.804313455414003,0.8369826156983835,1.0394823716648536,1.420652122448031,-0.9338930868465286,2.8235313318023145,0.8623593590081378,1.0173753265449446,0.4944882929248004,0.0,1.2683534915421169,3,60.0,-0.09766034772977249,0.46491429549988106,4.011106603435911,MIXTO,0,0
GOLD,GOLD_LONG_LOGISTIC_BASE_PLUS_ML_T060,LONG,LOGISTIC,BASE_PLUS_ML,0.6,SWING_ATR,1,5000,True,CONFIG_LOCAL_FALLBACK_MT5_UNAVAILABLE,5,6,3,3,0.01056948905139321,0.16545191751639332,0.9999879254227689,-1.02458603346135,1.0394823716648625,0.04365987255467183,0.33090383503278664,1.0090904398431633,-1.02458603346135,1.0394823716648625,0.018521939104412043,0.23226513129706292,0.8094030627704567,-0.9120911283230452,0.7674139399311752,0.5122577082970652,0.754936977159814,0.47156706699559703,0.0,0.9120911283230452,3,60.0,-0.7031057062319892,0.7868876897092224,4.218688536776316,MUESTRA INSUFICIENTE,14,0
GOLD,GOLD_LONG_LOGISTIC_BASE_PLUS_ML_T060,LONG,LOGISTIC,BASE_PLUS_ML,0.6,SWING_ATR,2,100,False,CONFIG_LOCAL_FALLBACK_MT5_UNAVAILABLE,5,20,15,5,0.25001919147732254,0.246506332772836,0.4987502739296724,-0.32514399555539614,1.0145550258516502,0.7765560139643138,1.0145550258516502,1.3798272614284393,-0.9754319866661885,2.6697433341109758,0.7769926715020177,1.0145550258516494,1.386759068330104,-0.9770388778090506,2.6860613200377657,0.877804609623657,1.0347506530898958,0.5049185941079444,0.0,1.3021364411211256,3,60.0,-0.11241629605491309,0.4493085154548864,4.210324157303038,MIXTO,0,0
GOLD,GOLD_LONG_LOGISTIC_BASE_PLUS_ML_T060,LONG,LOGISTIC,BASE_PLUS_ML,0.6,SWING_ATR,2,100,True,CONFIG_LOCAL_FALLBACK_MT5_UNAVAILABLE,5,0,0,0,0.0,0.0,0.0,0.0,0.0,0.0,0.0,0.0,0.0,0.0,0.0,0.0,0.0,0.0,0.0,0.0,0.0,0.0,0.0,0.0,0,0.0,,,,MUESTRA INSUFICIENTE,20,0
GOLD,GOLD_LONG_LOGISTIC_BASE_PLUS_ML_T060,LONG,LOGISTIC,BASE_PLUS_ML,0.6,SWING_ATR,2,500,False,CONFIG_LOCAL_FALLBACK_MT5_UNAVAILABLE,5,20,15,5,0.25001919147732254,0.246506332772836,0.4987502739296724,-0.32514399555539614,1.0145550258516502,0.7765560139643138,1.0145550258516502,1.3798272614284393,-0.9754319866661885,2.6697433341109758,0.7769926715020256,1.014555025851655,1.3867590683301259,-0.9770388778090592,2.6860613200378114,0.8778046096236581,1.0347506530898871,0.5049185941079459,0.0,1.302136441121134,3,60.0,-0.11241629605491309,0.4493085154548864,4.210324157303038,MIXTO,0,0
GOLD,GOLD_LONG_LOGISTIC_BASE_PLUS_ML_T060,LONG,LOGISTIC,BASE_PLUS_ML,0.6,SWING_ATR,2,500,True,CONFIG_LOCAL_FALLBACK_MT5_UNAVAILABLE,5,0,0,0,0.0,0.0,0.0,0.0,0.0,0.0,0.0,0.0,0.0,0.0,0.0,0.0,0.0,0.0,0.0,0.0,0.0,0.0,0.0,0.0,0,0.0,,,,MUESTRA INSUFICIENTE,20,0
GOLD,GOLD_LONG_LOGISTIC_BASE_PLUS_ML_T060,LONG,LOGISTIC,BASE_PLUS_ML,0.6,SWING_ATR,2,1000,False,CONFIG_LOCAL_FALLBACK_MT5_UNAVAILABLE,5,20,15,5,0.25001919147732254,0.246506332772836,0.4987502739296724,-0.32514399555539614,1.0145550258516502,0.7765560139643138,1.0145550258516502,1.3798272614284393,-0.9754319866661885,2.6697433341109758,0.7769926715020256,1.014555025851655,1.3867590683301259,-0.9770388778090592,2.6860613200378114,0.8778046096236581,1.0347506530898871,0.5049185941079459,0.0,1.302136441121134,3,60.0,-0.11241629605491309,0.4493085154548864,4.210324157303038,MIXTO,0,0
GOLD,GOLD_LONG_LOGISTIC_BASE_PLUS_ML_T060,LONG,LOGISTIC,BASE_PLUS_ML,0.6,SWING_ATR,2,1000,True,CONFIG_LOCAL_FALLBACK_MT5_UNAVAILABLE,5,0,0,0,0.0,0.0,0.0,0.0,0.0,0.0,0.0,0.0,0.0,0.0,0.0,0.0,0.0,0.0,0.0,0.0,0.0,0.0,0.0,0.0,0,0.0,,,,MUESTRA INSUFICIENTE,20,0
GOLD,GOLD_LONG_LOGISTIC_BASE_PLUS_ML_T060,LONG,LOGISTIC,BASE_PLUS_ML,0.6,SWING_ATR,2,5000,False,CONFIG_LOCAL_FALLBACK_MT5_UNAVAILABLE,5,20,15,5,0.25001919147732254,0.246506332772836,0.4987502739296724,-0.32514399555539614,1.0145550258516502,0.7765560139643138,1.0145550258516502,1.3798272614284393,-0.9754319866661885,2.6697433341109758,0.7769926715020156,1.0145550258516414,1.3867590683301205,-0.9770388778090636,2.6860613200377883,0.8778046096236614,1.0347506530898984,0.5049185941079484,0.0,1.302136441121143,3,60.0,-0.11241629605491309,0.4493085154548864,4.210324157303038,MIXTO,0,0
GOLD,GOLD_LONG_LOGISTIC_BASE_PLUS_ML_T060,LONG,LOGISTIC,BASE_PLUS_ML,0.6,SWING_ATR,2,5000,True,CONFIG_LOCAL_FALLBACK_MT5_UNAVAILABLE,5,6,3,3,-0.014811293066187625,0.12980875805227,0.9996637083415955,-1.0491720669226998,1.0145550258516502,0.011150458544266374,0.25961751610454,1.00602388993565,-1.0491720669226998,1.0145550258516502,-0.00824090890554725,0.1713682154829803,0.8072678726001021,-0.9313090402201487,0.7500542633507757,0.5228607190882595,0.7730524942325429,0.48115085570007643,0.0,0.9313090402201487,3,60.0,-0.7252525060283581,0.7527283858829975,4.3516236349389175,MUESTRA INSUFICIENTE,14,0
GOLD,GOLD_LONG_LOGISTIC_BASE_PLUS_ML_T060,LONG,LOGISTIC,BASE_PLUS_ML,0.6,SWING_ATR,5,100,False,CONFIG_LOCAL_FALLBACK_MT5_UNAVAILABLE,5,20,15,5,0.2020287102722595,0.2128075562896176,0.48570849020192614,-0.36845606976559847,0.9397729884120133,0.5985540792430569,0.9397729884120133,1.2855195150796155,-1.1053682092967954,2.2660329702018935,0.5972475496636207,0.9397729884120166,1.2893357752481385,-1.106410578180217,2.2745167812939684,0.9241348410446626,1.08687663272472,0.5370395758346698,0.0,1.4034576877304217,3,60.0,-0.1585907388496996,0.3983868060520599,4.7667467461768975,MIXTO,0,0
GOLD,GOLD_LONG_LOGISTIC_BASE_PLUS_ML_T060,LONG,LOGISTIC,BASE_PLUS_ML,0.6,SWING_ATR,5,100,True,CONFIG_LOCAL_FALLBACK_MT5_UNAVAILABLE,5,0,0,0,0.0,0.0,0.0,0.0,0.0,0.0,0.0,0.0,0.0,0.0,0.0,0.0,0.0,0.0,0.0,0.0,0.0,0.0,0.0,0.0,0,0.0,,,,MUESTRA INSUFICIENTE,20,0
GOLD,GOLD_LONG_LOGISTIC_BASE_PLUS_ML_T060,LONG,LOGISTIC,BASE_PLUS_ML,0.6,SWING_ATR,5,500,False,CONFIG_LOCAL_FALLBACK_MT5_UNAVAILABLE,5,20,15,5,0.2020287102722595,0.2128075562896176,0.48570849020192614,-0.36845606976559847,0.9397729884120133,0.5985540792430569,0.9397729884120133,1.2855195150796155,-1.1053682092967954,2.2660329702018935,0.5972475496636275,0.9397729884120166,1.2893357752481311,-1.1064105781801914,2.27451678129396,0.9241348410446598,1.0868766327247228,0.5370395758346662,0.0,1.4034576877304046,3,60.0,-0.1585907388496996,0.3983868060520599,4.7667467461768975,MIXTO,0,0
GOLD,GOLD_LONG_LOGISTIC_BASE_PLUS_ML_T060,LONG,LOGISTIC,BASE_PLUS_ML,0.6,SWING_ATR,5,500,True,CONFIG_LOCAL_FALLBACK_MT5_UNAVAILABLE,5,0,0,0,0.0,0.0,0.0,0.0,0.0,0.0,0.0,0.0,0.0,0.0,0.0,0.0,0.0,0.0,0.0,0.0,0.0,0.0,0.0,0.0,0,0.0,,,,MUESTRA INSUFICIENTE,20,0
GOLD,GOLD_LONG_LOGISTIC_BASE_PLUS_ML_T060,LONG,LOGISTIC,BASE_PLUS_ML,0.6,SWING_ATR,5,1000,False,CONFIG_LOCAL_FALLBACK_MT5_UNAVAILABLE,5,20,15,5,0.2020287102722595,0.2128075562896176,0.48570849020192614,-0.36845606976559847,0.9397729884120133,0.5985540792430569,0.9397729884120133,1.2855195150796155,-1.1053682092967954,2.2660329702018935,0.5972475496636275,0.9397729884120166,1.2893357752481311,-1.1064105781801914,2.27451678129396,0.9241348410446598,1.0868766327247228,0.5370395758346662,0.0,1.4034576877304046,3,60.0,-0.1585907388496996,0.3983868060520599,4.7667467461768975,MIXTO,0,0
GOLD,GOLD_LONG_LOGISTIC_BASE_PLUS_ML_T060,LONG,LOGISTIC,BASE_PLUS_ML,0.6,SWING_ATR,5,1000,True,CONFIG_LOCAL_FALLBACK_MT5_UNAVAILABLE,5,0,0,0,0.0,0.0,0.0,0.0,0.0,0.0,0.0,0.0,0.0,0.0,0.0,0.0,0.0,0.0,0.0,0.0,0.0,0.0,0.0,0.0,0,0.0,,,,MUESTRA INSUFICIENTE,20,0
GOLD,GOLD_LONG_LOGISTIC_BASE_PLUS_ML_T060,LONG,LOGISTIC,BASE_PLUS_ML,0.6,SWING_ATR,5,5000,False,CONFIG_LOCAL_FALLBACK_MT5_UNAVAILABLE,5,20,15,5,0.2020287102722595,0.2128075562896176,0.48570849020192614,-0.36845606976559847,0.9397729884120133,0.5985540792430569,0.9397729884120133,1.2855195150796155,-1.1053682092967954,2.2660329702018935,0.5972475496636216,0.9397729884120054,1.2893357752481334,-1.1064105781802027,2.2745167812939506,0.924134841044659,1.0868766327247184,0.5370395758346662,0.0,1.4034576877304048,3,60.0,-0.1585907388496996,0.3983868060520599,4.7667467461768975,MIXTO,0,0
GOLD,GOLD_LONG_LOGISTIC_BASE_PLUS_ML_T060,LONG,LOGISTIC,BASE_PLUS_ML,0.6,SWING_ATR,5,5000,True,CONFIG_LOCAL_FALLBACK_MT5_UNAVAILABLE,5,6,3,3,-0.09095363941893034,0.022879279659899776,0.9989121309632636,-1.1229301673067493,0.9397729884120133,-0.08637778348695038,0.04575855931979955,0.9996160989440762,-1.1229301673067493,0.9397729884120133,-0.08852945293543235,-0.011322531959285698,0.803554735452461,-0.9889627759114774,0.6979752336095771,0.5546866954135197,0.8273990454507657,0.5099598161527312,0.0,0.9889627759114774,3,60.0,-0.791692905417465,0.6481177410166824,4.7504289294267315,MUESTRA INSUFICIENTE,14,0
GOLD,GOLD_LONG_LOGISTIC_BASE_PLUS_ML_T060,LONG,LOGISTIC,BASE_PLUS_ML,0.6,SWING_ATR_RR,0,100,False,CONFIG_LOCAL_FALLBACK_MT5_UNAVAILABLE,5,20,12,8,0.37914547951432004,0.18651029674242445,0.9388147519346616,-0.2765570487009324,2.0,0.6242046001005167,1.2532233101891523,1.3387011679356702,-0.8296711461027971,2.0,0.6175306352994653,1.2459769604845832,1.335726263377661,-0.8323297376264093,2.0,0.8571616318231513,0.9999999999999996,0.4887824026856447,0.0,1.234565941608468,3,60.0,-0.21362985966761122,0.5064948885280248,5.272723786304887,MIXTO,0,0
GOLD,GOLD_LONG_LOGISTIC_BASE_PLUS_ML_T060,LONG,LOGISTIC,BASE_PLUS_ML,0.6,SWING_ATR_RR,0,100,True,CONFIG_LOCAL_FALLBACK_MT5_UNAVAILABLE,5,0,0,0,0.0,0.0,0.0,0.0,0.0,0.0,0.0,0.0,0.0,0.0,0.0,0.0,0.0,0.0,0.0,0.0,0.0,0.0,0.0,0.0,0,0.0,,,,MUESTRA INSUFICIENTE,20,0
GOLD,GOLD_LONG_LOGISTIC_BASE_PLUS_ML_T060,LONG,LOGISTIC,BASE_PLUS_ML,0.6,SWING_ATR_RR,0,500,False,CONFIG_LOCAL_FALLBACK_MT5_UNAVAILABLE,5,20,12,8,0.37914547951432004,0.18651029674242445,0.9388147519346616,-0.2765570487009324,2.0,0.6242046001005167,1.2532233101891523,1.3387011679356702,-0.8296711461027971,2.0,0.6175306352994585,1.245976960484586,1.3357262633776579,-0.8323297376264236,2.0,0.8571616318231529,1.0000000000000004,0.48878240268564627,0.0,1.2345659416084764,3,60.0,-0.21362985966761122,0.5064948885280248,5.272723786304887,MIXTO,0,0
GOLD,GOLD_LONG_LOGISTIC_BASE_PLUS_ML_T060,LONG,LOGISTIC,BASE_PLUS_ML,0.6,SWING_ATR_RR,0,500,True,CONFIG_LOCAL_FALLBACK_MT5_UNAVAILABLE,5,0,0,0,0.0,0.0,0.0,0.0,0.0,0.0,0.0,0.0,0.0,0.0,0.0,0.0,0.0,0.0,0.0,0.0,0.0,0.0,0.0,0.0,0,0.0,,,,MUESTRA INSUFICIENTE,20,0
GOLD,GOLD_LONG_LOGISTIC_BASE_PLUS_ML_T060,LONG,LOGISTIC,BASE_PLUS_ML,0.6,SWING_ATR_RR,0,1000,False,CONFIG_LOCAL_FALLBACK_MT5_UNAVAILABLE,5,20,12,8,0.37914547951432004,0.18651029674242445,0.9388147519346616,-0.2765570487009324,2.0,0.6242046001005167,1.2532233101891523,1.3387011679356702,-0.8296711461027971,2.0,0.6175306352994585,1.245976960484586,1.3357262633776579,-0.8323297376264236,2.0,0.8571616318231529,1.0000000000000004,0.48878240268564627,0.0,1.2345659416084764,3,60.0,-0.21362985966761122,0.5064948885280248,5.272723786304887,MIXTO,0,0
GOLD,GOLD_LONG_LOGISTIC_BASE_PLUS_ML_T060,LONG,LOGISTIC,BASE_PLUS_ML,0.6,SWING_ATR_RR,0,1000,True,CONFIG_LOCAL_FALLBACK_MT5_UNAVAILABLE,5,0,0,0,0.0,0.0,0.0,0.0,0.0,0.0,0.0,0.0,0.0,0.0,0.0,0.0,0.0,0.0,0.0,0.0,0.0,0.0,0.0,0.0,0,0.0,,,,MUESTRA INSUFICIENTE,20,0
GOLD,GOLD_LONG_LOGISTIC_BASE_PLUS_ML_T060,LONG,LOGISTIC,BASE_PLUS_ML,0.6,SWING_ATR_RR,0,5000,False,CONFIG_LOCAL_FALLBACK_MT5_UNAVAILABLE,5,20,12,8,0.37914547951432004,0.18651029674242445,0.9388147519346616,-0.2765570487009324,2.0,0.6242046001005167,1.2532233101891523,1.3387011679356702,-0.8296711461027971,2.0,0.617530635299463,1.2459769604846043,1.3357262633776674,-0.8323297376264236,2.0,0.8571616318231564,1.000000000000007,0.4887824026856477,0.0,1.2345659416084764,3,60.0,-0.21362985966761122,0.5064948885280248,5.272723786304887,MIXTO,0,0
GOLD,GOLD_LONG_LOGISTIC_BASE_PLUS_ML_T060,LONG,LOGISTIC,BASE_PLUS_ML,0.6,SWING_ATR_RR,0,5000,True,CONFIG_LOCAL_FALLBACK_MT5_UNAVAILABLE,5,6,3,3,0.1368152282928238,0.18407614146411902,1.2440148705293108,-1.0,2.0,0.23681522829282375,0.18407614146411902,1.2993726143892874,-1.0,2.0,0.15753123568704902,0.1580078125,1.0018062247910238,-0.8928732164259419,1.4621868547121266,0.5007865888053165,0.736821460087067,0.4611087061107318,0.0,0.8928732164259419,3,60.0,-0.8026539764226469,1.1973460235773532,4.815923858535887,MUESTRA INSUFICIENTE,14,0
GOLD,GOLD_LONG_LOGISTIC_BASE_PLUS_ML_T060,LONG,LOGISTIC,BASE_PLUS_ML,0.6,SWING_ATR_RR,1,100,False,CONFIG_LOCAL_FALLBACK_MT5_UNAVAILABLE,5,20,12,8,0.36313893918257567,0.16970711659458076,0.933936136193133,-0.29099637799407124,1.9749790951585355,0.5648977237971323,1.1970678464779834,1.3262644302631112,-0.8729891339822138,1.9749790951585355,0.5579972614147237,1.189373969532312,1.3232878508364505,-0.8755122956660983,1.974979095158531,0.8740499216544734,1.017375326544949,0.4998537977237294,0.0,1.2683534915421124,3,60.0,-0.2270685856052024,0.49053276418656466,5.512958755360168,MIXTO,0,0
GOLD,GOLD_LONG_LOGISTIC_BASE_PLUS_ML_T060,LONG,LOGISTIC,BASE_PLUS_ML,0.6,SWING_ATR_RR,1,100,True,CONFIG_LOCAL_FALLBACK_MT5_UNAVAILABLE,5,0,0,0,0.0,0.0,0.0,0.0,0.0,0.0,0.0,0.0,0.0,0.0,0.0,0.0,0.0,0.0,0.0,0.0,0.0,0.0,0.0,0.0,0,0.0,,,,MUESTRA INSUFICIENTE,20,0
GOLD,GOLD_LONG_LOGISTIC_BASE_PLUS_ML_T060,LONG,LOGISTIC,BASE_PLUS_ML,0.6,SWING_ATR_RR,1,500,False,CONFIG_LOCAL_FALLBACK_MT5_UNAVAILABLE,5,20,12,8,0.36313893918257567,0.16970711659458076,0.933936136193133,-0.29099637799407124,1.9749790951585355,0.5648977237971323,1.1970678464779834,1.3262644302631112,-0.8729891339822138,1.9749790951585355,0.55799726141473,1.1893739695323349,1.3232878508364498,-0.8755122956660899,1.9749790951585398,0.87404992165447,1.0173753265449461,0.4998537977237278,0.0,1.2683534915421095,3,60.0,-0.2270685856052024,0.49053276418656466,5.512958755360168,MIXTO,0,0
GOLD,GOLD_LONG_LOGISTIC_BASE_PLUS_ML_T060,LONG,LOGISTIC,BASE_PLUS_ML,0.6,SWING_ATR_RR,1,500,True,CONFIG_LOCAL_FALLBACK_MT5_UNAVAILABLE,5,0,0,0,0.0,0.0,0.0,0.0,0.0,0.0,0.0,0.0,0.0,0.0,0.0,0.0,0.0,0.0,0.0,0.0,0.0,0.0,0.0,0.0,0,0.0,,,,MUESTRA INSUFICIENTE,20,0
GOLD,GOLD_LONG_LOGISTIC_BASE_PLUS_ML_T060,LONG,LOGISTIC,BASE_PLUS_ML,0.6,SWING_ATR_RR,1,1000,False,CONFIG_LOCAL_FALLBACK_MT5_UNAVAILABLE,5,20,12,8,0.36313893918257567,0.16970711659458076,0.933936136193133,-0.29099637799407124,1.9749790951585355,0.5648977237971323,1.1970678464779834,1.3262644302631112,-0.8729891339822138,1.9749790951585355,0.55799726141473,1.1893739695323349,1.3232878508364498,-0.8755122956660899,1.9749790951585398,0.87404992165447,1.0173753265449461,0.4998537977237278,0.0,1.2683534915421095,3,60.0,-0.2270685856052024,0.49053276418656466,5.512958755360168,MIXTO,0,0
GOLD,GOLD_LONG_LOGISTIC_BASE_PLUS_ML_T060,LONG,LOGISTIC,BASE_PLUS_ML,0.6,SWING_ATR_RR,1,1000,True,CONFIG_LOCAL_FALLBACK_MT5_UNAVAILABLE,5,0,0,0,0.0,0.0,0.0,0.0,0.0,0.0,0.0,0.0,0.0,0.0,0.0,0.0,0.0,0.0,0.0,0.0,0.0,0.0,0.0,0.0,0,0.0,,,,MUESTRA INSUFICIENTE,20,0
GOLD,GOLD_LONG_LOGISTIC_BASE_PLUS_ML_T060,LONG,LOGISTIC,BASE_PLUS_ML,0.6,SWING_ATR_RR,1,5000,False,CONFIG_LOCAL_FALLBACK_MT5_UNAVAILABLE,5,20,12,8,0.36313893918257567,0.16970711659458076,0.933936136193133,-0.29099637799407124,1.9749790951585355,0.5648977237971323,1.1970678464779834,1.3262644302631112,-0.8729891339822138,1.9749790951585355,0.5579972614147263,1.1893739695323349,1.323287850836455,-0.8755122956661034,1.9749790951585418,0.8740499216544718,1.0173753265449397,0.4998537977237293,0.0,1.2683534915421164,3,60.0,-0.2270685856052024,0.49053276418656466,5.512958755360168,MIXTO,0,0
GOLD,GOLD_LONG_LOGISTIC_BASE_PLUS_ML_T060,LONG,LOGISTIC,BASE_PLUS_ML,0.6,SWING_ATR_RR,1,5000,True,CONFIG_LOCAL_FALLBACK_MT5_UNAVAILABLE,5,6,3,3,0.11142435967953053,0.16392546050393,1.2423992631190934,-1.02458603346135,1.9749790951585355,0.20428974968824543,0.16392546050393,1.2917456886048921,-1.02458603346135,1.9749790951585355,0.1307571630322309,0.14071081250000134,0.9953625580466224,-0.9120911283230452,1.443894235636035,0.5113709429734954,0.754936977159814,0.47067245883674735,0.0,0.9120911283230452,3,60.0,-0.824788606712017,1.1618383281431788,4.948785939656486,MUESTRA INSUFICIENTE,14,0
GOLD,GOLD_LONG_LOGISTIC_BASE_PLUS_ML_T060,LONG,LOGISTIC,BASE_PLUS_ML,0.6,SWING_ATR_RR,2,100,False,CONFIG_LOCAL_FALLBACK_MT5_UNAVAILABLE,5,20,12,8,0.34713239885083136,0.15290393644673705,0.9290639732880782,-0.3054357072872102,1.949958190317071,0.5055908474937478,1.1409123827668146,1.3151467940865937,-0.9163071218616305,1.949958190317071,0.49850086286445505,1.132794785098426,1.3122161187894572,-0.9186838994148872,1.9499581903170762,0.8909366632447722,1.034750653089889,0.5111066249615482,0.0,1.3021364411211374,3,60.0,-0.2408817643297799,0.47249429136966953,5.710123793047956,MIXTO,0,0
GOLD,GOLD_LONG_LOGISTIC_BASE_PLUS_ML_T060,LONG,LOGISTIC,BASE_PLUS_ML,0.6,SWING_ATR_RR,2,100,True,CONFIG_LOCAL_FALLBACK_MT5_UNAVAILABLE,5,0,0,0,0.0,0.0,0.0,0.0,0.0,0.0,0.0,0.0,0.0,0.0,0.0,0.0,0.0,0.0,0.0,0.0,0.0,0.0,0.0,0.0,0,0.0,,,,MUESTRA INSUFICIENTE,20,0
GOLD,GOLD_LONG_LOGISTIC_BASE_PLUS_ML_T060,LONG,LOGISTIC,BASE_PLUS_ML,0.6,SWING_ATR_RR,2,500,False,CONFIG_LOCAL_FALLBACK_MT5_UNAVAILABLE,5,20,12,8,0.34713239885083136,0.15290393644673705,0.9290639732880782,-0.3054357072872102,1.949958190317071,0.5055908474937478,1.1409123827668146,1.3151467940865937,-0.9163071218616305,1.949958190317071,0.49850086286445505,1.1327947850984401,1.3122161187894583,-0.9186838994148843,1.949958190317068,0.8909366632447726,1.0347506530898944,0.5111066249615472,0.0,1.3021364411211263,3,60.0,-0.2408817643297799,0.47249429136966953,5.710123793047956,MIXTO,0,0
GOLD,GOLD_LONG_LOGISTIC_BASE_PLUS_ML_T060,LONG,LOGISTIC,BASE_PLUS_ML,0.6,SWING_ATR_RR,2,500,True,CONFIG_LOCAL_FALLBACK_MT5_UNAVAILABLE,5,0,0,0,0.0,0.0,0.0,0.0,0.0,0.0,0.0,0.0,0.0,0.0,0.0,0.0,0.0,0.0,0.0,0.0,0.0,0.0,0.0,0.0,0,0.0,,,,MUESTRA INSUFICIENTE,20,0
GOLD,GOLD_LONG_LOGISTIC_BASE_PLUS_ML_T060,LONG,LOGISTIC,BASE_PLUS_ML,0.6,SWING_ATR_RR,2,1000,False,CONFIG_LOCAL_FALLBACK_MT5_UNAVAILABLE,5,20,12,8,0.34713239885083136,0.15290393644673705,0.9290639732880782,-0.3054357072872102,1.949958190317071,0.5055908474937478,1.1409123827668146,1.3151467940865937,-0.9163071218616305,1.949958190317071,0.49850086286445505,1.1327947850984401,1.3122161187894583,-0.9186838994148843,1.949958190317068,0.8909366632447726,1.0347506530898944,0.5111066249615472,0.0,1.3021364411211263,3,60.0,-0.2408817643297799,0.47249429136966953,5.710123793047956,MIXTO,0,0
GOLD,GOLD_LONG_LOGISTIC_BASE_PLUS_ML_T060,LONG,LOGISTIC,BASE_PLUS_ML,0.6,SWING_ATR_RR,2,1000,True,CONFIG_LOCAL_FALLBACK_MT5_UNAVAILABLE,5,0,0,0,0.0,0.0,0.0,0.0,0.0,0.0,0.0,0.0,0.0,0.0,0.0,0.0,0.0,0.0,0.0,0.0,0.0,0.0,0.0,0.0,0,0.0,,,,MUESTRA INSUFICIENTE,20,0
GOLD,GOLD_LONG_LOGISTIC_BASE_PLUS_ML_T060,LONG,LOGISTIC,BASE_PLUS_ML,0.6,SWING_ATR_RR,2,5000,False,CONFIG_LOCAL_FALLBACK_MT5_UNAVAILABLE,5,20,12,8,0.34713239885083136,0.15290393644673705,0.9290639732880782,-0.3054357072872102,1.949958190317071,0.5055908474937478,1.1409123827668146,1.3151467940865937,-0.9163071218616305,1.949958190317071,0.4985008628644536,1.132794785098431,1.3122161187894616,-0.9186838994149003,1.9499581903170655,0.8909366632447735,1.0347506530898944,0.5111066249615496,0.0,1.3021364411211398,3,60.0,-0.2408817643297799,0.47249429136966953,5.710123793047956,MIXTO,0,0
GOLD,GOLD_LONG_LOGISTIC_BASE_PLUS_ML_T060,LONG,LOGISTIC,BASE_PLUS_ML,0.6,SWING_ATR_RR,2,5000,True,CONFIG_LOCAL_FALLBACK_MT5_UNAVAILABLE,5,6,3,3,0.0860334910662373,0.143774779543741,1.2408115574992316,-1.0491720669226998,1.949958190317071,0.17176427108366718,0.143774779543741,1.2844434365606716,-1.0491720669226998,1.949958190317071,0.10398309037741635,0.12341381250000266,0.989246352129593,-0.9313090402201487,1.425601616559943,0.5219580897374275,0.7730524942325429,0.4802465431304467,0.0,0.9313090402201487,3,60.0,-0.8469232370013874,1.1263306327090044,5.081648020777097,MUESTRA INSUFICIENTE,14,0
GOLD,GOLD_LONG_LOGISTIC_BASE_PLUS_ML_T060,LONG,LOGISTIC,BASE_PLUS_ML,0.6,SWING_ATR_RR,5,100,False,CONFIG_LOCAL_FALLBACK_MT5_UNAVAILABLE,5,20,12,8,0.29911277785559826,0.10249439600320595,0.9144872322830845,-0.3487536951666268,1.8748954757926775,0.3276702185835944,0.8199551680256476,1.2900293475108975,-1.0462610854998804,1.8748954757926775,0.32023326297151017,0.795458109207857,1.2874716919382592,-1.0481329978562002,1.8748954757926837,0.9415875985695317,1.086876632724726,0.5458390179870629,0.0,1.403457687730401,3,60.0,-0.2832842503137344,0.419135362604362,6.100446887469202,MIXTO,0,0
GOLD,GOLD_LONG_LOGISTIC_BASE_PLUS_ML_T060,LONG,LOGISTIC,BASE_PLUS_ML,0.6,SWING_ATR_RR,5,100,True,CONFIG_LOCAL_FALLBACK_MT5_UNAVAILABLE,5,0,0,0,0.0,0.0,0.0,0.0,0.0,0.0,0.0,0.0,0.0,0.0,0.0,0.0,0.0,0.0,0.0,0.0,0.0,0.0,0.0,0.0,0,0.0,,,,MUESTRA INSUFICIENTE,20,0
GOLD,GOLD_LONG_LOGISTIC_BASE_PLUS_ML_T060,LONG,LOGISTIC,BASE_PLUS_ML,0.6,SWING_ATR_RR,5,500,False,CONFIG_LOCAL_FALLBACK_MT5_UNAVAILABLE,5,20,12,8,0.29911277785559826,0.10249439600320595,0.9144872322830845,-0.3487536951666268,1.8748954757926775,0.3276702185835944,0.8199551680256476,1.2900293475108975,-1.0462610854998804,1.8748954757926775,0.32023326297150795,0.7954581092078684,1.2874716919382616,-1.0481329978562144,1.8748954757926755,0.9415875985695367,1.086876632724726,0.5458390179870668,0.0,1.4034576877304152,3,60.0,-0.2832842503137344,0.419135362604362,6.100446887469202,MIXTO,0,0
GOLD,GOLD_LONG_LOGISTIC_BASE_PLUS_ML_T060,LONG,LOGISTIC,BASE_PLUS_ML,0.6,SWING_ATR_RR,5,500,True,CONFIG_LOCAL_FALLBACK_MT5_UNAVAILABLE,5,0,0,0,0.0,0.0,0.0,0.0,0.0,0.0,0.0,0.0,0.0,0.0,0.0,0.0,0.0,0.0,0.0,0.0,0.0,0.0,0.0,0.0,0,0.0,,,,MUESTRA INSUFICIENTE,20,0
GOLD,GOLD_LONG_LOGISTIC_BASE_PLUS_ML_T060,LONG,LOGISTIC,BASE_PLUS_ML,0.6,SWING_ATR_RR,5,1000,False,CONFIG_LOCAL_FALLBACK_MT5_UNAVAILABLE,5,20,12,8,0.29911277785559826,0.10249439600320595,0.9144872322830845,-0.3487536951666268,1.8748954757926775,0.3276702185835944,0.8199551680256476,1.2900293475108975,-1.0462610854998804,1.8748954757926775,0.32023326297150795,0.7954581092078684,1.2874716919382616,-1.0481329978562144,1.8748954757926755,0.9415875985695367,1.086876632724726,0.5458390179870668,0.0,1.4034576877304152,3,60.0,-0.2832842503137344,0.419135362604362,6.100446887469202,MIXTO,0,0
GOLD,GOLD_LONG_LOGISTIC_BASE_PLUS_ML_T060,LONG,LOGISTIC,BASE_PLUS_ML,0.6,SWING_ATR_RR,5,1000,True,CONFIG_LOCAL_FALLBACK_MT5_UNAVAILABLE,5,0,0,0,0.0,0.0,0.0,0.0,0.0,0.0,0.0,0.0,0.0,0.0,0.0,0.0,0.0,0.0,0.0,0.0,0.0,0.0,0.0,0.0,0,0.0,,,,MUESTRA INSUFICIENTE,20,0
GOLD,GOLD_LONG_LOGISTIC_BASE_PLUS_ML_T060,LONG,LOGISTIC,BASE_PLUS_ML,0.6,SWING_ATR_RR,5,5000,False,CONFIG_LOCAL_FALLBACK_MT5_UNAVAILABLE,5,20,12,8,0.29911277785559826,0.10249439600320595,0.9144872322830845,-0.3487536951666268,1.8748954757926775,0.3276702185835944,0.8199551680256476,1.2900293475108975,-1.0462610854998804,1.8748954757926775,0.32023326297151644,0.7954581092078661,1.2874716919382518,-1.0481329978561917,1.874895475792673,0.9415875985695312,1.0868766327247281,0.5458390179870624,0.0,1.4034576877303993,3,60.0,-0.2832842503137344,0.419135362604362,6.100446887469202,MIXTO,0,0
GOLD,GOLD_LONG_LOGISTIC_BASE_PLUS_ML_T060,LONG,LOGISTIC,BASE_PLUS_ML,0.6,SWING_ATR_RR,5,5000,True,CONFIG_LOCAL_FALLBACK_MT5_UNAVAILABLE,5,6,3,3,0.009860885226357441,0.08332273666317393,1.2362169169858652,-1.1229301673067493,1.8748954757926775,0.07418783526993211,0.08332273666317393,1.2645397197981105,-1.1229301673067493,1.8748954757926775,0.023660872412958268,0.0715228125000067,0.9729226047228275,-0.9889627759114774,1.3707237593316495,0.5537363231755247,0.8273990454507657,0.5090260223106093,0.0,0.9889627759114774,3,60.0,-0.913327127869498,1.019807546406481,5.459492527628473,MUESTRA INSUFICIENTE,14,0
GOLD,GOLD_LONG_LOGISTIC_BASE_PLUS_ML_T060,LONG,LOGISTIC,BASE_PLUS_ML,0.6,SWING_STRUCTURAL_TARGET,0,100,False,CONFIG_LOCAL_FALLBACK_MT5_UNAVAILABLE,5,9,6,3,-0.26838888913790643,-0.40054278333126125,0.5217898644167119,-1.0,0.2872409901966251,-0.35706674775630864,-0.8010855666625225,0.7218867778699654,-1.0,0.5573884283824388,-0.3576009446630593,-0.8030747109959009,0.7227988018966437,-1.0,0.5584178122750814,0.6,0.9999999999999956,0.5477225575051661,0.0,1.0000000000000042,2,40.0,-0.5997533495802041,0.19198242068532617,4.813135266023975,MUESTRA INSUFICIENTE,0,11
GOLD,GOLD_LONG_LOGISTIC_BASE_PLUS_ML_T060,LONG,LOGISTIC,BASE_PLUS_ML,0.6,SWING_STRUCTURAL_TARGET,0,100,True,CONFIG_LOCAL_FALLBACK_MT5_UNAVAILABLE,5,0,0,0,0.0,0.0,0.0,0.0,0.0,0.0,0.0,0.0,0.0,0.0,0.0,0.0,0.0,0.0,0.0,0.0,0.0,0.0,0.0,0.0,0,0.0,,,,MUESTRA INSUFICIENTE,9,11
GOLD,GOLD_LONG_LOGISTIC_BASE_PLUS_ML_T060,LONG,LOGISTIC,BASE_PLUS_ML,0.6,SWING_STRUCTURAL_TARGET,0,500,False,CONFIG_LOCAL_FALLBACK_MT5_UNAVAILABLE,5,9,6,3,-0.26838888913790643,-0.40054278333126125,0.5217898644167119,-1.0,0.2872409901966251,-0.35706674775630864,-0.8010855666625225,0.7218867778699654,-1.0,0.5573884283824388,-0.3576009446630565,-0.8030747109959065,0.7227988018966501,-1.0,0.5584178122750927,0.6,0.9999999999999956,0.5477225575051662,0.0,1.0000000000000044,2,40.0,-0.5997533495802041,0.19198242068532617,4.813135266023975,MUESTRA INSUFICIENTE,0,11
GOLD,GOLD_LONG_LOGISTIC_BASE_PLUS_ML_T060,LONG,LOGISTIC,BASE_PLUS_ML,0.6,SWING_STRUCTURAL_TARGET,0,500,True,CONFIG_LOCAL_FALLBACK_MT5_UNAVAILABLE,5,0,0,0,0.0,0.0,0.0,0.0,0.0,0.0,0.0,0.0,0.0,0.0,0.0,0.0,0.0,0.0,0.0,0.0,0.0,0.0,0.0,0.0,0,0.0,,,,MUESTRA INSUFICIENTE,9,11
GOLD,GOLD_LONG_LOGISTIC_BASE_PLUS_ML_T060,LONG,LOGISTIC,BASE_PLUS_ML,0.6,SWING_STRUCTURAL_TARGET,0,1000,False,CONFIG_LOCAL_FALLBACK_MT5_UNAVAILABLE,5,9,6,3,-0.26838888913790643,-0.40054278333126125,0.5217898644167119,-1.0,0.2872409901966251,-0.35706674775630864,-0.8010855666625225,0.7218867778699654,-1.0,0.5573884283824388,-0.3576009446630565,-0.8030747109959065,0.7227988018966501,-1.0,0.5584178122750927,0.6,0.9999999999999956,0.5477225575051662,0.0,1.0000000000000044,2,40.0,-0.5997533495802041,0.19198242068532617,4.813135266023975,MUESTRA INSUFICIENTE,0,11
GOLD,GOLD_LONG_LOGISTIC_BASE_PLUS_ML_T060,LONG,LOGISTIC,BASE_PLUS_ML,0.6,SWING_STRUCTURAL_TARGET,0,1000,True,CONFIG_LOCAL_FALLBACK_MT5_UNAVAILABLE,5,0,0,0,0.0,0.0,0.0,0.0,0.0,0.0,0.0,0.0,0.0,0.0,0.0,0.0,0.0,0.0,0.0,0.0,0.0,0.0,0.0,0.0,0,0.0,,,,MUESTRA INSUFICIENTE,9,11
GOLD,GOLD_LONG_LOGISTIC_BASE_PLUS_ML_T060,LONG,LOGISTIC,BASE_PLUS_ML,0.6,SWING_STRUCTURAL_TARGET,0,5000,False,CONFIG_LOCAL_FALLBACK_MT5_UNAVAILABLE,5,9,6,3,-0.26838888913790643,-0.40054278333126125,0.5217898644167119,-1.0,0.2872409901966251,-0.35706674775630864,-0.8010855666625225,0.7218867778699654,-1.0,0.5573884283824388,-0.35760094466305237,-0.8030747109958976,0.722798801896653,-1.0,0.5584178122751109,0.6000000000000009,0.9999999999999956,0.5477225575051669,0.0,1.0000000000000087,2,40.0,-0.5997533495802041,0.19198242068532617,4.813135266023975,MUESTRA INSUFICIENTE,0,11
GOLD,GOLD_LONG_LOGISTIC_BASE_PLUS_ML_T060,LONG,LOGISTIC,BASE_PLUS_ML,0.6,SWING_STRUCTURAL_TARGET,0,5000,True,CONFIG_LOCAL_FALLBACK_MT5_UNAVAILABLE,5,3,1,2,-0.342551801960675,0.0,0.6115142478545799,-1.0,0.2872409901966251,-0.342551801960675,0.0,0.6115142478545799,-1.0,0.2872409901966251,-0.2839389353026018,0.0,0.4952579756429392,-0.8928732164259419,0.21,0.32593893530260176,0.0,0.4497075430000802,0.0,0.8928732164259419,1,20.0,-1.0,0.2872409901966251,3.0000000000000027,MUESTRA INSUFICIENTE,6,11
GOLD,GOLD_LONG_LOGISTIC_BASE_PLUS_ML_T060,LONG,LOGISTIC,BASE_PLUS_ML,0.6,SWING_STRUCTURAL_TARGET,1,100,False,CONFIG_LOCAL_FALLBACK_MT5_UNAVAILABLE,5,9,6,3,-0.2845638132761791,-0.40679289108236494,0.5219017463760977,-1.0215236738470377,0.2623913612561409,-0.38239830272528724,-0.8135857821647299,0.7179290669496005,-1.0215236738470377,0.5235429196333738,-0.38293234385894837,-0.8155040451081561,0.718780552157025,-1.0215236738470423,0.5244484466093979,0.6101308020829974,1.0045443031066004,0.5570229875969497,0.0,1.0245860334613446,2,40.0,-0.6140073913593219,0.17914466295781203,4.906996867056382,MUESTRA INSUFICIENTE,0,11
GOLD,GOLD_LONG_LOGISTIC_BASE_PLUS_ML_T060,LONG,LOGISTIC,BASE_PLUS_ML,0.6,SWING_STRUCTURAL_TARGET,1,100,True,CONFIG_LOCAL_FALLBACK_MT5_UNAVAILABLE,5,0,0,0,0.0,0.0,0.0,0.0,0.0,0.0,0.0,0.0,0.0,0.0,0.0,0.0,0.0,0.0,0.0,0.0,0.0,0.0,0.0,0.0,0,0.0,,,,MUESTRA INSUFICIENTE,9,11
GOLD,GOLD_LONG_LOGISTIC_BASE_PLUS_ML_T060,LONG,LOGISTIC,BASE_PLUS_ML,0.6,SWING_STRUCTURAL_TARGET,1,500,False,CONFIG_LOCAL_FALLBACK_MT5_UNAVAILABLE,5,9,6,3,-0.2845638132761791,-0.40679289108236494,0.5219017463760977,-1.0215236738470377,0.2623913612561409,-0.38239830272528724,-0.8135857821647299,0.7179290669496005,-1.0215236738470377,0.5235429196333738,-0.3829323438589472,-0.8155040451081504,0.7187805521570287,-1.0215236738470368,0.5244484466094036,0.610130802082997,1.0045443031065975,0.5570229875969492,0.0,1.0245860334613504,2,40.0,-0.6140073913593219,0.17914466295781203,4.906996867056382,MUESTRA INSUFICIENTE,0,11
GOLD,GOLD_LONG_LOGISTIC_BASE_PLUS_ML_T060,LONG,LOGISTIC,BASE_PLUS_ML,0.6,SWING_STRUCTURAL_TARGET,1,500,True,CONFIG_LOCAL_FALLBACK_MT5_UNAVAILABLE,5,0,0,0,0.0,0.0,0.0,0.0,0.0,0.0,0.0,0.0,0.0,0.0,0.0,0.0,0.0,0.0,0.0,0.0,0.0,0.0,0.0,0.0,0,0.0,,,,MUESTRA INSUFICIENTE,9,11
GOLD,GOLD_LONG_LOGISTIC_BASE_PLUS_ML_T060,LONG,LOGISTIC,BASE_PLUS_ML,0.6,SWING_STRUCTURAL_TARGET,1,1000,False,CONFIG_LOCAL_FALLBACK_MT5_UNAVAILABLE,5,9,6,3,-0.2845638132761791,-0.40679289108236494,0.5219017463760977,-1.0215236738470377,0.2623913612561409,-0.38239830272528724,-0.8135857821647299,0.7179290669496005,-1.0215236738470377,0.5235429196333738,-0.3829323438589472,-0.8155040451081504,0.7187805521570287,-1.0215236738470368,0.5244484466094036,0.610130802082997,1.0045443031065975,0.5570229875969492,0.0,1.0245860334613504,2,40.0,-0.6140073913593219,0.17914466295781203,4.906996867056382,MUESTRA INSUFICIENTE,0,11
GOLD,GOLD_LONG_LOGISTIC_BASE_PLUS_ML_T060,LONG,LOGISTIC,BASE_PLUS_ML,0.6,SWING_STRUCTURAL_TARGET,1,1000,True,CONFIG_LOCAL_FALLBACK_MT5_UNAVAILABLE,5,0,0,0,0.0,0.0,0.0,0.0,0.0,0.0,0.0,0.0,0.0,0.0,0.0,0.0,0.0,0.0,0.0,0.0,0.0,0.0,0.0,0.0,0,0.0,,,,MUESTRA INSUFICIENTE,9,11
GOLD,GOLD_LONG_LOGISTIC_BASE_PLUS_ML_T060,LONG,LOGISTIC,BASE_PLUS_ML,0.6,SWING_STRUCTURAL_TARGET,1,5000,False,CONFIG_LOCAL_FALLBACK_MT5_UNAVAILABLE,5,9,6,3,-0.2845638132761791,-0.40679289108236494,0.5219017463760977,-1.0215236738470377,0.2623913612561409,-0.38239830272528724,-0.8135857821647299,0.7179290669496005,-1.0215236738470377,0.5235429196333738,-0.382932343858949,-0.815504045108155,0.7187805521570304,-1.0215236738470412,0.5244484466094036,0.6101308020829983,1.004544303106595,0.5570229875969505,0.0,1.0245860334613548,2,40.0,-0.6140073913593219,0.17914466295781203,4.906996867056382,MUESTRA INSUFICIENTE,0,11
GOLD,GOLD_LONG_LOGISTIC_BASE_PLUS_ML_T060,LONG,LOGISTIC,BASE_PLUS_ML,0.6,SWING_STRUCTURAL_TARGET,1,5000,True,CONFIG_LOCAL_FALLBACK_MT5_UNAVAILABLE,5,3,1,2,-0.35674366921044937,0.0,0.6176176315179137,-1.02458603346135,0.2623913612561409,-0.35674366921044937,0.0,0.6176176315179137,-1.02458603346135,0.2623913612561409,-0.29503910117469784,0.0,0.5008491429591908,-0.9120911283230452,0.19183259960936994,0.3334056210965718,0.0,0.45990312157965646,0.0,0.9120911283230452,1,20.0,-1.02458603346135,0.2623913612561409,3.0706957407697355,MUESTRA INSUFICIENTE,6,11
GOLD,GOLD_LONG_LOGISTIC_BASE_PLUS_ML_T060,LONG,LOGISTIC,BASE_PLUS_ML,0.6,SWING_STRUCTURAL_TARGET,2,100,False,CONFIG_LOCAL_FALLBACK_MT5_UNAVAILABLE,5,9,6,3,-0.30073873741445173,-0.41304299883346873,0.5221222755889403,-1.0430473476940751,0.23754173231565673,-0.4077298576942658,-0.8260859976669375,0.7140635431174478,-1.0430473476940751,0.48969741088430885,-0.4082611911347186,-0.8279326561388417,0.7148562136299879,-1.0430473476940705,0.4904865185397682,0.6202616041659909,1.009088606213189,0.5664246028199404,0.0,1.0491720669226943,2,40.0,-0.6300599459238191,0.16533238094922845,4.999753541125934,MUESTRA INSUFICIENTE,0,11
GOLD,GOLD_LONG_LOGISTIC_BASE_PLUS_ML_T060,LONG,LOGISTIC,BASE_PLUS_ML,0.6,SWING_STRUCTURAL_TARGET,2,100,True,CONFIG_LOCAL_FALLBACK_MT5_UNAVAILABLE,5,0,0,0,0.0,0.0,0.0,0.0,0.0,0.0,0.0,0.0,0.0,0.0,0.0,0.0,0.0,0.0,0.0,0.0,0.0,0.0,0.0,0.0,0,0.0,,,,MUESTRA INSUFICIENTE,9,11
GOLD,GOLD_LONG_LOGISTIC_BASE_PLUS_ML_T060,LONG,LOGISTIC,BASE_PLUS_ML,0.6,SWING_STRUCTURAL_TARGET,2,500,False,CONFIG_LOCAL_FALLBACK_MT5_UNAVAILABLE,5,9,6,3,-0.30073873741445173,-0.41304299883346873,0.5221222755889403,-1.0430473476940751,0.23754173231565673,-0.4077298576942658,-0.8260859976669375,0.7140635431174478,-1.0430473476940751,0.48969741088430885,-0.4082611911347202,-0.8279326561388529,0.714856213629993,-1.0430473476940731,0.4904865185397853,0.6202616041659935,1.0090886062131976,0.5664246028199429,0.0,1.049172066922697,2,40.0,-0.6300599459238191,0.16533238094922845,4.999753541125934,MUESTRA INSUFICIENTE,0,11
GOLD,GOLD_LONG_LOGISTIC_BASE_PLUS_ML_T060,LONG,LOGISTIC,BASE_PLUS_ML,0.6,SWING_STRUCTURAL_TARGET,2,500,True,CONFIG_LOCAL_FALLBACK_MT5_UNAVAILABLE,5,0,0,0,0.0,0.0,0.0,0.0,0.0,0.0,0.0,0.0,0.0,0.0,0.0,0.0,0.0,0.0,0.0,0.0,0.0,0.0,0.0,0.0,0,0.0,,,,MUESTRA INSUFICIENTE,9,11
GOLD,GOLD_LONG_LOGISTIC_BASE_PLUS_ML_T060,LONG,LOGISTIC,BASE_PLUS_ML,0.6,SWING_STRUCTURAL_TARGET,2,1000,False,CONFIG_LOCAL_FALLBACK_MT5_UNAVAILABLE,5,9,6,3,-0.30073873741445173,-0.41304299883346873,0.5221222755889403,-1.0430473476940751,0.23754173231565673,-0.4077298576942658,-0.8260859976669375,0.7140635431174478,-1.0430473476940751,0.48969741088430885,-0.4082611911347202,-0.8279326561388529,0.714856213629993,-1.0430473476940731,0.4904865185397853,0.6202616041659935,1.0090886062131976,0.5664246028199429,0.0,1.049172066922697,2,40.0,-0.6300599459238191,0.16533238094922845,4.999753541125934,MUESTRA INSUFICIENTE,0,11
GOLD,GOLD_LONG_LOGISTIC_BASE_PLUS_ML_T060,LONG,LOGISTIC,BASE_PLUS_ML,0.6,SWING_STRUCTURAL_TARGET,2,1000,True,CONFIG_LOCAL_FALLBACK_MT5_UNAVAILABLE,5,0,0,0,0.0,0.0,0.0,0.0,0.0,0.0,0.0,0.0,0.0,0.0,0.0,0.0,0.0,0.0,0.0,0.0,0.0,0.0,0.0,0.0,0,0.0,,,,MUESTRA INSUFICIENTE,9,11
GOLD,GOLD_LONG_LOGISTIC_BASE_PLUS_ML_T060,LONG,LOGISTIC,BASE_PLUS_ML,0.6,SWING_STRUCTURAL_TARGET,2,5000,False,CONFIG_LOCAL_FALLBACK_MT5_UNAVAILABLE,5,9,6,3,-0.30073873741445173,-0.41304299883346873,0.5221222755889403,-1.0430473476940751,0.23754173231565673,-0.4077298576942658,-0.8260859976669375,0.7140635431174478,-1.0430473476940751,0.48969741088430885,-0.40826119113472303,-0.8279326561388552,0.7148562136299973,-1.0430473476940825,0.49048651853978303,0.620261604165995,1.0090886062131907,0.5664246028199443,0.0,1.0491720669227016,2,40.0,-0.6300599459238191,0.16533238094922845,4.999753541125934,MUESTRA INSUFICIENTE,0,11
GOLD,GOLD_LONG_LOGISTIC_BASE_PLUS_ML_T060,LONG,LOGISTIC,BASE_PLUS_ML,0.6,SWING_STRUCTURAL_TARGET,2,5000,True,CONFIG_LOCAL_FALLBACK_MT5_UNAVAILABLE,5,3,1,2,-0.37093553646022365,0.0,0.6239330911822294,-1.0491720669226998,0.23754173231565673,-0.37093553646022365,0.0,0.6239330911822294,-1.0491720669226998,0.23754173231565673,-0.3061392670467867,0.0,0.5065816899856583,-0.9313090402201487,0.17366519921875806,0.34087230689053827,0.0,0.4701002656908799,0.0,0.9313090402201487,1,20.0,-1.0491720669226998,0.2375417323156567,3.1413914815394683,MUESTRA INSUFICIENTE,6,11
GOLD,GOLD_LONG_LOGISTIC_BASE_PLUS_ML_T060,LONG,LOGISTIC,BASE_PLUS_ML,0.6,SWING_STRUCTURAL_TARGET,5,100,False,CONFIG_LOCAL_FALLBACK_MT5_UNAVAILABLE,5,9,6,3,-0.3492635098292697,-0.4317933220867799,0.5234340352455971,-1.1076183692351882,0.16299284549420417,-0.4837245226012016,-0.8635866441735598,0.7030351192568247,-1.1076183692351882,0.38816088463711385,-0.4842324230160727,-0.8652141507416644,0.7036611834986143,-1.1076183692351833,0.38864535203373407,0.6506540104149824,1.022721515532983,0.5951883534863868,0.0,1.1229301673067458,2,40.0,-0.6711671246880075,0.1265381244691604,5.293747841205183,MUESTRA INSUFICIENTE,0,11
GOLD,GOLD_LONG_LOGISTIC_BASE_PLUS_ML_T060,LONG,LOGISTIC,BASE_PLUS_ML,0.6,SWING_STRUCTURAL_TARGET,5,100,True,CONFIG_LOCAL_FALLBACK_MT5_UNAVAILABLE,5,0,0,0,0.0,0.0,0.0,0.0,0.0,0.0,0.0,0.0,0.0,0.0,0.0,0.0,0.0,0.0,0.0,0.0,0.0,0.0,0.0,0.0,0,0.0,,,,MUESTRA INSUFICIENTE,9,11
GOLD,GOLD_LONG_LOGISTIC_BASE_PLUS_ML_T060,LONG,LOGISTIC,BASE_PLUS_ML,0.6,SWING_STRUCTURAL_TARGET,5,500,False,CONFIG_LOCAL_FALLBACK_MT5_UNAVAILABLE,5,9,6,3,-0.3492635098292697,-0.4317933220867799,0.5234340352455971,-1.1076183692351882,0.16299284549420417,-0.4837245226012016,-0.8635866441735598,0.7030351192568247,-1.1076183692351882,0.38816088463711385,-0.4842324230160739,-0.8652141507416673,0.7036611834986165,-1.1076183692351833,0.38864535203373407,0.6506540104149824,1.022721515532983,0.5951883534863868,0.0,1.1229301673067458,2,40.0,-0.6711671246880075,0.1265381244691604,5.293747841205183,MUESTRA INSUFICIENTE,0,11
GOLD,GOLD_LONG_LOGISTIC_BASE_PLUS_ML_T060,LONG,LOGISTIC,BASE_PLUS_ML,0.6,SWING_STRUCTURAL_TARGET,5,500,True,CONFIG_LOCAL_FALLBACK_MT5_UNAVAILABLE,5,0,0,0,0.0,0.0,0.0,0.0,0.0,0.0,0.0,0.0,0.0,0.0,0.0,0.0,0.0,0.0,0.0,0.0,0.0,0.0,0.0,0.0,0,0.0,,,,MUESTRA INSUFICIENTE,9,11
GOLD,GOLD_LONG_LOGISTIC_BASE_PLUS_ML_T060,LONG,LOGISTIC,BASE_PLUS_ML,0.6,SWING_STRUCTURAL_TARGET,5,1000,False,CONFIG_LOCAL_FALLBACK_MT5_UNAVAILABLE,5,9,6,3,-0.3492635098292697,-0.4317933220867799,0.5234340352455971,-1.1076183692351882,0.16299284549420417,-0.4837245226012016,-0.8635866441735598,0.7030351192568247,-1.1076183692351882,0.38816088463711385,-0.4842324230160739,-0.8652141507416673,0.7036611834986165,-1.1076183692351833,0.38864535203373407,0.6506540104149824,1.022721515532983,0.5951883534863868,0.0,1.1229301673067458,2,40.0,-0.6711671246880075,0.1265381244691604,5.293747841205183,MUESTRA INSUFICIENTE,0,11
GOLD,GOLD_LONG_LOGISTIC_BASE_PLUS_ML_T060,LONG,LOGISTIC,BASE_PLUS_ML,0.6,SWING_STRUCTURAL_TARGET,5,1000,True,CONFIG_LOCAL_FALLBACK_MT5_UNAVAILABLE,5,0,0,0,0.0,0.0,0.0,0.0,0.0,0.0,0.0,0.0,0.0,0.0,0.0,0.0,0.0,0.0,0.0,0.0,0.0,0.0,0.0,0.0,0,0.0,,,,MUESTRA INSUFICIENTE,9,11
GOLD,GOLD_LONG_LOGISTIC_BASE_PLUS_ML_T060,LONG,LOGISTIC,BASE_PLUS_ML,0.6,SWING_STRUCTURAL_TARGET,5,5000,False,CONFIG_LOCAL_FALLBACK_MT5_UNAVAILABLE,5,9,6,3,-0.3492635098292697,-0.4317933220867799,0.5234340352455971,-1.1076183692351882,0.16299284549420417,-0.4837245226012016,-0.8635866441735598,0.7030351192568247,-1.1076183692351882,0.38816088463711385,-0.4842324230160739,-0.8652141507416673,0.7036611834986242,-1.107618369235188,0.38864535203374545,0.6506540104149847,1.0227215155329785,0.5951883534863892,0.0,1.1229301673067573,2,40.0,-0.6711671246880075,0.1265381244691604,5.293747841205183,MUESTRA INSUFICIENTE,0,11
GOLD,GOLD_LONG_LOGISTIC_BASE_PLUS_ML_T060,LONG,LOGISTIC,BASE_PLUS_ML,0.6,SWING_STRUCTURAL_TARGET,5,5000,True,CONFIG_LOCAL_FALLBACK_MT5_UNAVAILABLE,5,3,1,2,-0.41351113820954666,0.0,0.6440884980110081,-1.1229301673067493,0.16299284549420417,-0.41351113820954666,0.0,0.6440884980110081,-1.1229301673067493,0.16299284549420417,-0.339439764663075,0.0,0.5245806905239345,-0.9889627759114774,0.11916299804686788,0.36327236427244863,0.0,0.500700134644205,0.0,0.9889627759114774,1,20.0,-1.1229301673067493,0.16299284549420417,3.353478703848678,MUESTRA INSUFICIENTE,6,11
